ISO-10303-21;
HEADER;
FILE_DESCRIPTION(('FreeCAD Model'),'2;1');
FILE_NAME('Open CASCADE Shape Model','2026-10-06T10:48:52',(''),(''),
  'Open CASCADE STEP processor 7.8','FreeCAD','Unknown');
FILE_SCHEMA(('AUTOMOTIVE_DESIGN { 1 0 10303 214 1 1 1 1 }'));
ENDSEC;
DATA;
#1 = APPLICATION_PROTOCOL_DEFINITION('international standard',
  'automotive_design',2000,#2);
#2 = APPLICATION_CONTEXT(
  'core data for automotive mechanical design processes');
#3 = SHAPE_DEFINITION_REPRESENTATION(#4,#10);
#4 = PRODUCT_DEFINITION_SHAPE('','',#5);
#5 = PRODUCT_DEFINITION('design','',#6,#9);
#6 = PRODUCT_DEFINITION_FORMATION('','',#7);
#7 = PRODUCT('base_link','base_link','',(#8));
#8 = PRODUCT_CONTEXT('',#2,'mechanical');
#9 = PRODUCT_DEFINITION_CONTEXT('part definition',#2,'design');
#10 = ADVANCED_BREP_SHAPE_REPRESENTATION('',(#11,#15),#4949);
#11 = AXIS2_PLACEMENT_3D('',#12,#13,#14);
#12 = CARTESIAN_POINT('',(0.,0.,0.));
#13 = DIRECTION('',(0.,0.,1.));
#14 = DIRECTION('',(1.,0.,-0.));
#15 = MANIFOLD_SOLID_BREP('',#16);
#16 = CLOSED_SHELL('',(#17,#57,#90,#123,#682,#1553,#1570,#1587,#1604,
    #1621,#1633,#1664,#1688,#1712,#1736,#1760,#1777,#1802,#1827,#1852,
    #1877,#1908,#1932,#1956,#1980,#2004,#2021,#2046,#2068,#2085,#2102,
    #2119,#2136,#2153,#2170,#2182,#2207,#2232,#2257,#2282,#2313,#2337,
    #2361,#2385,#2409,#2426,#2451,#2482,#2506,#2530,#2554,#2578,#2595,
    #2620,#2642,#2659,#2676,#2693,#2710,#2727,#2744,#2756,#2778,#2795,
    #2812,#2824,#2849,#2874,#2905,#2929,#2953,#2977,#3001,#3018,#3049,
    #3073,#3097,#3121,#3145,#3162,#3193,#3217,#3241,#3265,#3289,#3306,
    #3331,#3362,#3386,#3410,#3434,#3458,#3475,#3506,#3530,#3554,#3578,
    #3602,#3619,#3650,#3674,#3698,#3722,#3746,#3763,#3794,#3818,#3842,
    #3866,#3890,#3907,#3938,#3962,#3986,#4010,#4034,#4051,#4082,#4106,
    #4130,#4154,#4178,#4195,#4220,#4251,#4275,#4299,#4323,#4347,#4364,
    #4389,#4420,#4444,#4468,#4492,#4516,#4533,#4564,#4588,#4612,#4636,
    #4660,#4677,#4694,#4711,#4728,#4745,#4762,#4779,#4796,#4813,#4830,
    #4847,#4864,#4881,#4898,#4915,#4932));
#17 = ADVANCED_FACE('',(#18),#52,.F.);
#18 = FACE_BOUND('',#19,.F.);
#19 = EDGE_LOOP('',(#20,#30,#38,#46));
#20 = ORIENTED_EDGE('',*,*,#21,.T.);
#21 = EDGE_CURVE('',#22,#24,#26,.T.);
#22 = VERTEX_POINT('',#23);
#23 = CARTESIAN_POINT('',(64.,46.,0.));
#24 = VERTEX_POINT('',#25);
#25 = CARTESIAN_POINT('',(64.,46.,4.));
#26 = LINE('',#27,#28);
#27 = CARTESIAN_POINT('',(64.,46.,0.));
#28 = VECTOR('',#29,1.);
#29 = DIRECTION('',(0.,0.,1.));
#30 = ORIENTED_EDGE('',*,*,#31,.T.);
#31 = EDGE_CURVE('',#24,#32,#34,.T.);
#32 = VERTEX_POINT('',#33);
#33 = CARTESIAN_POINT('',(-64.,46.,4.));
#34 = LINE('',#35,#36);
#35 = CARTESIAN_POINT('',(64.,46.,4.));
#36 = VECTOR('',#37,1.);
#37 = DIRECTION('',(-1.,0.,0.));
#38 = ORIENTED_EDGE('',*,*,#39,.F.);
#39 = EDGE_CURVE('',#40,#32,#42,.T.);
#40 = VERTEX_POINT('',#41);
#41 = CARTESIAN_POINT('',(-64.,46.,0.));
#42 = LINE('',#43,#44);
#43 = CARTESIAN_POINT('',(-64.,46.,0.));
#44 = VECTOR('',#45,1.);
#45 = DIRECTION('',(0.,0.,1.));
#46 = ORIENTED_EDGE('',*,*,#47,.F.);
#47 = EDGE_CURVE('',#22,#40,#48,.T.);
#48 = LINE('',#49,#50);
#49 = CARTESIAN_POINT('',(64.,46.,0.));
#50 = VECTOR('',#51,1.);
#51 = DIRECTION('',(-1.,0.,0.));
#52 = PLANE('',#53);
#53 = AXIS2_PLACEMENT_3D('',#54,#55,#56);
#54 = CARTESIAN_POINT('',(64.,46.,0.));
#55 = DIRECTION('',(0.,-1.,0.));
#56 = DIRECTION('',(-1.,0.,0.));
#57 = ADVANCED_FACE('',(#58),#85,.T.);
#58 = FACE_BOUND('',#59,.F.);
#59 = EDGE_LOOP('',(#60,#70,#77,#78));
#60 = ORIENTED_EDGE('',*,*,#61,.T.);
#61 = EDGE_CURVE('',#62,#64,#66,.T.);
#62 = VERTEX_POINT('',#63);
#63 = CARTESIAN_POINT('',(68.,42.,0.));
#64 = VERTEX_POINT('',#65);
#65 = CARTESIAN_POINT('',(68.,42.,4.));
#66 = LINE('',#67,#68);
#67 = CARTESIAN_POINT('',(68.,42.,0.));
#68 = VECTOR('',#69,1.);
#69 = DIRECTION('',(0.,0.,1.));
#70 = ORIENTED_EDGE('',*,*,#71,.T.);
#71 = EDGE_CURVE('',#64,#24,#72,.T.);
#72 = CIRCLE('',#73,4.);
#73 = AXIS2_PLACEMENT_3D('',#74,#75,#76);
#74 = CARTESIAN_POINT('',(64.,42.,4.));
#75 = DIRECTION('',(0.,0.,1.));
#76 = DIRECTION('',(1.,0.,0.));
#77 = ORIENTED_EDGE('',*,*,#21,.F.);
#78 = ORIENTED_EDGE('',*,*,#79,.F.);
#79 = EDGE_CURVE('',#62,#22,#80,.T.);
#80 = CIRCLE('',#81,4.);
#81 = AXIS2_PLACEMENT_3D('',#82,#83,#84);
#82 = CARTESIAN_POINT('',(64.,42.,0.));
#83 = DIRECTION('',(0.,0.,1.));
#84 = DIRECTION('',(1.,0.,0.));
#85 = CYLINDRICAL_SURFACE('',#86,4.);
#86 = AXIS2_PLACEMENT_3D('',#87,#88,#89);
#87 = CARTESIAN_POINT('',(64.,42.,0.));
#88 = DIRECTION('',(-0.,-0.,-1.));
#89 = DIRECTION('',(1.,0.,0.));
#90 = ADVANCED_FACE('',(#91),#118,.T.);
#91 = FACE_BOUND('',#92,.F.);
#92 = EDGE_LOOP('',(#93,#94,#103,#111));
#93 = ORIENTED_EDGE('',*,*,#39,.T.);
#94 = ORIENTED_EDGE('',*,*,#95,.T.);
#95 = EDGE_CURVE('',#32,#96,#98,.T.);
#96 = VERTEX_POINT('',#97);
#97 = CARTESIAN_POINT('',(-68.,42.,4.));
#98 = CIRCLE('',#99,4.);
#99 = AXIS2_PLACEMENT_3D('',#100,#101,#102);
#100 = CARTESIAN_POINT('',(-64.,42.,4.));
#101 = DIRECTION('',(0.,0.,1.));
#102 = DIRECTION('',(1.,0.,0.));
#103 = ORIENTED_EDGE('',*,*,#104,.F.);
#104 = EDGE_CURVE('',#105,#96,#107,.T.);
#105 = VERTEX_POINT('',#106);
#106 = CARTESIAN_POINT('',(-68.,42.,0.));
#107 = LINE('',#108,#109);
#108 = CARTESIAN_POINT('',(-68.,42.,0.));
#109 = VECTOR('',#110,1.);
#110 = DIRECTION('',(0.,0.,1.));
#111 = ORIENTED_EDGE('',*,*,#112,.F.);
#112 = EDGE_CURVE('',#40,#105,#113,.T.);
#113 = CIRCLE('',#114,4.);
#114 = AXIS2_PLACEMENT_3D('',#115,#116,#117);
#115 = CARTESIAN_POINT('',(-64.,42.,0.));
#116 = DIRECTION('',(0.,0.,1.));
#117 = DIRECTION('',(1.,0.,0.));
#118 = CYLINDRICAL_SURFACE('',#119,4.);
#119 = AXIS2_PLACEMENT_3D('',#120,#121,#122);
#120 = CARTESIAN_POINT('',(-64.,42.,0.));
#121 = DIRECTION('',(-0.,-0.,-1.));
#122 = DIRECTION('',(1.,0.,0.));
#123 = ADVANCED_FACE('',(#124,#169,#219,#230,#241,#252,#263,#313,#324,
    #394,#405,#416,#427,#438,#488,#499,#549,#560,#630,#666),#677,.F.);
#124 = FACE_BOUND('',#125,.F.);
#125 = EDGE_LOOP('',(#126,#127,#128,#136,#145,#153,#162,#168));
#126 = ORIENTED_EDGE('',*,*,#47,.T.);
#127 = ORIENTED_EDGE('',*,*,#112,.T.);
#128 = ORIENTED_EDGE('',*,*,#129,.T.);
#129 = EDGE_CURVE('',#105,#130,#132,.T.);
#130 = VERTEX_POINT('',#131);
#131 = CARTESIAN_POINT('',(-68.,-42.,0.));
#132 = LINE('',#133,#134);
#133 = CARTESIAN_POINT('',(-68.,42.,0.));
#134 = VECTOR('',#135,1.);
#135 = DIRECTION('',(0.,-1.,0.));
#136 = ORIENTED_EDGE('',*,*,#137,.T.);
#137 = EDGE_CURVE('',#130,#138,#140,.T.);
#138 = VERTEX_POINT('',#139);
#139 = CARTESIAN_POINT('',(-64.,-46.,0.));
#140 = CIRCLE('',#141,4.);
#141 = AXIS2_PLACEMENT_3D('',#142,#143,#144);
#142 = CARTESIAN_POINT('',(-64.,-42.,0.));
#143 = DIRECTION('',(0.,0.,1.));
#144 = DIRECTION('',(1.,0.,0.));
#145 = ORIENTED_EDGE('',*,*,#146,.T.);
#146 = EDGE_CURVE('',#138,#147,#149,.T.);
#147 = VERTEX_POINT('',#148);
#148 = CARTESIAN_POINT('',(64.,-46.,0.));
#149 = LINE('',#150,#151);
#150 = CARTESIAN_POINT('',(-64.,-46.,0.));
#151 = VECTOR('',#152,1.);
#152 = DIRECTION('',(1.,0.,0.));
#153 = ORIENTED_EDGE('',*,*,#154,.T.);
#154 = EDGE_CURVE('',#147,#155,#157,.T.);
#155 = VERTEX_POINT('',#156);
#156 = CARTESIAN_POINT('',(68.,-42.,0.));
#157 = CIRCLE('',#158,4.);
#158 = AXIS2_PLACEMENT_3D('',#159,#160,#161);
#159 = CARTESIAN_POINT('',(64.,-42.,0.));
#160 = DIRECTION('',(0.,0.,1.));
#161 = DIRECTION('',(1.,0.,0.));
#162 = ORIENTED_EDGE('',*,*,#163,.T.);
#163 = EDGE_CURVE('',#155,#62,#164,.T.);
#164 = LINE('',#165,#166);
#165 = CARTESIAN_POINT('',(68.,-42.,0.));
#166 = VECTOR('',#167,1.);
#167 = DIRECTION('',(0.,1.,0.));
#168 = ORIENTED_EDGE('',*,*,#79,.T.);
#169 = FACE_BOUND('',#170,.F.);
#170 = EDGE_LOOP('',(#171,#181,#189,#197,#205,#213));
#171 = ORIENTED_EDGE('',*,*,#172,.T.);
#172 = EDGE_CURVE('',#173,#175,#177,.T.);
#173 = VERTEX_POINT('',#174);
#174 = CARTESIAN_POINT('',(-36.5,-21.90192378864,0.));
#175 = VERTEX_POINT('',#176);
#176 = CARTESIAN_POINT('',(-35.,-24.5,0.));
#177 = LINE('',#178,#179);
#178 = CARTESIAN_POINT('',(-36.5,-21.90192378864,0.));
#179 = VECTOR('',#180,1.);
#180 = DIRECTION('',(0.5,-0.866025403784,0.));
#181 = ORIENTED_EDGE('',*,*,#182,.T.);
#182 = EDGE_CURVE('',#175,#183,#185,.T.);
#183 = VERTEX_POINT('',#184);
#184 = CARTESIAN_POINT('',(-36.5,-27.09807621135,0.));
#185 = LINE('',#186,#187);
#186 = CARTESIAN_POINT('',(-35.,-24.5,0.));
#187 = VECTOR('',#188,1.);
#188 = DIRECTION('',(-0.5,-0.866025403784,0.));
#189 = ORIENTED_EDGE('',*,*,#190,.T.);
#190 = EDGE_CURVE('',#183,#191,#193,.T.);
#191 = VERTEX_POINT('',#192);
#192 = CARTESIAN_POINT('',(-39.5,-27.09807621135,0.));
#193 = LINE('',#194,#195);
#194 = CARTESIAN_POINT('',(-36.5,-27.09807621135,0.));
#195 = VECTOR('',#196,1.);
#196 = DIRECTION('',(-1.,0.,0.));
#197 = ORIENTED_EDGE('',*,*,#198,.T.);
#198 = EDGE_CURVE('',#191,#199,#201,.T.);
#199 = VERTEX_POINT('',#200);
#200 = CARTESIAN_POINT('',(-41.,-24.5,0.));
#201 = LINE('',#202,#203);
#202 = CARTESIAN_POINT('',(-39.5,-27.09807621135,0.));
#203 = VECTOR('',#204,1.);
#204 = DIRECTION('',(-0.5,0.866025403784,-0.));
#205 = ORIENTED_EDGE('',*,*,#206,.T.);
#206 = EDGE_CURVE('',#199,#207,#209,.T.);
#207 = VERTEX_POINT('',#208);
#208 = CARTESIAN_POINT('',(-39.5,-21.90192378864,0.));
#209 = LINE('',#210,#211);
#210 = CARTESIAN_POINT('',(-41.,-24.5,0.));
#211 = VECTOR('',#212,1.);
#212 = DIRECTION('',(0.5,0.866025403784,0.));
#213 = ORIENTED_EDGE('',*,*,#214,.T.);
#214 = EDGE_CURVE('',#207,#173,#215,.T.);
#215 = LINE('',#216,#217);
#216 = CARTESIAN_POINT('',(-39.5,-21.90192378864,0.));
#217 = VECTOR('',#218,1.);
#218 = DIRECTION('',(1.,0.,0.));
#219 = FACE_BOUND('',#220,.F.);
#220 = EDGE_LOOP('',(#221));
#221 = ORIENTED_EDGE('',*,*,#222,.F.);
#222 = EDGE_CURVE('',#223,#223,#225,.T.);
#223 = VERTEX_POINT('',#224);
#224 = CARTESIAN_POINT('',(-61.2,-15.,0.));
#225 = CIRCLE('',#226,1.8);
#226 = AXIS2_PLACEMENT_3D('',#227,#228,#229);
#227 = CARTESIAN_POINT('',(-63.,-15.,0.));
#228 = DIRECTION('',(0.,0.,1.));
#229 = DIRECTION('',(1.,0.,0.));
#230 = FACE_BOUND('',#231,.F.);
#231 = EDGE_LOOP('',(#232));
#232 = ORIENTED_EDGE('',*,*,#233,.F.);
#233 = EDGE_CURVE('',#234,#234,#236,.T.);
#234 = VERTEX_POINT('',#235);
#235 = CARTESIAN_POINT('',(-41.2,-15.,0.));
#236 = CIRCLE('',#237,1.8);
#237 = AXIS2_PLACEMENT_3D('',#238,#239,#240);
#238 = CARTESIAN_POINT('',(-43.,-15.,0.));
#239 = DIRECTION('',(0.,0.,1.));
#240 = DIRECTION('',(1.,0.,0.));
#241 = FACE_BOUND('',#242,.F.);
#242 = EDGE_LOOP('',(#243));
#243 = ORIENTED_EDGE('',*,*,#244,.F.);
#244 = EDGE_CURVE('',#245,#245,#247,.T.);
#245 = VERTEX_POINT('',#246);
#246 = CARTESIAN_POINT('',(-15.7,-12.,0.));
#247 = CIRCLE('',#248,1.8);
#248 = AXIS2_PLACEMENT_3D('',#249,#250,#251);
#249 = CARTESIAN_POINT('',(-17.5,-12.,0.));
#250 = DIRECTION('',(0.,0.,1.));
#251 = DIRECTION('',(1.,0.,0.));
#252 = FACE_BOUND('',#253,.F.);
#253 = EDGE_LOOP('',(#254));
#254 = ORIENTED_EDGE('',*,*,#255,.F.);
#255 = EDGE_CURVE('',#256,#256,#258,.T.);
#256 = VERTEX_POINT('',#257);
#257 = CARTESIAN_POINT('',(31.5,-40.,0.));
#258 = CIRCLE('',#259,1.5);
#259 = AXIS2_PLACEMENT_3D('',#260,#261,#262);
#260 = CARTESIAN_POINT('',(30.,-40.,0.));
#261 = DIRECTION('',(0.,0.,1.));
#262 = DIRECTION('',(1.,0.,0.));
#263 = FACE_BOUND('',#264,.F.);
#264 = EDGE_LOOP('',(#265,#275,#283,#291,#299,#307));
#265 = ORIENTED_EDGE('',*,*,#266,.T.);
#266 = EDGE_CURVE('',#267,#269,#271,.T.);
#267 = VERTEX_POINT('',#268);
#268 = CARTESIAN_POINT('',(21.5,-21.90192378864,0.));
#269 = VERTEX_POINT('',#270);
#270 = CARTESIAN_POINT('',(23.,-24.5,0.));
#271 = LINE('',#272,#273);
#272 = CARTESIAN_POINT('',(21.5,-21.90192378864,0.));
#273 = VECTOR('',#274,1.);
#274 = DIRECTION('',(0.5,-0.866025403784,0.));
#275 = ORIENTED_EDGE('',*,*,#276,.T.);
#276 = EDGE_CURVE('',#269,#277,#279,.T.);
#277 = VERTEX_POINT('',#278);
#278 = CARTESIAN_POINT('',(21.5,-27.09807621135,0.));
#279 = LINE('',#280,#281);
#280 = CARTESIAN_POINT('',(23.,-24.5,0.));
#281 = VECTOR('',#282,1.);
#282 = DIRECTION('',(-0.5,-0.866025403784,0.));
#283 = ORIENTED_EDGE('',*,*,#284,.T.);
#284 = EDGE_CURVE('',#277,#285,#287,.T.);
#285 = VERTEX_POINT('',#286);
#286 = CARTESIAN_POINT('',(18.5,-27.09807621135,0.));
#287 = LINE('',#288,#289);
#288 = CARTESIAN_POINT('',(21.5,-27.09807621135,0.));
#289 = VECTOR('',#290,1.);
#290 = DIRECTION('',(-1.,0.,0.));
#291 = ORIENTED_EDGE('',*,*,#292,.T.);
#292 = EDGE_CURVE('',#285,#293,#295,.T.);
#293 = VERTEX_POINT('',#294);
#294 = CARTESIAN_POINT('',(17.,-24.5,0.));
#295 = LINE('',#296,#297);
#296 = CARTESIAN_POINT('',(18.5,-27.09807621135,0.));
#297 = VECTOR('',#298,1.);
#298 = DIRECTION('',(-0.5,0.866025403784,-0.));
#299 = ORIENTED_EDGE('',*,*,#300,.T.);
#300 = EDGE_CURVE('',#293,#301,#303,.T.);
#301 = VERTEX_POINT('',#302);
#302 = CARTESIAN_POINT('',(18.5,-21.90192378864,0.));
#303 = LINE('',#304,#305);
#304 = CARTESIAN_POINT('',(17.,-24.5,0.));
#305 = VECTOR('',#306,1.);
#306 = DIRECTION('',(0.5,0.866025403784,0.));
#307 = ORIENTED_EDGE('',*,*,#308,.T.);
#308 = EDGE_CURVE('',#301,#267,#309,.T.);
#309 = LINE('',#310,#311);
#310 = CARTESIAN_POINT('',(18.5,-21.90192378864,0.));
#311 = VECTOR('',#312,1.);
#312 = DIRECTION('',(1.,0.,0.));
#313 = FACE_BOUND('',#314,.F.);
#314 = EDGE_LOOP('',(#315));
#315 = ORIENTED_EDGE('',*,*,#316,.F.);
#316 = EDGE_CURVE('',#317,#317,#319,.T.);
#317 = VERTEX_POINT('',#318);
#318 = CARTESIAN_POINT('',(49.5,-40.,0.));
#319 = CIRCLE('',#320,1.5);
#320 = AXIS2_PLACEMENT_3D('',#321,#322,#323);
#321 = CARTESIAN_POINT('',(48.,-40.,0.));
#322 = DIRECTION('',(0.,0.,1.));
#323 = DIRECTION('',(1.,0.,0.));
#324 = FACE_BOUND('',#325,.F.);
#325 = EDGE_LOOP('',(#326,#336,#345,#353,#362,#370,#379,#387));
#326 = ORIENTED_EDGE('',*,*,#327,.F.);
#327 = EDGE_CURVE('',#328,#330,#332,.T.);
#328 = VERTEX_POINT('',#329);
#329 = CARTESIAN_POINT('',(29.000000000152,-24.,0.));
#330 = VERTEX_POINT('',#331);
#331 = CARTESIAN_POINT('',(29.000000000152,-32.,0.));
#332 = LINE('',#333,#334);
#333 = CARTESIAN_POINT('',(29.000000000152,-24.,0.));
#334 = VECTOR('',#335,1.);
#335 = DIRECTION('',(0.,-1.,0.));
#336 = ORIENTED_EDGE('',*,*,#337,.F.);
#337 = EDGE_CURVE('',#338,#328,#340,.T.);
#338 = VERTEX_POINT('',#339);
#339 = CARTESIAN_POINT('',(31.000000000152,-22.,0.));
#340 = CIRCLE('',#341,2.);
#341 = AXIS2_PLACEMENT_3D('',#342,#343,#344);
#342 = CARTESIAN_POINT('',(31.000000000152,-24.,0.));
#343 = DIRECTION('',(0.,0.,1.));
#344 = DIRECTION('',(1.,0.,0.));
#345 = ORIENTED_EDGE('',*,*,#346,.F.);
#346 = EDGE_CURVE('',#347,#338,#349,.T.);
#347 = VERTEX_POINT('',#348);
#348 = CARTESIAN_POINT('',(47.000000000145,-22.,0.));
#349 = LINE('',#350,#351);
#350 = CARTESIAN_POINT('',(47.000000000145,-22.,0.));
#351 = VECTOR('',#352,1.);
#352 = DIRECTION('',(-1.,0.,0.));
#353 = ORIENTED_EDGE('',*,*,#354,.F.);
#354 = EDGE_CURVE('',#355,#347,#357,.T.);
#355 = VERTEX_POINT('',#356);
#356 = CARTESIAN_POINT('',(49.000000000145,-24.,0.));
#357 = CIRCLE('',#358,2.);
#358 = AXIS2_PLACEMENT_3D('',#359,#360,#361);
#359 = CARTESIAN_POINT('',(47.000000000145,-24.,0.));
#360 = DIRECTION('',(0.,0.,1.));
#361 = DIRECTION('',(1.,0.,0.));
#362 = ORIENTED_EDGE('',*,*,#363,.F.);
#363 = EDGE_CURVE('',#364,#355,#366,.T.);
#364 = VERTEX_POINT('',#365);
#365 = CARTESIAN_POINT('',(49.000000000145,-32.,0.));
#366 = LINE('',#367,#368);
#367 = CARTESIAN_POINT('',(49.000000000145,-32.,0.));
#368 = VECTOR('',#369,1.);
#369 = DIRECTION('',(0.,1.,0.));
#370 = ORIENTED_EDGE('',*,*,#371,.F.);
#371 = EDGE_CURVE('',#372,#364,#374,.T.);
#372 = VERTEX_POINT('',#373);
#373 = CARTESIAN_POINT('',(47.000000000145,-34.,0.));
#374 = CIRCLE('',#375,2.);
#375 = AXIS2_PLACEMENT_3D('',#376,#377,#378);
#376 = CARTESIAN_POINT('',(47.000000000145,-32.,0.));
#377 = DIRECTION('',(0.,0.,1.));
#378 = DIRECTION('',(1.,0.,0.));
#379 = ORIENTED_EDGE('',*,*,#380,.F.);
#380 = EDGE_CURVE('',#381,#372,#383,.T.);
#381 = VERTEX_POINT('',#382);
#382 = CARTESIAN_POINT('',(31.000000000152,-34.,0.));
#383 = LINE('',#384,#385);
#384 = CARTESIAN_POINT('',(31.000000000152,-34.,0.));
#385 = VECTOR('',#386,1.);
#386 = DIRECTION('',(1.,0.,0.));
#387 = ORIENTED_EDGE('',*,*,#388,.F.);
#388 = EDGE_CURVE('',#330,#381,#389,.T.);
#389 = CIRCLE('',#390,2.);
#390 = AXIS2_PLACEMENT_3D('',#391,#392,#393);
#391 = CARTESIAN_POINT('',(31.000000000152,-32.,0.));
#392 = DIRECTION('',(0.,0.,1.));
#393 = DIRECTION('',(1.,0.,0.));
#394 = FACE_BOUND('',#395,.F.);
#395 = EDGE_LOOP('',(#396));
#396 = ORIENTED_EDGE('',*,*,#397,.F.);
#397 = EDGE_CURVE('',#398,#398,#400,.T.);
#398 = VERTEX_POINT('',#399);
#399 = CARTESIAN_POINT('',(24.3,-12.,0.));
#400 = CIRCLE('',#401,1.8);
#401 = AXIS2_PLACEMENT_3D('',#402,#403,#404);
#402 = CARTESIAN_POINT('',(22.5,-12.,0.));
#403 = DIRECTION('',(0.,0.,1.));
#404 = DIRECTION('',(1.,0.,0.));
#405 = FACE_BOUND('',#406,.F.);
#406 = EDGE_LOOP('',(#407));
#407 = ORIENTED_EDGE('',*,*,#408,.F.);
#408 = EDGE_CURVE('',#409,#409,#411,.T.);
#409 = VERTEX_POINT('',#410);
#410 = CARTESIAN_POINT('',(-61.2,15.,0.));
#411 = CIRCLE('',#412,1.8);
#412 = AXIS2_PLACEMENT_3D('',#413,#414,#415);
#413 = CARTESIAN_POINT('',(-63.,15.,0.));
#414 = DIRECTION('',(0.,0.,1.));
#415 = DIRECTION('',(1.,0.,0.));
#416 = FACE_BOUND('',#417,.F.);
#417 = EDGE_LOOP('',(#418));
#418 = ORIENTED_EDGE('',*,*,#419,.F.);
#419 = EDGE_CURVE('',#420,#420,#422,.T.);
#420 = VERTEX_POINT('',#421);
#421 = CARTESIAN_POINT('',(-41.2,15.,0.));
#422 = CIRCLE('',#423,1.8);
#423 = AXIS2_PLACEMENT_3D('',#424,#425,#426);
#424 = CARTESIAN_POINT('',(-43.,15.,0.));
#425 = DIRECTION('',(0.,0.,1.));
#426 = DIRECTION('',(1.,0.,0.));
#427 = FACE_BOUND('',#428,.F.);
#428 = EDGE_LOOP('',(#429));
#429 = ORIENTED_EDGE('',*,*,#430,.F.);
#430 = EDGE_CURVE('',#431,#431,#433,.T.);
#431 = VERTEX_POINT('',#432);
#432 = CARTESIAN_POINT('',(-15.7,12.,0.));
#433 = CIRCLE('',#434,1.8);
#434 = AXIS2_PLACEMENT_3D('',#435,#436,#437);
#435 = CARTESIAN_POINT('',(-17.5,12.,0.));
#436 = DIRECTION('',(0.,0.,1.));
#437 = DIRECTION('',(1.,0.,0.));
#438 = FACE_BOUND('',#439,.F.);
#439 = EDGE_LOOP('',(#440,#450,#458,#466,#474,#482));
#440 = ORIENTED_EDGE('',*,*,#441,.T.);
#441 = EDGE_CURVE('',#442,#444,#446,.T.);
#442 = VERTEX_POINT('',#443);
#443 = CARTESIAN_POINT('',(-36.5,27.098076211353,0.));
#444 = VERTEX_POINT('',#445);
#445 = CARTESIAN_POINT('',(-35.,24.5,0.));
#446 = LINE('',#447,#448);
#447 = CARTESIAN_POINT('',(-36.5,27.098076211353,0.));
#448 = VECTOR('',#449,1.);
#449 = DIRECTION('',(0.5,-0.866025403784,0.));
#450 = ORIENTED_EDGE('',*,*,#451,.T.);
#451 = EDGE_CURVE('',#444,#452,#454,.T.);
#452 = VERTEX_POINT('',#453);
#453 = CARTESIAN_POINT('',(-36.5,21.901923788647,0.));
#454 = LINE('',#455,#456);
#455 = CARTESIAN_POINT('',(-35.,24.5,0.));
#456 = VECTOR('',#457,1.);
#457 = DIRECTION('',(-0.5,-0.866025403784,0.));
#458 = ORIENTED_EDGE('',*,*,#459,.T.);
#459 = EDGE_CURVE('',#452,#460,#462,.T.);
#460 = VERTEX_POINT('',#461);
#461 = CARTESIAN_POINT('',(-39.5,21.901923788647,0.));
#462 = LINE('',#463,#464);
#463 = CARTESIAN_POINT('',(-36.5,21.901923788647,0.));
#464 = VECTOR('',#465,1.);
#465 = DIRECTION('',(-1.,0.,0.));
#466 = ORIENTED_EDGE('',*,*,#467,.T.);
#467 = EDGE_CURVE('',#460,#468,#470,.T.);
#468 = VERTEX_POINT('',#469);
#469 = CARTESIAN_POINT('',(-41.,24.5,0.));
#470 = LINE('',#471,#472);
#471 = CARTESIAN_POINT('',(-39.5,21.901923788647,0.));
#472 = VECTOR('',#473,1.);
#473 = DIRECTION('',(-0.5,0.866025403784,-0.));
#474 = ORIENTED_EDGE('',*,*,#475,.T.);
#475 = EDGE_CURVE('',#468,#476,#478,.T.);
#476 = VERTEX_POINT('',#477);
#477 = CARTESIAN_POINT('',(-39.5,27.098076211353,0.));
#478 = LINE('',#479,#480);
#479 = CARTESIAN_POINT('',(-41.,24.5,0.));
#480 = VECTOR('',#481,1.);
#481 = DIRECTION('',(0.5,0.866025403784,0.));
#482 = ORIENTED_EDGE('',*,*,#483,.T.);
#483 = EDGE_CURVE('',#476,#442,#484,.T.);
#484 = LINE('',#485,#486);
#485 = CARTESIAN_POINT('',(-39.5,27.098076211353,0.));
#486 = VECTOR('',#487,1.);
#487 = DIRECTION('',(1.,0.,0.));
#488 = FACE_BOUND('',#489,.F.);
#489 = EDGE_LOOP('',(#490));
#490 = ORIENTED_EDGE('',*,*,#491,.F.);
#491 = EDGE_CURVE('',#492,#492,#494,.T.);
#492 = VERTEX_POINT('',#493);
#493 = CARTESIAN_POINT('',(24.3,12.,0.));
#494 = CIRCLE('',#495,1.8);
#495 = AXIS2_PLACEMENT_3D('',#496,#497,#498);
#496 = CARTESIAN_POINT('',(22.5,12.,0.));
#497 = DIRECTION('',(0.,0.,1.));
#498 = DIRECTION('',(1.,0.,0.));
#499 = FACE_BOUND('',#500,.F.);
#500 = EDGE_LOOP('',(#501,#511,#519,#527,#535,#543));
#501 = ORIENTED_EDGE('',*,*,#502,.T.);
#502 = EDGE_CURVE('',#503,#505,#507,.T.);
#503 = VERTEX_POINT('',#504);
#504 = CARTESIAN_POINT('',(21.5,27.098076211353,0.));
#505 = VERTEX_POINT('',#506);
#506 = CARTESIAN_POINT('',(23.,24.5,0.));
#507 = LINE('',#508,#509);
#508 = CARTESIAN_POINT('',(21.5,27.098076211353,0.));
#509 = VECTOR('',#510,1.);
#510 = DIRECTION('',(0.5,-0.866025403784,0.));
#511 = ORIENTED_EDGE('',*,*,#512,.T.);
#512 = EDGE_CURVE('',#505,#513,#515,.T.);
#513 = VERTEX_POINT('',#514);
#514 = CARTESIAN_POINT('',(21.5,21.901923788647,0.));
#515 = LINE('',#516,#517);
#516 = CARTESIAN_POINT('',(23.,24.5,0.));
#517 = VECTOR('',#518,1.);
#518 = DIRECTION('',(-0.5,-0.866025403784,0.));
#519 = ORIENTED_EDGE('',*,*,#520,.T.);
#520 = EDGE_CURVE('',#513,#521,#523,.T.);
#521 = VERTEX_POINT('',#522);
#522 = CARTESIAN_POINT('',(18.5,21.901923788647,0.));
#523 = LINE('',#524,#525);
#524 = CARTESIAN_POINT('',(21.5,21.901923788647,0.));
#525 = VECTOR('',#526,1.);
#526 = DIRECTION('',(-1.,0.,0.));
#527 = ORIENTED_EDGE('',*,*,#528,.T.);
#528 = EDGE_CURVE('',#521,#529,#531,.T.);
#529 = VERTEX_POINT('',#530);
#530 = CARTESIAN_POINT('',(17.,24.5,0.));
#531 = LINE('',#532,#533);
#532 = CARTESIAN_POINT('',(18.5,21.901923788647,0.));
#533 = VECTOR('',#534,1.);
#534 = DIRECTION('',(-0.5,0.866025403784,-0.));
#535 = ORIENTED_EDGE('',*,*,#536,.T.);
#536 = EDGE_CURVE('',#529,#537,#539,.T.);
#537 = VERTEX_POINT('',#538);
#538 = CARTESIAN_POINT('',(18.5,27.098076211353,0.));
#539 = LINE('',#540,#541);
#540 = CARTESIAN_POINT('',(17.,24.5,0.));
#541 = VECTOR('',#542,1.);
#542 = DIRECTION('',(0.5,0.866025403784,0.));
#543 = ORIENTED_EDGE('',*,*,#544,.T.);
#544 = EDGE_CURVE('',#537,#503,#545,.T.);
#545 = LINE('',#546,#547);
#546 = CARTESIAN_POINT('',(18.5,27.098076211353,0.));
#547 = VECTOR('',#548,1.);
#548 = DIRECTION('',(1.,0.,0.));
#549 = FACE_BOUND('',#550,.F.);
#550 = EDGE_LOOP('',(#551));
#551 = ORIENTED_EDGE('',*,*,#552,.F.);
#552 = EDGE_CURVE('',#553,#553,#555,.T.);
#553 = VERTEX_POINT('',#554);
#554 = CARTESIAN_POINT('',(31.5,40.,0.));
#555 = CIRCLE('',#556,1.5);
#556 = AXIS2_PLACEMENT_3D('',#557,#558,#559);
#557 = CARTESIAN_POINT('',(30.,40.,0.));
#558 = DIRECTION('',(0.,0.,1.));
#559 = DIRECTION('',(1.,0.,0.));
#560 = FACE_BOUND('',#561,.F.);
#561 = EDGE_LOOP('',(#562,#572,#581,#589,#598,#606,#615,#623));
#562 = ORIENTED_EDGE('',*,*,#563,.F.);
#563 = EDGE_CURVE('',#564,#566,#568,.T.);
#564 = VERTEX_POINT('',#565);
#565 = CARTESIAN_POINT('',(29.000000000057,31.999999999923,0.));
#566 = VERTEX_POINT('',#567);
#567 = CARTESIAN_POINT('',(29.000000000057,24.000000000096,0.));
#568 = LINE('',#569,#570);
#569 = CARTESIAN_POINT('',(29.000000000057,31.999999999923,0.));
#570 = VECTOR('',#571,1.);
#571 = DIRECTION('',(0.,-1.,0.));
#572 = ORIENTED_EDGE('',*,*,#573,.F.);
#573 = EDGE_CURVE('',#574,#564,#576,.T.);
#574 = VERTEX_POINT('',#575);
#575 = CARTESIAN_POINT('',(31.000000000152,33.999999999922,0.));
#576 = CIRCLE('',#577,2.);
#577 = AXIS2_PLACEMENT_3D('',#578,#579,#580);
#578 = CARTESIAN_POINT('',(31.000000000057,31.999999999922,0.));
#579 = DIRECTION('',(0.,0.,1.));
#580 = DIRECTION('',(1.,0.,0.));
#581 = ORIENTED_EDGE('',*,*,#582,.F.);
#582 = EDGE_CURVE('',#583,#574,#585,.T.);
#583 = VERTEX_POINT('',#584);
#584 = CARTESIAN_POINT('',(47.000000000145,33.999999999962,0.));
#585 = LINE('',#586,#587);
#586 = CARTESIAN_POINT('',(47.000000000145,33.999999999922,0.));
#587 = VECTOR('',#588,1.);
#588 = DIRECTION('',(-1.,0.,0.));
#589 = ORIENTED_EDGE('',*,*,#590,.F.);
#590 = EDGE_CURVE('',#591,#583,#593,.T.);
#591 = VERTEX_POINT('',#592);
#592 = CARTESIAN_POINT('',(49.000000000145,32.000000000002,0.));
#593 = CIRCLE('',#594,2.);
#594 = AXIS2_PLACEMENT_3D('',#595,#596,#597);
#595 = CARTESIAN_POINT('',(47.000000000145,32.000000000002,0.));
#596 = DIRECTION('',(0.,0.,1.));
#597 = DIRECTION('',(1.,0.,0.));
#598 = ORIENTED_EDGE('',*,*,#599,.F.);
#599 = EDGE_CURVE('',#600,#591,#602,.T.);
#600 = VERTEX_POINT('',#601);
#601 = CARTESIAN_POINT('',(49.000000000145,24.000000000002,0.));
#602 = LINE('',#603,#604);
#603 = CARTESIAN_POINT('',(49.000000000145,24.000000000002,0.));
#604 = VECTOR('',#605,1.);
#605 = DIRECTION('',(0.,1.,0.));
#606 = ORIENTED_EDGE('',*,*,#607,.F.);
#607 = EDGE_CURVE('',#608,#600,#610,.T.);
#608 = VERTEX_POINT('',#609);
#609 = CARTESIAN_POINT('',(47.000000000145,22.000000000049,0.));
#610 = CIRCLE('',#611,2.);
#611 = AXIS2_PLACEMENT_3D('',#612,#613,#614);
#612 = CARTESIAN_POINT('',(47.000000000145,24.000000000002,0.));
#613 = DIRECTION('',(0.,0.,1.));
#614 = DIRECTION('',(1.,0.,0.));
#615 = ORIENTED_EDGE('',*,*,#616,.F.);
#616 = EDGE_CURVE('',#617,#608,#619,.T.);
#617 = VERTEX_POINT('',#618);
#618 = CARTESIAN_POINT('',(31.000000000145,22.000000000096,0.));
#619 = LINE('',#620,#621);
#620 = CARTESIAN_POINT('',(31.000000000145,22.000000000096,0.));
#621 = VECTOR('',#622,1.);
#622 = DIRECTION('',(1.,0.,0.));
#623 = ORIENTED_EDGE('',*,*,#624,.F.);
#624 = EDGE_CURVE('',#566,#617,#625,.T.);
#625 = CIRCLE('',#626,2.);
#626 = AXIS2_PLACEMENT_3D('',#627,#628,#629);
#627 = CARTESIAN_POINT('',(31.000000000057,24.000000000096,0.));
#628 = DIRECTION('',(0.,0.,1.));
#629 = DIRECTION('',(1.,0.,0.));
#630 = FACE_BOUND('',#631,.F.);
#631 = EDGE_LOOP('',(#632,#643,#651,#660));
#632 = ORIENTED_EDGE('',*,*,#633,.F.);
#633 = EDGE_CURVE('',#634,#636,#638,.T.);
#634 = VERTEX_POINT('',#635);
#635 = CARTESIAN_POINT('',(62.,33.,0.));
#636 = VERTEX_POINT('',#637);
#637 = CARTESIAN_POINT('',(58.,33.,0.));
#638 = CIRCLE('',#639,2.);
#639 = AXIS2_PLACEMENT_3D('',#640,#641,#642);
#640 = CARTESIAN_POINT('',(60.,33.,0.));
#641 = DIRECTION('',(0.,0.,1.));
#642 = DIRECTION('',(1.,0.,0.));
#643 = ORIENTED_EDGE('',*,*,#644,.T.);
#644 = EDGE_CURVE('',#634,#645,#647,.T.);
#645 = VERTEX_POINT('',#646);
#646 = CARTESIAN_POINT('',(62.,25.,0.));
#647 = LINE('',#648,#649);
#648 = CARTESIAN_POINT('',(62.,33.,0.));
#649 = VECTOR('',#650,1.);
#650 = DIRECTION('',(0.,-1.,0.));
#651 = ORIENTED_EDGE('',*,*,#652,.F.);
#652 = EDGE_CURVE('',#653,#645,#655,.T.);
#653 = VERTEX_POINT('',#654);
#654 = CARTESIAN_POINT('',(58.,25.,0.));
#655 = CIRCLE('',#656,2.);
#656 = AXIS2_PLACEMENT_3D('',#657,#658,#659);
#657 = CARTESIAN_POINT('',(60.,25.,0.));
#658 = DIRECTION('',(0.,0.,1.));
#659 = DIRECTION('',(1.,0.,0.));
#660 = ORIENTED_EDGE('',*,*,#661,.F.);
#661 = EDGE_CURVE('',#636,#653,#662,.T.);
#662 = LINE('',#663,#664);
#663 = CARTESIAN_POINT('',(58.,33.,0.));
#664 = VECTOR('',#665,1.);
#665 = DIRECTION('',(0.,-1.,0.));
#666 = FACE_BOUND('',#667,.F.);
#667 = EDGE_LOOP('',(#668));
#668 = ORIENTED_EDGE('',*,*,#669,.F.);
#669 = EDGE_CURVE('',#670,#670,#672,.T.);
#670 = VERTEX_POINT('',#671);
#671 = CARTESIAN_POINT('',(49.5,40.,0.));
#672 = CIRCLE('',#673,1.5);
#673 = AXIS2_PLACEMENT_3D('',#674,#675,#676);
#674 = CARTESIAN_POINT('',(48.,40.,0.));
#675 = DIRECTION('',(0.,0.,1.));
#676 = DIRECTION('',(1.,0.,0.));
#677 = PLANE('',#678);
#678 = AXIS2_PLACEMENT_3D('',#679,#680,#681);
#679 = CARTESIAN_POINT('',(7.40129884375,1.104954812406,0.));
#680 = DIRECTION('',(0.,0.,1.));
#681 = DIRECTION('',(1.,0.,0.));
#682 = ADVANCED_FACE('',(#683,#728,#739,#789,#839,#889,#900,#950,#1000,
    #1070,#1120,#1170,#1220,#1270,#1281,#1331,#1342,#1412,#1448,#1498),
  #1548,.T.);
#683 = FACE_BOUND('',#684,.T.);
#684 = EDGE_LOOP('',(#685,#686,#687,#695,#704,#712,#721,#727));
#685 = ORIENTED_EDGE('',*,*,#31,.T.);
#686 = ORIENTED_EDGE('',*,*,#95,.T.);
#687 = ORIENTED_EDGE('',*,*,#688,.T.);
#688 = EDGE_CURVE('',#96,#689,#691,.T.);
#689 = VERTEX_POINT('',#690);
#690 = CARTESIAN_POINT('',(-68.,-42.,4.));
#691 = LINE('',#692,#693);
#692 = CARTESIAN_POINT('',(-68.,42.,4.));
#693 = VECTOR('',#694,1.);
#694 = DIRECTION('',(0.,-1.,0.));
#695 = ORIENTED_EDGE('',*,*,#696,.T.);
#696 = EDGE_CURVE('',#689,#697,#699,.T.);
#697 = VERTEX_POINT('',#698);
#698 = CARTESIAN_POINT('',(-64.,-46.,4.));
#699 = CIRCLE('',#700,4.);
#700 = AXIS2_PLACEMENT_3D('',#701,#702,#703);
#701 = CARTESIAN_POINT('',(-64.,-42.,4.));
#702 = DIRECTION('',(0.,0.,1.));
#703 = DIRECTION('',(1.,0.,0.));
#704 = ORIENTED_EDGE('',*,*,#705,.T.);
#705 = EDGE_CURVE('',#697,#706,#708,.T.);
#706 = VERTEX_POINT('',#707);
#707 = CARTESIAN_POINT('',(64.,-46.,4.));
#708 = LINE('',#709,#710);
#709 = CARTESIAN_POINT('',(-64.,-46.,4.));
#710 = VECTOR('',#711,1.);
#711 = DIRECTION('',(1.,0.,0.));
#712 = ORIENTED_EDGE('',*,*,#713,.T.);
#713 = EDGE_CURVE('',#706,#714,#716,.T.);
#714 = VERTEX_POINT('',#715);
#715 = CARTESIAN_POINT('',(68.,-42.,4.));
#716 = CIRCLE('',#717,4.);
#717 = AXIS2_PLACEMENT_3D('',#718,#719,#720);
#718 = CARTESIAN_POINT('',(64.,-42.,4.));
#719 = DIRECTION('',(0.,0.,1.));
#720 = DIRECTION('',(1.,0.,0.));
#721 = ORIENTED_EDGE('',*,*,#722,.T.);
#722 = EDGE_CURVE('',#714,#64,#723,.T.);
#723 = LINE('',#724,#725);
#724 = CARTESIAN_POINT('',(68.,-42.,4.));
#725 = VECTOR('',#726,1.);
#726 = DIRECTION('',(0.,1.,0.));
#727 = ORIENTED_EDGE('',*,*,#71,.T.);
#728 = FACE_BOUND('',#729,.T.);
#729 = EDGE_LOOP('',(#730));
#730 = ORIENTED_EDGE('',*,*,#731,.F.);
#731 = EDGE_CURVE('',#732,#732,#734,.T.);
#732 = VERTEX_POINT('',#733);
#733 = CARTESIAN_POINT('',(-36.5,-24.5,4.));
#734 = CIRCLE('',#735,1.5);
#735 = AXIS2_PLACEMENT_3D('',#736,#737,#738);
#736 = CARTESIAN_POINT('',(-38.,-24.5,4.));
#737 = DIRECTION('',(0.,0.,1.));
#738 = DIRECTION('',(1.,0.,0.));
#739 = FACE_BOUND('',#740,.T.);
#740 = EDGE_LOOP('',(#741,#751,#759,#767,#775,#783));
#741 = ORIENTED_EDGE('',*,*,#742,.F.);
#742 = EDGE_CURVE('',#743,#745,#747,.T.);
#743 = VERTEX_POINT('',#744);
#744 = CARTESIAN_POINT('',(-59.6,-15.,4.));
#745 = VERTEX_POINT('',#746);
#746 = CARTESIAN_POINT('',(-61.3,-12.05551362713,4.));
#747 = LINE('',#748,#749);
#748 = CARTESIAN_POINT('',(-59.6,-15.,4.));
#749 = VECTOR('',#750,1.);
#750 = DIRECTION('',(-0.5,0.866025403784,0.));
#751 = ORIENTED_EDGE('',*,*,#752,.F.);
#752 = EDGE_CURVE('',#753,#743,#755,.T.);
#753 = VERTEX_POINT('',#754);
#754 = CARTESIAN_POINT('',(-61.3,-17.94448637286,4.));
#755 = LINE('',#756,#757);
#756 = CARTESIAN_POINT('',(-61.3,-17.94448637286,4.));
#757 = VECTOR('',#758,1.);
#758 = DIRECTION('',(0.5,0.866025403784,0.));
#759 = ORIENTED_EDGE('',*,*,#760,.F.);
#760 = EDGE_CURVE('',#761,#753,#763,.T.);
#761 = VERTEX_POINT('',#762);
#762 = CARTESIAN_POINT('',(-64.7,-17.94448637286,4.));
#763 = LINE('',#764,#765);
#764 = CARTESIAN_POINT('',(-64.7,-17.94448637286,4.));
#765 = VECTOR('',#766,1.);
#766 = DIRECTION('',(1.,0.,0.));
#767 = ORIENTED_EDGE('',*,*,#768,.F.);
#768 = EDGE_CURVE('',#769,#761,#771,.T.);
#769 = VERTEX_POINT('',#770);
#770 = CARTESIAN_POINT('',(-66.4,-15.,4.));
#771 = LINE('',#772,#773);
#772 = CARTESIAN_POINT('',(-66.4,-15.,4.));
#773 = VECTOR('',#774,1.);
#774 = DIRECTION('',(0.5,-0.866025403784,0.));
#775 = ORIENTED_EDGE('',*,*,#776,.F.);
#776 = EDGE_CURVE('',#777,#769,#779,.T.);
#777 = VERTEX_POINT('',#778);
#778 = CARTESIAN_POINT('',(-64.7,-12.05551362713,4.));
#779 = LINE('',#780,#781);
#780 = CARTESIAN_POINT('',(-64.7,-12.05551362713,4.));
#781 = VECTOR('',#782,1.);
#782 = DIRECTION('',(-0.5,-0.866025403784,0.));
#783 = ORIENTED_EDGE('',*,*,#784,.F.);
#784 = EDGE_CURVE('',#745,#777,#785,.T.);
#785 = LINE('',#786,#787);
#786 = CARTESIAN_POINT('',(-61.3,-12.05551362713,4.));
#787 = VECTOR('',#788,1.);
#788 = DIRECTION('',(-1.,0.,0.));
#789 = FACE_BOUND('',#790,.T.);
#790 = EDGE_LOOP('',(#791,#801,#809,#817,#825,#833));
#791 = ORIENTED_EDGE('',*,*,#792,.F.);
#792 = EDGE_CURVE('',#793,#795,#797,.T.);
#793 = VERTEX_POINT('',#794);
#794 = CARTESIAN_POINT('',(-39.6,-15.,4.));
#795 = VERTEX_POINT('',#796);
#796 = CARTESIAN_POINT('',(-41.3,-12.05551362713,4.));
#797 = LINE('',#798,#799);
#798 = CARTESIAN_POINT('',(-39.6,-15.,4.));
#799 = VECTOR('',#800,1.);
#800 = DIRECTION('',(-0.5,0.866025403784,0.));
#801 = ORIENTED_EDGE('',*,*,#802,.F.);
#802 = EDGE_CURVE('',#803,#793,#805,.T.);
#803 = VERTEX_POINT('',#804);
#804 = CARTESIAN_POINT('',(-41.3,-17.94448637286,4.));
#805 = LINE('',#806,#807);
#806 = CARTESIAN_POINT('',(-41.3,-17.94448637286,4.));
#807 = VECTOR('',#808,1.);
#808 = DIRECTION('',(0.5,0.866025403784,0.));
#809 = ORIENTED_EDGE('',*,*,#810,.F.);
#810 = EDGE_CURVE('',#811,#803,#813,.T.);
#811 = VERTEX_POINT('',#812);
#812 = CARTESIAN_POINT('',(-44.7,-17.94448637286,4.));
#813 = LINE('',#814,#815);
#814 = CARTESIAN_POINT('',(-44.7,-17.94448637286,4.));
#815 = VECTOR('',#816,1.);
#816 = DIRECTION('',(1.,0.,0.));
#817 = ORIENTED_EDGE('',*,*,#818,.F.);
#818 = EDGE_CURVE('',#819,#811,#821,.T.);
#819 = VERTEX_POINT('',#820);
#820 = CARTESIAN_POINT('',(-46.4,-15.,4.));
#821 = LINE('',#822,#823);
#822 = CARTESIAN_POINT('',(-46.4,-15.,4.));
#823 = VECTOR('',#824,1.);
#824 = DIRECTION('',(0.5,-0.866025403784,0.));
#825 = ORIENTED_EDGE('',*,*,#826,.F.);
#826 = EDGE_CURVE('',#827,#819,#829,.T.);
#827 = VERTEX_POINT('',#828);
#828 = CARTESIAN_POINT('',(-44.7,-12.05551362713,4.));
#829 = LINE('',#830,#831);
#830 = CARTESIAN_POINT('',(-44.7,-12.05551362713,4.));
#831 = VECTOR('',#832,1.);
#832 = DIRECTION('',(-0.5,-0.866025403784,0.));
#833 = ORIENTED_EDGE('',*,*,#834,.F.);
#834 = EDGE_CURVE('',#795,#827,#835,.T.);
#835 = LINE('',#836,#837);
#836 = CARTESIAN_POINT('',(-41.3,-12.05551362713,4.));
#837 = VECTOR('',#838,1.);
#838 = DIRECTION('',(-1.,0.,0.));
#839 = FACE_BOUND('',#840,.T.);
#840 = EDGE_LOOP('',(#841,#851,#859,#867,#875,#883));
#841 = ORIENTED_EDGE('',*,*,#842,.F.);
#842 = EDGE_CURVE('',#843,#845,#847,.T.);
#843 = VERTEX_POINT('',#844);
#844 = CARTESIAN_POINT('',(-14.1,-12.,4.));
#845 = VERTEX_POINT('',#846);
#846 = CARTESIAN_POINT('',(-15.8,-9.055513627133,4.));
#847 = LINE('',#848,#849);
#848 = CARTESIAN_POINT('',(-14.1,-12.,4.));
#849 = VECTOR('',#850,1.);
#850 = DIRECTION('',(-0.5,0.866025403784,0.));
#851 = ORIENTED_EDGE('',*,*,#852,.F.);
#852 = EDGE_CURVE('',#853,#843,#855,.T.);
#853 = VERTEX_POINT('',#854);
#854 = CARTESIAN_POINT('',(-15.8,-14.94448637286,4.));
#855 = LINE('',#856,#857);
#856 = CARTESIAN_POINT('',(-15.8,-14.94448637286,4.));
#857 = VECTOR('',#858,1.);
#858 = DIRECTION('',(0.5,0.866025403784,0.));
#859 = ORIENTED_EDGE('',*,*,#860,.F.);
#860 = EDGE_CURVE('',#861,#853,#863,.T.);
#861 = VERTEX_POINT('',#862);
#862 = CARTESIAN_POINT('',(-19.2,-14.94448637286,4.));
#863 = LINE('',#864,#865);
#864 = CARTESIAN_POINT('',(-19.2,-14.94448637286,4.));
#865 = VECTOR('',#866,1.);
#866 = DIRECTION('',(1.,0.,0.));
#867 = ORIENTED_EDGE('',*,*,#868,.F.);
#868 = EDGE_CURVE('',#869,#861,#871,.T.);
#869 = VERTEX_POINT('',#870);
#870 = CARTESIAN_POINT('',(-20.9,-12.,4.));
#871 = LINE('',#872,#873);
#872 = CARTESIAN_POINT('',(-20.9,-12.,4.));
#873 = VECTOR('',#874,1.);
#874 = DIRECTION('',(0.5,-0.866025403784,0.));
#875 = ORIENTED_EDGE('',*,*,#876,.F.);
#876 = EDGE_CURVE('',#877,#869,#879,.T.);
#877 = VERTEX_POINT('',#878);
#878 = CARTESIAN_POINT('',(-19.2,-9.055513627133,4.));
#879 = LINE('',#880,#881);
#880 = CARTESIAN_POINT('',(-19.2,-9.055513627133,4.));
#881 = VECTOR('',#882,1.);
#882 = DIRECTION('',(-0.5,-0.866025403784,0.));
#883 = ORIENTED_EDGE('',*,*,#884,.F.);
#884 = EDGE_CURVE('',#845,#877,#885,.T.);
#885 = LINE('',#886,#887);
#886 = CARTESIAN_POINT('',(-15.8,-9.055513627133,4.));
#887 = VECTOR('',#888,1.);
#888 = DIRECTION('',(-1.,0.,0.));
#889 = FACE_BOUND('',#890,.T.);
#890 = EDGE_LOOP('',(#891));
#891 = ORIENTED_EDGE('',*,*,#892,.F.);
#892 = EDGE_CURVE('',#893,#893,#895,.T.);
#893 = VERTEX_POINT('',#894);
#894 = CARTESIAN_POINT('',(21.5,-24.5,4.));
#895 = CIRCLE('',#896,1.5);
#896 = AXIS2_PLACEMENT_3D('',#897,#898,#899);
#897 = CARTESIAN_POINT('',(20.,-24.5,4.));
#898 = DIRECTION('',(0.,0.,1.));
#899 = DIRECTION('',(1.,0.,0.));
#900 = FACE_BOUND('',#901,.T.);
#901 = EDGE_LOOP('',(#902,#912,#920,#928,#936,#944));
#902 = ORIENTED_EDGE('',*,*,#903,.F.);
#903 = EDGE_CURVE('',#904,#906,#908,.T.);
#904 = VERTEX_POINT('',#905);
#905 = CARTESIAN_POINT('',(33.,-40.,4.));
#906 = VERTEX_POINT('',#907);
#907 = CARTESIAN_POINT('',(31.5,-37.40192378864,4.));
#908 = LINE('',#909,#910);
#909 = CARTESIAN_POINT('',(33.,-40.,4.));
#910 = VECTOR('',#911,1.);
#911 = DIRECTION('',(-0.5,0.866025403784,0.));
#912 = ORIENTED_EDGE('',*,*,#913,.F.);
#913 = EDGE_CURVE('',#914,#904,#916,.T.);
#914 = VERTEX_POINT('',#915);
#915 = CARTESIAN_POINT('',(31.5,-42.59807621135,4.));
#916 = LINE('',#917,#918);
#917 = CARTESIAN_POINT('',(31.5,-42.59807621135,4.));
#918 = VECTOR('',#919,1.);
#919 = DIRECTION('',(0.5,0.866025403784,0.));
#920 = ORIENTED_EDGE('',*,*,#921,.F.);
#921 = EDGE_CURVE('',#922,#914,#924,.T.);
#922 = VERTEX_POINT('',#923);
#923 = CARTESIAN_POINT('',(28.5,-42.59807621135,4.));
#924 = LINE('',#925,#926);
#925 = CARTESIAN_POINT('',(28.5,-42.59807621135,4.));
#926 = VECTOR('',#927,1.);
#927 = DIRECTION('',(1.,0.,0.));
#928 = ORIENTED_EDGE('',*,*,#929,.F.);
#929 = EDGE_CURVE('',#930,#922,#932,.T.);
#930 = VERTEX_POINT('',#931);
#931 = CARTESIAN_POINT('',(27.,-40.,4.));
#932 = LINE('',#933,#934);
#933 = CARTESIAN_POINT('',(27.,-40.,4.));
#934 = VECTOR('',#935,1.);
#935 = DIRECTION('',(0.5,-0.866025403784,0.));
#936 = ORIENTED_EDGE('',*,*,#937,.F.);
#937 = EDGE_CURVE('',#938,#930,#940,.T.);
#938 = VERTEX_POINT('',#939);
#939 = CARTESIAN_POINT('',(28.5,-37.40192378864,4.));
#940 = LINE('',#941,#942);
#941 = CARTESIAN_POINT('',(28.5,-37.40192378864,4.));
#942 = VECTOR('',#943,1.);
#943 = DIRECTION('',(-0.5,-0.866025403784,0.));
#944 = ORIENTED_EDGE('',*,*,#945,.F.);
#945 = EDGE_CURVE('',#906,#938,#946,.T.);
#946 = LINE('',#947,#948);
#947 = CARTESIAN_POINT('',(31.5,-37.40192378864,4.));
#948 = VECTOR('',#949,1.);
#949 = DIRECTION('',(-1.,0.,0.));
#950 = FACE_BOUND('',#951,.T.);
#951 = EDGE_LOOP('',(#952,#962,#970,#978,#986,#994));
#952 = ORIENTED_EDGE('',*,*,#953,.F.);
#953 = EDGE_CURVE('',#954,#956,#958,.T.);
#954 = VERTEX_POINT('',#955);
#955 = CARTESIAN_POINT('',(51.,-40.,4.));
#956 = VERTEX_POINT('',#957);
#957 = CARTESIAN_POINT('',(49.5,-37.40192378864,4.));
#958 = LINE('',#959,#960);
#959 = CARTESIAN_POINT('',(51.,-40.,4.));
#960 = VECTOR('',#961,1.);
#961 = DIRECTION('',(-0.5,0.866025403784,0.));
#962 = ORIENTED_EDGE('',*,*,#963,.F.);
#963 = EDGE_CURVE('',#964,#954,#966,.T.);
#964 = VERTEX_POINT('',#965);
#965 = CARTESIAN_POINT('',(49.5,-42.59807621135,4.));
#966 = LINE('',#967,#968);
#967 = CARTESIAN_POINT('',(49.5,-42.59807621135,4.));
#968 = VECTOR('',#969,1.);
#969 = DIRECTION('',(0.5,0.866025403784,0.));
#970 = ORIENTED_EDGE('',*,*,#971,.F.);
#971 = EDGE_CURVE('',#972,#964,#974,.T.);
#972 = VERTEX_POINT('',#973);
#973 = CARTESIAN_POINT('',(46.5,-42.59807621135,4.));
#974 = LINE('',#975,#976);
#975 = CARTESIAN_POINT('',(46.5,-42.59807621135,4.));
#976 = VECTOR('',#977,1.);
#977 = DIRECTION('',(1.,0.,0.));
#978 = ORIENTED_EDGE('',*,*,#979,.F.);
#979 = EDGE_CURVE('',#980,#972,#982,.T.);
#980 = VERTEX_POINT('',#981);
#981 = CARTESIAN_POINT('',(45.,-40.,4.));
#982 = LINE('',#983,#984);
#983 = CARTESIAN_POINT('',(45.,-40.,4.));
#984 = VECTOR('',#985,1.);
#985 = DIRECTION('',(0.5,-0.866025403784,0.));
#986 = ORIENTED_EDGE('',*,*,#987,.F.);
#987 = EDGE_CURVE('',#988,#980,#990,.T.);
#988 = VERTEX_POINT('',#989);
#989 = CARTESIAN_POINT('',(46.5,-37.40192378864,4.));
#990 = LINE('',#991,#992);
#991 = CARTESIAN_POINT('',(46.5,-37.40192378864,4.));
#992 = VECTOR('',#993,1.);
#993 = DIRECTION('',(-0.5,-0.866025403784,0.));
#994 = ORIENTED_EDGE('',*,*,#995,.F.);
#995 = EDGE_CURVE('',#956,#988,#996,.T.);
#996 = LINE('',#997,#998);
#997 = CARTESIAN_POINT('',(49.5,-37.40192378864,4.));
#998 = VECTOR('',#999,1.);
#999 = DIRECTION('',(-1.,0.,0.));
#1000 = FACE_BOUND('',#1001,.T.);
#1001 = EDGE_LOOP('',(#1002,#1012,#1021,#1029,#1038,#1046,#1055,#1063));
#1002 = ORIENTED_EDGE('',*,*,#1003,.F.);
#1003 = EDGE_CURVE('',#1004,#1006,#1008,.T.);
#1004 = VERTEX_POINT('',#1005);
#1005 = CARTESIAN_POINT('',(29.000000000152,-24.,4.));
#1006 = VERTEX_POINT('',#1007);
#1007 = CARTESIAN_POINT('',(29.000000000152,-32.,4.));
#1008 = LINE('',#1009,#1010);
#1009 = CARTESIAN_POINT('',(29.000000000152,-24.,4.));
#1010 = VECTOR('',#1011,1.);
#1011 = DIRECTION('',(0.,-1.,0.));
#1012 = ORIENTED_EDGE('',*,*,#1013,.F.);
#1013 = EDGE_CURVE('',#1014,#1004,#1016,.T.);
#1014 = VERTEX_POINT('',#1015);
#1015 = CARTESIAN_POINT('',(31.000000000152,-22.,4.));
#1016 = CIRCLE('',#1017,2.);
#1017 = AXIS2_PLACEMENT_3D('',#1018,#1019,#1020);
#1018 = CARTESIAN_POINT('',(31.000000000152,-24.,4.));
#1019 = DIRECTION('',(0.,0.,1.));
#1020 = DIRECTION('',(1.,0.,0.));
#1021 = ORIENTED_EDGE('',*,*,#1022,.F.);
#1022 = EDGE_CURVE('',#1023,#1014,#1025,.T.);
#1023 = VERTEX_POINT('',#1024);
#1024 = CARTESIAN_POINT('',(47.000000000145,-22.,4.));
#1025 = LINE('',#1026,#1027);
#1026 = CARTESIAN_POINT('',(47.000000000145,-22.,4.));
#1027 = VECTOR('',#1028,1.);
#1028 = DIRECTION('',(-1.,0.,0.));
#1029 = ORIENTED_EDGE('',*,*,#1030,.F.);
#1030 = EDGE_CURVE('',#1031,#1023,#1033,.T.);
#1031 = VERTEX_POINT('',#1032);
#1032 = CARTESIAN_POINT('',(49.000000000145,-24.,4.));
#1033 = CIRCLE('',#1034,2.);
#1034 = AXIS2_PLACEMENT_3D('',#1035,#1036,#1037);
#1035 = CARTESIAN_POINT('',(47.000000000145,-24.,4.));
#1036 = DIRECTION('',(0.,0.,1.));
#1037 = DIRECTION('',(1.,0.,0.));
#1038 = ORIENTED_EDGE('',*,*,#1039,.F.);
#1039 = EDGE_CURVE('',#1040,#1031,#1042,.T.);
#1040 = VERTEX_POINT('',#1041);
#1041 = CARTESIAN_POINT('',(49.000000000145,-32.,4.));
#1042 = LINE('',#1043,#1044);
#1043 = CARTESIAN_POINT('',(49.000000000145,-32.,4.));
#1044 = VECTOR('',#1045,1.);
#1045 = DIRECTION('',(0.,1.,0.));
#1046 = ORIENTED_EDGE('',*,*,#1047,.F.);
#1047 = EDGE_CURVE('',#1048,#1040,#1050,.T.);
#1048 = VERTEX_POINT('',#1049);
#1049 = CARTESIAN_POINT('',(47.000000000145,-34.,4.));
#1050 = CIRCLE('',#1051,2.);
#1051 = AXIS2_PLACEMENT_3D('',#1052,#1053,#1054);
#1052 = CARTESIAN_POINT('',(47.000000000145,-32.,4.));
#1053 = DIRECTION('',(0.,0.,1.));
#1054 = DIRECTION('',(1.,0.,0.));
#1055 = ORIENTED_EDGE('',*,*,#1056,.F.);
#1056 = EDGE_CURVE('',#1057,#1048,#1059,.T.);
#1057 = VERTEX_POINT('',#1058);
#1058 = CARTESIAN_POINT('',(31.000000000152,-34.,4.));
#1059 = LINE('',#1060,#1061);
#1060 = CARTESIAN_POINT('',(31.000000000152,-34.,4.));
#1061 = VECTOR('',#1062,1.);
#1062 = DIRECTION('',(1.,0.,0.));
#1063 = ORIENTED_EDGE('',*,*,#1064,.F.);
#1064 = EDGE_CURVE('',#1006,#1057,#1065,.T.);
#1065 = CIRCLE('',#1066,2.);
#1066 = AXIS2_PLACEMENT_3D('',#1067,#1068,#1069);
#1067 = CARTESIAN_POINT('',(31.000000000152,-32.,4.));
#1068 = DIRECTION('',(0.,0.,1.));
#1069 = DIRECTION('',(1.,0.,0.));
#1070 = FACE_BOUND('',#1071,.T.);
#1071 = EDGE_LOOP('',(#1072,#1082,#1090,#1098,#1106,#1114));
#1072 = ORIENTED_EDGE('',*,*,#1073,.F.);
#1073 = EDGE_CURVE('',#1074,#1076,#1078,.T.);
#1074 = VERTEX_POINT('',#1075);
#1075 = CARTESIAN_POINT('',(25.9,-12.,4.));
#1076 = VERTEX_POINT('',#1077);
#1077 = CARTESIAN_POINT('',(24.2,-9.055513627133,4.));
#1078 = LINE('',#1079,#1080);
#1079 = CARTESIAN_POINT('',(25.9,-12.,4.));
#1080 = VECTOR('',#1081,1.);
#1081 = DIRECTION('',(-0.5,0.866025403784,0.));
#1082 = ORIENTED_EDGE('',*,*,#1083,.F.);
#1083 = EDGE_CURVE('',#1084,#1074,#1086,.T.);
#1084 = VERTEX_POINT('',#1085);
#1085 = CARTESIAN_POINT('',(24.2,-14.94448637286,4.));
#1086 = LINE('',#1087,#1088);
#1087 = CARTESIAN_POINT('',(24.2,-14.94448637286,4.));
#1088 = VECTOR('',#1089,1.);
#1089 = DIRECTION('',(0.5,0.866025403784,0.));
#1090 = ORIENTED_EDGE('',*,*,#1091,.F.);
#1091 = EDGE_CURVE('',#1092,#1084,#1094,.T.);
#1092 = VERTEX_POINT('',#1093);
#1093 = CARTESIAN_POINT('',(20.8,-14.94448637286,4.));
#1094 = LINE('',#1095,#1096);
#1095 = CARTESIAN_POINT('',(20.8,-14.94448637286,4.));
#1096 = VECTOR('',#1097,1.);
#1097 = DIRECTION('',(1.,0.,0.));
#1098 = ORIENTED_EDGE('',*,*,#1099,.F.);
#1099 = EDGE_CURVE('',#1100,#1092,#1102,.T.);
#1100 = VERTEX_POINT('',#1101);
#1101 = CARTESIAN_POINT('',(19.1,-12.,4.));
#1102 = LINE('',#1103,#1104);
#1103 = CARTESIAN_POINT('',(19.1,-12.,4.));
#1104 = VECTOR('',#1105,1.);
#1105 = DIRECTION('',(0.5,-0.866025403784,0.));
#1106 = ORIENTED_EDGE('',*,*,#1107,.F.);
#1107 = EDGE_CURVE('',#1108,#1100,#1110,.T.);
#1108 = VERTEX_POINT('',#1109);
#1109 = CARTESIAN_POINT('',(20.8,-9.055513627133,4.));
#1110 = LINE('',#1111,#1112);
#1111 = CARTESIAN_POINT('',(20.8,-9.055513627133,4.));
#1112 = VECTOR('',#1113,1.);
#1113 = DIRECTION('',(-0.5,-0.866025403784,0.));
#1114 = ORIENTED_EDGE('',*,*,#1115,.F.);
#1115 = EDGE_CURVE('',#1076,#1108,#1116,.T.);
#1116 = LINE('',#1117,#1118);
#1117 = CARTESIAN_POINT('',(24.2,-9.055513627133,4.));
#1118 = VECTOR('',#1119,1.);
#1119 = DIRECTION('',(-1.,0.,0.));
#1120 = FACE_BOUND('',#1121,.T.);
#1121 = EDGE_LOOP('',(#1122,#1132,#1140,#1148,#1156,#1164));
#1122 = ORIENTED_EDGE('',*,*,#1123,.F.);
#1123 = EDGE_CURVE('',#1124,#1126,#1128,.T.);
#1124 = VERTEX_POINT('',#1125);
#1125 = CARTESIAN_POINT('',(-59.6,15.,4.));
#1126 = VERTEX_POINT('',#1127);
#1127 = CARTESIAN_POINT('',(-61.3,17.944486372867,4.));
#1128 = LINE('',#1129,#1130);
#1129 = CARTESIAN_POINT('',(-59.6,15.,4.));
#1130 = VECTOR('',#1131,1.);
#1131 = DIRECTION('',(-0.5,0.866025403784,0.));
#1132 = ORIENTED_EDGE('',*,*,#1133,.F.);
#1133 = EDGE_CURVE('',#1134,#1124,#1136,.T.);
#1134 = VERTEX_POINT('',#1135);
#1135 = CARTESIAN_POINT('',(-61.3,12.055513627133,4.));
#1136 = LINE('',#1137,#1138);
#1137 = CARTESIAN_POINT('',(-61.3,12.055513627133,4.));
#1138 = VECTOR('',#1139,1.);
#1139 = DIRECTION('',(0.5,0.866025403784,0.));
#1140 = ORIENTED_EDGE('',*,*,#1141,.F.);
#1141 = EDGE_CURVE('',#1142,#1134,#1144,.T.);
#1142 = VERTEX_POINT('',#1143);
#1143 = CARTESIAN_POINT('',(-64.7,12.055513627133,4.));
#1144 = LINE('',#1145,#1146);
#1145 = CARTESIAN_POINT('',(-64.7,12.055513627133,4.));
#1146 = VECTOR('',#1147,1.);
#1147 = DIRECTION('',(1.,0.,0.));
#1148 = ORIENTED_EDGE('',*,*,#1149,.F.);
#1149 = EDGE_CURVE('',#1150,#1142,#1152,.T.);
#1150 = VERTEX_POINT('',#1151);
#1151 = CARTESIAN_POINT('',(-66.4,15.,4.));
#1152 = LINE('',#1153,#1154);
#1153 = CARTESIAN_POINT('',(-66.4,15.,4.));
#1154 = VECTOR('',#1155,1.);
#1155 = DIRECTION('',(0.5,-0.866025403784,0.));
#1156 = ORIENTED_EDGE('',*,*,#1157,.F.);
#1157 = EDGE_CURVE('',#1158,#1150,#1160,.T.);
#1158 = VERTEX_POINT('',#1159);
#1159 = CARTESIAN_POINT('',(-64.7,17.944486372867,4.));
#1160 = LINE('',#1161,#1162);
#1161 = CARTESIAN_POINT('',(-64.7,17.944486372867,4.));
#1162 = VECTOR('',#1163,1.);
#1163 = DIRECTION('',(-0.5,-0.866025403784,0.));
#1164 = ORIENTED_EDGE('',*,*,#1165,.F.);
#1165 = EDGE_CURVE('',#1126,#1158,#1166,.T.);
#1166 = LINE('',#1167,#1168);
#1167 = CARTESIAN_POINT('',(-61.3,17.944486372867,4.));
#1168 = VECTOR('',#1169,1.);
#1169 = DIRECTION('',(-1.,0.,0.));
#1170 = FACE_BOUND('',#1171,.T.);
#1171 = EDGE_LOOP('',(#1172,#1182,#1190,#1198,#1206,#1214));
#1172 = ORIENTED_EDGE('',*,*,#1173,.F.);
#1173 = EDGE_CURVE('',#1174,#1176,#1178,.T.);
#1174 = VERTEX_POINT('',#1175);
#1175 = CARTESIAN_POINT('',(-39.6,15.,4.));
#1176 = VERTEX_POINT('',#1177);
#1177 = CARTESIAN_POINT('',(-41.3,17.944486372867,4.));
#1178 = LINE('',#1179,#1180);
#1179 = CARTESIAN_POINT('',(-39.6,15.,4.));
#1180 = VECTOR('',#1181,1.);
#1181 = DIRECTION('',(-0.5,0.866025403784,0.));
#1182 = ORIENTED_EDGE('',*,*,#1183,.F.);
#1183 = EDGE_CURVE('',#1184,#1174,#1186,.T.);
#1184 = VERTEX_POINT('',#1185);
#1185 = CARTESIAN_POINT('',(-41.3,12.055513627133,4.));
#1186 = LINE('',#1187,#1188);
#1187 = CARTESIAN_POINT('',(-41.3,12.055513627133,4.));
#1188 = VECTOR('',#1189,1.);
#1189 = DIRECTION('',(0.5,0.866025403784,0.));
#1190 = ORIENTED_EDGE('',*,*,#1191,.F.);
#1191 = EDGE_CURVE('',#1192,#1184,#1194,.T.);
#1192 = VERTEX_POINT('',#1193);
#1193 = CARTESIAN_POINT('',(-44.7,12.055513627133,4.));
#1194 = LINE('',#1195,#1196);
#1195 = CARTESIAN_POINT('',(-44.7,12.055513627133,4.));
#1196 = VECTOR('',#1197,1.);
#1197 = DIRECTION('',(1.,0.,0.));
#1198 = ORIENTED_EDGE('',*,*,#1199,.F.);
#1199 = EDGE_CURVE('',#1200,#1192,#1202,.T.);
#1200 = VERTEX_POINT('',#1201);
#1201 = CARTESIAN_POINT('',(-46.4,15.,4.));
#1202 = LINE('',#1203,#1204);
#1203 = CARTESIAN_POINT('',(-46.4,15.,4.));
#1204 = VECTOR('',#1205,1.);
#1205 = DIRECTION('',(0.5,-0.866025403784,0.));
#1206 = ORIENTED_EDGE('',*,*,#1207,.F.);
#1207 = EDGE_CURVE('',#1208,#1200,#1210,.T.);
#1208 = VERTEX_POINT('',#1209);
#1209 = CARTESIAN_POINT('',(-44.7,17.944486372867,4.));
#1210 = LINE('',#1211,#1212);
#1211 = CARTESIAN_POINT('',(-44.7,17.944486372867,4.));
#1212 = VECTOR('',#1213,1.);
#1213 = DIRECTION('',(-0.5,-0.866025403784,0.));
#1214 = ORIENTED_EDGE('',*,*,#1215,.F.);
#1215 = EDGE_CURVE('',#1176,#1208,#1216,.T.);
#1216 = LINE('',#1217,#1218);
#1217 = CARTESIAN_POINT('',(-41.3,17.944486372867,4.));
#1218 = VECTOR('',#1219,1.);
#1219 = DIRECTION('',(-1.,0.,0.));
#1220 = FACE_BOUND('',#1221,.T.);
#1221 = EDGE_LOOP('',(#1222,#1232,#1240,#1248,#1256,#1264));
#1222 = ORIENTED_EDGE('',*,*,#1223,.F.);
#1223 = EDGE_CURVE('',#1224,#1226,#1228,.T.);
#1224 = VERTEX_POINT('',#1225);
#1225 = CARTESIAN_POINT('',(-14.09999999999,11.999999999999,4.));
#1226 = VERTEX_POINT('',#1227);
#1227 = CARTESIAN_POINT('',(-15.79999999999,14.944486372872,4.));
#1228 = LINE('',#1229,#1230);
#1229 = CARTESIAN_POINT('',(-14.09999999999,11.999999999999,4.));
#1230 = VECTOR('',#1231,1.);
#1231 = DIRECTION('',(-0.499999999999,0.866025403785,0.));
#1232 = ORIENTED_EDGE('',*,*,#1233,.F.);
#1233 = EDGE_CURVE('',#1234,#1224,#1236,.T.);
#1234 = VERTEX_POINT('',#1235);
#1235 = CARTESIAN_POINT('',(-15.8,9.05551362713,4.));
#1236 = LINE('',#1237,#1238);
#1237 = CARTESIAN_POINT('',(-15.8,9.05551362713,4.));
#1238 = VECTOR('',#1239,1.);
#1239 = DIRECTION('',(0.500000000002,0.866025403783,0.));
#1240 = ORIENTED_EDGE('',*,*,#1241,.F.);
#1241 = EDGE_CURVE('',#1242,#1234,#1244,.T.);
#1242 = VERTEX_POINT('',#1243);
#1243 = CARTESIAN_POINT('',(-19.20000000001,9.055513627117,4.));
#1244 = LINE('',#1245,#1246);
#1245 = CARTESIAN_POINT('',(-19.20000000001,9.055513627117,4.));
#1246 = VECTOR('',#1247,1.);
#1247 = DIRECTION('',(1.,3.67183E-12,0.));
#1248 = ORIENTED_EDGE('',*,*,#1249,.F.);
#1249 = EDGE_CURVE('',#1250,#1242,#1252,.T.);
#1250 = VERTEX_POINT('',#1251);
#1251 = CARTESIAN_POINT('',(-20.9,11.999999999999,4.));
#1252 = LINE('',#1253,#1254);
#1253 = CARTESIAN_POINT('',(-20.9,11.999999999999,4.));
#1254 = VECTOR('',#1255,1.);
#1255 = DIRECTION('',(0.499999999995,-0.866025403787,0.));
#1256 = ORIENTED_EDGE('',*,*,#1257,.F.);
#1257 = EDGE_CURVE('',#1258,#1250,#1260,.T.);
#1258 = VERTEX_POINT('',#1259);
#1259 = CARTESIAN_POINT('',(-19.2,14.944486372887,4.));
#1260 = LINE('',#1261,#1262);
#1261 = CARTESIAN_POINT('',(-19.2,14.944486372887,4.));
#1262 = VECTOR('',#1263,1.);
#1263 = DIRECTION('',(-0.499999999996,-0.866025403787,0.));
#1264 = ORIENTED_EDGE('',*,*,#1265,.F.);
#1265 = EDGE_CURVE('',#1226,#1258,#1266,.T.);
#1266 = LINE('',#1267,#1268);
#1267 = CARTESIAN_POINT('',(-15.79999999999,14.944486372872,4.));
#1268 = VECTOR('',#1269,1.);
#1269 = DIRECTION('',(-1.,4.44612E-12,0.));
#1270 = FACE_BOUND('',#1271,.T.);
#1271 = EDGE_LOOP('',(#1272));
#1272 = ORIENTED_EDGE('',*,*,#1273,.F.);
#1273 = EDGE_CURVE('',#1274,#1274,#1276,.T.);
#1274 = VERTEX_POINT('',#1275);
#1275 = CARTESIAN_POINT('',(-36.5,24.5,4.));
#1276 = CIRCLE('',#1277,1.5);
#1277 = AXIS2_PLACEMENT_3D('',#1278,#1279,#1280);
#1278 = CARTESIAN_POINT('',(-38.,24.5,4.));
#1279 = DIRECTION('',(0.,0.,1.));
#1280 = DIRECTION('',(1.,0.,0.));
#1281 = FACE_BOUND('',#1282,.T.);
#1282 = EDGE_LOOP('',(#1283,#1293,#1301,#1309,#1317,#1325));
#1283 = ORIENTED_EDGE('',*,*,#1284,.F.);
#1284 = EDGE_CURVE('',#1285,#1287,#1289,.T.);
#1285 = VERTEX_POINT('',#1286);
#1286 = CARTESIAN_POINT('',(25.900000000003,11.999999999999,4.));
#1287 = VERTEX_POINT('',#1288);
#1288 = CARTESIAN_POINT('',(24.200000000001,14.944486372867,4.));
#1289 = LINE('',#1290,#1291);
#1290 = CARTESIAN_POINT('',(25.900000000003,11.999999999999,4.));
#1291 = VECTOR('',#1292,1.);
#1292 = DIRECTION('',(-0.500000000001,0.866025403784,0.));
#1293 = ORIENTED_EDGE('',*,*,#1294,.F.);
#1294 = EDGE_CURVE('',#1295,#1285,#1297,.T.);
#1295 = VERTEX_POINT('',#1296);
#1296 = CARTESIAN_POINT('',(24.200000000007,9.055513627128,4.));
#1297 = LINE('',#1298,#1299);
#1298 = CARTESIAN_POINT('',(24.200000000007,9.055513627128,4.));
#1299 = VECTOR('',#1300,1.);
#1300 = DIRECTION('',(0.499999999999,0.866025403785,0.));
#1301 = ORIENTED_EDGE('',*,*,#1302,.F.);
#1302 = EDGE_CURVE('',#1303,#1295,#1305,.T.);
#1303 = VERTEX_POINT('',#1304);
#1304 = CARTESIAN_POINT('',(20.800000000001,9.055513627131,4.));
#1305 = LINE('',#1306,#1307);
#1306 = CARTESIAN_POINT('',(20.800000000001,9.055513627131,4.));
#1307 = VECTOR('',#1308,1.);
#1308 = DIRECTION('',(1.,-8.725E-13,0.));
#1309 = ORIENTED_EDGE('',*,*,#1310,.F.);
#1310 = EDGE_CURVE('',#1311,#1303,#1313,.T.);
#1311 = VERTEX_POINT('',#1312);
#1312 = CARTESIAN_POINT('',(19.1,11.999999999999,4.));
#1313 = LINE('',#1314,#1315);
#1314 = CARTESIAN_POINT('',(19.1,11.999999999999,4.));
#1315 = VECTOR('',#1316,1.);
#1316 = DIRECTION('',(0.5,-0.866025403784,0.));
#1317 = ORIENTED_EDGE('',*,*,#1318,.F.);
#1318 = EDGE_CURVE('',#1319,#1311,#1321,.T.);
#1319 = VERTEX_POINT('',#1320);
#1320 = CARTESIAN_POINT('',(20.799999999998,14.944486372871,4.));
#1321 = LINE('',#1322,#1323);
#1322 = CARTESIAN_POINT('',(20.799999999998,14.944486372871,4.));
#1323 = VECTOR('',#1324,1.);
#1324 = DIRECTION('',(-0.499999999999,-0.866025403785,0.));
#1325 = ORIENTED_EDGE('',*,*,#1326,.F.);
#1326 = EDGE_CURVE('',#1287,#1319,#1327,.T.);
#1327 = LINE('',#1328,#1329);
#1328 = CARTESIAN_POINT('',(24.200000000001,14.944486372867,4.));
#1329 = VECTOR('',#1330,1.);
#1330 = DIRECTION('',(-1.,1.29204E-12,0.));
#1331 = FACE_BOUND('',#1332,.T.);
#1332 = EDGE_LOOP('',(#1333));
#1333 = ORIENTED_EDGE('',*,*,#1334,.F.);
#1334 = EDGE_CURVE('',#1335,#1335,#1337,.T.);
#1335 = VERTEX_POINT('',#1336);
#1336 = CARTESIAN_POINT('',(21.5,24.5,4.));
#1337 = CIRCLE('',#1338,1.5);
#1338 = AXIS2_PLACEMENT_3D('',#1339,#1340,#1341);
#1339 = CARTESIAN_POINT('',(20.,24.5,4.));
#1340 = DIRECTION('',(0.,0.,1.));
#1341 = DIRECTION('',(1.,0.,0.));
#1342 = FACE_BOUND('',#1343,.T.);
#1343 = EDGE_LOOP('',(#1344,#1354,#1363,#1371,#1380,#1388,#1397,#1405));
#1344 = ORIENTED_EDGE('',*,*,#1345,.F.);
#1345 = EDGE_CURVE('',#1346,#1348,#1350,.T.);
#1346 = VERTEX_POINT('',#1347);
#1347 = CARTESIAN_POINT('',(29.000000000057,31.999999999923,4.));
#1348 = VERTEX_POINT('',#1349);
#1349 = CARTESIAN_POINT('',(29.000000000057,24.000000000096,4.));
#1350 = LINE('',#1351,#1352);
#1351 = CARTESIAN_POINT('',(29.000000000057,31.999999999923,4.));
#1352 = VECTOR('',#1353,1.);
#1353 = DIRECTION('',(0.,-1.,0.));
#1354 = ORIENTED_EDGE('',*,*,#1355,.F.);
#1355 = EDGE_CURVE('',#1356,#1346,#1358,.T.);
#1356 = VERTEX_POINT('',#1357);
#1357 = CARTESIAN_POINT('',(31.000000000152,33.999999999922,4.));
#1358 = CIRCLE('',#1359,2.);
#1359 = AXIS2_PLACEMENT_3D('',#1360,#1361,#1362);
#1360 = CARTESIAN_POINT('',(31.000000000057,31.999999999922,4.));
#1361 = DIRECTION('',(0.,0.,1.));
#1362 = DIRECTION('',(1.,0.,0.));
#1363 = ORIENTED_EDGE('',*,*,#1364,.F.);
#1364 = EDGE_CURVE('',#1365,#1356,#1367,.T.);
#1365 = VERTEX_POINT('',#1366);
#1366 = CARTESIAN_POINT('',(47.000000000145,33.999999999962,4.));
#1367 = LINE('',#1368,#1369);
#1368 = CARTESIAN_POINT('',(47.000000000145,33.999999999922,4.));
#1369 = VECTOR('',#1370,1.);
#1370 = DIRECTION('',(-1.,0.,0.));
#1371 = ORIENTED_EDGE('',*,*,#1372,.F.);
#1372 = EDGE_CURVE('',#1373,#1365,#1375,.T.);
#1373 = VERTEX_POINT('',#1374);
#1374 = CARTESIAN_POINT('',(49.000000000145,32.000000000002,4.));
#1375 = CIRCLE('',#1376,2.);
#1376 = AXIS2_PLACEMENT_3D('',#1377,#1378,#1379);
#1377 = CARTESIAN_POINT('',(47.000000000145,32.000000000002,4.));
#1378 = DIRECTION('',(0.,0.,1.));
#1379 = DIRECTION('',(1.,0.,0.));
#1380 = ORIENTED_EDGE('',*,*,#1381,.F.);
#1381 = EDGE_CURVE('',#1382,#1373,#1384,.T.);
#1382 = VERTEX_POINT('',#1383);
#1383 = CARTESIAN_POINT('',(49.000000000145,24.000000000002,4.));
#1384 = LINE('',#1385,#1386);
#1385 = CARTESIAN_POINT('',(49.000000000145,24.000000000002,4.));
#1386 = VECTOR('',#1387,1.);
#1387 = DIRECTION('',(0.,1.,0.));
#1388 = ORIENTED_EDGE('',*,*,#1389,.F.);
#1389 = EDGE_CURVE('',#1390,#1382,#1392,.T.);
#1390 = VERTEX_POINT('',#1391);
#1391 = CARTESIAN_POINT('',(47.000000000145,22.000000000049,4.));
#1392 = CIRCLE('',#1393,2.);
#1393 = AXIS2_PLACEMENT_3D('',#1394,#1395,#1396);
#1394 = CARTESIAN_POINT('',(47.000000000145,24.000000000002,4.));
#1395 = DIRECTION('',(0.,0.,1.));
#1396 = DIRECTION('',(1.,0.,0.));
#1397 = ORIENTED_EDGE('',*,*,#1398,.F.);
#1398 = EDGE_CURVE('',#1399,#1390,#1401,.T.);
#1399 = VERTEX_POINT('',#1400);
#1400 = CARTESIAN_POINT('',(31.000000000145,22.000000000096,4.));
#1401 = LINE('',#1402,#1403);
#1402 = CARTESIAN_POINT('',(31.000000000145,22.000000000096,4.));
#1403 = VECTOR('',#1404,1.);
#1404 = DIRECTION('',(1.,0.,0.));
#1405 = ORIENTED_EDGE('',*,*,#1406,.F.);
#1406 = EDGE_CURVE('',#1348,#1399,#1407,.T.);
#1407 = CIRCLE('',#1408,2.);
#1408 = AXIS2_PLACEMENT_3D('',#1409,#1410,#1411);
#1409 = CARTESIAN_POINT('',(31.000000000057,24.000000000096,4.));
#1410 = DIRECTION('',(0.,0.,1.));
#1411 = DIRECTION('',(1.,0.,0.));
#1412 = FACE_BOUND('',#1413,.T.);
#1413 = EDGE_LOOP('',(#1414,#1425,#1433,#1442));
#1414 = ORIENTED_EDGE('',*,*,#1415,.F.);
#1415 = EDGE_CURVE('',#1416,#1418,#1420,.T.);
#1416 = VERTEX_POINT('',#1417);
#1417 = CARTESIAN_POINT('',(62.,33.,4.));
#1418 = VERTEX_POINT('',#1419);
#1419 = CARTESIAN_POINT('',(58.,33.,4.));
#1420 = CIRCLE('',#1421,2.);
#1421 = AXIS2_PLACEMENT_3D('',#1422,#1423,#1424);
#1422 = CARTESIAN_POINT('',(60.,33.,4.));
#1423 = DIRECTION('',(0.,0.,1.));
#1424 = DIRECTION('',(1.,0.,0.));
#1425 = ORIENTED_EDGE('',*,*,#1426,.T.);
#1426 = EDGE_CURVE('',#1416,#1427,#1429,.T.);
#1427 = VERTEX_POINT('',#1428);
#1428 = CARTESIAN_POINT('',(62.,25.,4.));
#1429 = LINE('',#1430,#1431);
#1430 = CARTESIAN_POINT('',(62.,33.,4.));
#1431 = VECTOR('',#1432,1.);
#1432 = DIRECTION('',(0.,-1.,0.));
#1433 = ORIENTED_EDGE('',*,*,#1434,.F.);
#1434 = EDGE_CURVE('',#1435,#1427,#1437,.T.);
#1435 = VERTEX_POINT('',#1436);
#1436 = CARTESIAN_POINT('',(58.,25.,4.));
#1437 = CIRCLE('',#1438,2.);
#1438 = AXIS2_PLACEMENT_3D('',#1439,#1440,#1441);
#1439 = CARTESIAN_POINT('',(60.,25.,4.));
#1440 = DIRECTION('',(0.,0.,1.));
#1441 = DIRECTION('',(1.,0.,0.));
#1442 = ORIENTED_EDGE('',*,*,#1443,.F.);
#1443 = EDGE_CURVE('',#1418,#1435,#1444,.T.);
#1444 = LINE('',#1445,#1446);
#1445 = CARTESIAN_POINT('',(58.,33.,4.));
#1446 = VECTOR('',#1447,1.);
#1447 = DIRECTION('',(0.,-1.,0.));
#1448 = FACE_BOUND('',#1449,.T.);
#1449 = EDGE_LOOP('',(#1450,#1460,#1468,#1476,#1484,#1492));
#1450 = ORIENTED_EDGE('',*,*,#1451,.F.);
#1451 = EDGE_CURVE('',#1452,#1454,#1456,.T.);
#1452 = VERTEX_POINT('',#1453);
#1453 = CARTESIAN_POINT('',(33.,40.,4.));
#1454 = VERTEX_POINT('',#1455);
#1455 = CARTESIAN_POINT('',(31.5,42.598076211353,4.));
#1456 = LINE('',#1457,#1458);
#1457 = CARTESIAN_POINT('',(33.,40.,4.));
#1458 = VECTOR('',#1459,1.);
#1459 = DIRECTION('',(-0.5,0.866025403784,0.));
#1460 = ORIENTED_EDGE('',*,*,#1461,.F.);
#1461 = EDGE_CURVE('',#1462,#1452,#1464,.T.);
#1462 = VERTEX_POINT('',#1463);
#1463 = CARTESIAN_POINT('',(31.5,37.401923788647,4.));
#1464 = LINE('',#1465,#1466);
#1465 = CARTESIAN_POINT('',(31.5,37.401923788647,4.));
#1466 = VECTOR('',#1467,1.);
#1467 = DIRECTION('',(0.5,0.866025403784,0.));
#1468 = ORIENTED_EDGE('',*,*,#1469,.F.);
#1469 = EDGE_CURVE('',#1470,#1462,#1472,.T.);
#1470 = VERTEX_POINT('',#1471);
#1471 = CARTESIAN_POINT('',(28.5,37.401923788647,4.));
#1472 = LINE('',#1473,#1474);
#1473 = CARTESIAN_POINT('',(28.5,37.401923788647,4.));
#1474 = VECTOR('',#1475,1.);
#1475 = DIRECTION('',(1.,0.,0.));
#1476 = ORIENTED_EDGE('',*,*,#1477,.F.);
#1477 = EDGE_CURVE('',#1478,#1470,#1480,.T.);
#1478 = VERTEX_POINT('',#1479);
#1479 = CARTESIAN_POINT('',(27.,40.,4.));
#1480 = LINE('',#1481,#1482);
#1481 = CARTESIAN_POINT('',(27.,40.,4.));
#1482 = VECTOR('',#1483,1.);
#1483 = DIRECTION('',(0.5,-0.866025403784,0.));
#1484 = ORIENTED_EDGE('',*,*,#1485,.F.);
#1485 = EDGE_CURVE('',#1486,#1478,#1488,.T.);
#1486 = VERTEX_POINT('',#1487);
#1487 = CARTESIAN_POINT('',(28.5,42.598076211353,4.));
#1488 = LINE('',#1489,#1490);
#1489 = CARTESIAN_POINT('',(28.5,42.598076211353,4.));
#1490 = VECTOR('',#1491,1.);
#1491 = DIRECTION('',(-0.5,-0.866025403784,0.));
#1492 = ORIENTED_EDGE('',*,*,#1493,.F.);
#1493 = EDGE_CURVE('',#1454,#1486,#1494,.T.);
#1494 = LINE('',#1495,#1496);
#1495 = CARTESIAN_POINT('',(31.5,42.598076211353,4.));
#1496 = VECTOR('',#1497,1.);
#1497 = DIRECTION('',(-1.,0.,0.));
#1498 = FACE_BOUND('',#1499,.T.);
#1499 = EDGE_LOOP('',(#1500,#1510,#1518,#1526,#1534,#1542));
#1500 = ORIENTED_EDGE('',*,*,#1501,.F.);
#1501 = EDGE_CURVE('',#1502,#1504,#1506,.T.);
#1502 = VERTEX_POINT('',#1503);
#1503 = CARTESIAN_POINT('',(51.,40.,4.));
#1504 = VERTEX_POINT('',#1505);
#1505 = CARTESIAN_POINT('',(49.5,42.598076211353,4.));
#1506 = LINE('',#1507,#1508);
#1507 = CARTESIAN_POINT('',(51.,40.,4.));
#1508 = VECTOR('',#1509,1.);
#1509 = DIRECTION('',(-0.5,0.866025403784,0.));
#1510 = ORIENTED_EDGE('',*,*,#1511,.F.);
#1511 = EDGE_CURVE('',#1512,#1502,#1514,.T.);
#1512 = VERTEX_POINT('',#1513);
#1513 = CARTESIAN_POINT('',(49.5,37.401923788647,4.));
#1514 = LINE('',#1515,#1516);
#1515 = CARTESIAN_POINT('',(49.5,37.401923788647,4.));
#1516 = VECTOR('',#1517,1.);
#1517 = DIRECTION('',(0.5,0.866025403784,0.));
#1518 = ORIENTED_EDGE('',*,*,#1519,.F.);
#1519 = EDGE_CURVE('',#1520,#1512,#1522,.T.);
#1520 = VERTEX_POINT('',#1521);
#1521 = CARTESIAN_POINT('',(46.5,37.401923788647,4.));
#1522 = LINE('',#1523,#1524);
#1523 = CARTESIAN_POINT('',(46.5,37.401923788647,4.));
#1524 = VECTOR('',#1525,1.);
#1525 = DIRECTION('',(1.,0.,0.));
#1526 = ORIENTED_EDGE('',*,*,#1527,.F.);
#1527 = EDGE_CURVE('',#1528,#1520,#1530,.T.);
#1528 = VERTEX_POINT('',#1529);
#1529 = CARTESIAN_POINT('',(45.,40.,4.));
#1530 = LINE('',#1531,#1532);
#1531 = CARTESIAN_POINT('',(45.,40.,4.));
#1532 = VECTOR('',#1533,1.);
#1533 = DIRECTION('',(0.5,-0.866025403784,0.));
#1534 = ORIENTED_EDGE('',*,*,#1535,.F.);
#1535 = EDGE_CURVE('',#1536,#1528,#1538,.T.);
#1536 = VERTEX_POINT('',#1537);
#1537 = CARTESIAN_POINT('',(46.5,42.598076211353,4.));
#1538 = LINE('',#1539,#1540);
#1539 = CARTESIAN_POINT('',(46.5,42.598076211353,4.));
#1540 = VECTOR('',#1541,1.);
#1541 = DIRECTION('',(-0.5,-0.866025403784,0.));
#1542 = ORIENTED_EDGE('',*,*,#1543,.F.);
#1543 = EDGE_CURVE('',#1504,#1536,#1544,.T.);
#1544 = LINE('',#1545,#1546);
#1545 = CARTESIAN_POINT('',(49.5,42.598076211353,4.));
#1546 = VECTOR('',#1547,1.);
#1547 = DIRECTION('',(-1.,0.,0.));
#1548 = PLANE('',#1549);
#1549 = AXIS2_PLACEMENT_3D('',#1550,#1551,#1552);
#1550 = CARTESIAN_POINT('',(7.40129884375,1.104954812406,4.));
#1551 = DIRECTION('',(0.,0.,1.));
#1552 = DIRECTION('',(1.,0.,0.));
#1553 = ADVANCED_FACE('',(#1554),#1565,.F.);
#1554 = FACE_BOUND('',#1555,.F.);
#1555 = EDGE_LOOP('',(#1556,#1562,#1563,#1564));
#1556 = ORIENTED_EDGE('',*,*,#1557,.T.);
#1557 = EDGE_CURVE('',#155,#714,#1558,.T.);
#1558 = LINE('',#1559,#1560);
#1559 = CARTESIAN_POINT('',(68.,-42.,0.));
#1560 = VECTOR('',#1561,1.);
#1561 = DIRECTION('',(0.,0.,1.));
#1562 = ORIENTED_EDGE('',*,*,#722,.T.);
#1563 = ORIENTED_EDGE('',*,*,#61,.F.);
#1564 = ORIENTED_EDGE('',*,*,#163,.F.);
#1565 = PLANE('',#1566);
#1566 = AXIS2_PLACEMENT_3D('',#1567,#1568,#1569);
#1567 = CARTESIAN_POINT('',(68.,-42.,0.));
#1568 = DIRECTION('',(-1.,0.,0.));
#1569 = DIRECTION('',(0.,1.,0.));
#1570 = ADVANCED_FACE('',(#1571),#1582,.F.);
#1571 = FACE_BOUND('',#1572,.F.);
#1572 = EDGE_LOOP('',(#1573,#1574,#1575,#1581));
#1573 = ORIENTED_EDGE('',*,*,#104,.T.);
#1574 = ORIENTED_EDGE('',*,*,#688,.T.);
#1575 = ORIENTED_EDGE('',*,*,#1576,.F.);
#1576 = EDGE_CURVE('',#130,#689,#1577,.T.);
#1577 = LINE('',#1578,#1579);
#1578 = CARTESIAN_POINT('',(-68.,-42.,0.));
#1579 = VECTOR('',#1580,1.);
#1580 = DIRECTION('',(0.,0.,1.));
#1581 = ORIENTED_EDGE('',*,*,#129,.F.);
#1582 = PLANE('',#1583);
#1583 = AXIS2_PLACEMENT_3D('',#1584,#1585,#1586);
#1584 = CARTESIAN_POINT('',(-68.,42.,0.));
#1585 = DIRECTION('',(1.,0.,0.));
#1586 = DIRECTION('',(0.,-1.,0.));
#1587 = ADVANCED_FACE('',(#1588),#1599,.T.);
#1588 = FACE_BOUND('',#1589,.F.);
#1589 = EDGE_LOOP('',(#1590,#1596,#1597,#1598));
#1590 = ORIENTED_EDGE('',*,*,#1591,.T.);
#1591 = EDGE_CURVE('',#147,#706,#1592,.T.);
#1592 = LINE('',#1593,#1594);
#1593 = CARTESIAN_POINT('',(64.,-46.,0.));
#1594 = VECTOR('',#1595,1.);
#1595 = DIRECTION('',(0.,0.,1.));
#1596 = ORIENTED_EDGE('',*,*,#713,.T.);
#1597 = ORIENTED_EDGE('',*,*,#1557,.F.);
#1598 = ORIENTED_EDGE('',*,*,#154,.F.);
#1599 = CYLINDRICAL_SURFACE('',#1600,4.);
#1600 = AXIS2_PLACEMENT_3D('',#1601,#1602,#1603);
#1601 = CARTESIAN_POINT('',(64.,-42.,0.));
#1602 = DIRECTION('',(-0.,-0.,-1.));
#1603 = DIRECTION('',(1.,0.,0.));
#1604 = ADVANCED_FACE('',(#1605),#1616,.T.);
#1605 = FACE_BOUND('',#1606,.F.);
#1606 = EDGE_LOOP('',(#1607,#1608,#1609,#1615));
#1607 = ORIENTED_EDGE('',*,*,#1576,.T.);
#1608 = ORIENTED_EDGE('',*,*,#696,.T.);
#1609 = ORIENTED_EDGE('',*,*,#1610,.F.);
#1610 = EDGE_CURVE('',#138,#697,#1611,.T.);
#1611 = LINE('',#1612,#1613);
#1612 = CARTESIAN_POINT('',(-64.,-46.,0.));
#1613 = VECTOR('',#1614,1.);
#1614 = DIRECTION('',(0.,0.,1.));
#1615 = ORIENTED_EDGE('',*,*,#137,.F.);
#1616 = CYLINDRICAL_SURFACE('',#1617,4.);
#1617 = AXIS2_PLACEMENT_3D('',#1618,#1619,#1620);
#1618 = CARTESIAN_POINT('',(-64.,-42.,0.));
#1619 = DIRECTION('',(-0.,-0.,-1.));
#1620 = DIRECTION('',(1.,0.,0.));
#1621 = ADVANCED_FACE('',(#1622),#1628,.F.);
#1622 = FACE_BOUND('',#1623,.F.);
#1623 = EDGE_LOOP('',(#1624,#1625,#1626,#1627));
#1624 = ORIENTED_EDGE('',*,*,#1610,.T.);
#1625 = ORIENTED_EDGE('',*,*,#705,.T.);
#1626 = ORIENTED_EDGE('',*,*,#1591,.F.);
#1627 = ORIENTED_EDGE('',*,*,#146,.F.);
#1628 = PLANE('',#1629);
#1629 = AXIS2_PLACEMENT_3D('',#1630,#1631,#1632);
#1630 = CARTESIAN_POINT('',(-64.,-46.,0.));
#1631 = DIRECTION('',(0.,1.,0.));
#1632 = DIRECTION('',(1.,0.,0.));
#1633 = ADVANCED_FACE('',(#1634),#1659,.F.);
#1634 = FACE_BOUND('',#1635,.F.);
#1635 = EDGE_LOOP('',(#1636,#1644,#1652,#1658));
#1636 = ORIENTED_EDGE('',*,*,#1637,.T.);
#1637 = EDGE_CURVE('',#173,#1638,#1640,.T.);
#1638 = VERTEX_POINT('',#1639);
#1639 = CARTESIAN_POINT('',(-36.5,-21.90192378864,2.));
#1640 = LINE('',#1641,#1642);
#1641 = CARTESIAN_POINT('',(-36.5,-21.90192378864,0.));
#1642 = VECTOR('',#1643,1.);
#1643 = DIRECTION('',(0.,0.,1.));
#1644 = ORIENTED_EDGE('',*,*,#1645,.T.);
#1645 = EDGE_CURVE('',#1638,#1646,#1648,.T.);
#1646 = VERTEX_POINT('',#1647);
#1647 = CARTESIAN_POINT('',(-35.,-24.5,2.));
#1648 = LINE('',#1649,#1650);
#1649 = CARTESIAN_POINT('',(-36.5,-21.90192378864,2.));
#1650 = VECTOR('',#1651,1.);
#1651 = DIRECTION('',(0.5,-0.866025403784,0.));
#1652 = ORIENTED_EDGE('',*,*,#1653,.F.);
#1653 = EDGE_CURVE('',#175,#1646,#1654,.T.);
#1654 = LINE('',#1655,#1656);
#1655 = CARTESIAN_POINT('',(-35.,-24.5,0.));
#1656 = VECTOR('',#1657,1.);
#1657 = DIRECTION('',(0.,0.,1.));
#1658 = ORIENTED_EDGE('',*,*,#172,.F.);
#1659 = PLANE('',#1660);
#1660 = AXIS2_PLACEMENT_3D('',#1661,#1662,#1663);
#1661 = CARTESIAN_POINT('',(-36.5,-21.90192378864,0.));
#1662 = DIRECTION('',(0.866025403784,0.5,0.));
#1663 = DIRECTION('',(0.5,-0.866025403784,0.));
#1664 = ADVANCED_FACE('',(#1665),#1683,.F.);
#1665 = FACE_BOUND('',#1666,.F.);
#1666 = EDGE_LOOP('',(#1667,#1675,#1681,#1682));
#1667 = ORIENTED_EDGE('',*,*,#1668,.T.);
#1668 = EDGE_CURVE('',#207,#1669,#1671,.T.);
#1669 = VERTEX_POINT('',#1670);
#1670 = CARTESIAN_POINT('',(-39.5,-21.90192378864,2.));
#1671 = LINE('',#1672,#1673);
#1672 = CARTESIAN_POINT('',(-39.5,-21.90192378864,0.));
#1673 = VECTOR('',#1674,1.);
#1674 = DIRECTION('',(0.,0.,1.));
#1675 = ORIENTED_EDGE('',*,*,#1676,.T.);
#1676 = EDGE_CURVE('',#1669,#1638,#1677,.T.);
#1677 = LINE('',#1678,#1679);
#1678 = CARTESIAN_POINT('',(-39.5,-21.90192378864,2.));
#1679 = VECTOR('',#1680,1.);
#1680 = DIRECTION('',(1.,0.,0.));
#1681 = ORIENTED_EDGE('',*,*,#1637,.F.);
#1682 = ORIENTED_EDGE('',*,*,#214,.F.);
#1683 = PLANE('',#1684);
#1684 = AXIS2_PLACEMENT_3D('',#1685,#1686,#1687);
#1685 = CARTESIAN_POINT('',(-39.5,-21.90192378864,0.));
#1686 = DIRECTION('',(0.,1.,0.));
#1687 = DIRECTION('',(1.,0.,0.));
#1688 = ADVANCED_FACE('',(#1689),#1707,.F.);
#1689 = FACE_BOUND('',#1690,.F.);
#1690 = EDGE_LOOP('',(#1691,#1699,#1705,#1706));
#1691 = ORIENTED_EDGE('',*,*,#1692,.T.);
#1692 = EDGE_CURVE('',#199,#1693,#1695,.T.);
#1693 = VERTEX_POINT('',#1694);
#1694 = CARTESIAN_POINT('',(-41.,-24.5,2.));
#1695 = LINE('',#1696,#1697);
#1696 = CARTESIAN_POINT('',(-41.,-24.5,0.));
#1697 = VECTOR('',#1698,1.);
#1698 = DIRECTION('',(0.,0.,1.));
#1699 = ORIENTED_EDGE('',*,*,#1700,.T.);
#1700 = EDGE_CURVE('',#1693,#1669,#1701,.T.);
#1701 = LINE('',#1702,#1703);
#1702 = CARTESIAN_POINT('',(-41.,-24.5,2.));
#1703 = VECTOR('',#1704,1.);
#1704 = DIRECTION('',(0.5,0.866025403784,0.));
#1705 = ORIENTED_EDGE('',*,*,#1668,.F.);
#1706 = ORIENTED_EDGE('',*,*,#206,.F.);
#1707 = PLANE('',#1708);
#1708 = AXIS2_PLACEMENT_3D('',#1709,#1710,#1711);
#1709 = CARTESIAN_POINT('',(-41.,-24.5,0.));
#1710 = DIRECTION('',(-0.866025403784,0.5,0.));
#1711 = DIRECTION('',(0.5,0.866025403784,0.));
#1712 = ADVANCED_FACE('',(#1713),#1731,.F.);
#1713 = FACE_BOUND('',#1714,.F.);
#1714 = EDGE_LOOP('',(#1715,#1723,#1729,#1730));
#1715 = ORIENTED_EDGE('',*,*,#1716,.T.);
#1716 = EDGE_CURVE('',#191,#1717,#1719,.T.);
#1717 = VERTEX_POINT('',#1718);
#1718 = CARTESIAN_POINT('',(-39.5,-27.09807621135,2.));
#1719 = LINE('',#1720,#1721);
#1720 = CARTESIAN_POINT('',(-39.5,-27.09807621135,0.));
#1721 = VECTOR('',#1722,1.);
#1722 = DIRECTION('',(0.,0.,1.));
#1723 = ORIENTED_EDGE('',*,*,#1724,.T.);
#1724 = EDGE_CURVE('',#1717,#1693,#1725,.T.);
#1725 = LINE('',#1726,#1727);
#1726 = CARTESIAN_POINT('',(-39.5,-27.09807621135,2.));
#1727 = VECTOR('',#1728,1.);
#1728 = DIRECTION('',(-0.5,0.866025403784,-0.));
#1729 = ORIENTED_EDGE('',*,*,#1692,.F.);
#1730 = ORIENTED_EDGE('',*,*,#198,.F.);
#1731 = PLANE('',#1732);
#1732 = AXIS2_PLACEMENT_3D('',#1733,#1734,#1735);
#1733 = CARTESIAN_POINT('',(-39.5,-27.09807621135,0.));
#1734 = DIRECTION('',(-0.866025403784,-0.5,0.));
#1735 = DIRECTION('',(-0.5,0.866025403784,0.));
#1736 = ADVANCED_FACE('',(#1737),#1755,.F.);
#1737 = FACE_BOUND('',#1738,.F.);
#1738 = EDGE_LOOP('',(#1739,#1747,#1753,#1754));
#1739 = ORIENTED_EDGE('',*,*,#1740,.T.);
#1740 = EDGE_CURVE('',#183,#1741,#1743,.T.);
#1741 = VERTEX_POINT('',#1742);
#1742 = CARTESIAN_POINT('',(-36.5,-27.09807621135,2.));
#1743 = LINE('',#1744,#1745);
#1744 = CARTESIAN_POINT('',(-36.5,-27.09807621135,0.));
#1745 = VECTOR('',#1746,1.);
#1746 = DIRECTION('',(0.,0.,1.));
#1747 = ORIENTED_EDGE('',*,*,#1748,.T.);
#1748 = EDGE_CURVE('',#1741,#1717,#1749,.T.);
#1749 = LINE('',#1750,#1751);
#1750 = CARTESIAN_POINT('',(-36.5,-27.09807621135,2.));
#1751 = VECTOR('',#1752,1.);
#1752 = DIRECTION('',(-1.,0.,0.));
#1753 = ORIENTED_EDGE('',*,*,#1716,.F.);
#1754 = ORIENTED_EDGE('',*,*,#190,.F.);
#1755 = PLANE('',#1756);
#1756 = AXIS2_PLACEMENT_3D('',#1757,#1758,#1759);
#1757 = CARTESIAN_POINT('',(-36.5,-27.09807621135,0.));
#1758 = DIRECTION('',(0.,-1.,0.));
#1759 = DIRECTION('',(-1.,0.,0.));
#1760 = ADVANCED_FACE('',(#1761),#1772,.F.);
#1761 = FACE_BOUND('',#1762,.F.);
#1762 = EDGE_LOOP('',(#1763,#1764,#1770,#1771));
#1763 = ORIENTED_EDGE('',*,*,#1653,.T.);
#1764 = ORIENTED_EDGE('',*,*,#1765,.T.);
#1765 = EDGE_CURVE('',#1646,#1741,#1766,.T.);
#1766 = LINE('',#1767,#1768);
#1767 = CARTESIAN_POINT('',(-35.,-24.5,2.));
#1768 = VECTOR('',#1769,1.);
#1769 = DIRECTION('',(-0.5,-0.866025403784,0.));
#1770 = ORIENTED_EDGE('',*,*,#1740,.F.);
#1771 = ORIENTED_EDGE('',*,*,#182,.F.);
#1772 = PLANE('',#1773);
#1773 = AXIS2_PLACEMENT_3D('',#1774,#1775,#1776);
#1774 = CARTESIAN_POINT('',(-35.,-24.5,0.));
#1775 = DIRECTION('',(0.866025403784,-0.5,0.));
#1776 = DIRECTION('',(-0.5,-0.866025403784,0.));
#1777 = ADVANCED_FACE('',(#1778),#1797,.F.);
#1778 = FACE_BOUND('',#1779,.T.);
#1779 = EDGE_LOOP('',(#1780,#1781,#1789,#1796));
#1780 = ORIENTED_EDGE('',*,*,#222,.F.);
#1781 = ORIENTED_EDGE('',*,*,#1782,.T.);
#1782 = EDGE_CURVE('',#223,#1783,#1785,.T.);
#1783 = VERTEX_POINT('',#1784);
#1784 = CARTESIAN_POINT('',(-61.2,-15.,2.));
#1785 = LINE('',#1786,#1787);
#1786 = CARTESIAN_POINT('',(-61.2,-15.,0.));
#1787 = VECTOR('',#1788,1.);
#1788 = DIRECTION('',(0.,0.,1.));
#1789 = ORIENTED_EDGE('',*,*,#1790,.T.);
#1790 = EDGE_CURVE('',#1783,#1783,#1791,.T.);
#1791 = CIRCLE('',#1792,1.8);
#1792 = AXIS2_PLACEMENT_3D('',#1793,#1794,#1795);
#1793 = CARTESIAN_POINT('',(-63.,-15.,2.));
#1794 = DIRECTION('',(0.,0.,1.));
#1795 = DIRECTION('',(1.,0.,0.));
#1796 = ORIENTED_EDGE('',*,*,#1782,.F.);
#1797 = CYLINDRICAL_SURFACE('',#1798,1.8);
#1798 = AXIS2_PLACEMENT_3D('',#1799,#1800,#1801);
#1799 = CARTESIAN_POINT('',(-63.,-15.,0.));
#1800 = DIRECTION('',(-0.,-0.,-1.));
#1801 = DIRECTION('',(1.,0.,0.));
#1802 = ADVANCED_FACE('',(#1803),#1822,.F.);
#1803 = FACE_BOUND('',#1804,.T.);
#1804 = EDGE_LOOP('',(#1805,#1806,#1814,#1821));
#1805 = ORIENTED_EDGE('',*,*,#233,.F.);
#1806 = ORIENTED_EDGE('',*,*,#1807,.T.);
#1807 = EDGE_CURVE('',#234,#1808,#1810,.T.);
#1808 = VERTEX_POINT('',#1809);
#1809 = CARTESIAN_POINT('',(-41.2,-15.,2.));
#1810 = LINE('',#1811,#1812);
#1811 = CARTESIAN_POINT('',(-41.2,-15.,0.));
#1812 = VECTOR('',#1813,1.);
#1813 = DIRECTION('',(0.,0.,1.));
#1814 = ORIENTED_EDGE('',*,*,#1815,.T.);
#1815 = EDGE_CURVE('',#1808,#1808,#1816,.T.);
#1816 = CIRCLE('',#1817,1.8);
#1817 = AXIS2_PLACEMENT_3D('',#1818,#1819,#1820);
#1818 = CARTESIAN_POINT('',(-43.,-15.,2.));
#1819 = DIRECTION('',(0.,0.,1.));
#1820 = DIRECTION('',(1.,0.,0.));
#1821 = ORIENTED_EDGE('',*,*,#1807,.F.);
#1822 = CYLINDRICAL_SURFACE('',#1823,1.8);
#1823 = AXIS2_PLACEMENT_3D('',#1824,#1825,#1826);
#1824 = CARTESIAN_POINT('',(-43.,-15.,0.));
#1825 = DIRECTION('',(-0.,-0.,-1.));
#1826 = DIRECTION('',(1.,0.,0.));
#1827 = ADVANCED_FACE('',(#1828),#1847,.F.);
#1828 = FACE_BOUND('',#1829,.T.);
#1829 = EDGE_LOOP('',(#1830,#1831,#1839,#1846));
#1830 = ORIENTED_EDGE('',*,*,#244,.F.);
#1831 = ORIENTED_EDGE('',*,*,#1832,.T.);
#1832 = EDGE_CURVE('',#245,#1833,#1835,.T.);
#1833 = VERTEX_POINT('',#1834);
#1834 = CARTESIAN_POINT('',(-15.7,-12.,2.));
#1835 = LINE('',#1836,#1837);
#1836 = CARTESIAN_POINT('',(-15.7,-12.,0.));
#1837 = VECTOR('',#1838,1.);
#1838 = DIRECTION('',(0.,0.,1.));
#1839 = ORIENTED_EDGE('',*,*,#1840,.T.);
#1840 = EDGE_CURVE('',#1833,#1833,#1841,.T.);
#1841 = CIRCLE('',#1842,1.8);
#1842 = AXIS2_PLACEMENT_3D('',#1843,#1844,#1845);
#1843 = CARTESIAN_POINT('',(-17.5,-12.,2.));
#1844 = DIRECTION('',(0.,0.,1.));
#1845 = DIRECTION('',(1.,0.,0.));
#1846 = ORIENTED_EDGE('',*,*,#1832,.F.);
#1847 = CYLINDRICAL_SURFACE('',#1848,1.8);
#1848 = AXIS2_PLACEMENT_3D('',#1849,#1850,#1851);
#1849 = CARTESIAN_POINT('',(-17.5,-12.,0.));
#1850 = DIRECTION('',(-0.,-0.,-1.));
#1851 = DIRECTION('',(1.,0.,0.));
#1852 = ADVANCED_FACE('',(#1853),#1872,.F.);
#1853 = FACE_BOUND('',#1854,.T.);
#1854 = EDGE_LOOP('',(#1855,#1856,#1864,#1871));
#1855 = ORIENTED_EDGE('',*,*,#255,.F.);
#1856 = ORIENTED_EDGE('',*,*,#1857,.T.);
#1857 = EDGE_CURVE('',#256,#1858,#1860,.T.);
#1858 = VERTEX_POINT('',#1859);
#1859 = CARTESIAN_POINT('',(31.5,-40.,2.));
#1860 = LINE('',#1861,#1862);
#1861 = CARTESIAN_POINT('',(31.5,-40.,0.));
#1862 = VECTOR('',#1863,1.);
#1863 = DIRECTION('',(0.,0.,1.));
#1864 = ORIENTED_EDGE('',*,*,#1865,.T.);
#1865 = EDGE_CURVE('',#1858,#1858,#1866,.T.);
#1866 = CIRCLE('',#1867,1.5);
#1867 = AXIS2_PLACEMENT_3D('',#1868,#1869,#1870);
#1868 = CARTESIAN_POINT('',(30.,-40.,2.));
#1869 = DIRECTION('',(0.,0.,1.));
#1870 = DIRECTION('',(1.,0.,0.));
#1871 = ORIENTED_EDGE('',*,*,#1857,.F.);
#1872 = CYLINDRICAL_SURFACE('',#1873,1.5);
#1873 = AXIS2_PLACEMENT_3D('',#1874,#1875,#1876);
#1874 = CARTESIAN_POINT('',(30.,-40.,0.));
#1875 = DIRECTION('',(-0.,-0.,-1.));
#1876 = DIRECTION('',(1.,0.,0.));
#1877 = ADVANCED_FACE('',(#1878),#1903,.F.);
#1878 = FACE_BOUND('',#1879,.F.);
#1879 = EDGE_LOOP('',(#1880,#1888,#1896,#1902));
#1880 = ORIENTED_EDGE('',*,*,#1881,.T.);
#1881 = EDGE_CURVE('',#267,#1882,#1884,.T.);
#1882 = VERTEX_POINT('',#1883);
#1883 = CARTESIAN_POINT('',(21.5,-21.90192378864,2.));
#1884 = LINE('',#1885,#1886);
#1885 = CARTESIAN_POINT('',(21.5,-21.90192378864,0.));
#1886 = VECTOR('',#1887,1.);
#1887 = DIRECTION('',(0.,0.,1.));
#1888 = ORIENTED_EDGE('',*,*,#1889,.T.);
#1889 = EDGE_CURVE('',#1882,#1890,#1892,.T.);
#1890 = VERTEX_POINT('',#1891);
#1891 = CARTESIAN_POINT('',(23.,-24.5,2.));
#1892 = LINE('',#1893,#1894);
#1893 = CARTESIAN_POINT('',(21.5,-21.90192378864,2.));
#1894 = VECTOR('',#1895,1.);
#1895 = DIRECTION('',(0.5,-0.866025403784,0.));
#1896 = ORIENTED_EDGE('',*,*,#1897,.F.);
#1897 = EDGE_CURVE('',#269,#1890,#1898,.T.);
#1898 = LINE('',#1899,#1900);
#1899 = CARTESIAN_POINT('',(23.,-24.5,0.));
#1900 = VECTOR('',#1901,1.);
#1901 = DIRECTION('',(0.,0.,1.));
#1902 = ORIENTED_EDGE('',*,*,#266,.F.);
#1903 = PLANE('',#1904);
#1904 = AXIS2_PLACEMENT_3D('',#1905,#1906,#1907);
#1905 = CARTESIAN_POINT('',(21.5,-21.90192378864,0.));
#1906 = DIRECTION('',(0.866025403784,0.5,0.));
#1907 = DIRECTION('',(0.5,-0.866025403784,0.));
#1908 = ADVANCED_FACE('',(#1909),#1927,.F.);
#1909 = FACE_BOUND('',#1910,.F.);
#1910 = EDGE_LOOP('',(#1911,#1919,#1925,#1926));
#1911 = ORIENTED_EDGE('',*,*,#1912,.T.);
#1912 = EDGE_CURVE('',#301,#1913,#1915,.T.);
#1913 = VERTEX_POINT('',#1914);
#1914 = CARTESIAN_POINT('',(18.5,-21.90192378864,2.));
#1915 = LINE('',#1916,#1917);
#1916 = CARTESIAN_POINT('',(18.5,-21.90192378864,0.));
#1917 = VECTOR('',#1918,1.);
#1918 = DIRECTION('',(0.,0.,1.));
#1919 = ORIENTED_EDGE('',*,*,#1920,.T.);
#1920 = EDGE_CURVE('',#1913,#1882,#1921,.T.);
#1921 = LINE('',#1922,#1923);
#1922 = CARTESIAN_POINT('',(18.5,-21.90192378864,2.));
#1923 = VECTOR('',#1924,1.);
#1924 = DIRECTION('',(1.,0.,0.));
#1925 = ORIENTED_EDGE('',*,*,#1881,.F.);
#1926 = ORIENTED_EDGE('',*,*,#308,.F.);
#1927 = PLANE('',#1928);
#1928 = AXIS2_PLACEMENT_3D('',#1929,#1930,#1931);
#1929 = CARTESIAN_POINT('',(18.5,-21.90192378864,0.));
#1930 = DIRECTION('',(0.,1.,0.));
#1931 = DIRECTION('',(1.,0.,0.));
#1932 = ADVANCED_FACE('',(#1933),#1951,.F.);
#1933 = FACE_BOUND('',#1934,.F.);
#1934 = EDGE_LOOP('',(#1935,#1943,#1949,#1950));
#1935 = ORIENTED_EDGE('',*,*,#1936,.T.);
#1936 = EDGE_CURVE('',#293,#1937,#1939,.T.);
#1937 = VERTEX_POINT('',#1938);
#1938 = CARTESIAN_POINT('',(17.,-24.5,2.));
#1939 = LINE('',#1940,#1941);
#1940 = CARTESIAN_POINT('',(17.,-24.5,0.));
#1941 = VECTOR('',#1942,1.);
#1942 = DIRECTION('',(0.,0.,1.));
#1943 = ORIENTED_EDGE('',*,*,#1944,.T.);
#1944 = EDGE_CURVE('',#1937,#1913,#1945,.T.);
#1945 = LINE('',#1946,#1947);
#1946 = CARTESIAN_POINT('',(17.,-24.5,2.));
#1947 = VECTOR('',#1948,1.);
#1948 = DIRECTION('',(0.5,0.866025403784,0.));
#1949 = ORIENTED_EDGE('',*,*,#1912,.F.);
#1950 = ORIENTED_EDGE('',*,*,#300,.F.);
#1951 = PLANE('',#1952);
#1952 = AXIS2_PLACEMENT_3D('',#1953,#1954,#1955);
#1953 = CARTESIAN_POINT('',(17.,-24.5,0.));
#1954 = DIRECTION('',(-0.866025403784,0.5,0.));
#1955 = DIRECTION('',(0.5,0.866025403784,0.));
#1956 = ADVANCED_FACE('',(#1957),#1975,.F.);
#1957 = FACE_BOUND('',#1958,.F.);
#1958 = EDGE_LOOP('',(#1959,#1967,#1973,#1974));
#1959 = ORIENTED_EDGE('',*,*,#1960,.T.);
#1960 = EDGE_CURVE('',#285,#1961,#1963,.T.);
#1961 = VERTEX_POINT('',#1962);
#1962 = CARTESIAN_POINT('',(18.5,-27.09807621135,2.));
#1963 = LINE('',#1964,#1965);
#1964 = CARTESIAN_POINT('',(18.5,-27.09807621135,0.));
#1965 = VECTOR('',#1966,1.);
#1966 = DIRECTION('',(0.,0.,1.));
#1967 = ORIENTED_EDGE('',*,*,#1968,.T.);
#1968 = EDGE_CURVE('',#1961,#1937,#1969,.T.);
#1969 = LINE('',#1970,#1971);
#1970 = CARTESIAN_POINT('',(18.5,-27.09807621135,2.));
#1971 = VECTOR('',#1972,1.);
#1972 = DIRECTION('',(-0.5,0.866025403784,-0.));
#1973 = ORIENTED_EDGE('',*,*,#1936,.F.);
#1974 = ORIENTED_EDGE('',*,*,#292,.F.);
#1975 = PLANE('',#1976);
#1976 = AXIS2_PLACEMENT_3D('',#1977,#1978,#1979);
#1977 = CARTESIAN_POINT('',(18.5,-27.09807621135,0.));
#1978 = DIRECTION('',(-0.866025403784,-0.5,0.));
#1979 = DIRECTION('',(-0.5,0.866025403784,0.));
#1980 = ADVANCED_FACE('',(#1981),#1999,.F.);
#1981 = FACE_BOUND('',#1982,.F.);
#1982 = EDGE_LOOP('',(#1983,#1991,#1997,#1998));
#1983 = ORIENTED_EDGE('',*,*,#1984,.T.);
#1984 = EDGE_CURVE('',#277,#1985,#1987,.T.);
#1985 = VERTEX_POINT('',#1986);
#1986 = CARTESIAN_POINT('',(21.5,-27.09807621135,2.));
#1987 = LINE('',#1988,#1989);
#1988 = CARTESIAN_POINT('',(21.5,-27.09807621135,0.));
#1989 = VECTOR('',#1990,1.);
#1990 = DIRECTION('',(0.,0.,1.));
#1991 = ORIENTED_EDGE('',*,*,#1992,.T.);
#1992 = EDGE_CURVE('',#1985,#1961,#1993,.T.);
#1993 = LINE('',#1994,#1995);
#1994 = CARTESIAN_POINT('',(21.5,-27.09807621135,2.));
#1995 = VECTOR('',#1996,1.);
#1996 = DIRECTION('',(-1.,0.,0.));
#1997 = ORIENTED_EDGE('',*,*,#1960,.F.);
#1998 = ORIENTED_EDGE('',*,*,#284,.F.);
#1999 = PLANE('',#2000);
#2000 = AXIS2_PLACEMENT_3D('',#2001,#2002,#2003);
#2001 = CARTESIAN_POINT('',(21.5,-27.09807621135,0.));
#2002 = DIRECTION('',(0.,-1.,0.));
#2003 = DIRECTION('',(-1.,0.,0.));
#2004 = ADVANCED_FACE('',(#2005),#2016,.F.);
#2005 = FACE_BOUND('',#2006,.F.);
#2006 = EDGE_LOOP('',(#2007,#2008,#2014,#2015));
#2007 = ORIENTED_EDGE('',*,*,#1897,.T.);
#2008 = ORIENTED_EDGE('',*,*,#2009,.T.);
#2009 = EDGE_CURVE('',#1890,#1985,#2010,.T.);
#2010 = LINE('',#2011,#2012);
#2011 = CARTESIAN_POINT('',(23.,-24.5,2.));
#2012 = VECTOR('',#2013,1.);
#2013 = DIRECTION('',(-0.5,-0.866025403784,0.));
#2014 = ORIENTED_EDGE('',*,*,#1984,.F.);
#2015 = ORIENTED_EDGE('',*,*,#276,.F.);
#2016 = PLANE('',#2017);
#2017 = AXIS2_PLACEMENT_3D('',#2018,#2019,#2020);
#2018 = CARTESIAN_POINT('',(23.,-24.5,0.));
#2019 = DIRECTION('',(0.866025403784,-0.5,0.));
#2020 = DIRECTION('',(-0.5,-0.866025403784,0.));
#2021 = ADVANCED_FACE('',(#2022),#2041,.F.);
#2022 = FACE_BOUND('',#2023,.T.);
#2023 = EDGE_LOOP('',(#2024,#2025,#2033,#2040));
#2024 = ORIENTED_EDGE('',*,*,#316,.F.);
#2025 = ORIENTED_EDGE('',*,*,#2026,.T.);
#2026 = EDGE_CURVE('',#317,#2027,#2029,.T.);
#2027 = VERTEX_POINT('',#2028);
#2028 = CARTESIAN_POINT('',(49.5,-40.,2.));
#2029 = LINE('',#2030,#2031);
#2030 = CARTESIAN_POINT('',(49.5,-40.,0.));
#2031 = VECTOR('',#2032,1.);
#2032 = DIRECTION('',(0.,0.,1.));
#2033 = ORIENTED_EDGE('',*,*,#2034,.T.);
#2034 = EDGE_CURVE('',#2027,#2027,#2035,.T.);
#2035 = CIRCLE('',#2036,1.5);
#2036 = AXIS2_PLACEMENT_3D('',#2037,#2038,#2039);
#2037 = CARTESIAN_POINT('',(48.,-40.,2.));
#2038 = DIRECTION('',(0.,0.,1.));
#2039 = DIRECTION('',(1.,0.,0.));
#2040 = ORIENTED_EDGE('',*,*,#2026,.F.);
#2041 = CYLINDRICAL_SURFACE('',#2042,1.5);
#2042 = AXIS2_PLACEMENT_3D('',#2043,#2044,#2045);
#2043 = CARTESIAN_POINT('',(48.,-40.,0.));
#2044 = DIRECTION('',(-0.,-0.,-1.));
#2045 = DIRECTION('',(1.,0.,0.));
#2046 = ADVANCED_FACE('',(#2047),#2063,.T.);
#2047 = FACE_BOUND('',#2048,.T.);
#2048 = EDGE_LOOP('',(#2049,#2055,#2056,#2062));
#2049 = ORIENTED_EDGE('',*,*,#2050,.T.);
#2050 = EDGE_CURVE('',#328,#1004,#2051,.T.);
#2051 = LINE('',#2052,#2053);
#2052 = CARTESIAN_POINT('',(29.000000000152,-24.,0.));
#2053 = VECTOR('',#2054,1.);
#2054 = DIRECTION('',(0.,0.,1.));
#2055 = ORIENTED_EDGE('',*,*,#1003,.T.);
#2056 = ORIENTED_EDGE('',*,*,#2057,.F.);
#2057 = EDGE_CURVE('',#330,#1006,#2058,.T.);
#2058 = LINE('',#2059,#2060);
#2059 = CARTESIAN_POINT('',(29.000000000152,-32.,0.));
#2060 = VECTOR('',#2061,1.);
#2061 = DIRECTION('',(0.,0.,1.));
#2062 = ORIENTED_EDGE('',*,*,#327,.F.);
#2063 = PLANE('',#2064);
#2064 = AXIS2_PLACEMENT_3D('',#2065,#2066,#2067);
#2065 = CARTESIAN_POINT('',(29.000000000152,-24.,0.));
#2066 = DIRECTION('',(1.,0.,0.));
#2067 = DIRECTION('',(0.,-1.,0.));
#2068 = ADVANCED_FACE('',(#2069),#2080,.F.);
#2069 = FACE_BOUND('',#2070,.T.);
#2070 = EDGE_LOOP('',(#2071,#2077,#2078,#2079));
#2071 = ORIENTED_EDGE('',*,*,#2072,.T.);
#2072 = EDGE_CURVE('',#338,#1014,#2073,.T.);
#2073 = LINE('',#2074,#2075);
#2074 = CARTESIAN_POINT('',(31.000000000152,-22.,0.));
#2075 = VECTOR('',#2076,1.);
#2076 = DIRECTION('',(0.,0.,1.));
#2077 = ORIENTED_EDGE('',*,*,#1013,.T.);
#2078 = ORIENTED_EDGE('',*,*,#2050,.F.);
#2079 = ORIENTED_EDGE('',*,*,#337,.F.);
#2080 = CYLINDRICAL_SURFACE('',#2081,2.);
#2081 = AXIS2_PLACEMENT_3D('',#2082,#2083,#2084);
#2082 = CARTESIAN_POINT('',(31.000000000152,-24.,0.));
#2083 = DIRECTION('',(-0.,-0.,-1.));
#2084 = DIRECTION('',(1.,0.,0.));
#2085 = ADVANCED_FACE('',(#2086),#2097,.F.);
#2086 = FACE_BOUND('',#2087,.T.);
#2087 = EDGE_LOOP('',(#2088,#2089,#2090,#2096));
#2088 = ORIENTED_EDGE('',*,*,#2057,.T.);
#2089 = ORIENTED_EDGE('',*,*,#1064,.T.);
#2090 = ORIENTED_EDGE('',*,*,#2091,.F.);
#2091 = EDGE_CURVE('',#381,#1057,#2092,.T.);
#2092 = LINE('',#2093,#2094);
#2093 = CARTESIAN_POINT('',(31.000000000152,-34.,0.));
#2094 = VECTOR('',#2095,1.);
#2095 = DIRECTION('',(0.,0.,1.));
#2096 = ORIENTED_EDGE('',*,*,#388,.F.);
#2097 = CYLINDRICAL_SURFACE('',#2098,2.);
#2098 = AXIS2_PLACEMENT_3D('',#2099,#2100,#2101);
#2099 = CARTESIAN_POINT('',(31.000000000152,-32.,0.));
#2100 = DIRECTION('',(-0.,-0.,-1.));
#2101 = DIRECTION('',(1.,0.,0.));
#2102 = ADVANCED_FACE('',(#2103),#2114,.T.);
#2103 = FACE_BOUND('',#2104,.T.);
#2104 = EDGE_LOOP('',(#2105,#2111,#2112,#2113));
#2105 = ORIENTED_EDGE('',*,*,#2106,.T.);
#2106 = EDGE_CURVE('',#347,#1023,#2107,.T.);
#2107 = LINE('',#2108,#2109);
#2108 = CARTESIAN_POINT('',(47.000000000145,-22.,0.));
#2109 = VECTOR('',#2110,1.);
#2110 = DIRECTION('',(0.,0.,1.));
#2111 = ORIENTED_EDGE('',*,*,#1022,.T.);
#2112 = ORIENTED_EDGE('',*,*,#2072,.F.);
#2113 = ORIENTED_EDGE('',*,*,#346,.F.);
#2114 = PLANE('',#2115);
#2115 = AXIS2_PLACEMENT_3D('',#2116,#2117,#2118);
#2116 = CARTESIAN_POINT('',(47.000000000145,-22.,0.));
#2117 = DIRECTION('',(0.,-1.,0.));
#2118 = DIRECTION('',(-1.,0.,0.));
#2119 = ADVANCED_FACE('',(#2120),#2131,.T.);
#2120 = FACE_BOUND('',#2121,.T.);
#2121 = EDGE_LOOP('',(#2122,#2123,#2124,#2130));
#2122 = ORIENTED_EDGE('',*,*,#2091,.T.);
#2123 = ORIENTED_EDGE('',*,*,#1056,.T.);
#2124 = ORIENTED_EDGE('',*,*,#2125,.F.);
#2125 = EDGE_CURVE('',#372,#1048,#2126,.T.);
#2126 = LINE('',#2127,#2128);
#2127 = CARTESIAN_POINT('',(47.000000000145,-34.,0.));
#2128 = VECTOR('',#2129,1.);
#2129 = DIRECTION('',(0.,0.,1.));
#2130 = ORIENTED_EDGE('',*,*,#380,.F.);
#2131 = PLANE('',#2132);
#2132 = AXIS2_PLACEMENT_3D('',#2133,#2134,#2135);
#2133 = CARTESIAN_POINT('',(31.000000000152,-34.,0.));
#2134 = DIRECTION('',(0.,1.,0.));
#2135 = DIRECTION('',(1.,0.,0.));
#2136 = ADVANCED_FACE('',(#2137),#2148,.F.);
#2137 = FACE_BOUND('',#2138,.T.);
#2138 = EDGE_LOOP('',(#2139,#2145,#2146,#2147));
#2139 = ORIENTED_EDGE('',*,*,#2140,.T.);
#2140 = EDGE_CURVE('',#355,#1031,#2141,.T.);
#2141 = LINE('',#2142,#2143);
#2142 = CARTESIAN_POINT('',(49.000000000145,-24.,0.));
#2143 = VECTOR('',#2144,1.);
#2144 = DIRECTION('',(0.,0.,1.));
#2145 = ORIENTED_EDGE('',*,*,#1030,.T.);
#2146 = ORIENTED_EDGE('',*,*,#2106,.F.);
#2147 = ORIENTED_EDGE('',*,*,#354,.F.);
#2148 = CYLINDRICAL_SURFACE('',#2149,2.);
#2149 = AXIS2_PLACEMENT_3D('',#2150,#2151,#2152);
#2150 = CARTESIAN_POINT('',(47.000000000145,-24.,0.));
#2151 = DIRECTION('',(-0.,-0.,-1.));
#2152 = DIRECTION('',(1.,0.,0.));
#2153 = ADVANCED_FACE('',(#2154),#2165,.F.);
#2154 = FACE_BOUND('',#2155,.T.);
#2155 = EDGE_LOOP('',(#2156,#2157,#2158,#2164));
#2156 = ORIENTED_EDGE('',*,*,#2125,.T.);
#2157 = ORIENTED_EDGE('',*,*,#1047,.T.);
#2158 = ORIENTED_EDGE('',*,*,#2159,.F.);
#2159 = EDGE_CURVE('',#364,#1040,#2160,.T.);
#2160 = LINE('',#2161,#2162);
#2161 = CARTESIAN_POINT('',(49.000000000145,-32.,0.));
#2162 = VECTOR('',#2163,1.);
#2163 = DIRECTION('',(0.,0.,1.));
#2164 = ORIENTED_EDGE('',*,*,#371,.F.);
#2165 = CYLINDRICAL_SURFACE('',#2166,2.);
#2166 = AXIS2_PLACEMENT_3D('',#2167,#2168,#2169);
#2167 = CARTESIAN_POINT('',(47.000000000145,-32.,0.));
#2168 = DIRECTION('',(-0.,-0.,-1.));
#2169 = DIRECTION('',(1.,0.,0.));
#2170 = ADVANCED_FACE('',(#2171),#2177,.T.);
#2171 = FACE_BOUND('',#2172,.T.);
#2172 = EDGE_LOOP('',(#2173,#2174,#2175,#2176));
#2173 = ORIENTED_EDGE('',*,*,#2159,.T.);
#2174 = ORIENTED_EDGE('',*,*,#1039,.T.);
#2175 = ORIENTED_EDGE('',*,*,#2140,.F.);
#2176 = ORIENTED_EDGE('',*,*,#363,.F.);
#2177 = PLANE('',#2178);
#2178 = AXIS2_PLACEMENT_3D('',#2179,#2180,#2181);
#2179 = CARTESIAN_POINT('',(49.000000000145,-32.,0.));
#2180 = DIRECTION('',(-1.,0.,0.));
#2181 = DIRECTION('',(0.,1.,0.));
#2182 = ADVANCED_FACE('',(#2183),#2202,.F.);
#2183 = FACE_BOUND('',#2184,.T.);
#2184 = EDGE_LOOP('',(#2185,#2186,#2194,#2201));
#2185 = ORIENTED_EDGE('',*,*,#397,.F.);
#2186 = ORIENTED_EDGE('',*,*,#2187,.T.);
#2187 = EDGE_CURVE('',#398,#2188,#2190,.T.);
#2188 = VERTEX_POINT('',#2189);
#2189 = CARTESIAN_POINT('',(24.3,-12.,2.));
#2190 = LINE('',#2191,#2192);
#2191 = CARTESIAN_POINT('',(24.3,-12.,0.));
#2192 = VECTOR('',#2193,1.);
#2193 = DIRECTION('',(0.,0.,1.));
#2194 = ORIENTED_EDGE('',*,*,#2195,.T.);
#2195 = EDGE_CURVE('',#2188,#2188,#2196,.T.);
#2196 = CIRCLE('',#2197,1.8);
#2197 = AXIS2_PLACEMENT_3D('',#2198,#2199,#2200);
#2198 = CARTESIAN_POINT('',(22.5,-12.,2.));
#2199 = DIRECTION('',(0.,0.,1.));
#2200 = DIRECTION('',(1.,0.,0.));
#2201 = ORIENTED_EDGE('',*,*,#2187,.F.);
#2202 = CYLINDRICAL_SURFACE('',#2203,1.8);
#2203 = AXIS2_PLACEMENT_3D('',#2204,#2205,#2206);
#2204 = CARTESIAN_POINT('',(22.5,-12.,0.));
#2205 = DIRECTION('',(-0.,-0.,-1.));
#2206 = DIRECTION('',(1.,0.,0.));
#2207 = ADVANCED_FACE('',(#2208),#2227,.F.);
#2208 = FACE_BOUND('',#2209,.T.);
#2209 = EDGE_LOOP('',(#2210,#2211,#2219,#2226));
#2210 = ORIENTED_EDGE('',*,*,#408,.F.);
#2211 = ORIENTED_EDGE('',*,*,#2212,.T.);
#2212 = EDGE_CURVE('',#409,#2213,#2215,.T.);
#2213 = VERTEX_POINT('',#2214);
#2214 = CARTESIAN_POINT('',(-61.2,15.,2.));
#2215 = LINE('',#2216,#2217);
#2216 = CARTESIAN_POINT('',(-61.2,15.,0.));
#2217 = VECTOR('',#2218,1.);
#2218 = DIRECTION('',(0.,0.,1.));
#2219 = ORIENTED_EDGE('',*,*,#2220,.T.);
#2220 = EDGE_CURVE('',#2213,#2213,#2221,.T.);
#2221 = CIRCLE('',#2222,1.8);
#2222 = AXIS2_PLACEMENT_3D('',#2223,#2224,#2225);
#2223 = CARTESIAN_POINT('',(-63.,15.,2.));
#2224 = DIRECTION('',(0.,0.,1.));
#2225 = DIRECTION('',(1.,0.,0.));
#2226 = ORIENTED_EDGE('',*,*,#2212,.F.);
#2227 = CYLINDRICAL_SURFACE('',#2228,1.8);
#2228 = AXIS2_PLACEMENT_3D('',#2229,#2230,#2231);
#2229 = CARTESIAN_POINT('',(-63.,15.,0.));
#2230 = DIRECTION('',(-0.,-0.,-1.));
#2231 = DIRECTION('',(1.,0.,0.));
#2232 = ADVANCED_FACE('',(#2233),#2252,.F.);
#2233 = FACE_BOUND('',#2234,.T.);
#2234 = EDGE_LOOP('',(#2235,#2236,#2244,#2251));
#2235 = ORIENTED_EDGE('',*,*,#419,.F.);
#2236 = ORIENTED_EDGE('',*,*,#2237,.T.);
#2237 = EDGE_CURVE('',#420,#2238,#2240,.T.);
#2238 = VERTEX_POINT('',#2239);
#2239 = CARTESIAN_POINT('',(-41.2,15.,2.));
#2240 = LINE('',#2241,#2242);
#2241 = CARTESIAN_POINT('',(-41.2,15.,0.));
#2242 = VECTOR('',#2243,1.);
#2243 = DIRECTION('',(0.,0.,1.));
#2244 = ORIENTED_EDGE('',*,*,#2245,.T.);
#2245 = EDGE_CURVE('',#2238,#2238,#2246,.T.);
#2246 = CIRCLE('',#2247,1.8);
#2247 = AXIS2_PLACEMENT_3D('',#2248,#2249,#2250);
#2248 = CARTESIAN_POINT('',(-43.,15.,2.));
#2249 = DIRECTION('',(0.,0.,1.));
#2250 = DIRECTION('',(1.,0.,0.));
#2251 = ORIENTED_EDGE('',*,*,#2237,.F.);
#2252 = CYLINDRICAL_SURFACE('',#2253,1.8);
#2253 = AXIS2_PLACEMENT_3D('',#2254,#2255,#2256);
#2254 = CARTESIAN_POINT('',(-43.,15.,0.));
#2255 = DIRECTION('',(-0.,-0.,-1.));
#2256 = DIRECTION('',(1.,0.,0.));
#2257 = ADVANCED_FACE('',(#2258),#2277,.F.);
#2258 = FACE_BOUND('',#2259,.T.);
#2259 = EDGE_LOOP('',(#2260,#2261,#2269,#2276));
#2260 = ORIENTED_EDGE('',*,*,#430,.F.);
#2261 = ORIENTED_EDGE('',*,*,#2262,.T.);
#2262 = EDGE_CURVE('',#431,#2263,#2265,.T.);
#2263 = VERTEX_POINT('',#2264);
#2264 = CARTESIAN_POINT('',(-15.7,12.,2.));
#2265 = LINE('',#2266,#2267);
#2266 = CARTESIAN_POINT('',(-15.7,12.,0.));
#2267 = VECTOR('',#2268,1.);
#2268 = DIRECTION('',(0.,0.,1.));
#2269 = ORIENTED_EDGE('',*,*,#2270,.T.);
#2270 = EDGE_CURVE('',#2263,#2263,#2271,.T.);
#2271 = CIRCLE('',#2272,1.8);
#2272 = AXIS2_PLACEMENT_3D('',#2273,#2274,#2275);
#2273 = CARTESIAN_POINT('',(-17.5,12.,2.));
#2274 = DIRECTION('',(0.,0.,1.));
#2275 = DIRECTION('',(1.,0.,0.));
#2276 = ORIENTED_EDGE('',*,*,#2262,.F.);
#2277 = CYLINDRICAL_SURFACE('',#2278,1.8);
#2278 = AXIS2_PLACEMENT_3D('',#2279,#2280,#2281);
#2279 = CARTESIAN_POINT('',(-17.5,12.,0.));
#2280 = DIRECTION('',(-0.,-0.,-1.));
#2281 = DIRECTION('',(1.,0.,0.));
#2282 = ADVANCED_FACE('',(#2283),#2308,.F.);
#2283 = FACE_BOUND('',#2284,.F.);
#2284 = EDGE_LOOP('',(#2285,#2293,#2301,#2307));
#2285 = ORIENTED_EDGE('',*,*,#2286,.T.);
#2286 = EDGE_CURVE('',#442,#2287,#2289,.T.);
#2287 = VERTEX_POINT('',#2288);
#2288 = CARTESIAN_POINT('',(-36.5,27.098076211353,2.));
#2289 = LINE('',#2290,#2291);
#2290 = CARTESIAN_POINT('',(-36.5,27.098076211353,0.));
#2291 = VECTOR('',#2292,1.);
#2292 = DIRECTION('',(0.,0.,1.));
#2293 = ORIENTED_EDGE('',*,*,#2294,.T.);
#2294 = EDGE_CURVE('',#2287,#2295,#2297,.T.);
#2295 = VERTEX_POINT('',#2296);
#2296 = CARTESIAN_POINT('',(-35.,24.5,2.));
#2297 = LINE('',#2298,#2299);
#2298 = CARTESIAN_POINT('',(-36.5,27.098076211353,2.));
#2299 = VECTOR('',#2300,1.);
#2300 = DIRECTION('',(0.5,-0.866025403784,0.));
#2301 = ORIENTED_EDGE('',*,*,#2302,.F.);
#2302 = EDGE_CURVE('',#444,#2295,#2303,.T.);
#2303 = LINE('',#2304,#2305);
#2304 = CARTESIAN_POINT('',(-35.,24.5,0.));
#2305 = VECTOR('',#2306,1.);
#2306 = DIRECTION('',(0.,0.,1.));
#2307 = ORIENTED_EDGE('',*,*,#441,.F.);
#2308 = PLANE('',#2309);
#2309 = AXIS2_PLACEMENT_3D('',#2310,#2311,#2312);
#2310 = CARTESIAN_POINT('',(-36.5,27.098076211353,0.));
#2311 = DIRECTION('',(0.866025403784,0.5,0.));
#2312 = DIRECTION('',(0.5,-0.866025403784,0.));
#2313 = ADVANCED_FACE('',(#2314),#2332,.F.);
#2314 = FACE_BOUND('',#2315,.F.);
#2315 = EDGE_LOOP('',(#2316,#2324,#2330,#2331));
#2316 = ORIENTED_EDGE('',*,*,#2317,.T.);
#2317 = EDGE_CURVE('',#476,#2318,#2320,.T.);
#2318 = VERTEX_POINT('',#2319);
#2319 = CARTESIAN_POINT('',(-39.5,27.098076211353,2.));
#2320 = LINE('',#2321,#2322);
#2321 = CARTESIAN_POINT('',(-39.5,27.098076211353,0.));
#2322 = VECTOR('',#2323,1.);
#2323 = DIRECTION('',(0.,0.,1.));
#2324 = ORIENTED_EDGE('',*,*,#2325,.T.);
#2325 = EDGE_CURVE('',#2318,#2287,#2326,.T.);
#2326 = LINE('',#2327,#2328);
#2327 = CARTESIAN_POINT('',(-39.5,27.098076211353,2.));
#2328 = VECTOR('',#2329,1.);
#2329 = DIRECTION('',(1.,0.,0.));
#2330 = ORIENTED_EDGE('',*,*,#2286,.F.);
#2331 = ORIENTED_EDGE('',*,*,#483,.F.);
#2332 = PLANE('',#2333);
#2333 = AXIS2_PLACEMENT_3D('',#2334,#2335,#2336);
#2334 = CARTESIAN_POINT('',(-39.5,27.098076211353,0.));
#2335 = DIRECTION('',(0.,1.,0.));
#2336 = DIRECTION('',(1.,0.,0.));
#2337 = ADVANCED_FACE('',(#2338),#2356,.F.);
#2338 = FACE_BOUND('',#2339,.F.);
#2339 = EDGE_LOOP('',(#2340,#2348,#2354,#2355));
#2340 = ORIENTED_EDGE('',*,*,#2341,.T.);
#2341 = EDGE_CURVE('',#468,#2342,#2344,.T.);
#2342 = VERTEX_POINT('',#2343);
#2343 = CARTESIAN_POINT('',(-41.,24.5,2.));
#2344 = LINE('',#2345,#2346);
#2345 = CARTESIAN_POINT('',(-41.,24.5,0.));
#2346 = VECTOR('',#2347,1.);
#2347 = DIRECTION('',(0.,0.,1.));
#2348 = ORIENTED_EDGE('',*,*,#2349,.T.);
#2349 = EDGE_CURVE('',#2342,#2318,#2350,.T.);
#2350 = LINE('',#2351,#2352);
#2351 = CARTESIAN_POINT('',(-41.,24.5,2.));
#2352 = VECTOR('',#2353,1.);
#2353 = DIRECTION('',(0.5,0.866025403784,0.));
#2354 = ORIENTED_EDGE('',*,*,#2317,.F.);
#2355 = ORIENTED_EDGE('',*,*,#475,.F.);
#2356 = PLANE('',#2357);
#2357 = AXIS2_PLACEMENT_3D('',#2358,#2359,#2360);
#2358 = CARTESIAN_POINT('',(-41.,24.5,0.));
#2359 = DIRECTION('',(-0.866025403784,0.5,0.));
#2360 = DIRECTION('',(0.5,0.866025403784,0.));
#2361 = ADVANCED_FACE('',(#2362),#2380,.F.);
#2362 = FACE_BOUND('',#2363,.F.);
#2363 = EDGE_LOOP('',(#2364,#2372,#2378,#2379));
#2364 = ORIENTED_EDGE('',*,*,#2365,.T.);
#2365 = EDGE_CURVE('',#460,#2366,#2368,.T.);
#2366 = VERTEX_POINT('',#2367);
#2367 = CARTESIAN_POINT('',(-39.5,21.901923788647,2.));
#2368 = LINE('',#2369,#2370);
#2369 = CARTESIAN_POINT('',(-39.5,21.901923788647,0.));
#2370 = VECTOR('',#2371,1.);
#2371 = DIRECTION('',(0.,0.,1.));
#2372 = ORIENTED_EDGE('',*,*,#2373,.T.);
#2373 = EDGE_CURVE('',#2366,#2342,#2374,.T.);
#2374 = LINE('',#2375,#2376);
#2375 = CARTESIAN_POINT('',(-39.5,21.901923788647,2.));
#2376 = VECTOR('',#2377,1.);
#2377 = DIRECTION('',(-0.5,0.866025403784,-0.));
#2378 = ORIENTED_EDGE('',*,*,#2341,.F.);
#2379 = ORIENTED_EDGE('',*,*,#467,.F.);
#2380 = PLANE('',#2381);
#2381 = AXIS2_PLACEMENT_3D('',#2382,#2383,#2384);
#2382 = CARTESIAN_POINT('',(-39.5,21.901923788647,0.));
#2383 = DIRECTION('',(-0.866025403784,-0.5,0.));
#2384 = DIRECTION('',(-0.5,0.866025403784,0.));
#2385 = ADVANCED_FACE('',(#2386),#2404,.F.);
#2386 = FACE_BOUND('',#2387,.F.);
#2387 = EDGE_LOOP('',(#2388,#2396,#2402,#2403));
#2388 = ORIENTED_EDGE('',*,*,#2389,.T.);
#2389 = EDGE_CURVE('',#452,#2390,#2392,.T.);
#2390 = VERTEX_POINT('',#2391);
#2391 = CARTESIAN_POINT('',(-36.5,21.901923788647,2.));
#2392 = LINE('',#2393,#2394);
#2393 = CARTESIAN_POINT('',(-36.5,21.901923788647,0.));
#2394 = VECTOR('',#2395,1.);
#2395 = DIRECTION('',(0.,0.,1.));
#2396 = ORIENTED_EDGE('',*,*,#2397,.T.);
#2397 = EDGE_CURVE('',#2390,#2366,#2398,.T.);
#2398 = LINE('',#2399,#2400);
#2399 = CARTESIAN_POINT('',(-36.5,21.901923788647,2.));
#2400 = VECTOR('',#2401,1.);
#2401 = DIRECTION('',(-1.,0.,0.));
#2402 = ORIENTED_EDGE('',*,*,#2365,.F.);
#2403 = ORIENTED_EDGE('',*,*,#459,.F.);
#2404 = PLANE('',#2405);
#2405 = AXIS2_PLACEMENT_3D('',#2406,#2407,#2408);
#2406 = CARTESIAN_POINT('',(-36.5,21.901923788647,0.));
#2407 = DIRECTION('',(0.,-1.,0.));
#2408 = DIRECTION('',(-1.,0.,0.));
#2409 = ADVANCED_FACE('',(#2410),#2421,.F.);
#2410 = FACE_BOUND('',#2411,.F.);
#2411 = EDGE_LOOP('',(#2412,#2413,#2419,#2420));
#2412 = ORIENTED_EDGE('',*,*,#2302,.T.);
#2413 = ORIENTED_EDGE('',*,*,#2414,.T.);
#2414 = EDGE_CURVE('',#2295,#2390,#2415,.T.);
#2415 = LINE('',#2416,#2417);
#2416 = CARTESIAN_POINT('',(-35.,24.5,2.));
#2417 = VECTOR('',#2418,1.);
#2418 = DIRECTION('',(-0.5,-0.866025403784,0.));
#2419 = ORIENTED_EDGE('',*,*,#2389,.F.);
#2420 = ORIENTED_EDGE('',*,*,#451,.F.);
#2421 = PLANE('',#2422);
#2422 = AXIS2_PLACEMENT_3D('',#2423,#2424,#2425);
#2423 = CARTESIAN_POINT('',(-35.,24.5,0.));
#2424 = DIRECTION('',(0.866025403784,-0.5,0.));
#2425 = DIRECTION('',(-0.5,-0.866025403784,0.));
#2426 = ADVANCED_FACE('',(#2427),#2446,.F.);
#2427 = FACE_BOUND('',#2428,.T.);
#2428 = EDGE_LOOP('',(#2429,#2430,#2438,#2445));
#2429 = ORIENTED_EDGE('',*,*,#491,.F.);
#2430 = ORIENTED_EDGE('',*,*,#2431,.T.);
#2431 = EDGE_CURVE('',#492,#2432,#2434,.T.);
#2432 = VERTEX_POINT('',#2433);
#2433 = CARTESIAN_POINT('',(24.3,12.,2.));
#2434 = LINE('',#2435,#2436);
#2435 = CARTESIAN_POINT('',(24.3,12.,0.));
#2436 = VECTOR('',#2437,1.);
#2437 = DIRECTION('',(0.,0.,1.));
#2438 = ORIENTED_EDGE('',*,*,#2439,.T.);
#2439 = EDGE_CURVE('',#2432,#2432,#2440,.T.);
#2440 = CIRCLE('',#2441,1.8);
#2441 = AXIS2_PLACEMENT_3D('',#2442,#2443,#2444);
#2442 = CARTESIAN_POINT('',(22.5,12.,2.));
#2443 = DIRECTION('',(0.,0.,1.));
#2444 = DIRECTION('',(1.,0.,0.));
#2445 = ORIENTED_EDGE('',*,*,#2431,.F.);
#2446 = CYLINDRICAL_SURFACE('',#2447,1.8);
#2447 = AXIS2_PLACEMENT_3D('',#2448,#2449,#2450);
#2448 = CARTESIAN_POINT('',(22.5,12.,0.));
#2449 = DIRECTION('',(-0.,-0.,-1.));
#2450 = DIRECTION('',(1.,0.,0.));
#2451 = ADVANCED_FACE('',(#2452),#2477,.F.);
#2452 = FACE_BOUND('',#2453,.F.);
#2453 = EDGE_LOOP('',(#2454,#2462,#2470,#2476));
#2454 = ORIENTED_EDGE('',*,*,#2455,.T.);
#2455 = EDGE_CURVE('',#503,#2456,#2458,.T.);
#2456 = VERTEX_POINT('',#2457);
#2457 = CARTESIAN_POINT('',(21.5,27.098076211353,2.));
#2458 = LINE('',#2459,#2460);
#2459 = CARTESIAN_POINT('',(21.5,27.098076211353,0.));
#2460 = VECTOR('',#2461,1.);
#2461 = DIRECTION('',(0.,0.,1.));
#2462 = ORIENTED_EDGE('',*,*,#2463,.T.);
#2463 = EDGE_CURVE('',#2456,#2464,#2466,.T.);
#2464 = VERTEX_POINT('',#2465);
#2465 = CARTESIAN_POINT('',(23.,24.5,2.));
#2466 = LINE('',#2467,#2468);
#2467 = CARTESIAN_POINT('',(21.5,27.098076211353,2.));
#2468 = VECTOR('',#2469,1.);
#2469 = DIRECTION('',(0.5,-0.866025403784,0.));
#2470 = ORIENTED_EDGE('',*,*,#2471,.F.);
#2471 = EDGE_CURVE('',#505,#2464,#2472,.T.);
#2472 = LINE('',#2473,#2474);
#2473 = CARTESIAN_POINT('',(23.,24.5,0.));
#2474 = VECTOR('',#2475,1.);
#2475 = DIRECTION('',(0.,0.,1.));
#2476 = ORIENTED_EDGE('',*,*,#502,.F.);
#2477 = PLANE('',#2478);
#2478 = AXIS2_PLACEMENT_3D('',#2479,#2480,#2481);
#2479 = CARTESIAN_POINT('',(21.5,27.098076211353,0.));
#2480 = DIRECTION('',(0.866025403784,0.5,0.));
#2481 = DIRECTION('',(0.5,-0.866025403784,0.));
#2482 = ADVANCED_FACE('',(#2483),#2501,.F.);
#2483 = FACE_BOUND('',#2484,.F.);
#2484 = EDGE_LOOP('',(#2485,#2493,#2499,#2500));
#2485 = ORIENTED_EDGE('',*,*,#2486,.T.);
#2486 = EDGE_CURVE('',#537,#2487,#2489,.T.);
#2487 = VERTEX_POINT('',#2488);
#2488 = CARTESIAN_POINT('',(18.5,27.098076211353,2.));
#2489 = LINE('',#2490,#2491);
#2490 = CARTESIAN_POINT('',(18.5,27.098076211353,0.));
#2491 = VECTOR('',#2492,1.);
#2492 = DIRECTION('',(0.,0.,1.));
#2493 = ORIENTED_EDGE('',*,*,#2494,.T.);
#2494 = EDGE_CURVE('',#2487,#2456,#2495,.T.);
#2495 = LINE('',#2496,#2497);
#2496 = CARTESIAN_POINT('',(18.5,27.098076211353,2.));
#2497 = VECTOR('',#2498,1.);
#2498 = DIRECTION('',(1.,0.,0.));
#2499 = ORIENTED_EDGE('',*,*,#2455,.F.);
#2500 = ORIENTED_EDGE('',*,*,#544,.F.);
#2501 = PLANE('',#2502);
#2502 = AXIS2_PLACEMENT_3D('',#2503,#2504,#2505);
#2503 = CARTESIAN_POINT('',(18.5,27.098076211353,0.));
#2504 = DIRECTION('',(0.,1.,0.));
#2505 = DIRECTION('',(1.,0.,0.));
#2506 = ADVANCED_FACE('',(#2507),#2525,.F.);
#2507 = FACE_BOUND('',#2508,.F.);
#2508 = EDGE_LOOP('',(#2509,#2517,#2523,#2524));
#2509 = ORIENTED_EDGE('',*,*,#2510,.T.);
#2510 = EDGE_CURVE('',#529,#2511,#2513,.T.);
#2511 = VERTEX_POINT('',#2512);
#2512 = CARTESIAN_POINT('',(17.,24.5,2.));
#2513 = LINE('',#2514,#2515);
#2514 = CARTESIAN_POINT('',(17.,24.5,0.));
#2515 = VECTOR('',#2516,1.);
#2516 = DIRECTION('',(0.,0.,1.));
#2517 = ORIENTED_EDGE('',*,*,#2518,.T.);
#2518 = EDGE_CURVE('',#2511,#2487,#2519,.T.);
#2519 = LINE('',#2520,#2521);
#2520 = CARTESIAN_POINT('',(17.,24.5,2.));
#2521 = VECTOR('',#2522,1.);
#2522 = DIRECTION('',(0.5,0.866025403784,0.));
#2523 = ORIENTED_EDGE('',*,*,#2486,.F.);
#2524 = ORIENTED_EDGE('',*,*,#536,.F.);
#2525 = PLANE('',#2526);
#2526 = AXIS2_PLACEMENT_3D('',#2527,#2528,#2529);
#2527 = CARTESIAN_POINT('',(17.,24.5,0.));
#2528 = DIRECTION('',(-0.866025403784,0.5,0.));
#2529 = DIRECTION('',(0.5,0.866025403784,0.));
#2530 = ADVANCED_FACE('',(#2531),#2549,.F.);
#2531 = FACE_BOUND('',#2532,.F.);
#2532 = EDGE_LOOP('',(#2533,#2541,#2547,#2548));
#2533 = ORIENTED_EDGE('',*,*,#2534,.T.);
#2534 = EDGE_CURVE('',#521,#2535,#2537,.T.);
#2535 = VERTEX_POINT('',#2536);
#2536 = CARTESIAN_POINT('',(18.5,21.901923788647,2.));
#2537 = LINE('',#2538,#2539);
#2538 = CARTESIAN_POINT('',(18.5,21.901923788647,0.));
#2539 = VECTOR('',#2540,1.);
#2540 = DIRECTION('',(0.,0.,1.));
#2541 = ORIENTED_EDGE('',*,*,#2542,.T.);
#2542 = EDGE_CURVE('',#2535,#2511,#2543,.T.);
#2543 = LINE('',#2544,#2545);
#2544 = CARTESIAN_POINT('',(18.5,21.901923788647,2.));
#2545 = VECTOR('',#2546,1.);
#2546 = DIRECTION('',(-0.5,0.866025403784,-0.));
#2547 = ORIENTED_EDGE('',*,*,#2510,.F.);
#2548 = ORIENTED_EDGE('',*,*,#528,.F.);
#2549 = PLANE('',#2550);
#2550 = AXIS2_PLACEMENT_3D('',#2551,#2552,#2553);
#2551 = CARTESIAN_POINT('',(18.5,21.901923788647,0.));
#2552 = DIRECTION('',(-0.866025403784,-0.5,0.));
#2553 = DIRECTION('',(-0.5,0.866025403784,0.));
#2554 = ADVANCED_FACE('',(#2555),#2573,.F.);
#2555 = FACE_BOUND('',#2556,.F.);
#2556 = EDGE_LOOP('',(#2557,#2565,#2571,#2572));
#2557 = ORIENTED_EDGE('',*,*,#2558,.T.);
#2558 = EDGE_CURVE('',#513,#2559,#2561,.T.);
#2559 = VERTEX_POINT('',#2560);
#2560 = CARTESIAN_POINT('',(21.5,21.901923788647,2.));
#2561 = LINE('',#2562,#2563);
#2562 = CARTESIAN_POINT('',(21.5,21.901923788647,0.));
#2563 = VECTOR('',#2564,1.);
#2564 = DIRECTION('',(0.,0.,1.));
#2565 = ORIENTED_EDGE('',*,*,#2566,.T.);
#2566 = EDGE_CURVE('',#2559,#2535,#2567,.T.);
#2567 = LINE('',#2568,#2569);
#2568 = CARTESIAN_POINT('',(21.5,21.901923788647,2.));
#2569 = VECTOR('',#2570,1.);
#2570 = DIRECTION('',(-1.,0.,0.));
#2571 = ORIENTED_EDGE('',*,*,#2534,.F.);
#2572 = ORIENTED_EDGE('',*,*,#520,.F.);
#2573 = PLANE('',#2574);
#2574 = AXIS2_PLACEMENT_3D('',#2575,#2576,#2577);
#2575 = CARTESIAN_POINT('',(21.5,21.901923788647,0.));
#2576 = DIRECTION('',(0.,-1.,0.));
#2577 = DIRECTION('',(-1.,0.,0.));
#2578 = ADVANCED_FACE('',(#2579),#2590,.F.);
#2579 = FACE_BOUND('',#2580,.F.);
#2580 = EDGE_LOOP('',(#2581,#2582,#2588,#2589));
#2581 = ORIENTED_EDGE('',*,*,#2471,.T.);
#2582 = ORIENTED_EDGE('',*,*,#2583,.T.);
#2583 = EDGE_CURVE('',#2464,#2559,#2584,.T.);
#2584 = LINE('',#2585,#2586);
#2585 = CARTESIAN_POINT('',(23.,24.5,2.));
#2586 = VECTOR('',#2587,1.);
#2587 = DIRECTION('',(-0.5,-0.866025403784,0.));
#2588 = ORIENTED_EDGE('',*,*,#2558,.F.);
#2589 = ORIENTED_EDGE('',*,*,#512,.F.);
#2590 = PLANE('',#2591);
#2591 = AXIS2_PLACEMENT_3D('',#2592,#2593,#2594);
#2592 = CARTESIAN_POINT('',(23.,24.5,0.));
#2593 = DIRECTION('',(0.866025403784,-0.5,0.));
#2594 = DIRECTION('',(-0.5,-0.866025403784,0.));
#2595 = ADVANCED_FACE('',(#2596),#2615,.F.);
#2596 = FACE_BOUND('',#2597,.T.);
#2597 = EDGE_LOOP('',(#2598,#2599,#2607,#2614));
#2598 = ORIENTED_EDGE('',*,*,#552,.F.);
#2599 = ORIENTED_EDGE('',*,*,#2600,.T.);
#2600 = EDGE_CURVE('',#553,#2601,#2603,.T.);
#2601 = VERTEX_POINT('',#2602);
#2602 = CARTESIAN_POINT('',(31.5,40.,2.));
#2603 = LINE('',#2604,#2605);
#2604 = CARTESIAN_POINT('',(31.5,40.,0.));
#2605 = VECTOR('',#2606,1.);
#2606 = DIRECTION('',(0.,0.,1.));
#2607 = ORIENTED_EDGE('',*,*,#2608,.T.);
#2608 = EDGE_CURVE('',#2601,#2601,#2609,.T.);
#2609 = CIRCLE('',#2610,1.5);
#2610 = AXIS2_PLACEMENT_3D('',#2611,#2612,#2613);
#2611 = CARTESIAN_POINT('',(30.,40.,2.));
#2612 = DIRECTION('',(0.,0.,1.));
#2613 = DIRECTION('',(1.,0.,0.));
#2614 = ORIENTED_EDGE('',*,*,#2600,.F.);
#2615 = CYLINDRICAL_SURFACE('',#2616,1.5);
#2616 = AXIS2_PLACEMENT_3D('',#2617,#2618,#2619);
#2617 = CARTESIAN_POINT('',(30.,40.,0.));
#2618 = DIRECTION('',(-0.,-0.,-1.));
#2619 = DIRECTION('',(1.,0.,0.));
#2620 = ADVANCED_FACE('',(#2621),#2637,.T.);
#2621 = FACE_BOUND('',#2622,.T.);
#2622 = EDGE_LOOP('',(#2623,#2629,#2630,#2636));
#2623 = ORIENTED_EDGE('',*,*,#2624,.T.);
#2624 = EDGE_CURVE('',#564,#1346,#2625,.T.);
#2625 = LINE('',#2626,#2627);
#2626 = CARTESIAN_POINT('',(29.000000000057,31.999999999923,0.));
#2627 = VECTOR('',#2628,1.);
#2628 = DIRECTION('',(0.,0.,1.));
#2629 = ORIENTED_EDGE('',*,*,#1345,.T.);
#2630 = ORIENTED_EDGE('',*,*,#2631,.F.);
#2631 = EDGE_CURVE('',#566,#1348,#2632,.T.);
#2632 = LINE('',#2633,#2634);
#2633 = CARTESIAN_POINT('',(29.000000000057,24.000000000096,0.));
#2634 = VECTOR('',#2635,1.);
#2635 = DIRECTION('',(0.,0.,1.));
#2636 = ORIENTED_EDGE('',*,*,#563,.F.);
#2637 = PLANE('',#2638);
#2638 = AXIS2_PLACEMENT_3D('',#2639,#2640,#2641);
#2639 = CARTESIAN_POINT('',(29.000000000057,31.999999999923,0.));
#2640 = DIRECTION('',(1.,0.,0.));
#2641 = DIRECTION('',(0.,-1.,0.));
#2642 = ADVANCED_FACE('',(#2643),#2654,.F.);
#2643 = FACE_BOUND('',#2644,.T.);
#2644 = EDGE_LOOP('',(#2645,#2651,#2652,#2653));
#2645 = ORIENTED_EDGE('',*,*,#2646,.T.);
#2646 = EDGE_CURVE('',#574,#1356,#2647,.T.);
#2647 = LINE('',#2648,#2649);
#2648 = CARTESIAN_POINT('',(31.000000000152,33.999999999922,0.));
#2649 = VECTOR('',#2650,1.);
#2650 = DIRECTION('',(0.,0.,1.));
#2651 = ORIENTED_EDGE('',*,*,#1355,.T.);
#2652 = ORIENTED_EDGE('',*,*,#2624,.F.);
#2653 = ORIENTED_EDGE('',*,*,#573,.F.);
#2654 = CYLINDRICAL_SURFACE('',#2655,2.);
#2655 = AXIS2_PLACEMENT_3D('',#2656,#2657,#2658);
#2656 = CARTESIAN_POINT('',(31.000000000057,31.999999999922,0.));
#2657 = DIRECTION('',(-0.,-0.,-1.));
#2658 = DIRECTION('',(1.,0.,0.));
#2659 = ADVANCED_FACE('',(#2660),#2671,.F.);
#2660 = FACE_BOUND('',#2661,.T.);
#2661 = EDGE_LOOP('',(#2662,#2663,#2664,#2670));
#2662 = ORIENTED_EDGE('',*,*,#2631,.T.);
#2663 = ORIENTED_EDGE('',*,*,#1406,.T.);
#2664 = ORIENTED_EDGE('',*,*,#2665,.F.);
#2665 = EDGE_CURVE('',#617,#1399,#2666,.T.);
#2666 = LINE('',#2667,#2668);
#2667 = CARTESIAN_POINT('',(31.000000000145,22.000000000096,0.));
#2668 = VECTOR('',#2669,1.);
#2669 = DIRECTION('',(0.,0.,1.));
#2670 = ORIENTED_EDGE('',*,*,#624,.F.);
#2671 = CYLINDRICAL_SURFACE('',#2672,2.);
#2672 = AXIS2_PLACEMENT_3D('',#2673,#2674,#2675);
#2673 = CARTESIAN_POINT('',(31.000000000057,24.000000000096,0.));
#2674 = DIRECTION('',(-0.,-0.,-1.));
#2675 = DIRECTION('',(1.,0.,0.));
#2676 = ADVANCED_FACE('',(#2677),#2688,.T.);
#2677 = FACE_BOUND('',#2678,.T.);
#2678 = EDGE_LOOP('',(#2679,#2685,#2686,#2687));
#2679 = ORIENTED_EDGE('',*,*,#2680,.T.);
#2680 = EDGE_CURVE('',#583,#1365,#2681,.T.);
#2681 = LINE('',#2682,#2683);
#2682 = CARTESIAN_POINT('',(47.000000000145,33.999999999962,0.));
#2683 = VECTOR('',#2684,1.);
#2684 = DIRECTION('',(0.,0.,1.));
#2685 = ORIENTED_EDGE('',*,*,#1364,.T.);
#2686 = ORIENTED_EDGE('',*,*,#2646,.F.);
#2687 = ORIENTED_EDGE('',*,*,#582,.F.);
#2688 = PLANE('',#2689);
#2689 = AXIS2_PLACEMENT_3D('',#2690,#2691,#2692);
#2690 = CARTESIAN_POINT('',(47.000000000145,33.999999999922,0.));
#2691 = DIRECTION('',(0.,-1.,0.));
#2692 = DIRECTION('',(-1.,0.,0.));
#2693 = ADVANCED_FACE('',(#2694),#2705,.T.);
#2694 = FACE_BOUND('',#2695,.T.);
#2695 = EDGE_LOOP('',(#2696,#2697,#2698,#2704));
#2696 = ORIENTED_EDGE('',*,*,#2665,.T.);
#2697 = ORIENTED_EDGE('',*,*,#1398,.T.);
#2698 = ORIENTED_EDGE('',*,*,#2699,.F.);
#2699 = EDGE_CURVE('',#608,#1390,#2700,.T.);
#2700 = LINE('',#2701,#2702);
#2701 = CARTESIAN_POINT('',(47.000000000145,22.000000000049,0.));
#2702 = VECTOR('',#2703,1.);
#2703 = DIRECTION('',(0.,0.,1.));
#2704 = ORIENTED_EDGE('',*,*,#616,.F.);
#2705 = PLANE('',#2706);
#2706 = AXIS2_PLACEMENT_3D('',#2707,#2708,#2709);
#2707 = CARTESIAN_POINT('',(31.000000000145,22.000000000096,0.));
#2708 = DIRECTION('',(0.,1.,0.));
#2709 = DIRECTION('',(1.,0.,0.));
#2710 = ADVANCED_FACE('',(#2711),#2722,.F.);
#2711 = FACE_BOUND('',#2712,.T.);
#2712 = EDGE_LOOP('',(#2713,#2719,#2720,#2721));
#2713 = ORIENTED_EDGE('',*,*,#2714,.T.);
#2714 = EDGE_CURVE('',#591,#1373,#2715,.T.);
#2715 = LINE('',#2716,#2717);
#2716 = CARTESIAN_POINT('',(49.000000000145,32.000000000002,0.));
#2717 = VECTOR('',#2718,1.);
#2718 = DIRECTION('',(0.,0.,1.));
#2719 = ORIENTED_EDGE('',*,*,#1372,.T.);
#2720 = ORIENTED_EDGE('',*,*,#2680,.F.);
#2721 = ORIENTED_EDGE('',*,*,#590,.F.);
#2722 = CYLINDRICAL_SURFACE('',#2723,2.);
#2723 = AXIS2_PLACEMENT_3D('',#2724,#2725,#2726);
#2724 = CARTESIAN_POINT('',(47.000000000145,32.000000000002,0.));
#2725 = DIRECTION('',(-0.,-0.,-1.));
#2726 = DIRECTION('',(1.,0.,0.));
#2727 = ADVANCED_FACE('',(#2728),#2739,.F.);
#2728 = FACE_BOUND('',#2729,.T.);
#2729 = EDGE_LOOP('',(#2730,#2731,#2732,#2738));
#2730 = ORIENTED_EDGE('',*,*,#2699,.T.);
#2731 = ORIENTED_EDGE('',*,*,#1389,.T.);
#2732 = ORIENTED_EDGE('',*,*,#2733,.F.);
#2733 = EDGE_CURVE('',#600,#1382,#2734,.T.);
#2734 = LINE('',#2735,#2736);
#2735 = CARTESIAN_POINT('',(49.000000000145,24.000000000002,0.));
#2736 = VECTOR('',#2737,1.);
#2737 = DIRECTION('',(0.,0.,1.));
#2738 = ORIENTED_EDGE('',*,*,#607,.F.);
#2739 = CYLINDRICAL_SURFACE('',#2740,2.);
#2740 = AXIS2_PLACEMENT_3D('',#2741,#2742,#2743);
#2741 = CARTESIAN_POINT('',(47.000000000145,24.000000000002,0.));
#2742 = DIRECTION('',(-0.,-0.,-1.));
#2743 = DIRECTION('',(1.,0.,0.));
#2744 = ADVANCED_FACE('',(#2745),#2751,.T.);
#2745 = FACE_BOUND('',#2746,.T.);
#2746 = EDGE_LOOP('',(#2747,#2748,#2749,#2750));
#2747 = ORIENTED_EDGE('',*,*,#2733,.T.);
#2748 = ORIENTED_EDGE('',*,*,#1381,.T.);
#2749 = ORIENTED_EDGE('',*,*,#2714,.F.);
#2750 = ORIENTED_EDGE('',*,*,#599,.F.);
#2751 = PLANE('',#2752);
#2752 = AXIS2_PLACEMENT_3D('',#2753,#2754,#2755);
#2753 = CARTESIAN_POINT('',(49.000000000145,24.000000000002,0.));
#2754 = DIRECTION('',(-1.,0.,0.));
#2755 = DIRECTION('',(0.,1.,0.));
#2756 = ADVANCED_FACE('',(#2757),#2773,.F.);
#2757 = FACE_BOUND('',#2758,.T.);
#2758 = EDGE_LOOP('',(#2759,#2765,#2766,#2772));
#2759 = ORIENTED_EDGE('',*,*,#2760,.T.);
#2760 = EDGE_CURVE('',#634,#1416,#2761,.T.);
#2761 = LINE('',#2762,#2763);
#2762 = CARTESIAN_POINT('',(62.,33.,0.));
#2763 = VECTOR('',#2764,1.);
#2764 = DIRECTION('',(0.,0.,1.));
#2765 = ORIENTED_EDGE('',*,*,#1415,.T.);
#2766 = ORIENTED_EDGE('',*,*,#2767,.F.);
#2767 = EDGE_CURVE('',#636,#1418,#2768,.T.);
#2768 = LINE('',#2769,#2770);
#2769 = CARTESIAN_POINT('',(58.,33.,0.));
#2770 = VECTOR('',#2771,1.);
#2771 = DIRECTION('',(0.,0.,1.));
#2772 = ORIENTED_EDGE('',*,*,#633,.F.);
#2773 = CYLINDRICAL_SURFACE('',#2774,2.);
#2774 = AXIS2_PLACEMENT_3D('',#2775,#2776,#2777);
#2775 = CARTESIAN_POINT('',(60.,33.,0.));
#2776 = DIRECTION('',(-0.,-0.,-1.));
#2777 = DIRECTION('',(1.,0.,0.));
#2778 = ADVANCED_FACE('',(#2779),#2790,.F.);
#2779 = FACE_BOUND('',#2780,.F.);
#2780 = EDGE_LOOP('',(#2781,#2782,#2783,#2789));
#2781 = ORIENTED_EDGE('',*,*,#2760,.T.);
#2782 = ORIENTED_EDGE('',*,*,#1426,.T.);
#2783 = ORIENTED_EDGE('',*,*,#2784,.F.);
#2784 = EDGE_CURVE('',#645,#1427,#2785,.T.);
#2785 = LINE('',#2786,#2787);
#2786 = CARTESIAN_POINT('',(62.,25.,0.));
#2787 = VECTOR('',#2788,1.);
#2788 = DIRECTION('',(0.,0.,1.));
#2789 = ORIENTED_EDGE('',*,*,#644,.F.);
#2790 = PLANE('',#2791);
#2791 = AXIS2_PLACEMENT_3D('',#2792,#2793,#2794);
#2792 = CARTESIAN_POINT('',(62.,33.,0.));
#2793 = DIRECTION('',(1.,0.,0.));
#2794 = DIRECTION('',(0.,-1.,0.));
#2795 = ADVANCED_FACE('',(#2796),#2807,.T.);
#2796 = FACE_BOUND('',#2797,.T.);
#2797 = EDGE_LOOP('',(#2798,#2799,#2800,#2806));
#2798 = ORIENTED_EDGE('',*,*,#2767,.T.);
#2799 = ORIENTED_EDGE('',*,*,#1443,.T.);
#2800 = ORIENTED_EDGE('',*,*,#2801,.F.);
#2801 = EDGE_CURVE('',#653,#1435,#2802,.T.);
#2802 = LINE('',#2803,#2804);
#2803 = CARTESIAN_POINT('',(58.,25.,0.));
#2804 = VECTOR('',#2805,1.);
#2805 = DIRECTION('',(0.,0.,1.));
#2806 = ORIENTED_EDGE('',*,*,#661,.F.);
#2807 = PLANE('',#2808);
#2808 = AXIS2_PLACEMENT_3D('',#2809,#2810,#2811);
#2809 = CARTESIAN_POINT('',(58.,33.,0.));
#2810 = DIRECTION('',(1.,0.,0.));
#2811 = DIRECTION('',(0.,-1.,0.));
#2812 = ADVANCED_FACE('',(#2813),#2819,.F.);
#2813 = FACE_BOUND('',#2814,.T.);
#2814 = EDGE_LOOP('',(#2815,#2816,#2817,#2818));
#2815 = ORIENTED_EDGE('',*,*,#2801,.T.);
#2816 = ORIENTED_EDGE('',*,*,#1434,.T.);
#2817 = ORIENTED_EDGE('',*,*,#2784,.F.);
#2818 = ORIENTED_EDGE('',*,*,#652,.F.);
#2819 = CYLINDRICAL_SURFACE('',#2820,2.);
#2820 = AXIS2_PLACEMENT_3D('',#2821,#2822,#2823);
#2821 = CARTESIAN_POINT('',(60.,25.,0.));
#2822 = DIRECTION('',(-0.,-0.,-1.));
#2823 = DIRECTION('',(1.,0.,0.));
#2824 = ADVANCED_FACE('',(#2825),#2844,.F.);
#2825 = FACE_BOUND('',#2826,.T.);
#2826 = EDGE_LOOP('',(#2827,#2828,#2836,#2843));
#2827 = ORIENTED_EDGE('',*,*,#669,.F.);
#2828 = ORIENTED_EDGE('',*,*,#2829,.T.);
#2829 = EDGE_CURVE('',#670,#2830,#2832,.T.);
#2830 = VERTEX_POINT('',#2831);
#2831 = CARTESIAN_POINT('',(49.5,40.,2.));
#2832 = LINE('',#2833,#2834);
#2833 = CARTESIAN_POINT('',(49.5,40.,0.));
#2834 = VECTOR('',#2835,1.);
#2835 = DIRECTION('',(0.,0.,1.));
#2836 = ORIENTED_EDGE('',*,*,#2837,.T.);
#2837 = EDGE_CURVE('',#2830,#2830,#2838,.T.);
#2838 = CIRCLE('',#2839,1.5);
#2839 = AXIS2_PLACEMENT_3D('',#2840,#2841,#2842);
#2840 = CARTESIAN_POINT('',(48.,40.,2.));
#2841 = DIRECTION('',(0.,0.,1.));
#2842 = DIRECTION('',(1.,0.,0.));
#2843 = ORIENTED_EDGE('',*,*,#2829,.F.);
#2844 = CYLINDRICAL_SURFACE('',#2845,1.5);
#2845 = AXIS2_PLACEMENT_3D('',#2846,#2847,#2848);
#2846 = CARTESIAN_POINT('',(48.,40.,0.));
#2847 = DIRECTION('',(-0.,-0.,-1.));
#2848 = DIRECTION('',(1.,0.,0.));
#2849 = ADVANCED_FACE('',(#2850),#2869,.F.);
#2850 = FACE_BOUND('',#2851,.T.);
#2851 = EDGE_LOOP('',(#2852,#2861,#2867,#2868));
#2852 = ORIENTED_EDGE('',*,*,#2853,.T.);
#2853 = EDGE_CURVE('',#2854,#2854,#2856,.T.);
#2854 = VERTEX_POINT('',#2855);
#2855 = CARTESIAN_POINT('',(-36.5,-24.5,2.));
#2856 = CIRCLE('',#2857,1.5);
#2857 = AXIS2_PLACEMENT_3D('',#2858,#2859,#2860);
#2858 = CARTESIAN_POINT('',(-38.,-24.5,2.));
#2859 = DIRECTION('',(0.,0.,-1.));
#2860 = DIRECTION('',(1.,0.,0.));
#2861 = ORIENTED_EDGE('',*,*,#2862,.T.);
#2862 = EDGE_CURVE('',#2854,#732,#2863,.T.);
#2863 = LINE('',#2864,#2865);
#2864 = CARTESIAN_POINT('',(-36.5,-24.5,0.));
#2865 = VECTOR('',#2866,1.);
#2866 = DIRECTION('',(0.,0.,1.));
#2867 = ORIENTED_EDGE('',*,*,#731,.T.);
#2868 = ORIENTED_EDGE('',*,*,#2862,.F.);
#2869 = CYLINDRICAL_SURFACE('',#2870,1.5);
#2870 = AXIS2_PLACEMENT_3D('',#2871,#2872,#2873);
#2871 = CARTESIAN_POINT('',(-38.,-24.5,0.));
#2872 = DIRECTION('',(-0.,-0.,-1.));
#2873 = DIRECTION('',(1.,0.,0.));
#2874 = ADVANCED_FACE('',(#2875),#2900,.F.);
#2875 = FACE_BOUND('',#2876,.F.);
#2876 = EDGE_LOOP('',(#2877,#2885,#2893,#2899));
#2877 = ORIENTED_EDGE('',*,*,#2878,.T.);
#2878 = EDGE_CURVE('',#743,#2879,#2881,.T.);
#2879 = VERTEX_POINT('',#2880);
#2880 = CARTESIAN_POINT('',(-59.6,-15.,2.));
#2881 = LINE('',#2882,#2883);
#2882 = CARTESIAN_POINT('',(-59.6,-15.,4.));
#2883 = VECTOR('',#2884,1.);
#2884 = DIRECTION('',(-0.,-0.,-1.));
#2885 = ORIENTED_EDGE('',*,*,#2886,.T.);
#2886 = EDGE_CURVE('',#2879,#2887,#2889,.T.);
#2887 = VERTEX_POINT('',#2888);
#2888 = CARTESIAN_POINT('',(-61.3,-12.05551362713,2.));
#2889 = LINE('',#2890,#2891);
#2890 = CARTESIAN_POINT('',(-59.6,-15.,2.));
#2891 = VECTOR('',#2892,1.);
#2892 = DIRECTION('',(-0.5,0.866025403784,0.));
#2893 = ORIENTED_EDGE('',*,*,#2894,.F.);
#2894 = EDGE_CURVE('',#745,#2887,#2895,.T.);
#2895 = LINE('',#2896,#2897);
#2896 = CARTESIAN_POINT('',(-61.3,-12.05551362713,4.));
#2897 = VECTOR('',#2898,1.);
#2898 = DIRECTION('',(-0.,-0.,-1.));
#2899 = ORIENTED_EDGE('',*,*,#742,.F.);
#2900 = PLANE('',#2901);
#2901 = AXIS2_PLACEMENT_3D('',#2902,#2903,#2904);
#2902 = CARTESIAN_POINT('',(-59.6,-15.,4.));
#2903 = DIRECTION('',(0.866025403784,0.5,0.));
#2904 = DIRECTION('',(-0.5,0.866025403784,0.));
#2905 = ADVANCED_FACE('',(#2906),#2924,.F.);
#2906 = FACE_BOUND('',#2907,.F.);
#2907 = EDGE_LOOP('',(#2908,#2909,#2917,#2923));
#2908 = ORIENTED_EDGE('',*,*,#2894,.T.);
#2909 = ORIENTED_EDGE('',*,*,#2910,.T.);
#2910 = EDGE_CURVE('',#2887,#2911,#2913,.T.);
#2911 = VERTEX_POINT('',#2912);
#2912 = CARTESIAN_POINT('',(-64.7,-12.05551362713,2.));
#2913 = LINE('',#2914,#2915);
#2914 = CARTESIAN_POINT('',(-61.3,-12.05551362713,2.));
#2915 = VECTOR('',#2916,1.);
#2916 = DIRECTION('',(-1.,0.,0.));
#2917 = ORIENTED_EDGE('',*,*,#2918,.F.);
#2918 = EDGE_CURVE('',#777,#2911,#2919,.T.);
#2919 = LINE('',#2920,#2921);
#2920 = CARTESIAN_POINT('',(-64.7,-12.05551362713,4.));
#2921 = VECTOR('',#2922,1.);
#2922 = DIRECTION('',(-0.,-0.,-1.));
#2923 = ORIENTED_EDGE('',*,*,#784,.F.);
#2924 = PLANE('',#2925);
#2925 = AXIS2_PLACEMENT_3D('',#2926,#2927,#2928);
#2926 = CARTESIAN_POINT('',(-61.3,-12.05551362713,4.));
#2927 = DIRECTION('',(0.,1.,0.));
#2928 = DIRECTION('',(-1.,0.,0.));
#2929 = ADVANCED_FACE('',(#2930),#2948,.F.);
#2930 = FACE_BOUND('',#2931,.F.);
#2931 = EDGE_LOOP('',(#2932,#2933,#2941,#2947));
#2932 = ORIENTED_EDGE('',*,*,#2918,.T.);
#2933 = ORIENTED_EDGE('',*,*,#2934,.T.);
#2934 = EDGE_CURVE('',#2911,#2935,#2937,.T.);
#2935 = VERTEX_POINT('',#2936);
#2936 = CARTESIAN_POINT('',(-66.4,-15.,2.));
#2937 = LINE('',#2938,#2939);
#2938 = CARTESIAN_POINT('',(-64.7,-12.05551362713,2.));
#2939 = VECTOR('',#2940,1.);
#2940 = DIRECTION('',(-0.5,-0.866025403784,0.));
#2941 = ORIENTED_EDGE('',*,*,#2942,.F.);
#2942 = EDGE_CURVE('',#769,#2935,#2943,.T.);
#2943 = LINE('',#2944,#2945);
#2944 = CARTESIAN_POINT('',(-66.4,-15.,4.));
#2945 = VECTOR('',#2946,1.);
#2946 = DIRECTION('',(-0.,-0.,-1.));
#2947 = ORIENTED_EDGE('',*,*,#776,.F.);
#2948 = PLANE('',#2949);
#2949 = AXIS2_PLACEMENT_3D('',#2950,#2951,#2952);
#2950 = CARTESIAN_POINT('',(-64.7,-12.05551362713,4.));
#2951 = DIRECTION('',(-0.866025403784,0.5,0.));
#2952 = DIRECTION('',(-0.5,-0.866025403784,0.));
#2953 = ADVANCED_FACE('',(#2954),#2972,.F.);
#2954 = FACE_BOUND('',#2955,.F.);
#2955 = EDGE_LOOP('',(#2956,#2957,#2965,#2971));
#2956 = ORIENTED_EDGE('',*,*,#2942,.T.);
#2957 = ORIENTED_EDGE('',*,*,#2958,.T.);
#2958 = EDGE_CURVE('',#2935,#2959,#2961,.T.);
#2959 = VERTEX_POINT('',#2960);
#2960 = CARTESIAN_POINT('',(-64.7,-17.94448637286,2.));
#2961 = LINE('',#2962,#2963);
#2962 = CARTESIAN_POINT('',(-66.4,-15.,2.));
#2963 = VECTOR('',#2964,1.);
#2964 = DIRECTION('',(0.5,-0.866025403784,0.));
#2965 = ORIENTED_EDGE('',*,*,#2966,.F.);
#2966 = EDGE_CURVE('',#761,#2959,#2967,.T.);
#2967 = LINE('',#2968,#2969);
#2968 = CARTESIAN_POINT('',(-64.7,-17.94448637286,4.));
#2969 = VECTOR('',#2970,1.);
#2970 = DIRECTION('',(-0.,-0.,-1.));
#2971 = ORIENTED_EDGE('',*,*,#768,.F.);
#2972 = PLANE('',#2973);
#2973 = AXIS2_PLACEMENT_3D('',#2974,#2975,#2976);
#2974 = CARTESIAN_POINT('',(-66.4,-15.,4.));
#2975 = DIRECTION('',(-0.866025403784,-0.5,0.));
#2976 = DIRECTION('',(0.5,-0.866025403784,0.));
#2977 = ADVANCED_FACE('',(#2978),#2996,.F.);
#2978 = FACE_BOUND('',#2979,.F.);
#2979 = EDGE_LOOP('',(#2980,#2981,#2989,#2995));
#2980 = ORIENTED_EDGE('',*,*,#2966,.T.);
#2981 = ORIENTED_EDGE('',*,*,#2982,.T.);
#2982 = EDGE_CURVE('',#2959,#2983,#2985,.T.);
#2983 = VERTEX_POINT('',#2984);
#2984 = CARTESIAN_POINT('',(-61.3,-17.94448637286,2.));
#2985 = LINE('',#2986,#2987);
#2986 = CARTESIAN_POINT('',(-64.7,-17.94448637286,2.));
#2987 = VECTOR('',#2988,1.);
#2988 = DIRECTION('',(1.,0.,0.));
#2989 = ORIENTED_EDGE('',*,*,#2990,.F.);
#2990 = EDGE_CURVE('',#753,#2983,#2991,.T.);
#2991 = LINE('',#2992,#2993);
#2992 = CARTESIAN_POINT('',(-61.3,-17.94448637286,4.));
#2993 = VECTOR('',#2994,1.);
#2994 = DIRECTION('',(-0.,-0.,-1.));
#2995 = ORIENTED_EDGE('',*,*,#760,.F.);
#2996 = PLANE('',#2997);
#2997 = AXIS2_PLACEMENT_3D('',#2998,#2999,#3000);
#2998 = CARTESIAN_POINT('',(-64.7,-17.94448637286,4.));
#2999 = DIRECTION('',(0.,-1.,0.));
#3000 = DIRECTION('',(1.,0.,0.));
#3001 = ADVANCED_FACE('',(#3002),#3013,.F.);
#3002 = FACE_BOUND('',#3003,.F.);
#3003 = EDGE_LOOP('',(#3004,#3005,#3011,#3012));
#3004 = ORIENTED_EDGE('',*,*,#2990,.T.);
#3005 = ORIENTED_EDGE('',*,*,#3006,.T.);
#3006 = EDGE_CURVE('',#2983,#2879,#3007,.T.);
#3007 = LINE('',#3008,#3009);
#3008 = CARTESIAN_POINT('',(-61.3,-17.94448637286,2.));
#3009 = VECTOR('',#3010,1.);
#3010 = DIRECTION('',(0.5,0.866025403784,0.));
#3011 = ORIENTED_EDGE('',*,*,#2878,.F.);
#3012 = ORIENTED_EDGE('',*,*,#752,.F.);
#3013 = PLANE('',#3014);
#3014 = AXIS2_PLACEMENT_3D('',#3015,#3016,#3017);
#3015 = CARTESIAN_POINT('',(-61.3,-17.94448637286,4.));
#3016 = DIRECTION('',(0.866025403784,-0.5,0.));
#3017 = DIRECTION('',(0.5,0.866025403784,0.));
#3018 = ADVANCED_FACE('',(#3019),#3044,.F.);
#3019 = FACE_BOUND('',#3020,.F.);
#3020 = EDGE_LOOP('',(#3021,#3029,#3037,#3043));
#3021 = ORIENTED_EDGE('',*,*,#3022,.T.);
#3022 = EDGE_CURVE('',#793,#3023,#3025,.T.);
#3023 = VERTEX_POINT('',#3024);
#3024 = CARTESIAN_POINT('',(-39.6,-15.,2.));
#3025 = LINE('',#3026,#3027);
#3026 = CARTESIAN_POINT('',(-39.6,-15.,4.));
#3027 = VECTOR('',#3028,1.);
#3028 = DIRECTION('',(-0.,-0.,-1.));
#3029 = ORIENTED_EDGE('',*,*,#3030,.T.);
#3030 = EDGE_CURVE('',#3023,#3031,#3033,.T.);
#3031 = VERTEX_POINT('',#3032);
#3032 = CARTESIAN_POINT('',(-41.3,-12.05551362713,2.));
#3033 = LINE('',#3034,#3035);
#3034 = CARTESIAN_POINT('',(-39.6,-15.,2.));
#3035 = VECTOR('',#3036,1.);
#3036 = DIRECTION('',(-0.5,0.866025403784,0.));
#3037 = ORIENTED_EDGE('',*,*,#3038,.F.);
#3038 = EDGE_CURVE('',#795,#3031,#3039,.T.);
#3039 = LINE('',#3040,#3041);
#3040 = CARTESIAN_POINT('',(-41.3,-12.05551362713,4.));
#3041 = VECTOR('',#3042,1.);
#3042 = DIRECTION('',(-0.,-0.,-1.));
#3043 = ORIENTED_EDGE('',*,*,#792,.F.);
#3044 = PLANE('',#3045);
#3045 = AXIS2_PLACEMENT_3D('',#3046,#3047,#3048);
#3046 = CARTESIAN_POINT('',(-39.6,-15.,4.));
#3047 = DIRECTION('',(0.866025403784,0.5,0.));
#3048 = DIRECTION('',(-0.5,0.866025403784,0.));
#3049 = ADVANCED_FACE('',(#3050),#3068,.F.);
#3050 = FACE_BOUND('',#3051,.F.);
#3051 = EDGE_LOOP('',(#3052,#3053,#3061,#3067));
#3052 = ORIENTED_EDGE('',*,*,#3038,.T.);
#3053 = ORIENTED_EDGE('',*,*,#3054,.T.);
#3054 = EDGE_CURVE('',#3031,#3055,#3057,.T.);
#3055 = VERTEX_POINT('',#3056);
#3056 = CARTESIAN_POINT('',(-44.7,-12.05551362713,2.));
#3057 = LINE('',#3058,#3059);
#3058 = CARTESIAN_POINT('',(-41.3,-12.05551362713,2.));
#3059 = VECTOR('',#3060,1.);
#3060 = DIRECTION('',(-1.,0.,0.));
#3061 = ORIENTED_EDGE('',*,*,#3062,.F.);
#3062 = EDGE_CURVE('',#827,#3055,#3063,.T.);
#3063 = LINE('',#3064,#3065);
#3064 = CARTESIAN_POINT('',(-44.7,-12.05551362713,4.));
#3065 = VECTOR('',#3066,1.);
#3066 = DIRECTION('',(-0.,-0.,-1.));
#3067 = ORIENTED_EDGE('',*,*,#834,.F.);
#3068 = PLANE('',#3069);
#3069 = AXIS2_PLACEMENT_3D('',#3070,#3071,#3072);
#3070 = CARTESIAN_POINT('',(-41.3,-12.05551362713,4.));
#3071 = DIRECTION('',(0.,1.,0.));
#3072 = DIRECTION('',(-1.,0.,0.));
#3073 = ADVANCED_FACE('',(#3074),#3092,.F.);
#3074 = FACE_BOUND('',#3075,.F.);
#3075 = EDGE_LOOP('',(#3076,#3077,#3085,#3091));
#3076 = ORIENTED_EDGE('',*,*,#3062,.T.);
#3077 = ORIENTED_EDGE('',*,*,#3078,.T.);
#3078 = EDGE_CURVE('',#3055,#3079,#3081,.T.);
#3079 = VERTEX_POINT('',#3080);
#3080 = CARTESIAN_POINT('',(-46.4,-15.,2.));
#3081 = LINE('',#3082,#3083);
#3082 = CARTESIAN_POINT('',(-44.7,-12.05551362713,2.));
#3083 = VECTOR('',#3084,1.);
#3084 = DIRECTION('',(-0.5,-0.866025403784,0.));
#3085 = ORIENTED_EDGE('',*,*,#3086,.F.);
#3086 = EDGE_CURVE('',#819,#3079,#3087,.T.);
#3087 = LINE('',#3088,#3089);
#3088 = CARTESIAN_POINT('',(-46.4,-15.,4.));
#3089 = VECTOR('',#3090,1.);
#3090 = DIRECTION('',(-0.,-0.,-1.));
#3091 = ORIENTED_EDGE('',*,*,#826,.F.);
#3092 = PLANE('',#3093);
#3093 = AXIS2_PLACEMENT_3D('',#3094,#3095,#3096);
#3094 = CARTESIAN_POINT('',(-44.7,-12.05551362713,4.));
#3095 = DIRECTION('',(-0.866025403784,0.5,0.));
#3096 = DIRECTION('',(-0.5,-0.866025403784,0.));
#3097 = ADVANCED_FACE('',(#3098),#3116,.F.);
#3098 = FACE_BOUND('',#3099,.F.);
#3099 = EDGE_LOOP('',(#3100,#3101,#3109,#3115));
#3100 = ORIENTED_EDGE('',*,*,#3086,.T.);
#3101 = ORIENTED_EDGE('',*,*,#3102,.T.);
#3102 = EDGE_CURVE('',#3079,#3103,#3105,.T.);
#3103 = VERTEX_POINT('',#3104);
#3104 = CARTESIAN_POINT('',(-44.7,-17.94448637286,2.));
#3105 = LINE('',#3106,#3107);
#3106 = CARTESIAN_POINT('',(-46.4,-15.,2.));
#3107 = VECTOR('',#3108,1.);
#3108 = DIRECTION('',(0.5,-0.866025403784,0.));
#3109 = ORIENTED_EDGE('',*,*,#3110,.F.);
#3110 = EDGE_CURVE('',#811,#3103,#3111,.T.);
#3111 = LINE('',#3112,#3113);
#3112 = CARTESIAN_POINT('',(-44.7,-17.94448637286,4.));
#3113 = VECTOR('',#3114,1.);
#3114 = DIRECTION('',(-0.,-0.,-1.));
#3115 = ORIENTED_EDGE('',*,*,#818,.F.);
#3116 = PLANE('',#3117);
#3117 = AXIS2_PLACEMENT_3D('',#3118,#3119,#3120);
#3118 = CARTESIAN_POINT('',(-46.4,-15.,4.));
#3119 = DIRECTION('',(-0.866025403784,-0.5,0.));
#3120 = DIRECTION('',(0.5,-0.866025403784,0.));
#3121 = ADVANCED_FACE('',(#3122),#3140,.F.);
#3122 = FACE_BOUND('',#3123,.F.);
#3123 = EDGE_LOOP('',(#3124,#3125,#3133,#3139));
#3124 = ORIENTED_EDGE('',*,*,#3110,.T.);
#3125 = ORIENTED_EDGE('',*,*,#3126,.T.);
#3126 = EDGE_CURVE('',#3103,#3127,#3129,.T.);
#3127 = VERTEX_POINT('',#3128);
#3128 = CARTESIAN_POINT('',(-41.3,-17.94448637286,2.));
#3129 = LINE('',#3130,#3131);
#3130 = CARTESIAN_POINT('',(-44.7,-17.94448637286,2.));
#3131 = VECTOR('',#3132,1.);
#3132 = DIRECTION('',(1.,0.,0.));
#3133 = ORIENTED_EDGE('',*,*,#3134,.F.);
#3134 = EDGE_CURVE('',#803,#3127,#3135,.T.);
#3135 = LINE('',#3136,#3137);
#3136 = CARTESIAN_POINT('',(-41.3,-17.94448637286,4.));
#3137 = VECTOR('',#3138,1.);
#3138 = DIRECTION('',(-0.,-0.,-1.));
#3139 = ORIENTED_EDGE('',*,*,#810,.F.);
#3140 = PLANE('',#3141);
#3141 = AXIS2_PLACEMENT_3D('',#3142,#3143,#3144);
#3142 = CARTESIAN_POINT('',(-44.7,-17.94448637286,4.));
#3143 = DIRECTION('',(0.,-1.,0.));
#3144 = DIRECTION('',(1.,0.,0.));
#3145 = ADVANCED_FACE('',(#3146),#3157,.F.);
#3146 = FACE_BOUND('',#3147,.F.);
#3147 = EDGE_LOOP('',(#3148,#3149,#3155,#3156));
#3148 = ORIENTED_EDGE('',*,*,#3134,.T.);
#3149 = ORIENTED_EDGE('',*,*,#3150,.T.);
#3150 = EDGE_CURVE('',#3127,#3023,#3151,.T.);
#3151 = LINE('',#3152,#3153);
#3152 = CARTESIAN_POINT('',(-41.3,-17.94448637286,2.));
#3153 = VECTOR('',#3154,1.);
#3154 = DIRECTION('',(0.5,0.866025403784,0.));
#3155 = ORIENTED_EDGE('',*,*,#3022,.F.);
#3156 = ORIENTED_EDGE('',*,*,#802,.F.);
#3157 = PLANE('',#3158);
#3158 = AXIS2_PLACEMENT_3D('',#3159,#3160,#3161);
#3159 = CARTESIAN_POINT('',(-41.3,-17.94448637286,4.));
#3160 = DIRECTION('',(0.866025403784,-0.5,0.));
#3161 = DIRECTION('',(0.5,0.866025403784,0.));
#3162 = ADVANCED_FACE('',(#3163),#3188,.F.);
#3163 = FACE_BOUND('',#3164,.F.);
#3164 = EDGE_LOOP('',(#3165,#3173,#3181,#3187));
#3165 = ORIENTED_EDGE('',*,*,#3166,.T.);
#3166 = EDGE_CURVE('',#843,#3167,#3169,.T.);
#3167 = VERTEX_POINT('',#3168);
#3168 = CARTESIAN_POINT('',(-14.1,-12.,2.));
#3169 = LINE('',#3170,#3171);
#3170 = CARTESIAN_POINT('',(-14.1,-12.,4.));
#3171 = VECTOR('',#3172,1.);
#3172 = DIRECTION('',(-0.,-0.,-1.));
#3173 = ORIENTED_EDGE('',*,*,#3174,.T.);
#3174 = EDGE_CURVE('',#3167,#3175,#3177,.T.);
#3175 = VERTEX_POINT('',#3176);
#3176 = CARTESIAN_POINT('',(-15.8,-9.055513627133,2.));
#3177 = LINE('',#3178,#3179);
#3178 = CARTESIAN_POINT('',(-14.1,-12.,2.));
#3179 = VECTOR('',#3180,1.);
#3180 = DIRECTION('',(-0.5,0.866025403784,0.));
#3181 = ORIENTED_EDGE('',*,*,#3182,.F.);
#3182 = EDGE_CURVE('',#845,#3175,#3183,.T.);
#3183 = LINE('',#3184,#3185);
#3184 = CARTESIAN_POINT('',(-15.8,-9.055513627133,4.));
#3185 = VECTOR('',#3186,1.);
#3186 = DIRECTION('',(-0.,-0.,-1.));
#3187 = ORIENTED_EDGE('',*,*,#842,.F.);
#3188 = PLANE('',#3189);
#3189 = AXIS2_PLACEMENT_3D('',#3190,#3191,#3192);
#3190 = CARTESIAN_POINT('',(-14.1,-12.,4.));
#3191 = DIRECTION('',(0.866025403784,0.5,0.));
#3192 = DIRECTION('',(-0.5,0.866025403784,0.));
#3193 = ADVANCED_FACE('',(#3194),#3212,.F.);
#3194 = FACE_BOUND('',#3195,.F.);
#3195 = EDGE_LOOP('',(#3196,#3197,#3205,#3211));
#3196 = ORIENTED_EDGE('',*,*,#3182,.T.);
#3197 = ORIENTED_EDGE('',*,*,#3198,.T.);
#3198 = EDGE_CURVE('',#3175,#3199,#3201,.T.);
#3199 = VERTEX_POINT('',#3200);
#3200 = CARTESIAN_POINT('',(-19.2,-9.055513627133,2.));
#3201 = LINE('',#3202,#3203);
#3202 = CARTESIAN_POINT('',(-15.8,-9.055513627133,2.));
#3203 = VECTOR('',#3204,1.);
#3204 = DIRECTION('',(-1.,0.,0.));
#3205 = ORIENTED_EDGE('',*,*,#3206,.F.);
#3206 = EDGE_CURVE('',#877,#3199,#3207,.T.);
#3207 = LINE('',#3208,#3209);
#3208 = CARTESIAN_POINT('',(-19.2,-9.055513627133,4.));
#3209 = VECTOR('',#3210,1.);
#3210 = DIRECTION('',(-0.,-0.,-1.));
#3211 = ORIENTED_EDGE('',*,*,#884,.F.);
#3212 = PLANE('',#3213);
#3213 = AXIS2_PLACEMENT_3D('',#3214,#3215,#3216);
#3214 = CARTESIAN_POINT('',(-15.8,-9.055513627133,4.));
#3215 = DIRECTION('',(0.,1.,0.));
#3216 = DIRECTION('',(-1.,0.,0.));
#3217 = ADVANCED_FACE('',(#3218),#3236,.F.);
#3218 = FACE_BOUND('',#3219,.F.);
#3219 = EDGE_LOOP('',(#3220,#3221,#3229,#3235));
#3220 = ORIENTED_EDGE('',*,*,#3206,.T.);
#3221 = ORIENTED_EDGE('',*,*,#3222,.T.);
#3222 = EDGE_CURVE('',#3199,#3223,#3225,.T.);
#3223 = VERTEX_POINT('',#3224);
#3224 = CARTESIAN_POINT('',(-20.9,-12.,2.));
#3225 = LINE('',#3226,#3227);
#3226 = CARTESIAN_POINT('',(-19.2,-9.055513627133,2.));
#3227 = VECTOR('',#3228,1.);
#3228 = DIRECTION('',(-0.5,-0.866025403784,0.));
#3229 = ORIENTED_EDGE('',*,*,#3230,.F.);
#3230 = EDGE_CURVE('',#869,#3223,#3231,.T.);
#3231 = LINE('',#3232,#3233);
#3232 = CARTESIAN_POINT('',(-20.9,-12.,4.));
#3233 = VECTOR('',#3234,1.);
#3234 = DIRECTION('',(-0.,-0.,-1.));
#3235 = ORIENTED_EDGE('',*,*,#876,.F.);
#3236 = PLANE('',#3237);
#3237 = AXIS2_PLACEMENT_3D('',#3238,#3239,#3240);
#3238 = CARTESIAN_POINT('',(-19.2,-9.055513627133,4.));
#3239 = DIRECTION('',(-0.866025403784,0.5,0.));
#3240 = DIRECTION('',(-0.5,-0.866025403784,0.));
#3241 = ADVANCED_FACE('',(#3242),#3260,.F.);
#3242 = FACE_BOUND('',#3243,.F.);
#3243 = EDGE_LOOP('',(#3244,#3245,#3253,#3259));
#3244 = ORIENTED_EDGE('',*,*,#3230,.T.);
#3245 = ORIENTED_EDGE('',*,*,#3246,.T.);
#3246 = EDGE_CURVE('',#3223,#3247,#3249,.T.);
#3247 = VERTEX_POINT('',#3248);
#3248 = CARTESIAN_POINT('',(-19.2,-14.94448637286,2.));
#3249 = LINE('',#3250,#3251);
#3250 = CARTESIAN_POINT('',(-20.9,-12.,2.));
#3251 = VECTOR('',#3252,1.);
#3252 = DIRECTION('',(0.5,-0.866025403784,0.));
#3253 = ORIENTED_EDGE('',*,*,#3254,.F.);
#3254 = EDGE_CURVE('',#861,#3247,#3255,.T.);
#3255 = LINE('',#3256,#3257);
#3256 = CARTESIAN_POINT('',(-19.2,-14.94448637286,4.));
#3257 = VECTOR('',#3258,1.);
#3258 = DIRECTION('',(-0.,-0.,-1.));
#3259 = ORIENTED_EDGE('',*,*,#868,.F.);
#3260 = PLANE('',#3261);
#3261 = AXIS2_PLACEMENT_3D('',#3262,#3263,#3264);
#3262 = CARTESIAN_POINT('',(-20.9,-12.,4.));
#3263 = DIRECTION('',(-0.866025403784,-0.5,0.));
#3264 = DIRECTION('',(0.5,-0.866025403784,0.));
#3265 = ADVANCED_FACE('',(#3266),#3284,.F.);
#3266 = FACE_BOUND('',#3267,.F.);
#3267 = EDGE_LOOP('',(#3268,#3269,#3277,#3283));
#3268 = ORIENTED_EDGE('',*,*,#3254,.T.);
#3269 = ORIENTED_EDGE('',*,*,#3270,.T.);
#3270 = EDGE_CURVE('',#3247,#3271,#3273,.T.);
#3271 = VERTEX_POINT('',#3272);
#3272 = CARTESIAN_POINT('',(-15.8,-14.94448637286,2.));
#3273 = LINE('',#3274,#3275);
#3274 = CARTESIAN_POINT('',(-19.2,-14.94448637286,2.));
#3275 = VECTOR('',#3276,1.);
#3276 = DIRECTION('',(1.,0.,0.));
#3277 = ORIENTED_EDGE('',*,*,#3278,.F.);
#3278 = EDGE_CURVE('',#853,#3271,#3279,.T.);
#3279 = LINE('',#3280,#3281);
#3280 = CARTESIAN_POINT('',(-15.8,-14.94448637286,4.));
#3281 = VECTOR('',#3282,1.);
#3282 = DIRECTION('',(-0.,-0.,-1.));
#3283 = ORIENTED_EDGE('',*,*,#860,.F.);
#3284 = PLANE('',#3285);
#3285 = AXIS2_PLACEMENT_3D('',#3286,#3287,#3288);
#3286 = CARTESIAN_POINT('',(-19.2,-14.94448637286,4.));
#3287 = DIRECTION('',(0.,-1.,0.));
#3288 = DIRECTION('',(1.,0.,0.));
#3289 = ADVANCED_FACE('',(#3290),#3301,.F.);
#3290 = FACE_BOUND('',#3291,.F.);
#3291 = EDGE_LOOP('',(#3292,#3293,#3299,#3300));
#3292 = ORIENTED_EDGE('',*,*,#3278,.T.);
#3293 = ORIENTED_EDGE('',*,*,#3294,.T.);
#3294 = EDGE_CURVE('',#3271,#3167,#3295,.T.);
#3295 = LINE('',#3296,#3297);
#3296 = CARTESIAN_POINT('',(-15.8,-14.94448637286,2.));
#3297 = VECTOR('',#3298,1.);
#3298 = DIRECTION('',(0.5,0.866025403784,0.));
#3299 = ORIENTED_EDGE('',*,*,#3166,.F.);
#3300 = ORIENTED_EDGE('',*,*,#852,.F.);
#3301 = PLANE('',#3302);
#3302 = AXIS2_PLACEMENT_3D('',#3303,#3304,#3305);
#3303 = CARTESIAN_POINT('',(-15.8,-14.94448637286,4.));
#3304 = DIRECTION('',(0.866025403784,-0.5,0.));
#3305 = DIRECTION('',(0.5,0.866025403784,0.));
#3306 = ADVANCED_FACE('',(#3307),#3326,.F.);
#3307 = FACE_BOUND('',#3308,.T.);
#3308 = EDGE_LOOP('',(#3309,#3318,#3324,#3325));
#3309 = ORIENTED_EDGE('',*,*,#3310,.T.);
#3310 = EDGE_CURVE('',#3311,#3311,#3313,.T.);
#3311 = VERTEX_POINT('',#3312);
#3312 = CARTESIAN_POINT('',(21.5,-24.5,2.));
#3313 = CIRCLE('',#3314,1.5);
#3314 = AXIS2_PLACEMENT_3D('',#3315,#3316,#3317);
#3315 = CARTESIAN_POINT('',(20.,-24.5,2.));
#3316 = DIRECTION('',(0.,0.,-1.));
#3317 = DIRECTION('',(1.,0.,0.));
#3318 = ORIENTED_EDGE('',*,*,#3319,.T.);
#3319 = EDGE_CURVE('',#3311,#893,#3320,.T.);
#3320 = LINE('',#3321,#3322);
#3321 = CARTESIAN_POINT('',(21.5,-24.5,0.));
#3322 = VECTOR('',#3323,1.);
#3323 = DIRECTION('',(0.,0.,1.));
#3324 = ORIENTED_EDGE('',*,*,#892,.T.);
#3325 = ORIENTED_EDGE('',*,*,#3319,.F.);
#3326 = CYLINDRICAL_SURFACE('',#3327,1.5);
#3327 = AXIS2_PLACEMENT_3D('',#3328,#3329,#3330);
#3328 = CARTESIAN_POINT('',(20.,-24.5,0.));
#3329 = DIRECTION('',(-0.,-0.,-1.));
#3330 = DIRECTION('',(1.,0.,0.));
#3331 = ADVANCED_FACE('',(#3332),#3357,.F.);
#3332 = FACE_BOUND('',#3333,.F.);
#3333 = EDGE_LOOP('',(#3334,#3342,#3350,#3356));
#3334 = ORIENTED_EDGE('',*,*,#3335,.T.);
#3335 = EDGE_CURVE('',#904,#3336,#3338,.T.);
#3336 = VERTEX_POINT('',#3337);
#3337 = CARTESIAN_POINT('',(33.,-40.,2.));
#3338 = LINE('',#3339,#3340);
#3339 = CARTESIAN_POINT('',(33.,-40.,4.));
#3340 = VECTOR('',#3341,1.);
#3341 = DIRECTION('',(-0.,-0.,-1.));
#3342 = ORIENTED_EDGE('',*,*,#3343,.T.);
#3343 = EDGE_CURVE('',#3336,#3344,#3346,.T.);
#3344 = VERTEX_POINT('',#3345);
#3345 = CARTESIAN_POINT('',(31.5,-37.40192378864,2.));
#3346 = LINE('',#3347,#3348);
#3347 = CARTESIAN_POINT('',(33.,-40.,2.));
#3348 = VECTOR('',#3349,1.);
#3349 = DIRECTION('',(-0.5,0.866025403784,0.));
#3350 = ORIENTED_EDGE('',*,*,#3351,.F.);
#3351 = EDGE_CURVE('',#906,#3344,#3352,.T.);
#3352 = LINE('',#3353,#3354);
#3353 = CARTESIAN_POINT('',(31.5,-37.40192378864,4.));
#3354 = VECTOR('',#3355,1.);
#3355 = DIRECTION('',(-0.,-0.,-1.));
#3356 = ORIENTED_EDGE('',*,*,#903,.F.);
#3357 = PLANE('',#3358);
#3358 = AXIS2_PLACEMENT_3D('',#3359,#3360,#3361);
#3359 = CARTESIAN_POINT('',(33.,-40.,4.));
#3360 = DIRECTION('',(0.866025403784,0.5,0.));
#3361 = DIRECTION('',(-0.5,0.866025403784,0.));
#3362 = ADVANCED_FACE('',(#3363),#3381,.F.);
#3363 = FACE_BOUND('',#3364,.F.);
#3364 = EDGE_LOOP('',(#3365,#3366,#3374,#3380));
#3365 = ORIENTED_EDGE('',*,*,#3351,.T.);
#3366 = ORIENTED_EDGE('',*,*,#3367,.T.);
#3367 = EDGE_CURVE('',#3344,#3368,#3370,.T.);
#3368 = VERTEX_POINT('',#3369);
#3369 = CARTESIAN_POINT('',(28.5,-37.40192378864,2.));
#3370 = LINE('',#3371,#3372);
#3371 = CARTESIAN_POINT('',(31.5,-37.40192378864,2.));
#3372 = VECTOR('',#3373,1.);
#3373 = DIRECTION('',(-1.,0.,0.));
#3374 = ORIENTED_EDGE('',*,*,#3375,.F.);
#3375 = EDGE_CURVE('',#938,#3368,#3376,.T.);
#3376 = LINE('',#3377,#3378);
#3377 = CARTESIAN_POINT('',(28.5,-37.40192378864,4.));
#3378 = VECTOR('',#3379,1.);
#3379 = DIRECTION('',(-0.,-0.,-1.));
#3380 = ORIENTED_EDGE('',*,*,#945,.F.);
#3381 = PLANE('',#3382);
#3382 = AXIS2_PLACEMENT_3D('',#3383,#3384,#3385);
#3383 = CARTESIAN_POINT('',(31.5,-37.40192378864,4.));
#3384 = DIRECTION('',(0.,1.,0.));
#3385 = DIRECTION('',(-1.,0.,0.));
#3386 = ADVANCED_FACE('',(#3387),#3405,.F.);
#3387 = FACE_BOUND('',#3388,.F.);
#3388 = EDGE_LOOP('',(#3389,#3390,#3398,#3404));
#3389 = ORIENTED_EDGE('',*,*,#3375,.T.);
#3390 = ORIENTED_EDGE('',*,*,#3391,.T.);
#3391 = EDGE_CURVE('',#3368,#3392,#3394,.T.);
#3392 = VERTEX_POINT('',#3393);
#3393 = CARTESIAN_POINT('',(27.,-40.,2.));
#3394 = LINE('',#3395,#3396);
#3395 = CARTESIAN_POINT('',(28.5,-37.40192378864,2.));
#3396 = VECTOR('',#3397,1.);
#3397 = DIRECTION('',(-0.5,-0.866025403784,0.));
#3398 = ORIENTED_EDGE('',*,*,#3399,.F.);
#3399 = EDGE_CURVE('',#930,#3392,#3400,.T.);
#3400 = LINE('',#3401,#3402);
#3401 = CARTESIAN_POINT('',(27.,-40.,4.));
#3402 = VECTOR('',#3403,1.);
#3403 = DIRECTION('',(-0.,-0.,-1.));
#3404 = ORIENTED_EDGE('',*,*,#937,.F.);
#3405 = PLANE('',#3406);
#3406 = AXIS2_PLACEMENT_3D('',#3407,#3408,#3409);
#3407 = CARTESIAN_POINT('',(28.5,-37.40192378864,4.));
#3408 = DIRECTION('',(-0.866025403784,0.5,0.));
#3409 = DIRECTION('',(-0.5,-0.866025403784,0.));
#3410 = ADVANCED_FACE('',(#3411),#3429,.F.);
#3411 = FACE_BOUND('',#3412,.F.);
#3412 = EDGE_LOOP('',(#3413,#3414,#3422,#3428));
#3413 = ORIENTED_EDGE('',*,*,#3399,.T.);
#3414 = ORIENTED_EDGE('',*,*,#3415,.T.);
#3415 = EDGE_CURVE('',#3392,#3416,#3418,.T.);
#3416 = VERTEX_POINT('',#3417);
#3417 = CARTESIAN_POINT('',(28.5,-42.59807621135,2.));
#3418 = LINE('',#3419,#3420);
#3419 = CARTESIAN_POINT('',(27.,-40.,2.));
#3420 = VECTOR('',#3421,1.);
#3421 = DIRECTION('',(0.5,-0.866025403784,0.));
#3422 = ORIENTED_EDGE('',*,*,#3423,.F.);
#3423 = EDGE_CURVE('',#922,#3416,#3424,.T.);
#3424 = LINE('',#3425,#3426);
#3425 = CARTESIAN_POINT('',(28.5,-42.59807621135,4.));
#3426 = VECTOR('',#3427,1.);
#3427 = DIRECTION('',(-0.,-0.,-1.));
#3428 = ORIENTED_EDGE('',*,*,#929,.F.);
#3429 = PLANE('',#3430);
#3430 = AXIS2_PLACEMENT_3D('',#3431,#3432,#3433);
#3431 = CARTESIAN_POINT('',(27.,-40.,4.));
#3432 = DIRECTION('',(-0.866025403784,-0.5,0.));
#3433 = DIRECTION('',(0.5,-0.866025403784,0.));
#3434 = ADVANCED_FACE('',(#3435),#3453,.F.);
#3435 = FACE_BOUND('',#3436,.F.);
#3436 = EDGE_LOOP('',(#3437,#3438,#3446,#3452));
#3437 = ORIENTED_EDGE('',*,*,#3423,.T.);
#3438 = ORIENTED_EDGE('',*,*,#3439,.T.);
#3439 = EDGE_CURVE('',#3416,#3440,#3442,.T.);
#3440 = VERTEX_POINT('',#3441);
#3441 = CARTESIAN_POINT('',(31.5,-42.59807621135,2.));
#3442 = LINE('',#3443,#3444);
#3443 = CARTESIAN_POINT('',(28.5,-42.59807621135,2.));
#3444 = VECTOR('',#3445,1.);
#3445 = DIRECTION('',(1.,0.,0.));
#3446 = ORIENTED_EDGE('',*,*,#3447,.F.);
#3447 = EDGE_CURVE('',#914,#3440,#3448,.T.);
#3448 = LINE('',#3449,#3450);
#3449 = CARTESIAN_POINT('',(31.5,-42.59807621135,4.));
#3450 = VECTOR('',#3451,1.);
#3451 = DIRECTION('',(-0.,-0.,-1.));
#3452 = ORIENTED_EDGE('',*,*,#921,.F.);
#3453 = PLANE('',#3454);
#3454 = AXIS2_PLACEMENT_3D('',#3455,#3456,#3457);
#3455 = CARTESIAN_POINT('',(28.5,-42.59807621135,4.));
#3456 = DIRECTION('',(0.,-1.,0.));
#3457 = DIRECTION('',(1.,0.,0.));
#3458 = ADVANCED_FACE('',(#3459),#3470,.F.);
#3459 = FACE_BOUND('',#3460,.F.);
#3460 = EDGE_LOOP('',(#3461,#3462,#3468,#3469));
#3461 = ORIENTED_EDGE('',*,*,#3447,.T.);
#3462 = ORIENTED_EDGE('',*,*,#3463,.T.);
#3463 = EDGE_CURVE('',#3440,#3336,#3464,.T.);
#3464 = LINE('',#3465,#3466);
#3465 = CARTESIAN_POINT('',(31.5,-42.59807621135,2.));
#3466 = VECTOR('',#3467,1.);
#3467 = DIRECTION('',(0.5,0.866025403784,0.));
#3468 = ORIENTED_EDGE('',*,*,#3335,.F.);
#3469 = ORIENTED_EDGE('',*,*,#913,.F.);
#3470 = PLANE('',#3471);
#3471 = AXIS2_PLACEMENT_3D('',#3472,#3473,#3474);
#3472 = CARTESIAN_POINT('',(31.5,-42.59807621135,4.));
#3473 = DIRECTION('',(0.866025403784,-0.5,0.));
#3474 = DIRECTION('',(0.5,0.866025403784,0.));
#3475 = ADVANCED_FACE('',(#3476),#3501,.F.);
#3476 = FACE_BOUND('',#3477,.F.);
#3477 = EDGE_LOOP('',(#3478,#3486,#3494,#3500));
#3478 = ORIENTED_EDGE('',*,*,#3479,.T.);
#3479 = EDGE_CURVE('',#954,#3480,#3482,.T.);
#3480 = VERTEX_POINT('',#3481);
#3481 = CARTESIAN_POINT('',(51.,-40.,2.));
#3482 = LINE('',#3483,#3484);
#3483 = CARTESIAN_POINT('',(51.,-40.,4.));
#3484 = VECTOR('',#3485,1.);
#3485 = DIRECTION('',(-0.,-0.,-1.));
#3486 = ORIENTED_EDGE('',*,*,#3487,.T.);
#3487 = EDGE_CURVE('',#3480,#3488,#3490,.T.);
#3488 = VERTEX_POINT('',#3489);
#3489 = CARTESIAN_POINT('',(49.5,-37.40192378864,2.));
#3490 = LINE('',#3491,#3492);
#3491 = CARTESIAN_POINT('',(51.,-40.,2.));
#3492 = VECTOR('',#3493,1.);
#3493 = DIRECTION('',(-0.5,0.866025403784,0.));
#3494 = ORIENTED_EDGE('',*,*,#3495,.F.);
#3495 = EDGE_CURVE('',#956,#3488,#3496,.T.);
#3496 = LINE('',#3497,#3498);
#3497 = CARTESIAN_POINT('',(49.5,-37.40192378864,4.));
#3498 = VECTOR('',#3499,1.);
#3499 = DIRECTION('',(-0.,-0.,-1.));
#3500 = ORIENTED_EDGE('',*,*,#953,.F.);
#3501 = PLANE('',#3502);
#3502 = AXIS2_PLACEMENT_3D('',#3503,#3504,#3505);
#3503 = CARTESIAN_POINT('',(51.,-40.,4.));
#3504 = DIRECTION('',(0.866025403784,0.5,0.));
#3505 = DIRECTION('',(-0.5,0.866025403784,0.));
#3506 = ADVANCED_FACE('',(#3507),#3525,.F.);
#3507 = FACE_BOUND('',#3508,.F.);
#3508 = EDGE_LOOP('',(#3509,#3510,#3518,#3524));
#3509 = ORIENTED_EDGE('',*,*,#3495,.T.);
#3510 = ORIENTED_EDGE('',*,*,#3511,.T.);
#3511 = EDGE_CURVE('',#3488,#3512,#3514,.T.);
#3512 = VERTEX_POINT('',#3513);
#3513 = CARTESIAN_POINT('',(46.5,-37.40192378864,2.));
#3514 = LINE('',#3515,#3516);
#3515 = CARTESIAN_POINT('',(49.5,-37.40192378864,2.));
#3516 = VECTOR('',#3517,1.);
#3517 = DIRECTION('',(-1.,0.,0.));
#3518 = ORIENTED_EDGE('',*,*,#3519,.F.);
#3519 = EDGE_CURVE('',#988,#3512,#3520,.T.);
#3520 = LINE('',#3521,#3522);
#3521 = CARTESIAN_POINT('',(46.5,-37.40192378864,4.));
#3522 = VECTOR('',#3523,1.);
#3523 = DIRECTION('',(-0.,-0.,-1.));
#3524 = ORIENTED_EDGE('',*,*,#995,.F.);
#3525 = PLANE('',#3526);
#3526 = AXIS2_PLACEMENT_3D('',#3527,#3528,#3529);
#3527 = CARTESIAN_POINT('',(49.5,-37.40192378864,4.));
#3528 = DIRECTION('',(0.,1.,0.));
#3529 = DIRECTION('',(-1.,0.,0.));
#3530 = ADVANCED_FACE('',(#3531),#3549,.F.);
#3531 = FACE_BOUND('',#3532,.F.);
#3532 = EDGE_LOOP('',(#3533,#3534,#3542,#3548));
#3533 = ORIENTED_EDGE('',*,*,#3519,.T.);
#3534 = ORIENTED_EDGE('',*,*,#3535,.T.);
#3535 = EDGE_CURVE('',#3512,#3536,#3538,.T.);
#3536 = VERTEX_POINT('',#3537);
#3537 = CARTESIAN_POINT('',(45.,-40.,2.));
#3538 = LINE('',#3539,#3540);
#3539 = CARTESIAN_POINT('',(46.5,-37.40192378864,2.));
#3540 = VECTOR('',#3541,1.);
#3541 = DIRECTION('',(-0.5,-0.866025403784,0.));
#3542 = ORIENTED_EDGE('',*,*,#3543,.F.);
#3543 = EDGE_CURVE('',#980,#3536,#3544,.T.);
#3544 = LINE('',#3545,#3546);
#3545 = CARTESIAN_POINT('',(45.,-40.,4.));
#3546 = VECTOR('',#3547,1.);
#3547 = DIRECTION('',(-0.,-0.,-1.));
#3548 = ORIENTED_EDGE('',*,*,#987,.F.);
#3549 = PLANE('',#3550);
#3550 = AXIS2_PLACEMENT_3D('',#3551,#3552,#3553);
#3551 = CARTESIAN_POINT('',(46.5,-37.40192378864,4.));
#3552 = DIRECTION('',(-0.866025403784,0.5,0.));
#3553 = DIRECTION('',(-0.5,-0.866025403784,0.));
#3554 = ADVANCED_FACE('',(#3555),#3573,.F.);
#3555 = FACE_BOUND('',#3556,.F.);
#3556 = EDGE_LOOP('',(#3557,#3558,#3566,#3572));
#3557 = ORIENTED_EDGE('',*,*,#3543,.T.);
#3558 = ORIENTED_EDGE('',*,*,#3559,.T.);
#3559 = EDGE_CURVE('',#3536,#3560,#3562,.T.);
#3560 = VERTEX_POINT('',#3561);
#3561 = CARTESIAN_POINT('',(46.5,-42.59807621135,2.));
#3562 = LINE('',#3563,#3564);
#3563 = CARTESIAN_POINT('',(45.,-40.,2.));
#3564 = VECTOR('',#3565,1.);
#3565 = DIRECTION('',(0.5,-0.866025403784,0.));
#3566 = ORIENTED_EDGE('',*,*,#3567,.F.);
#3567 = EDGE_CURVE('',#972,#3560,#3568,.T.);
#3568 = LINE('',#3569,#3570);
#3569 = CARTESIAN_POINT('',(46.5,-42.59807621135,4.));
#3570 = VECTOR('',#3571,1.);
#3571 = DIRECTION('',(-0.,-0.,-1.));
#3572 = ORIENTED_EDGE('',*,*,#979,.F.);
#3573 = PLANE('',#3574);
#3574 = AXIS2_PLACEMENT_3D('',#3575,#3576,#3577);
#3575 = CARTESIAN_POINT('',(45.,-40.,4.));
#3576 = DIRECTION('',(-0.866025403784,-0.5,0.));
#3577 = DIRECTION('',(0.5,-0.866025403784,0.));
#3578 = ADVANCED_FACE('',(#3579),#3597,.F.);
#3579 = FACE_BOUND('',#3580,.F.);
#3580 = EDGE_LOOP('',(#3581,#3582,#3590,#3596));
#3581 = ORIENTED_EDGE('',*,*,#3567,.T.);
#3582 = ORIENTED_EDGE('',*,*,#3583,.T.);
#3583 = EDGE_CURVE('',#3560,#3584,#3586,.T.);
#3584 = VERTEX_POINT('',#3585);
#3585 = CARTESIAN_POINT('',(49.5,-42.59807621135,2.));
#3586 = LINE('',#3587,#3588);
#3587 = CARTESIAN_POINT('',(46.5,-42.59807621135,2.));
#3588 = VECTOR('',#3589,1.);
#3589 = DIRECTION('',(1.,0.,0.));
#3590 = ORIENTED_EDGE('',*,*,#3591,.F.);
#3591 = EDGE_CURVE('',#964,#3584,#3592,.T.);
#3592 = LINE('',#3593,#3594);
#3593 = CARTESIAN_POINT('',(49.5,-42.59807621135,4.));
#3594 = VECTOR('',#3595,1.);
#3595 = DIRECTION('',(-0.,-0.,-1.));
#3596 = ORIENTED_EDGE('',*,*,#971,.F.);
#3597 = PLANE('',#3598);
#3598 = AXIS2_PLACEMENT_3D('',#3599,#3600,#3601);
#3599 = CARTESIAN_POINT('',(46.5,-42.59807621135,4.));
#3600 = DIRECTION('',(0.,-1.,0.));
#3601 = DIRECTION('',(1.,0.,0.));
#3602 = ADVANCED_FACE('',(#3603),#3614,.F.);
#3603 = FACE_BOUND('',#3604,.F.);
#3604 = EDGE_LOOP('',(#3605,#3606,#3612,#3613));
#3605 = ORIENTED_EDGE('',*,*,#3591,.T.);
#3606 = ORIENTED_EDGE('',*,*,#3607,.T.);
#3607 = EDGE_CURVE('',#3584,#3480,#3608,.T.);
#3608 = LINE('',#3609,#3610);
#3609 = CARTESIAN_POINT('',(49.5,-42.59807621135,2.));
#3610 = VECTOR('',#3611,1.);
#3611 = DIRECTION('',(0.5,0.866025403784,0.));
#3612 = ORIENTED_EDGE('',*,*,#3479,.F.);
#3613 = ORIENTED_EDGE('',*,*,#963,.F.);
#3614 = PLANE('',#3615);
#3615 = AXIS2_PLACEMENT_3D('',#3616,#3617,#3618);
#3616 = CARTESIAN_POINT('',(49.5,-42.59807621135,4.));
#3617 = DIRECTION('',(0.866025403784,-0.5,0.));
#3618 = DIRECTION('',(0.5,0.866025403784,0.));
#3619 = ADVANCED_FACE('',(#3620),#3645,.F.);
#3620 = FACE_BOUND('',#3621,.F.);
#3621 = EDGE_LOOP('',(#3622,#3630,#3638,#3644));
#3622 = ORIENTED_EDGE('',*,*,#3623,.T.);
#3623 = EDGE_CURVE('',#1074,#3624,#3626,.T.);
#3624 = VERTEX_POINT('',#3625);
#3625 = CARTESIAN_POINT('',(25.9,-12.,2.));
#3626 = LINE('',#3627,#3628);
#3627 = CARTESIAN_POINT('',(25.9,-12.,4.));
#3628 = VECTOR('',#3629,1.);
#3629 = DIRECTION('',(-0.,-0.,-1.));
#3630 = ORIENTED_EDGE('',*,*,#3631,.T.);
#3631 = EDGE_CURVE('',#3624,#3632,#3634,.T.);
#3632 = VERTEX_POINT('',#3633);
#3633 = CARTESIAN_POINT('',(24.2,-9.055513627133,2.));
#3634 = LINE('',#3635,#3636);
#3635 = CARTESIAN_POINT('',(25.9,-12.,2.));
#3636 = VECTOR('',#3637,1.);
#3637 = DIRECTION('',(-0.5,0.866025403784,0.));
#3638 = ORIENTED_EDGE('',*,*,#3639,.F.);
#3639 = EDGE_CURVE('',#1076,#3632,#3640,.T.);
#3640 = LINE('',#3641,#3642);
#3641 = CARTESIAN_POINT('',(24.2,-9.055513627133,4.));
#3642 = VECTOR('',#3643,1.);
#3643 = DIRECTION('',(-0.,-0.,-1.));
#3644 = ORIENTED_EDGE('',*,*,#1073,.F.);
#3645 = PLANE('',#3646);
#3646 = AXIS2_PLACEMENT_3D('',#3647,#3648,#3649);
#3647 = CARTESIAN_POINT('',(25.9,-12.,4.));
#3648 = DIRECTION('',(0.866025403784,0.5,0.));
#3649 = DIRECTION('',(-0.5,0.866025403784,0.));
#3650 = ADVANCED_FACE('',(#3651),#3669,.F.);
#3651 = FACE_BOUND('',#3652,.F.);
#3652 = EDGE_LOOP('',(#3653,#3654,#3662,#3668));
#3653 = ORIENTED_EDGE('',*,*,#3639,.T.);
#3654 = ORIENTED_EDGE('',*,*,#3655,.T.);
#3655 = EDGE_CURVE('',#3632,#3656,#3658,.T.);
#3656 = VERTEX_POINT('',#3657);
#3657 = CARTESIAN_POINT('',(20.8,-9.055513627133,2.));
#3658 = LINE('',#3659,#3660);
#3659 = CARTESIAN_POINT('',(24.2,-9.055513627133,2.));
#3660 = VECTOR('',#3661,1.);
#3661 = DIRECTION('',(-1.,0.,0.));
#3662 = ORIENTED_EDGE('',*,*,#3663,.F.);
#3663 = EDGE_CURVE('',#1108,#3656,#3664,.T.);
#3664 = LINE('',#3665,#3666);
#3665 = CARTESIAN_POINT('',(20.8,-9.055513627133,4.));
#3666 = VECTOR('',#3667,1.);
#3667 = DIRECTION('',(-0.,-0.,-1.));
#3668 = ORIENTED_EDGE('',*,*,#1115,.F.);
#3669 = PLANE('',#3670);
#3670 = AXIS2_PLACEMENT_3D('',#3671,#3672,#3673);
#3671 = CARTESIAN_POINT('',(24.2,-9.055513627133,4.));
#3672 = DIRECTION('',(0.,1.,0.));
#3673 = DIRECTION('',(-1.,0.,0.));
#3674 = ADVANCED_FACE('',(#3675),#3693,.F.);
#3675 = FACE_BOUND('',#3676,.F.);
#3676 = EDGE_LOOP('',(#3677,#3678,#3686,#3692));
#3677 = ORIENTED_EDGE('',*,*,#3663,.T.);
#3678 = ORIENTED_EDGE('',*,*,#3679,.T.);
#3679 = EDGE_CURVE('',#3656,#3680,#3682,.T.);
#3680 = VERTEX_POINT('',#3681);
#3681 = CARTESIAN_POINT('',(19.1,-12.,2.));
#3682 = LINE('',#3683,#3684);
#3683 = CARTESIAN_POINT('',(20.8,-9.055513627133,2.));
#3684 = VECTOR('',#3685,1.);
#3685 = DIRECTION('',(-0.5,-0.866025403784,0.));
#3686 = ORIENTED_EDGE('',*,*,#3687,.F.);
#3687 = EDGE_CURVE('',#1100,#3680,#3688,.T.);
#3688 = LINE('',#3689,#3690);
#3689 = CARTESIAN_POINT('',(19.1,-12.,4.));
#3690 = VECTOR('',#3691,1.);
#3691 = DIRECTION('',(-0.,-0.,-1.));
#3692 = ORIENTED_EDGE('',*,*,#1107,.F.);
#3693 = PLANE('',#3694);
#3694 = AXIS2_PLACEMENT_3D('',#3695,#3696,#3697);
#3695 = CARTESIAN_POINT('',(20.8,-9.055513627133,4.));
#3696 = DIRECTION('',(-0.866025403784,0.5,0.));
#3697 = DIRECTION('',(-0.5,-0.866025403784,0.));
#3698 = ADVANCED_FACE('',(#3699),#3717,.F.);
#3699 = FACE_BOUND('',#3700,.F.);
#3700 = EDGE_LOOP('',(#3701,#3702,#3710,#3716));
#3701 = ORIENTED_EDGE('',*,*,#3687,.T.);
#3702 = ORIENTED_EDGE('',*,*,#3703,.T.);
#3703 = EDGE_CURVE('',#3680,#3704,#3706,.T.);
#3704 = VERTEX_POINT('',#3705);
#3705 = CARTESIAN_POINT('',(20.8,-14.94448637286,2.));
#3706 = LINE('',#3707,#3708);
#3707 = CARTESIAN_POINT('',(19.1,-12.,2.));
#3708 = VECTOR('',#3709,1.);
#3709 = DIRECTION('',(0.5,-0.866025403784,0.));
#3710 = ORIENTED_EDGE('',*,*,#3711,.F.);
#3711 = EDGE_CURVE('',#1092,#3704,#3712,.T.);
#3712 = LINE('',#3713,#3714);
#3713 = CARTESIAN_POINT('',(20.8,-14.94448637286,4.));
#3714 = VECTOR('',#3715,1.);
#3715 = DIRECTION('',(-0.,-0.,-1.));
#3716 = ORIENTED_EDGE('',*,*,#1099,.F.);
#3717 = PLANE('',#3718);
#3718 = AXIS2_PLACEMENT_3D('',#3719,#3720,#3721);
#3719 = CARTESIAN_POINT('',(19.1,-12.,4.));
#3720 = DIRECTION('',(-0.866025403784,-0.5,0.));
#3721 = DIRECTION('',(0.5,-0.866025403784,0.));
#3722 = ADVANCED_FACE('',(#3723),#3741,.F.);
#3723 = FACE_BOUND('',#3724,.F.);
#3724 = EDGE_LOOP('',(#3725,#3726,#3734,#3740));
#3725 = ORIENTED_EDGE('',*,*,#3711,.T.);
#3726 = ORIENTED_EDGE('',*,*,#3727,.T.);
#3727 = EDGE_CURVE('',#3704,#3728,#3730,.T.);
#3728 = VERTEX_POINT('',#3729);
#3729 = CARTESIAN_POINT('',(24.2,-14.94448637286,2.));
#3730 = LINE('',#3731,#3732);
#3731 = CARTESIAN_POINT('',(20.8,-14.94448637286,2.));
#3732 = VECTOR('',#3733,1.);
#3733 = DIRECTION('',(1.,0.,0.));
#3734 = ORIENTED_EDGE('',*,*,#3735,.F.);
#3735 = EDGE_CURVE('',#1084,#3728,#3736,.T.);
#3736 = LINE('',#3737,#3738);
#3737 = CARTESIAN_POINT('',(24.2,-14.94448637286,4.));
#3738 = VECTOR('',#3739,1.);
#3739 = DIRECTION('',(-0.,-0.,-1.));
#3740 = ORIENTED_EDGE('',*,*,#1091,.F.);
#3741 = PLANE('',#3742);
#3742 = AXIS2_PLACEMENT_3D('',#3743,#3744,#3745);
#3743 = CARTESIAN_POINT('',(20.8,-14.94448637286,4.));
#3744 = DIRECTION('',(0.,-1.,0.));
#3745 = DIRECTION('',(1.,0.,0.));
#3746 = ADVANCED_FACE('',(#3747),#3758,.F.);
#3747 = FACE_BOUND('',#3748,.F.);
#3748 = EDGE_LOOP('',(#3749,#3750,#3756,#3757));
#3749 = ORIENTED_EDGE('',*,*,#3735,.T.);
#3750 = ORIENTED_EDGE('',*,*,#3751,.T.);
#3751 = EDGE_CURVE('',#3728,#3624,#3752,.T.);
#3752 = LINE('',#3753,#3754);
#3753 = CARTESIAN_POINT('',(24.2,-14.94448637286,2.));
#3754 = VECTOR('',#3755,1.);
#3755 = DIRECTION('',(0.5,0.866025403784,0.));
#3756 = ORIENTED_EDGE('',*,*,#3623,.F.);
#3757 = ORIENTED_EDGE('',*,*,#1083,.F.);
#3758 = PLANE('',#3759);
#3759 = AXIS2_PLACEMENT_3D('',#3760,#3761,#3762);
#3760 = CARTESIAN_POINT('',(24.2,-14.94448637286,4.));
#3761 = DIRECTION('',(0.866025403784,-0.5,0.));
#3762 = DIRECTION('',(0.5,0.866025403784,0.));
#3763 = ADVANCED_FACE('',(#3764),#3789,.F.);
#3764 = FACE_BOUND('',#3765,.F.);
#3765 = EDGE_LOOP('',(#3766,#3774,#3782,#3788));
#3766 = ORIENTED_EDGE('',*,*,#3767,.T.);
#3767 = EDGE_CURVE('',#1124,#3768,#3770,.T.);
#3768 = VERTEX_POINT('',#3769);
#3769 = CARTESIAN_POINT('',(-59.6,15.,2.));
#3770 = LINE('',#3771,#3772);
#3771 = CARTESIAN_POINT('',(-59.6,15.,4.));
#3772 = VECTOR('',#3773,1.);
#3773 = DIRECTION('',(-0.,-0.,-1.));
#3774 = ORIENTED_EDGE('',*,*,#3775,.T.);
#3775 = EDGE_CURVE('',#3768,#3776,#3778,.T.);
#3776 = VERTEX_POINT('',#3777);
#3777 = CARTESIAN_POINT('',(-61.3,17.944486372867,2.));
#3778 = LINE('',#3779,#3780);
#3779 = CARTESIAN_POINT('',(-59.6,15.,2.));
#3780 = VECTOR('',#3781,1.);
#3781 = DIRECTION('',(-0.5,0.866025403784,0.));
#3782 = ORIENTED_EDGE('',*,*,#3783,.F.);
#3783 = EDGE_CURVE('',#1126,#3776,#3784,.T.);
#3784 = LINE('',#3785,#3786);
#3785 = CARTESIAN_POINT('',(-61.3,17.944486372867,4.));
#3786 = VECTOR('',#3787,1.);
#3787 = DIRECTION('',(-0.,-0.,-1.));
#3788 = ORIENTED_EDGE('',*,*,#1123,.F.);
#3789 = PLANE('',#3790);
#3790 = AXIS2_PLACEMENT_3D('',#3791,#3792,#3793);
#3791 = CARTESIAN_POINT('',(-59.6,15.,4.));
#3792 = DIRECTION('',(0.866025403784,0.5,0.));
#3793 = DIRECTION('',(-0.5,0.866025403784,0.));
#3794 = ADVANCED_FACE('',(#3795),#3813,.F.);
#3795 = FACE_BOUND('',#3796,.F.);
#3796 = EDGE_LOOP('',(#3797,#3798,#3806,#3812));
#3797 = ORIENTED_EDGE('',*,*,#3783,.T.);
#3798 = ORIENTED_EDGE('',*,*,#3799,.T.);
#3799 = EDGE_CURVE('',#3776,#3800,#3802,.T.);
#3800 = VERTEX_POINT('',#3801);
#3801 = CARTESIAN_POINT('',(-64.7,17.944486372867,2.));
#3802 = LINE('',#3803,#3804);
#3803 = CARTESIAN_POINT('',(-61.3,17.944486372867,2.));
#3804 = VECTOR('',#3805,1.);
#3805 = DIRECTION('',(-1.,0.,0.));
#3806 = ORIENTED_EDGE('',*,*,#3807,.F.);
#3807 = EDGE_CURVE('',#1158,#3800,#3808,.T.);
#3808 = LINE('',#3809,#3810);
#3809 = CARTESIAN_POINT('',(-64.7,17.944486372867,4.));
#3810 = VECTOR('',#3811,1.);
#3811 = DIRECTION('',(-0.,-0.,-1.));
#3812 = ORIENTED_EDGE('',*,*,#1165,.F.);
#3813 = PLANE('',#3814);
#3814 = AXIS2_PLACEMENT_3D('',#3815,#3816,#3817);
#3815 = CARTESIAN_POINT('',(-61.3,17.944486372867,4.));
#3816 = DIRECTION('',(0.,1.,0.));
#3817 = DIRECTION('',(-1.,0.,0.));
#3818 = ADVANCED_FACE('',(#3819),#3837,.F.);
#3819 = FACE_BOUND('',#3820,.F.);
#3820 = EDGE_LOOP('',(#3821,#3822,#3830,#3836));
#3821 = ORIENTED_EDGE('',*,*,#3807,.T.);
#3822 = ORIENTED_EDGE('',*,*,#3823,.T.);
#3823 = EDGE_CURVE('',#3800,#3824,#3826,.T.);
#3824 = VERTEX_POINT('',#3825);
#3825 = CARTESIAN_POINT('',(-66.4,15.,2.));
#3826 = LINE('',#3827,#3828);
#3827 = CARTESIAN_POINT('',(-64.7,17.944486372867,2.));
#3828 = VECTOR('',#3829,1.);
#3829 = DIRECTION('',(-0.5,-0.866025403784,0.));
#3830 = ORIENTED_EDGE('',*,*,#3831,.F.);
#3831 = EDGE_CURVE('',#1150,#3824,#3832,.T.);
#3832 = LINE('',#3833,#3834);
#3833 = CARTESIAN_POINT('',(-66.4,15.,4.));
#3834 = VECTOR('',#3835,1.);
#3835 = DIRECTION('',(-0.,-0.,-1.));
#3836 = ORIENTED_EDGE('',*,*,#1157,.F.);
#3837 = PLANE('',#3838);
#3838 = AXIS2_PLACEMENT_3D('',#3839,#3840,#3841);
#3839 = CARTESIAN_POINT('',(-64.7,17.944486372867,4.));
#3840 = DIRECTION('',(-0.866025403784,0.5,0.));
#3841 = DIRECTION('',(-0.5,-0.866025403784,0.));
#3842 = ADVANCED_FACE('',(#3843),#3861,.F.);
#3843 = FACE_BOUND('',#3844,.F.);
#3844 = EDGE_LOOP('',(#3845,#3846,#3854,#3860));
#3845 = ORIENTED_EDGE('',*,*,#3831,.T.);
#3846 = ORIENTED_EDGE('',*,*,#3847,.T.);
#3847 = EDGE_CURVE('',#3824,#3848,#3850,.T.);
#3848 = VERTEX_POINT('',#3849);
#3849 = CARTESIAN_POINT('',(-64.7,12.055513627133,2.));
#3850 = LINE('',#3851,#3852);
#3851 = CARTESIAN_POINT('',(-66.4,15.,2.));
#3852 = VECTOR('',#3853,1.);
#3853 = DIRECTION('',(0.5,-0.866025403784,0.));
#3854 = ORIENTED_EDGE('',*,*,#3855,.F.);
#3855 = EDGE_CURVE('',#1142,#3848,#3856,.T.);
#3856 = LINE('',#3857,#3858);
#3857 = CARTESIAN_POINT('',(-64.7,12.055513627133,4.));
#3858 = VECTOR('',#3859,1.);
#3859 = DIRECTION('',(-0.,-0.,-1.));
#3860 = ORIENTED_EDGE('',*,*,#1149,.F.);
#3861 = PLANE('',#3862);
#3862 = AXIS2_PLACEMENT_3D('',#3863,#3864,#3865);
#3863 = CARTESIAN_POINT('',(-66.4,15.,4.));
#3864 = DIRECTION('',(-0.866025403784,-0.5,0.));
#3865 = DIRECTION('',(0.5,-0.866025403784,0.));
#3866 = ADVANCED_FACE('',(#3867),#3885,.F.);
#3867 = FACE_BOUND('',#3868,.F.);
#3868 = EDGE_LOOP('',(#3869,#3870,#3878,#3884));
#3869 = ORIENTED_EDGE('',*,*,#3855,.T.);
#3870 = ORIENTED_EDGE('',*,*,#3871,.T.);
#3871 = EDGE_CURVE('',#3848,#3872,#3874,.T.);
#3872 = VERTEX_POINT('',#3873);
#3873 = CARTESIAN_POINT('',(-61.3,12.055513627133,2.));
#3874 = LINE('',#3875,#3876);
#3875 = CARTESIAN_POINT('',(-64.7,12.055513627133,2.));
#3876 = VECTOR('',#3877,1.);
#3877 = DIRECTION('',(1.,0.,0.));
#3878 = ORIENTED_EDGE('',*,*,#3879,.F.);
#3879 = EDGE_CURVE('',#1134,#3872,#3880,.T.);
#3880 = LINE('',#3881,#3882);
#3881 = CARTESIAN_POINT('',(-61.3,12.055513627133,4.));
#3882 = VECTOR('',#3883,1.);
#3883 = DIRECTION('',(-0.,-0.,-1.));
#3884 = ORIENTED_EDGE('',*,*,#1141,.F.);
#3885 = PLANE('',#3886);
#3886 = AXIS2_PLACEMENT_3D('',#3887,#3888,#3889);
#3887 = CARTESIAN_POINT('',(-64.7,12.055513627133,4.));
#3888 = DIRECTION('',(0.,-1.,0.));
#3889 = DIRECTION('',(1.,0.,0.));
#3890 = ADVANCED_FACE('',(#3891),#3902,.F.);
#3891 = FACE_BOUND('',#3892,.F.);
#3892 = EDGE_LOOP('',(#3893,#3894,#3900,#3901));
#3893 = ORIENTED_EDGE('',*,*,#3879,.T.);
#3894 = ORIENTED_EDGE('',*,*,#3895,.T.);
#3895 = EDGE_CURVE('',#3872,#3768,#3896,.T.);
#3896 = LINE('',#3897,#3898);
#3897 = CARTESIAN_POINT('',(-61.3,12.055513627133,2.));
#3898 = VECTOR('',#3899,1.);
#3899 = DIRECTION('',(0.5,0.866025403784,0.));
#3900 = ORIENTED_EDGE('',*,*,#3767,.F.);
#3901 = ORIENTED_EDGE('',*,*,#1133,.F.);
#3902 = PLANE('',#3903);
#3903 = AXIS2_PLACEMENT_3D('',#3904,#3905,#3906);
#3904 = CARTESIAN_POINT('',(-61.3,12.055513627133,4.));
#3905 = DIRECTION('',(0.866025403784,-0.5,0.));
#3906 = DIRECTION('',(0.5,0.866025403784,0.));
#3907 = ADVANCED_FACE('',(#3908),#3933,.F.);
#3908 = FACE_BOUND('',#3909,.F.);
#3909 = EDGE_LOOP('',(#3910,#3918,#3926,#3932));
#3910 = ORIENTED_EDGE('',*,*,#3911,.T.);
#3911 = EDGE_CURVE('',#1174,#3912,#3914,.T.);
#3912 = VERTEX_POINT('',#3913);
#3913 = CARTESIAN_POINT('',(-39.6,15.,2.));
#3914 = LINE('',#3915,#3916);
#3915 = CARTESIAN_POINT('',(-39.6,15.,4.));
#3916 = VECTOR('',#3917,1.);
#3917 = DIRECTION('',(-0.,-0.,-1.));
#3918 = ORIENTED_EDGE('',*,*,#3919,.T.);
#3919 = EDGE_CURVE('',#3912,#3920,#3922,.T.);
#3920 = VERTEX_POINT('',#3921);
#3921 = CARTESIAN_POINT('',(-41.3,17.944486372867,2.));
#3922 = LINE('',#3923,#3924);
#3923 = CARTESIAN_POINT('',(-39.6,15.,2.));
#3924 = VECTOR('',#3925,1.);
#3925 = DIRECTION('',(-0.5,0.866025403784,0.));
#3926 = ORIENTED_EDGE('',*,*,#3927,.F.);
#3927 = EDGE_CURVE('',#1176,#3920,#3928,.T.);
#3928 = LINE('',#3929,#3930);
#3929 = CARTESIAN_POINT('',(-41.3,17.944486372867,4.));
#3930 = VECTOR('',#3931,1.);
#3931 = DIRECTION('',(-0.,-0.,-1.));
#3932 = ORIENTED_EDGE('',*,*,#1173,.F.);
#3933 = PLANE('',#3934);
#3934 = AXIS2_PLACEMENT_3D('',#3935,#3936,#3937);
#3935 = CARTESIAN_POINT('',(-39.6,15.,4.));
#3936 = DIRECTION('',(0.866025403784,0.5,0.));
#3937 = DIRECTION('',(-0.5,0.866025403784,0.));
#3938 = ADVANCED_FACE('',(#3939),#3957,.F.);
#3939 = FACE_BOUND('',#3940,.F.);
#3940 = EDGE_LOOP('',(#3941,#3942,#3950,#3956));
#3941 = ORIENTED_EDGE('',*,*,#3927,.T.);
#3942 = ORIENTED_EDGE('',*,*,#3943,.T.);
#3943 = EDGE_CURVE('',#3920,#3944,#3946,.T.);
#3944 = VERTEX_POINT('',#3945);
#3945 = CARTESIAN_POINT('',(-44.7,17.944486372867,2.));
#3946 = LINE('',#3947,#3948);
#3947 = CARTESIAN_POINT('',(-41.3,17.944486372867,2.));
#3948 = VECTOR('',#3949,1.);
#3949 = DIRECTION('',(-1.,0.,0.));
#3950 = ORIENTED_EDGE('',*,*,#3951,.F.);
#3951 = EDGE_CURVE('',#1208,#3944,#3952,.T.);
#3952 = LINE('',#3953,#3954);
#3953 = CARTESIAN_POINT('',(-44.7,17.944486372867,4.));
#3954 = VECTOR('',#3955,1.);
#3955 = DIRECTION('',(-0.,-0.,-1.));
#3956 = ORIENTED_EDGE('',*,*,#1215,.F.);
#3957 = PLANE('',#3958);
#3958 = AXIS2_PLACEMENT_3D('',#3959,#3960,#3961);
#3959 = CARTESIAN_POINT('',(-41.3,17.944486372867,4.));
#3960 = DIRECTION('',(0.,1.,0.));
#3961 = DIRECTION('',(-1.,0.,0.));
#3962 = ADVANCED_FACE('',(#3963),#3981,.F.);
#3963 = FACE_BOUND('',#3964,.F.);
#3964 = EDGE_LOOP('',(#3965,#3966,#3974,#3980));
#3965 = ORIENTED_EDGE('',*,*,#3951,.T.);
#3966 = ORIENTED_EDGE('',*,*,#3967,.T.);
#3967 = EDGE_CURVE('',#3944,#3968,#3970,.T.);
#3968 = VERTEX_POINT('',#3969);
#3969 = CARTESIAN_POINT('',(-46.4,15.,2.));
#3970 = LINE('',#3971,#3972);
#3971 = CARTESIAN_POINT('',(-44.7,17.944486372867,2.));
#3972 = VECTOR('',#3973,1.);
#3973 = DIRECTION('',(-0.5,-0.866025403784,0.));
#3974 = ORIENTED_EDGE('',*,*,#3975,.F.);
#3975 = EDGE_CURVE('',#1200,#3968,#3976,.T.);
#3976 = LINE('',#3977,#3978);
#3977 = CARTESIAN_POINT('',(-46.4,15.,4.));
#3978 = VECTOR('',#3979,1.);
#3979 = DIRECTION('',(-0.,-0.,-1.));
#3980 = ORIENTED_EDGE('',*,*,#1207,.F.);
#3981 = PLANE('',#3982);
#3982 = AXIS2_PLACEMENT_3D('',#3983,#3984,#3985);
#3983 = CARTESIAN_POINT('',(-44.7,17.944486372867,4.));
#3984 = DIRECTION('',(-0.866025403784,0.5,0.));
#3985 = DIRECTION('',(-0.5,-0.866025403784,0.));
#3986 = ADVANCED_FACE('',(#3987),#4005,.F.);
#3987 = FACE_BOUND('',#3988,.F.);
#3988 = EDGE_LOOP('',(#3989,#3990,#3998,#4004));
#3989 = ORIENTED_EDGE('',*,*,#3975,.T.);
#3990 = ORIENTED_EDGE('',*,*,#3991,.T.);
#3991 = EDGE_CURVE('',#3968,#3992,#3994,.T.);
#3992 = VERTEX_POINT('',#3993);
#3993 = CARTESIAN_POINT('',(-44.7,12.055513627133,2.));
#3994 = LINE('',#3995,#3996);
#3995 = CARTESIAN_POINT('',(-46.4,15.,2.));
#3996 = VECTOR('',#3997,1.);
#3997 = DIRECTION('',(0.5,-0.866025403784,0.));
#3998 = ORIENTED_EDGE('',*,*,#3999,.F.);
#3999 = EDGE_CURVE('',#1192,#3992,#4000,.T.);
#4000 = LINE('',#4001,#4002);
#4001 = CARTESIAN_POINT('',(-44.7,12.055513627133,4.));
#4002 = VECTOR('',#4003,1.);
#4003 = DIRECTION('',(-0.,-0.,-1.));
#4004 = ORIENTED_EDGE('',*,*,#1199,.F.);
#4005 = PLANE('',#4006);
#4006 = AXIS2_PLACEMENT_3D('',#4007,#4008,#4009);
#4007 = CARTESIAN_POINT('',(-46.4,15.,4.));
#4008 = DIRECTION('',(-0.866025403784,-0.5,0.));
#4009 = DIRECTION('',(0.5,-0.866025403784,0.));
#4010 = ADVANCED_FACE('',(#4011),#4029,.F.);
#4011 = FACE_BOUND('',#4012,.F.);
#4012 = EDGE_LOOP('',(#4013,#4014,#4022,#4028));
#4013 = ORIENTED_EDGE('',*,*,#3999,.T.);
#4014 = ORIENTED_EDGE('',*,*,#4015,.T.);
#4015 = EDGE_CURVE('',#3992,#4016,#4018,.T.);
#4016 = VERTEX_POINT('',#4017);
#4017 = CARTESIAN_POINT('',(-41.3,12.055513627133,2.));
#4018 = LINE('',#4019,#4020);
#4019 = CARTESIAN_POINT('',(-44.7,12.055513627133,2.));
#4020 = VECTOR('',#4021,1.);
#4021 = DIRECTION('',(1.,0.,0.));
#4022 = ORIENTED_EDGE('',*,*,#4023,.F.);
#4023 = EDGE_CURVE('',#1184,#4016,#4024,.T.);
#4024 = LINE('',#4025,#4026);
#4025 = CARTESIAN_POINT('',(-41.3,12.055513627133,4.));
#4026 = VECTOR('',#4027,1.);
#4027 = DIRECTION('',(-0.,-0.,-1.));
#4028 = ORIENTED_EDGE('',*,*,#1191,.F.);
#4029 = PLANE('',#4030);
#4030 = AXIS2_PLACEMENT_3D('',#4031,#4032,#4033);
#4031 = CARTESIAN_POINT('',(-44.7,12.055513627133,4.));
#4032 = DIRECTION('',(0.,-1.,0.));
#4033 = DIRECTION('',(1.,0.,0.));
#4034 = ADVANCED_FACE('',(#4035),#4046,.F.);
#4035 = FACE_BOUND('',#4036,.F.);
#4036 = EDGE_LOOP('',(#4037,#4038,#4044,#4045));
#4037 = ORIENTED_EDGE('',*,*,#4023,.T.);
#4038 = ORIENTED_EDGE('',*,*,#4039,.T.);
#4039 = EDGE_CURVE('',#4016,#3912,#4040,.T.);
#4040 = LINE('',#4041,#4042);
#4041 = CARTESIAN_POINT('',(-41.3,12.055513627133,2.));
#4042 = VECTOR('',#4043,1.);
#4043 = DIRECTION('',(0.5,0.866025403784,0.));
#4044 = ORIENTED_EDGE('',*,*,#3911,.F.);
#4045 = ORIENTED_EDGE('',*,*,#1183,.F.);
#4046 = PLANE('',#4047);
#4047 = AXIS2_PLACEMENT_3D('',#4048,#4049,#4050);
#4048 = CARTESIAN_POINT('',(-41.3,12.055513627133,4.));
#4049 = DIRECTION('',(0.866025403784,-0.5,0.));
#4050 = DIRECTION('',(0.5,0.866025403784,0.));
#4051 = ADVANCED_FACE('',(#4052),#4077,.F.);
#4052 = FACE_BOUND('',#4053,.F.);
#4053 = EDGE_LOOP('',(#4054,#4062,#4070,#4076));
#4054 = ORIENTED_EDGE('',*,*,#4055,.T.);
#4055 = EDGE_CURVE('',#1224,#4056,#4058,.T.);
#4056 = VERTEX_POINT('',#4057);
#4057 = CARTESIAN_POINT('',(-14.09999999999,11.999999999999,2.));
#4058 = LINE('',#4059,#4060);
#4059 = CARTESIAN_POINT('',(-14.09999999999,11.999999999999,4.));
#4060 = VECTOR('',#4061,1.);
#4061 = DIRECTION('',(-0.,-0.,-1.));
#4062 = ORIENTED_EDGE('',*,*,#4063,.T.);
#4063 = EDGE_CURVE('',#4056,#4064,#4066,.T.);
#4064 = VERTEX_POINT('',#4065);
#4065 = CARTESIAN_POINT('',(-15.79999999999,14.944486372872,2.));
#4066 = LINE('',#4067,#4068);
#4067 = CARTESIAN_POINT('',(-14.09999999999,11.999999999999,2.));
#4068 = VECTOR('',#4069,1.);
#4069 = DIRECTION('',(-0.499999999999,0.866025403785,0.));
#4070 = ORIENTED_EDGE('',*,*,#4071,.F.);
#4071 = EDGE_CURVE('',#1226,#4064,#4072,.T.);
#4072 = LINE('',#4073,#4074);
#4073 = CARTESIAN_POINT('',(-15.79999999999,14.944486372872,4.));
#4074 = VECTOR('',#4075,1.);
#4075 = DIRECTION('',(-0.,-0.,-1.));
#4076 = ORIENTED_EDGE('',*,*,#1223,.F.);
#4077 = PLANE('',#4078);
#4078 = AXIS2_PLACEMENT_3D('',#4079,#4080,#4081);
#4079 = CARTESIAN_POINT('',(-14.09999999999,11.999999999999,4.));
#4080 = DIRECTION('',(0.866025403785,0.499999999999,0.));
#4081 = DIRECTION('',(-0.499999999999,0.866025403785,0.));
#4082 = ADVANCED_FACE('',(#4083),#4101,.F.);
#4083 = FACE_BOUND('',#4084,.F.);
#4084 = EDGE_LOOP('',(#4085,#4086,#4094,#4100));
#4085 = ORIENTED_EDGE('',*,*,#4071,.T.);
#4086 = ORIENTED_EDGE('',*,*,#4087,.T.);
#4087 = EDGE_CURVE('',#4064,#4088,#4090,.T.);
#4088 = VERTEX_POINT('',#4089);
#4089 = CARTESIAN_POINT('',(-19.2,14.944486372887,2.));
#4090 = LINE('',#4091,#4092);
#4091 = CARTESIAN_POINT('',(-15.79999999999,14.944486372872,2.));
#4092 = VECTOR('',#4093,1.);
#4093 = DIRECTION('',(-1.,4.44612E-12,0.));
#4094 = ORIENTED_EDGE('',*,*,#4095,.F.);
#4095 = EDGE_CURVE('',#1258,#4088,#4096,.T.);
#4096 = LINE('',#4097,#4098);
#4097 = CARTESIAN_POINT('',(-19.2,14.944486372887,4.));
#4098 = VECTOR('',#4099,1.);
#4099 = DIRECTION('',(-0.,-0.,-1.));
#4100 = ORIENTED_EDGE('',*,*,#1265,.F.);
#4101 = PLANE('',#4102);
#4102 = AXIS2_PLACEMENT_3D('',#4103,#4104,#4105);
#4103 = CARTESIAN_POINT('',(-15.79999999999,14.944486372872,4.));
#4104 = DIRECTION('',(4.44612E-12,1.,0.));
#4105 = DIRECTION('',(-1.,4.44612E-12,0.));
#4106 = ADVANCED_FACE('',(#4107),#4125,.F.);
#4107 = FACE_BOUND('',#4108,.F.);
#4108 = EDGE_LOOP('',(#4109,#4110,#4118,#4124));
#4109 = ORIENTED_EDGE('',*,*,#4095,.T.);
#4110 = ORIENTED_EDGE('',*,*,#4111,.T.);
#4111 = EDGE_CURVE('',#4088,#4112,#4114,.T.);
#4112 = VERTEX_POINT('',#4113);
#4113 = CARTESIAN_POINT('',(-20.9,11.999999999999,2.));
#4114 = LINE('',#4115,#4116);
#4115 = CARTESIAN_POINT('',(-19.2,14.944486372887,2.));
#4116 = VECTOR('',#4117,1.);
#4117 = DIRECTION('',(-0.499999999996,-0.866025403787,0.));
#4118 = ORIENTED_EDGE('',*,*,#4119,.F.);
#4119 = EDGE_CURVE('',#1250,#4112,#4120,.T.);
#4120 = LINE('',#4121,#4122);
#4121 = CARTESIAN_POINT('',(-20.9,11.999999999999,4.));
#4122 = VECTOR('',#4123,1.);
#4123 = DIRECTION('',(-0.,-0.,-1.));
#4124 = ORIENTED_EDGE('',*,*,#1257,.F.);
#4125 = PLANE('',#4126);
#4126 = AXIS2_PLACEMENT_3D('',#4127,#4128,#4129);
#4127 = CARTESIAN_POINT('',(-19.2,14.944486372887,4.));
#4128 = DIRECTION('',(-0.866025403787,0.499999999996,0.));
#4129 = DIRECTION('',(-0.499999999996,-0.866025403787,0.));
#4130 = ADVANCED_FACE('',(#4131),#4149,.F.);
#4131 = FACE_BOUND('',#4132,.F.);
#4132 = EDGE_LOOP('',(#4133,#4134,#4142,#4148));
#4133 = ORIENTED_EDGE('',*,*,#4119,.T.);
#4134 = ORIENTED_EDGE('',*,*,#4135,.T.);
#4135 = EDGE_CURVE('',#4112,#4136,#4138,.T.);
#4136 = VERTEX_POINT('',#4137);
#4137 = CARTESIAN_POINT('',(-19.20000000001,9.055513627117,2.));
#4138 = LINE('',#4139,#4140);
#4139 = CARTESIAN_POINT('',(-20.9,11.999999999999,2.));
#4140 = VECTOR('',#4141,1.);
#4141 = DIRECTION('',(0.499999999995,-0.866025403787,0.));
#4142 = ORIENTED_EDGE('',*,*,#4143,.F.);
#4143 = EDGE_CURVE('',#1242,#4136,#4144,.T.);
#4144 = LINE('',#4145,#4146);
#4145 = CARTESIAN_POINT('',(-19.20000000001,9.055513627117,4.));
#4146 = VECTOR('',#4147,1.);
#4147 = DIRECTION('',(-0.,-0.,-1.));
#4148 = ORIENTED_EDGE('',*,*,#1249,.F.);
#4149 = PLANE('',#4150);
#4150 = AXIS2_PLACEMENT_3D('',#4151,#4152,#4153);
#4151 = CARTESIAN_POINT('',(-20.9,11.999999999999,4.));
#4152 = DIRECTION('',(-0.866025403787,-0.499999999995,0.));
#4153 = DIRECTION('',(0.499999999995,-0.866025403787,0.));
#4154 = ADVANCED_FACE('',(#4155),#4173,.F.);
#4155 = FACE_BOUND('',#4156,.F.);
#4156 = EDGE_LOOP('',(#4157,#4158,#4166,#4172));
#4157 = ORIENTED_EDGE('',*,*,#4143,.T.);
#4158 = ORIENTED_EDGE('',*,*,#4159,.T.);
#4159 = EDGE_CURVE('',#4136,#4160,#4162,.T.);
#4160 = VERTEX_POINT('',#4161);
#4161 = CARTESIAN_POINT('',(-15.8,9.05551362713,2.));
#4162 = LINE('',#4163,#4164);
#4163 = CARTESIAN_POINT('',(-19.20000000001,9.055513627117,2.));
#4164 = VECTOR('',#4165,1.);
#4165 = DIRECTION('',(1.,3.67183E-12,0.));
#4166 = ORIENTED_EDGE('',*,*,#4167,.F.);
#4167 = EDGE_CURVE('',#1234,#4160,#4168,.T.);
#4168 = LINE('',#4169,#4170);
#4169 = CARTESIAN_POINT('',(-15.8,9.05551362713,4.));
#4170 = VECTOR('',#4171,1.);
#4171 = DIRECTION('',(-0.,-0.,-1.));
#4172 = ORIENTED_EDGE('',*,*,#1241,.F.);
#4173 = PLANE('',#4174);
#4174 = AXIS2_PLACEMENT_3D('',#4175,#4176,#4177);
#4175 = CARTESIAN_POINT('',(-19.20000000001,9.055513627117,4.));
#4176 = DIRECTION('',(3.67183E-12,-1.,0.));
#4177 = DIRECTION('',(1.,3.67183E-12,0.));
#4178 = ADVANCED_FACE('',(#4179),#4190,.F.);
#4179 = FACE_BOUND('',#4180,.F.);
#4180 = EDGE_LOOP('',(#4181,#4182,#4188,#4189));
#4181 = ORIENTED_EDGE('',*,*,#4167,.T.);
#4182 = ORIENTED_EDGE('',*,*,#4183,.T.);
#4183 = EDGE_CURVE('',#4160,#4056,#4184,.T.);
#4184 = LINE('',#4185,#4186);
#4185 = CARTESIAN_POINT('',(-15.8,9.05551362713,2.));
#4186 = VECTOR('',#4187,1.);
#4187 = DIRECTION('',(0.500000000002,0.866025403783,0.));
#4188 = ORIENTED_EDGE('',*,*,#4055,.F.);
#4189 = ORIENTED_EDGE('',*,*,#1233,.F.);
#4190 = PLANE('',#4191);
#4191 = AXIS2_PLACEMENT_3D('',#4192,#4193,#4194);
#4192 = CARTESIAN_POINT('',(-15.8,9.05551362713,4.));
#4193 = DIRECTION('',(0.866025403783,-0.500000000002,0.));
#4194 = DIRECTION('',(0.500000000002,0.866025403783,0.));
#4195 = ADVANCED_FACE('',(#4196),#4215,.F.);
#4196 = FACE_BOUND('',#4197,.T.);
#4197 = EDGE_LOOP('',(#4198,#4207,#4213,#4214));
#4198 = ORIENTED_EDGE('',*,*,#4199,.T.);
#4199 = EDGE_CURVE('',#4200,#4200,#4202,.T.);
#4200 = VERTEX_POINT('',#4201);
#4201 = CARTESIAN_POINT('',(-36.5,24.5,2.));
#4202 = CIRCLE('',#4203,1.5);
#4203 = AXIS2_PLACEMENT_3D('',#4204,#4205,#4206);
#4204 = CARTESIAN_POINT('',(-38.,24.5,2.));
#4205 = DIRECTION('',(0.,0.,-1.));
#4206 = DIRECTION('',(1.,0.,0.));
#4207 = ORIENTED_EDGE('',*,*,#4208,.T.);
#4208 = EDGE_CURVE('',#4200,#1274,#4209,.T.);
#4209 = LINE('',#4210,#4211);
#4210 = CARTESIAN_POINT('',(-36.5,24.5,0.));
#4211 = VECTOR('',#4212,1.);
#4212 = DIRECTION('',(0.,0.,1.));
#4213 = ORIENTED_EDGE('',*,*,#1273,.T.);
#4214 = ORIENTED_EDGE('',*,*,#4208,.F.);
#4215 = CYLINDRICAL_SURFACE('',#4216,1.5);
#4216 = AXIS2_PLACEMENT_3D('',#4217,#4218,#4219);
#4217 = CARTESIAN_POINT('',(-38.,24.5,0.));
#4218 = DIRECTION('',(-0.,-0.,-1.));
#4219 = DIRECTION('',(1.,0.,0.));
#4220 = ADVANCED_FACE('',(#4221),#4246,.F.);
#4221 = FACE_BOUND('',#4222,.F.);
#4222 = EDGE_LOOP('',(#4223,#4231,#4239,#4245));
#4223 = ORIENTED_EDGE('',*,*,#4224,.T.);
#4224 = EDGE_CURVE('',#1285,#4225,#4227,.T.);
#4225 = VERTEX_POINT('',#4226);
#4226 = CARTESIAN_POINT('',(25.900000000003,11.999999999999,2.));
#4227 = LINE('',#4228,#4229);
#4228 = CARTESIAN_POINT('',(25.900000000003,11.999999999999,4.));
#4229 = VECTOR('',#4230,1.);
#4230 = DIRECTION('',(-0.,-0.,-1.));
#4231 = ORIENTED_EDGE('',*,*,#4232,.T.);
#4232 = EDGE_CURVE('',#4225,#4233,#4235,.T.);
#4233 = VERTEX_POINT('',#4234);
#4234 = CARTESIAN_POINT('',(24.200000000001,14.944486372867,2.));
#4235 = LINE('',#4236,#4237);
#4236 = CARTESIAN_POINT('',(25.900000000003,11.999999999999,2.));
#4237 = VECTOR('',#4238,1.);
#4238 = DIRECTION('',(-0.500000000001,0.866025403784,0.));
#4239 = ORIENTED_EDGE('',*,*,#4240,.F.);
#4240 = EDGE_CURVE('',#1287,#4233,#4241,.T.);
#4241 = LINE('',#4242,#4243);
#4242 = CARTESIAN_POINT('',(24.200000000001,14.944486372867,4.));
#4243 = VECTOR('',#4244,1.);
#4244 = DIRECTION('',(-0.,-0.,-1.));
#4245 = ORIENTED_EDGE('',*,*,#1284,.F.);
#4246 = PLANE('',#4247);
#4247 = AXIS2_PLACEMENT_3D('',#4248,#4249,#4250);
#4248 = CARTESIAN_POINT('',(25.900000000003,11.999999999999,4.));
#4249 = DIRECTION('',(0.866025403784,0.500000000001,0.));
#4250 = DIRECTION('',(-0.500000000001,0.866025403784,0.));
#4251 = ADVANCED_FACE('',(#4252),#4270,.F.);
#4252 = FACE_BOUND('',#4253,.F.);
#4253 = EDGE_LOOP('',(#4254,#4255,#4263,#4269));
#4254 = ORIENTED_EDGE('',*,*,#4240,.T.);
#4255 = ORIENTED_EDGE('',*,*,#4256,.T.);
#4256 = EDGE_CURVE('',#4233,#4257,#4259,.T.);
#4257 = VERTEX_POINT('',#4258);
#4258 = CARTESIAN_POINT('',(20.799999999998,14.944486372871,2.));
#4259 = LINE('',#4260,#4261);
#4260 = CARTESIAN_POINT('',(24.200000000001,14.944486372867,2.));
#4261 = VECTOR('',#4262,1.);
#4262 = DIRECTION('',(-1.,1.29204E-12,0.));
#4263 = ORIENTED_EDGE('',*,*,#4264,.F.);
#4264 = EDGE_CURVE('',#1319,#4257,#4265,.T.);
#4265 = LINE('',#4266,#4267);
#4266 = CARTESIAN_POINT('',(20.799999999998,14.944486372871,4.));
#4267 = VECTOR('',#4268,1.);
#4268 = DIRECTION('',(-0.,-0.,-1.));
#4269 = ORIENTED_EDGE('',*,*,#1326,.F.);
#4270 = PLANE('',#4271);
#4271 = AXIS2_PLACEMENT_3D('',#4272,#4273,#4274);
#4272 = CARTESIAN_POINT('',(24.200000000001,14.944486372867,4.));
#4273 = DIRECTION('',(1.29204E-12,1.,0.));
#4274 = DIRECTION('',(-1.,1.29204E-12,0.));
#4275 = ADVANCED_FACE('',(#4276),#4294,.F.);
#4276 = FACE_BOUND('',#4277,.F.);
#4277 = EDGE_LOOP('',(#4278,#4279,#4287,#4293));
#4278 = ORIENTED_EDGE('',*,*,#4264,.T.);
#4279 = ORIENTED_EDGE('',*,*,#4280,.T.);
#4280 = EDGE_CURVE('',#4257,#4281,#4283,.T.);
#4281 = VERTEX_POINT('',#4282);
#4282 = CARTESIAN_POINT('',(19.1,11.999999999999,2.));
#4283 = LINE('',#4284,#4285);
#4284 = CARTESIAN_POINT('',(20.799999999998,14.944486372871,2.));
#4285 = VECTOR('',#4286,1.);
#4286 = DIRECTION('',(-0.499999999999,-0.866025403785,0.));
#4287 = ORIENTED_EDGE('',*,*,#4288,.F.);
#4288 = EDGE_CURVE('',#1311,#4281,#4289,.T.);
#4289 = LINE('',#4290,#4291);
#4290 = CARTESIAN_POINT('',(19.1,11.999999999999,4.));
#4291 = VECTOR('',#4292,1.);
#4292 = DIRECTION('',(-0.,-0.,-1.));
#4293 = ORIENTED_EDGE('',*,*,#1318,.F.);
#4294 = PLANE('',#4295);
#4295 = AXIS2_PLACEMENT_3D('',#4296,#4297,#4298);
#4296 = CARTESIAN_POINT('',(20.799999999998,14.944486372871,4.));
#4297 = DIRECTION('',(-0.866025403785,0.499999999999,0.));
#4298 = DIRECTION('',(-0.499999999999,-0.866025403785,0.));
#4299 = ADVANCED_FACE('',(#4300),#4318,.F.);
#4300 = FACE_BOUND('',#4301,.F.);
#4301 = EDGE_LOOP('',(#4302,#4303,#4311,#4317));
#4302 = ORIENTED_EDGE('',*,*,#4288,.T.);
#4303 = ORIENTED_EDGE('',*,*,#4304,.T.);
#4304 = EDGE_CURVE('',#4281,#4305,#4307,.T.);
#4305 = VERTEX_POINT('',#4306);
#4306 = CARTESIAN_POINT('',(20.800000000001,9.055513627131,2.));
#4307 = LINE('',#4308,#4309);
#4308 = CARTESIAN_POINT('',(19.1,11.999999999999,2.));
#4309 = VECTOR('',#4310,1.);
#4310 = DIRECTION('',(0.5,-0.866025403784,0.));
#4311 = ORIENTED_EDGE('',*,*,#4312,.F.);
#4312 = EDGE_CURVE('',#1303,#4305,#4313,.T.);
#4313 = LINE('',#4314,#4315);
#4314 = CARTESIAN_POINT('',(20.800000000001,9.055513627131,4.));
#4315 = VECTOR('',#4316,1.);
#4316 = DIRECTION('',(-0.,-0.,-1.));
#4317 = ORIENTED_EDGE('',*,*,#1310,.F.);
#4318 = PLANE('',#4319);
#4319 = AXIS2_PLACEMENT_3D('',#4320,#4321,#4322);
#4320 = CARTESIAN_POINT('',(19.1,11.999999999999,4.));
#4321 = DIRECTION('',(-0.866025403784,-0.5,0.));
#4322 = DIRECTION('',(0.5,-0.866025403784,0.));
#4323 = ADVANCED_FACE('',(#4324),#4342,.F.);
#4324 = FACE_BOUND('',#4325,.F.);
#4325 = EDGE_LOOP('',(#4326,#4327,#4335,#4341));
#4326 = ORIENTED_EDGE('',*,*,#4312,.T.);
#4327 = ORIENTED_EDGE('',*,*,#4328,.T.);
#4328 = EDGE_CURVE('',#4305,#4329,#4331,.T.);
#4329 = VERTEX_POINT('',#4330);
#4330 = CARTESIAN_POINT('',(24.200000000007,9.055513627128,2.));
#4331 = LINE('',#4332,#4333);
#4332 = CARTESIAN_POINT('',(20.800000000001,9.055513627131,2.));
#4333 = VECTOR('',#4334,1.);
#4334 = DIRECTION('',(1.,-8.725E-13,0.));
#4335 = ORIENTED_EDGE('',*,*,#4336,.F.);
#4336 = EDGE_CURVE('',#1295,#4329,#4337,.T.);
#4337 = LINE('',#4338,#4339);
#4338 = CARTESIAN_POINT('',(24.200000000007,9.055513627128,4.));
#4339 = VECTOR('',#4340,1.);
#4340 = DIRECTION('',(-0.,-0.,-1.));
#4341 = ORIENTED_EDGE('',*,*,#1302,.F.);
#4342 = PLANE('',#4343);
#4343 = AXIS2_PLACEMENT_3D('',#4344,#4345,#4346);
#4344 = CARTESIAN_POINT('',(20.800000000001,9.055513627131,4.));
#4345 = DIRECTION('',(-8.725E-13,-1.,0.));
#4346 = DIRECTION('',(1.,-8.725E-13,0.));
#4347 = ADVANCED_FACE('',(#4348),#4359,.F.);
#4348 = FACE_BOUND('',#4349,.F.);
#4349 = EDGE_LOOP('',(#4350,#4351,#4357,#4358));
#4350 = ORIENTED_EDGE('',*,*,#4336,.T.);
#4351 = ORIENTED_EDGE('',*,*,#4352,.T.);
#4352 = EDGE_CURVE('',#4329,#4225,#4353,.T.);
#4353 = LINE('',#4354,#4355);
#4354 = CARTESIAN_POINT('',(24.200000000007,9.055513627128,2.));
#4355 = VECTOR('',#4356,1.);
#4356 = DIRECTION('',(0.499999999999,0.866025403785,0.));
#4357 = ORIENTED_EDGE('',*,*,#4224,.F.);
#4358 = ORIENTED_EDGE('',*,*,#1294,.F.);
#4359 = PLANE('',#4360);
#4360 = AXIS2_PLACEMENT_3D('',#4361,#4362,#4363);
#4361 = CARTESIAN_POINT('',(24.200000000007,9.055513627128,4.));
#4362 = DIRECTION('',(0.866025403785,-0.499999999999,0.));
#4363 = DIRECTION('',(0.499999999999,0.866025403785,0.));
#4364 = ADVANCED_FACE('',(#4365),#4384,.F.);
#4365 = FACE_BOUND('',#4366,.T.);
#4366 = EDGE_LOOP('',(#4367,#4376,#4382,#4383));
#4367 = ORIENTED_EDGE('',*,*,#4368,.T.);
#4368 = EDGE_CURVE('',#4369,#4369,#4371,.T.);
#4369 = VERTEX_POINT('',#4370);
#4370 = CARTESIAN_POINT('',(21.5,24.5,2.));
#4371 = CIRCLE('',#4372,1.5);
#4372 = AXIS2_PLACEMENT_3D('',#4373,#4374,#4375);
#4373 = CARTESIAN_POINT('',(20.,24.5,2.));
#4374 = DIRECTION('',(0.,0.,-1.));
#4375 = DIRECTION('',(1.,0.,0.));
#4376 = ORIENTED_EDGE('',*,*,#4377,.T.);
#4377 = EDGE_CURVE('',#4369,#1335,#4378,.T.);
#4378 = LINE('',#4379,#4380);
#4379 = CARTESIAN_POINT('',(21.5,24.5,0.));
#4380 = VECTOR('',#4381,1.);
#4381 = DIRECTION('',(0.,0.,1.));
#4382 = ORIENTED_EDGE('',*,*,#1334,.T.);
#4383 = ORIENTED_EDGE('',*,*,#4377,.F.);
#4384 = CYLINDRICAL_SURFACE('',#4385,1.5);
#4385 = AXIS2_PLACEMENT_3D('',#4386,#4387,#4388);
#4386 = CARTESIAN_POINT('',(20.,24.5,0.));
#4387 = DIRECTION('',(-0.,-0.,-1.));
#4388 = DIRECTION('',(1.,0.,0.));
#4389 = ADVANCED_FACE('',(#4390),#4415,.F.);
#4390 = FACE_BOUND('',#4391,.F.);
#4391 = EDGE_LOOP('',(#4392,#4400,#4408,#4414));
#4392 = ORIENTED_EDGE('',*,*,#4393,.T.);
#4393 = EDGE_CURVE('',#1452,#4394,#4396,.T.);
#4394 = VERTEX_POINT('',#4395);
#4395 = CARTESIAN_POINT('',(33.,40.,2.));
#4396 = LINE('',#4397,#4398);
#4397 = CARTESIAN_POINT('',(33.,40.,4.));
#4398 = VECTOR('',#4399,1.);
#4399 = DIRECTION('',(-0.,-0.,-1.));
#4400 = ORIENTED_EDGE('',*,*,#4401,.T.);
#4401 = EDGE_CURVE('',#4394,#4402,#4404,.T.);
#4402 = VERTEX_POINT('',#4403);
#4403 = CARTESIAN_POINT('',(31.5,42.598076211353,2.));
#4404 = LINE('',#4405,#4406);
#4405 = CARTESIAN_POINT('',(33.,40.,2.));
#4406 = VECTOR('',#4407,1.);
#4407 = DIRECTION('',(-0.5,0.866025403784,0.));
#4408 = ORIENTED_EDGE('',*,*,#4409,.F.);
#4409 = EDGE_CURVE('',#1454,#4402,#4410,.T.);
#4410 = LINE('',#4411,#4412);
#4411 = CARTESIAN_POINT('',(31.5,42.598076211353,4.));
#4412 = VECTOR('',#4413,1.);
#4413 = DIRECTION('',(-0.,-0.,-1.));
#4414 = ORIENTED_EDGE('',*,*,#1451,.F.);
#4415 = PLANE('',#4416);
#4416 = AXIS2_PLACEMENT_3D('',#4417,#4418,#4419);
#4417 = CARTESIAN_POINT('',(33.,40.,4.));
#4418 = DIRECTION('',(0.866025403784,0.5,0.));
#4419 = DIRECTION('',(-0.5,0.866025403784,0.));
#4420 = ADVANCED_FACE('',(#4421),#4439,.F.);
#4421 = FACE_BOUND('',#4422,.F.);
#4422 = EDGE_LOOP('',(#4423,#4424,#4432,#4438));
#4423 = ORIENTED_EDGE('',*,*,#4409,.T.);
#4424 = ORIENTED_EDGE('',*,*,#4425,.T.);
#4425 = EDGE_CURVE('',#4402,#4426,#4428,.T.);
#4426 = VERTEX_POINT('',#4427);
#4427 = CARTESIAN_POINT('',(28.5,42.598076211353,2.));
#4428 = LINE('',#4429,#4430);
#4429 = CARTESIAN_POINT('',(31.5,42.598076211353,2.));
#4430 = VECTOR('',#4431,1.);
#4431 = DIRECTION('',(-1.,0.,0.));
#4432 = ORIENTED_EDGE('',*,*,#4433,.F.);
#4433 = EDGE_CURVE('',#1486,#4426,#4434,.T.);
#4434 = LINE('',#4435,#4436);
#4435 = CARTESIAN_POINT('',(28.5,42.598076211353,4.));
#4436 = VECTOR('',#4437,1.);
#4437 = DIRECTION('',(-0.,-0.,-1.));
#4438 = ORIENTED_EDGE('',*,*,#1493,.F.);
#4439 = PLANE('',#4440);
#4440 = AXIS2_PLACEMENT_3D('',#4441,#4442,#4443);
#4441 = CARTESIAN_POINT('',(31.5,42.598076211353,4.));
#4442 = DIRECTION('',(0.,1.,0.));
#4443 = DIRECTION('',(-1.,0.,0.));
#4444 = ADVANCED_FACE('',(#4445),#4463,.F.);
#4445 = FACE_BOUND('',#4446,.F.);
#4446 = EDGE_LOOP('',(#4447,#4448,#4456,#4462));
#4447 = ORIENTED_EDGE('',*,*,#4433,.T.);
#4448 = ORIENTED_EDGE('',*,*,#4449,.T.);
#4449 = EDGE_CURVE('',#4426,#4450,#4452,.T.);
#4450 = VERTEX_POINT('',#4451);
#4451 = CARTESIAN_POINT('',(27.,40.,2.));
#4452 = LINE('',#4453,#4454);
#4453 = CARTESIAN_POINT('',(28.5,42.598076211353,2.));
#4454 = VECTOR('',#4455,1.);
#4455 = DIRECTION('',(-0.5,-0.866025403784,0.));
#4456 = ORIENTED_EDGE('',*,*,#4457,.F.);
#4457 = EDGE_CURVE('',#1478,#4450,#4458,.T.);
#4458 = LINE('',#4459,#4460);
#4459 = CARTESIAN_POINT('',(27.,40.,4.));
#4460 = VECTOR('',#4461,1.);
#4461 = DIRECTION('',(-0.,-0.,-1.));
#4462 = ORIENTED_EDGE('',*,*,#1485,.F.);
#4463 = PLANE('',#4464);
#4464 = AXIS2_PLACEMENT_3D('',#4465,#4466,#4467);
#4465 = CARTESIAN_POINT('',(28.5,42.598076211353,4.));
#4466 = DIRECTION('',(-0.866025403784,0.5,0.));
#4467 = DIRECTION('',(-0.5,-0.866025403784,0.));
#4468 = ADVANCED_FACE('',(#4469),#4487,.F.);
#4469 = FACE_BOUND('',#4470,.F.);
#4470 = EDGE_LOOP('',(#4471,#4472,#4480,#4486));
#4471 = ORIENTED_EDGE('',*,*,#4457,.T.);
#4472 = ORIENTED_EDGE('',*,*,#4473,.T.);
#4473 = EDGE_CURVE('',#4450,#4474,#4476,.T.);
#4474 = VERTEX_POINT('',#4475);
#4475 = CARTESIAN_POINT('',(28.5,37.401923788647,2.));
#4476 = LINE('',#4477,#4478);
#4477 = CARTESIAN_POINT('',(27.,40.,2.));
#4478 = VECTOR('',#4479,1.);
#4479 = DIRECTION('',(0.5,-0.866025403784,0.));
#4480 = ORIENTED_EDGE('',*,*,#4481,.F.);
#4481 = EDGE_CURVE('',#1470,#4474,#4482,.T.);
#4482 = LINE('',#4483,#4484);
#4483 = CARTESIAN_POINT('',(28.5,37.401923788647,4.));
#4484 = VECTOR('',#4485,1.);
#4485 = DIRECTION('',(-0.,-0.,-1.));
#4486 = ORIENTED_EDGE('',*,*,#1477,.F.);
#4487 = PLANE('',#4488);
#4488 = AXIS2_PLACEMENT_3D('',#4489,#4490,#4491);
#4489 = CARTESIAN_POINT('',(27.,40.,4.));
#4490 = DIRECTION('',(-0.866025403784,-0.5,0.));
#4491 = DIRECTION('',(0.5,-0.866025403784,0.));
#4492 = ADVANCED_FACE('',(#4493),#4511,.F.);
#4493 = FACE_BOUND('',#4494,.F.);
#4494 = EDGE_LOOP('',(#4495,#4496,#4504,#4510));
#4495 = ORIENTED_EDGE('',*,*,#4481,.T.);
#4496 = ORIENTED_EDGE('',*,*,#4497,.T.);
#4497 = EDGE_CURVE('',#4474,#4498,#4500,.T.);
#4498 = VERTEX_POINT('',#4499);
#4499 = CARTESIAN_POINT('',(31.5,37.401923788647,2.));
#4500 = LINE('',#4501,#4502);
#4501 = CARTESIAN_POINT('',(28.5,37.401923788647,2.));
#4502 = VECTOR('',#4503,1.);
#4503 = DIRECTION('',(1.,0.,0.));
#4504 = ORIENTED_EDGE('',*,*,#4505,.F.);
#4505 = EDGE_CURVE('',#1462,#4498,#4506,.T.);
#4506 = LINE('',#4507,#4508);
#4507 = CARTESIAN_POINT('',(31.5,37.401923788647,4.));
#4508 = VECTOR('',#4509,1.);
#4509 = DIRECTION('',(-0.,-0.,-1.));
#4510 = ORIENTED_EDGE('',*,*,#1469,.F.);
#4511 = PLANE('',#4512);
#4512 = AXIS2_PLACEMENT_3D('',#4513,#4514,#4515);
#4513 = CARTESIAN_POINT('',(28.5,37.401923788647,4.));
#4514 = DIRECTION('',(0.,-1.,0.));
#4515 = DIRECTION('',(1.,0.,0.));
#4516 = ADVANCED_FACE('',(#4517),#4528,.F.);
#4517 = FACE_BOUND('',#4518,.F.);
#4518 = EDGE_LOOP('',(#4519,#4520,#4526,#4527));
#4519 = ORIENTED_EDGE('',*,*,#4505,.T.);
#4520 = ORIENTED_EDGE('',*,*,#4521,.T.);
#4521 = EDGE_CURVE('',#4498,#4394,#4522,.T.);
#4522 = LINE('',#4523,#4524);
#4523 = CARTESIAN_POINT('',(31.5,37.401923788647,2.));
#4524 = VECTOR('',#4525,1.);
#4525 = DIRECTION('',(0.5,0.866025403784,0.));
#4526 = ORIENTED_EDGE('',*,*,#4393,.F.);
#4527 = ORIENTED_EDGE('',*,*,#1461,.F.);
#4528 = PLANE('',#4529);
#4529 = AXIS2_PLACEMENT_3D('',#4530,#4531,#4532);
#4530 = CARTESIAN_POINT('',(31.5,37.401923788647,4.));
#4531 = DIRECTION('',(0.866025403784,-0.5,0.));
#4532 = DIRECTION('',(0.5,0.866025403784,0.));
#4533 = ADVANCED_FACE('',(#4534),#4559,.F.);
#4534 = FACE_BOUND('',#4535,.F.);
#4535 = EDGE_LOOP('',(#4536,#4544,#4552,#4558));
#4536 = ORIENTED_EDGE('',*,*,#4537,.T.);
#4537 = EDGE_CURVE('',#1502,#4538,#4540,.T.);
#4538 = VERTEX_POINT('',#4539);
#4539 = CARTESIAN_POINT('',(51.,40.,2.));
#4540 = LINE('',#4541,#4542);
#4541 = CARTESIAN_POINT('',(51.,40.,4.));
#4542 = VECTOR('',#4543,1.);
#4543 = DIRECTION('',(-0.,-0.,-1.));
#4544 = ORIENTED_EDGE('',*,*,#4545,.T.);
#4545 = EDGE_CURVE('',#4538,#4546,#4548,.T.);
#4546 = VERTEX_POINT('',#4547);
#4547 = CARTESIAN_POINT('',(49.5,42.598076211353,2.));
#4548 = LINE('',#4549,#4550);
#4549 = CARTESIAN_POINT('',(51.,40.,2.));
#4550 = VECTOR('',#4551,1.);
#4551 = DIRECTION('',(-0.5,0.866025403784,0.));
#4552 = ORIENTED_EDGE('',*,*,#4553,.F.);
#4553 = EDGE_CURVE('',#1504,#4546,#4554,.T.);
#4554 = LINE('',#4555,#4556);
#4555 = CARTESIAN_POINT('',(49.5,42.598076211353,4.));
#4556 = VECTOR('',#4557,1.);
#4557 = DIRECTION('',(-0.,-0.,-1.));
#4558 = ORIENTED_EDGE('',*,*,#1501,.F.);
#4559 = PLANE('',#4560);
#4560 = AXIS2_PLACEMENT_3D('',#4561,#4562,#4563);
#4561 = CARTESIAN_POINT('',(51.,40.,4.));
#4562 = DIRECTION('',(0.866025403784,0.5,0.));
#4563 = DIRECTION('',(-0.5,0.866025403784,0.));
#4564 = ADVANCED_FACE('',(#4565),#4583,.F.);
#4565 = FACE_BOUND('',#4566,.F.);
#4566 = EDGE_LOOP('',(#4567,#4568,#4576,#4582));
#4567 = ORIENTED_EDGE('',*,*,#4553,.T.);
#4568 = ORIENTED_EDGE('',*,*,#4569,.T.);
#4569 = EDGE_CURVE('',#4546,#4570,#4572,.T.);
#4570 = VERTEX_POINT('',#4571);
#4571 = CARTESIAN_POINT('',(46.5,42.598076211353,2.));
#4572 = LINE('',#4573,#4574);
#4573 = CARTESIAN_POINT('',(49.5,42.598076211353,2.));
#4574 = VECTOR('',#4575,1.);
#4575 = DIRECTION('',(-1.,0.,0.));
#4576 = ORIENTED_EDGE('',*,*,#4577,.F.);
#4577 = EDGE_CURVE('',#1536,#4570,#4578,.T.);
#4578 = LINE('',#4579,#4580);
#4579 = CARTESIAN_POINT('',(46.5,42.598076211353,4.));
#4580 = VECTOR('',#4581,1.);
#4581 = DIRECTION('',(-0.,-0.,-1.));
#4582 = ORIENTED_EDGE('',*,*,#1543,.F.);
#4583 = PLANE('',#4584);
#4584 = AXIS2_PLACEMENT_3D('',#4585,#4586,#4587);
#4585 = CARTESIAN_POINT('',(49.5,42.598076211353,4.));
#4586 = DIRECTION('',(0.,1.,0.));
#4587 = DIRECTION('',(-1.,0.,0.));
#4588 = ADVANCED_FACE('',(#4589),#4607,.F.);
#4589 = FACE_BOUND('',#4590,.F.);
#4590 = EDGE_LOOP('',(#4591,#4592,#4600,#4606));
#4591 = ORIENTED_EDGE('',*,*,#4577,.T.);
#4592 = ORIENTED_EDGE('',*,*,#4593,.T.);
#4593 = EDGE_CURVE('',#4570,#4594,#4596,.T.);
#4594 = VERTEX_POINT('',#4595);
#4595 = CARTESIAN_POINT('',(45.,40.,2.));
#4596 = LINE('',#4597,#4598);
#4597 = CARTESIAN_POINT('',(46.5,42.598076211353,2.));
#4598 = VECTOR('',#4599,1.);
#4599 = DIRECTION('',(-0.5,-0.866025403784,0.));
#4600 = ORIENTED_EDGE('',*,*,#4601,.F.);
#4601 = EDGE_CURVE('',#1528,#4594,#4602,.T.);
#4602 = LINE('',#4603,#4604);
#4603 = CARTESIAN_POINT('',(45.,40.,4.));
#4604 = VECTOR('',#4605,1.);
#4605 = DIRECTION('',(-0.,-0.,-1.));
#4606 = ORIENTED_EDGE('',*,*,#1535,.F.);
#4607 = PLANE('',#4608);
#4608 = AXIS2_PLACEMENT_3D('',#4609,#4610,#4611);
#4609 = CARTESIAN_POINT('',(46.5,42.598076211353,4.));
#4610 = DIRECTION('',(-0.866025403784,0.5,0.));
#4611 = DIRECTION('',(-0.5,-0.866025403784,0.));
#4612 = ADVANCED_FACE('',(#4613),#4631,.F.);
#4613 = FACE_BOUND('',#4614,.F.);
#4614 = EDGE_LOOP('',(#4615,#4616,#4624,#4630));
#4615 = ORIENTED_EDGE('',*,*,#4601,.T.);
#4616 = ORIENTED_EDGE('',*,*,#4617,.T.);
#4617 = EDGE_CURVE('',#4594,#4618,#4620,.T.);
#4618 = VERTEX_POINT('',#4619);
#4619 = CARTESIAN_POINT('',(46.5,37.401923788647,2.));
#4620 = LINE('',#4621,#4622);
#4621 = CARTESIAN_POINT('',(45.,40.,2.));
#4622 = VECTOR('',#4623,1.);
#4623 = DIRECTION('',(0.5,-0.866025403784,0.));
#4624 = ORIENTED_EDGE('',*,*,#4625,.F.);
#4625 = EDGE_CURVE('',#1520,#4618,#4626,.T.);
#4626 = LINE('',#4627,#4628);
#4627 = CARTESIAN_POINT('',(46.5,37.401923788647,4.));
#4628 = VECTOR('',#4629,1.);
#4629 = DIRECTION('',(-0.,-0.,-1.));
#4630 = ORIENTED_EDGE('',*,*,#1527,.F.);
#4631 = PLANE('',#4632);
#4632 = AXIS2_PLACEMENT_3D('',#4633,#4634,#4635);
#4633 = CARTESIAN_POINT('',(45.,40.,4.));
#4634 = DIRECTION('',(-0.866025403784,-0.5,0.));
#4635 = DIRECTION('',(0.5,-0.866025403784,0.));
#4636 = ADVANCED_FACE('',(#4637),#4655,.F.);
#4637 = FACE_BOUND('',#4638,.F.);
#4638 = EDGE_LOOP('',(#4639,#4640,#4648,#4654));
#4639 = ORIENTED_EDGE('',*,*,#4625,.T.);
#4640 = ORIENTED_EDGE('',*,*,#4641,.T.);
#4641 = EDGE_CURVE('',#4618,#4642,#4644,.T.);
#4642 = VERTEX_POINT('',#4643);
#4643 = CARTESIAN_POINT('',(49.5,37.401923788647,2.));
#4644 = LINE('',#4645,#4646);
#4645 = CARTESIAN_POINT('',(46.5,37.401923788647,2.));
#4646 = VECTOR('',#4647,1.);
#4647 = DIRECTION('',(1.,0.,0.));
#4648 = ORIENTED_EDGE('',*,*,#4649,.F.);
#4649 = EDGE_CURVE('',#1512,#4642,#4650,.T.);
#4650 = LINE('',#4651,#4652);
#4651 = CARTESIAN_POINT('',(49.5,37.401923788647,4.));
#4652 = VECTOR('',#4653,1.);
#4653 = DIRECTION('',(-0.,-0.,-1.));
#4654 = ORIENTED_EDGE('',*,*,#1519,.F.);
#4655 = PLANE('',#4656);
#4656 = AXIS2_PLACEMENT_3D('',#4657,#4658,#4659);
#4657 = CARTESIAN_POINT('',(46.5,37.401923788647,4.));
#4658 = DIRECTION('',(0.,-1.,0.));
#4659 = DIRECTION('',(1.,0.,0.));
#4660 = ADVANCED_FACE('',(#4661),#4672,.F.);
#4661 = FACE_BOUND('',#4662,.F.);
#4662 = EDGE_LOOP('',(#4663,#4664,#4670,#4671));
#4663 = ORIENTED_EDGE('',*,*,#4649,.T.);
#4664 = ORIENTED_EDGE('',*,*,#4665,.T.);
#4665 = EDGE_CURVE('',#4642,#4538,#4666,.T.);
#4666 = LINE('',#4667,#4668);
#4667 = CARTESIAN_POINT('',(49.5,37.401923788647,2.));
#4668 = VECTOR('',#4669,1.);
#4669 = DIRECTION('',(0.5,0.866025403784,0.));
#4670 = ORIENTED_EDGE('',*,*,#4537,.F.);
#4671 = ORIENTED_EDGE('',*,*,#1511,.F.);
#4672 = PLANE('',#4673);
#4673 = AXIS2_PLACEMENT_3D('',#4674,#4675,#4676);
#4674 = CARTESIAN_POINT('',(49.5,37.401923788647,4.));
#4675 = DIRECTION('',(0.866025403784,-0.5,0.));
#4676 = DIRECTION('',(0.5,0.866025403784,0.));
#4677 = ADVANCED_FACE('',(#4678,#4686),#4689,.F.);
#4678 = FACE_BOUND('',#4679,.T.);
#4679 = EDGE_LOOP('',(#4680,#4681,#4682,#4683,#4684,#4685));
#4680 = ORIENTED_EDGE('',*,*,#1765,.T.);
#4681 = ORIENTED_EDGE('',*,*,#1748,.T.);
#4682 = ORIENTED_EDGE('',*,*,#1724,.T.);
#4683 = ORIENTED_EDGE('',*,*,#1700,.T.);
#4684 = ORIENTED_EDGE('',*,*,#1676,.T.);
#4685 = ORIENTED_EDGE('',*,*,#1645,.T.);
#4686 = FACE_BOUND('',#4687,.F.);
#4687 = EDGE_LOOP('',(#4688));
#4688 = ORIENTED_EDGE('',*,*,#2853,.T.);
#4689 = PLANE('',#4690);
#4690 = AXIS2_PLACEMENT_3D('',#4691,#4692,#4693);
#4691 = CARTESIAN_POINT('',(-9.,-6.9E-16,2.));
#4692 = DIRECTION('',(0.,0.,1.));
#4693 = DIRECTION('',(1.,0.,0.));
#4694 = ADVANCED_FACE('',(#4695,#4703),#4706,.T.);
#4695 = FACE_BOUND('',#4696,.T.);
#4696 = EDGE_LOOP('',(#4697,#4698,#4699,#4700,#4701,#4702));
#4697 = ORIENTED_EDGE('',*,*,#2886,.T.);
#4698 = ORIENTED_EDGE('',*,*,#2910,.T.);
#4699 = ORIENTED_EDGE('',*,*,#2934,.T.);
#4700 = ORIENTED_EDGE('',*,*,#2958,.T.);
#4701 = ORIENTED_EDGE('',*,*,#2982,.T.);
#4702 = ORIENTED_EDGE('',*,*,#3006,.T.);
#4703 = FACE_BOUND('',#4704,.F.);
#4704 = EDGE_LOOP('',(#4705));
#4705 = ORIENTED_EDGE('',*,*,#1790,.T.);
#4706 = PLANE('',#4707);
#4707 = AXIS2_PLACEMENT_3D('',#4708,#4709,#4710);
#4708 = CARTESIAN_POINT('',(-5.821256058746,2.6519E-12,2.));
#4709 = DIRECTION('',(0.,0.,1.));
#4710 = DIRECTION('',(1.,0.,0.));
#4711 = ADVANCED_FACE('',(#4712,#4720),#4723,.T.);
#4712 = FACE_BOUND('',#4713,.T.);
#4713 = EDGE_LOOP('',(#4714,#4715,#4716,#4717,#4718,#4719));
#4714 = ORIENTED_EDGE('',*,*,#3030,.T.);
#4715 = ORIENTED_EDGE('',*,*,#3054,.T.);
#4716 = ORIENTED_EDGE('',*,*,#3078,.T.);
#4717 = ORIENTED_EDGE('',*,*,#3102,.T.);
#4718 = ORIENTED_EDGE('',*,*,#3126,.T.);
#4719 = ORIENTED_EDGE('',*,*,#3150,.T.);
#4720 = FACE_BOUND('',#4721,.F.);
#4721 = EDGE_LOOP('',(#4722));
#4722 = ORIENTED_EDGE('',*,*,#1815,.T.);
#4723 = PLANE('',#4724);
#4724 = AXIS2_PLACEMENT_3D('',#4725,#4726,#4727);
#4725 = CARTESIAN_POINT('',(-5.821256058746,2.6519E-12,2.));
#4726 = DIRECTION('',(0.,0.,1.));
#4727 = DIRECTION('',(1.,0.,0.));
#4728 = ADVANCED_FACE('',(#4729,#4737),#4740,.T.);
#4729 = FACE_BOUND('',#4730,.T.);
#4730 = EDGE_LOOP('',(#4731,#4732,#4733,#4734,#4735,#4736));
#4731 = ORIENTED_EDGE('',*,*,#3174,.T.);
#4732 = ORIENTED_EDGE('',*,*,#3198,.T.);
#4733 = ORIENTED_EDGE('',*,*,#3222,.T.);
#4734 = ORIENTED_EDGE('',*,*,#3246,.T.);
#4735 = ORIENTED_EDGE('',*,*,#3270,.T.);
#4736 = ORIENTED_EDGE('',*,*,#3294,.T.);
#4737 = FACE_BOUND('',#4738,.F.);
#4738 = EDGE_LOOP('',(#4739));
#4739 = ORIENTED_EDGE('',*,*,#1840,.T.);
#4740 = PLANE('',#4741);
#4741 = AXIS2_PLACEMENT_3D('',#4742,#4743,#4744);
#4742 = CARTESIAN_POINT('',(-5.821256058746,2.6519E-12,2.));
#4743 = DIRECTION('',(0.,0.,1.));
#4744 = DIRECTION('',(1.,0.,0.));
#4745 = ADVANCED_FACE('',(#4746,#4754),#4757,.T.);
#4746 = FACE_BOUND('',#4747,.T.);
#4747 = EDGE_LOOP('',(#4748,#4749,#4750,#4751,#4752,#4753));
#4748 = ORIENTED_EDGE('',*,*,#3343,.T.);
#4749 = ORIENTED_EDGE('',*,*,#3367,.T.);
#4750 = ORIENTED_EDGE('',*,*,#3391,.T.);
#4751 = ORIENTED_EDGE('',*,*,#3415,.T.);
#4752 = ORIENTED_EDGE('',*,*,#3439,.T.);
#4753 = ORIENTED_EDGE('',*,*,#3463,.T.);
#4754 = FACE_BOUND('',#4755,.F.);
#4755 = EDGE_LOOP('',(#4756));
#4756 = ORIENTED_EDGE('',*,*,#1865,.T.);
#4757 = PLANE('',#4758);
#4758 = AXIS2_PLACEMENT_3D('',#4759,#4760,#4761);
#4759 = CARTESIAN_POINT('',(-5.821256058746,2.6519E-12,2.));
#4760 = DIRECTION('',(0.,0.,1.));
#4761 = DIRECTION('',(1.,0.,0.));
#4762 = ADVANCED_FACE('',(#4763,#4771),#4774,.F.);
#4763 = FACE_BOUND('',#4764,.T.);
#4764 = EDGE_LOOP('',(#4765,#4766,#4767,#4768,#4769,#4770));
#4765 = ORIENTED_EDGE('',*,*,#2009,.T.);
#4766 = ORIENTED_EDGE('',*,*,#1992,.T.);
#4767 = ORIENTED_EDGE('',*,*,#1968,.T.);
#4768 = ORIENTED_EDGE('',*,*,#1944,.T.);
#4769 = ORIENTED_EDGE('',*,*,#1920,.T.);
#4770 = ORIENTED_EDGE('',*,*,#1889,.T.);
#4771 = FACE_BOUND('',#4772,.F.);
#4772 = EDGE_LOOP('',(#4773));
#4773 = ORIENTED_EDGE('',*,*,#3310,.T.);
#4774 = PLANE('',#4775);
#4775 = AXIS2_PLACEMENT_3D('',#4776,#4777,#4778);
#4776 = CARTESIAN_POINT('',(-9.,-6.9E-16,2.));
#4777 = DIRECTION('',(0.,0.,1.));
#4778 = DIRECTION('',(1.,0.,0.));
#4779 = ADVANCED_FACE('',(#4780,#4788),#4791,.T.);
#4780 = FACE_BOUND('',#4781,.T.);
#4781 = EDGE_LOOP('',(#4782,#4783,#4784,#4785,#4786,#4787));
#4782 = ORIENTED_EDGE('',*,*,#3487,.T.);
#4783 = ORIENTED_EDGE('',*,*,#3511,.T.);
#4784 = ORIENTED_EDGE('',*,*,#3535,.T.);
#4785 = ORIENTED_EDGE('',*,*,#3559,.T.);
#4786 = ORIENTED_EDGE('',*,*,#3583,.T.);
#4787 = ORIENTED_EDGE('',*,*,#3607,.T.);
#4788 = FACE_BOUND('',#4789,.F.);
#4789 = EDGE_LOOP('',(#4790));
#4790 = ORIENTED_EDGE('',*,*,#2034,.T.);
#4791 = PLANE('',#4792);
#4792 = AXIS2_PLACEMENT_3D('',#4793,#4794,#4795);
#4793 = CARTESIAN_POINT('',(-5.821256058746,2.6519E-12,2.));
#4794 = DIRECTION('',(0.,0.,1.));
#4795 = DIRECTION('',(1.,0.,0.));
#4796 = ADVANCED_FACE('',(#4797,#4805),#4808,.T.);
#4797 = FACE_BOUND('',#4798,.T.);
#4798 = EDGE_LOOP('',(#4799,#4800,#4801,#4802,#4803,#4804));
#4799 = ORIENTED_EDGE('',*,*,#3631,.T.);
#4800 = ORIENTED_EDGE('',*,*,#3655,.T.);
#4801 = ORIENTED_EDGE('',*,*,#3679,.T.);
#4802 = ORIENTED_EDGE('',*,*,#3703,.T.);
#4803 = ORIENTED_EDGE('',*,*,#3727,.T.);
#4804 = ORIENTED_EDGE('',*,*,#3751,.T.);
#4805 = FACE_BOUND('',#4806,.F.);
#4806 = EDGE_LOOP('',(#4807));
#4807 = ORIENTED_EDGE('',*,*,#2195,.T.);
#4808 = PLANE('',#4809);
#4809 = AXIS2_PLACEMENT_3D('',#4810,#4811,#4812);
#4810 = CARTESIAN_POINT('',(-5.821256058746,2.6519E-12,2.));
#4811 = DIRECTION('',(0.,0.,1.));
#4812 = DIRECTION('',(1.,0.,0.));
#4813 = ADVANCED_FACE('',(#4814,#4822),#4825,.T.);
#4814 = FACE_BOUND('',#4815,.T.);
#4815 = EDGE_LOOP('',(#4816,#4817,#4818,#4819,#4820,#4821));
#4816 = ORIENTED_EDGE('',*,*,#3775,.T.);
#4817 = ORIENTED_EDGE('',*,*,#3799,.T.);
#4818 = ORIENTED_EDGE('',*,*,#3823,.T.);
#4819 = ORIENTED_EDGE('',*,*,#3847,.T.);
#4820 = ORIENTED_EDGE('',*,*,#3871,.T.);
#4821 = ORIENTED_EDGE('',*,*,#3895,.T.);
#4822 = FACE_BOUND('',#4823,.F.);
#4823 = EDGE_LOOP('',(#4824));
#4824 = ORIENTED_EDGE('',*,*,#2220,.T.);
#4825 = PLANE('',#4826);
#4826 = AXIS2_PLACEMENT_3D('',#4827,#4828,#4829);
#4827 = CARTESIAN_POINT('',(-5.821256058746,2.6519E-12,2.));
#4828 = DIRECTION('',(0.,0.,1.));
#4829 = DIRECTION('',(1.,0.,0.));
#4830 = ADVANCED_FACE('',(#4831,#4839),#4842,.T.);
#4831 = FACE_BOUND('',#4832,.T.);
#4832 = EDGE_LOOP('',(#4833,#4834,#4835,#4836,#4837,#4838));
#4833 = ORIENTED_EDGE('',*,*,#3919,.T.);
#4834 = ORIENTED_EDGE('',*,*,#3943,.T.);
#4835 = ORIENTED_EDGE('',*,*,#3967,.T.);
#4836 = ORIENTED_EDGE('',*,*,#3991,.T.);
#4837 = ORIENTED_EDGE('',*,*,#4015,.T.);
#4838 = ORIENTED_EDGE('',*,*,#4039,.T.);
#4839 = FACE_BOUND('',#4840,.F.);
#4840 = EDGE_LOOP('',(#4841));
#4841 = ORIENTED_EDGE('',*,*,#2245,.T.);
#4842 = PLANE('',#4843);
#4843 = AXIS2_PLACEMENT_3D('',#4844,#4845,#4846);
#4844 = CARTESIAN_POINT('',(-5.821256058746,2.6519E-12,2.));
#4845 = DIRECTION('',(0.,0.,1.));
#4846 = DIRECTION('',(1.,0.,0.));
#4847 = ADVANCED_FACE('',(#4848,#4856),#4859,.T.);
#4848 = FACE_BOUND('',#4849,.T.);
#4849 = EDGE_LOOP('',(#4850,#4851,#4852,#4853,#4854,#4855));
#4850 = ORIENTED_EDGE('',*,*,#4063,.T.);
#4851 = ORIENTED_EDGE('',*,*,#4087,.T.);
#4852 = ORIENTED_EDGE('',*,*,#4111,.T.);
#4853 = ORIENTED_EDGE('',*,*,#4135,.T.);
#4854 = ORIENTED_EDGE('',*,*,#4159,.T.);
#4855 = ORIENTED_EDGE('',*,*,#4183,.T.);
#4856 = FACE_BOUND('',#4857,.F.);
#4857 = EDGE_LOOP('',(#4858));
#4858 = ORIENTED_EDGE('',*,*,#2270,.T.);
#4859 = PLANE('',#4860);
#4860 = AXIS2_PLACEMENT_3D('',#4861,#4862,#4863);
#4861 = CARTESIAN_POINT('',(-5.821256058746,2.6519E-12,2.));
#4862 = DIRECTION('',(0.,0.,1.));
#4863 = DIRECTION('',(1.,0.,0.));
#4864 = ADVANCED_FACE('',(#4865,#4873),#4876,.F.);
#4865 = FACE_BOUND('',#4866,.T.);
#4866 = EDGE_LOOP('',(#4867,#4868,#4869,#4870,#4871,#4872));
#4867 = ORIENTED_EDGE('',*,*,#2414,.T.);
#4868 = ORIENTED_EDGE('',*,*,#2397,.T.);
#4869 = ORIENTED_EDGE('',*,*,#2373,.T.);
#4870 = ORIENTED_EDGE('',*,*,#2349,.T.);
#4871 = ORIENTED_EDGE('',*,*,#2325,.T.);
#4872 = ORIENTED_EDGE('',*,*,#2294,.T.);
#4873 = FACE_BOUND('',#4874,.F.);
#4874 = EDGE_LOOP('',(#4875));
#4875 = ORIENTED_EDGE('',*,*,#4199,.T.);
#4876 = PLANE('',#4877);
#4877 = AXIS2_PLACEMENT_3D('',#4878,#4879,#4880);
#4878 = CARTESIAN_POINT('',(-9.,-6.9E-16,2.));
#4879 = DIRECTION('',(0.,0.,1.));
#4880 = DIRECTION('',(1.,0.,0.));
#4881 = ADVANCED_FACE('',(#4882,#4890),#4893,.T.);
#4882 = FACE_BOUND('',#4883,.T.);
#4883 = EDGE_LOOP('',(#4884,#4885,#4886,#4887,#4888,#4889));
#4884 = ORIENTED_EDGE('',*,*,#4232,.T.);
#4885 = ORIENTED_EDGE('',*,*,#4256,.T.);
#4886 = ORIENTED_EDGE('',*,*,#4280,.T.);
#4887 = ORIENTED_EDGE('',*,*,#4304,.T.);
#4888 = ORIENTED_EDGE('',*,*,#4328,.T.);
#4889 = ORIENTED_EDGE('',*,*,#4352,.T.);
#4890 = FACE_BOUND('',#4891,.F.);
#4891 = EDGE_LOOP('',(#4892));
#4892 = ORIENTED_EDGE('',*,*,#2439,.T.);
#4893 = PLANE('',#4894);
#4894 = AXIS2_PLACEMENT_3D('',#4895,#4896,#4897);
#4895 = CARTESIAN_POINT('',(-5.821256058746,2.6519E-12,2.));
#4896 = DIRECTION('',(0.,0.,1.));
#4897 = DIRECTION('',(1.,0.,0.));
#4898 = ADVANCED_FACE('',(#4899,#4907),#4910,.F.);
#4899 = FACE_BOUND('',#4900,.T.);
#4900 = EDGE_LOOP('',(#4901,#4902,#4903,#4904,#4905,#4906));
#4901 = ORIENTED_EDGE('',*,*,#2583,.T.);
#4902 = ORIENTED_EDGE('',*,*,#2566,.T.);
#4903 = ORIENTED_EDGE('',*,*,#2542,.T.);
#4904 = ORIENTED_EDGE('',*,*,#2518,.T.);
#4905 = ORIENTED_EDGE('',*,*,#2494,.T.);
#4906 = ORIENTED_EDGE('',*,*,#2463,.T.);
#4907 = FACE_BOUND('',#4908,.F.);
#4908 = EDGE_LOOP('',(#4909));
#4909 = ORIENTED_EDGE('',*,*,#4368,.T.);
#4910 = PLANE('',#4911);
#4911 = AXIS2_PLACEMENT_3D('',#4912,#4913,#4914);
#4912 = CARTESIAN_POINT('',(-9.,-6.9E-16,2.));
#4913 = DIRECTION('',(0.,0.,1.));
#4914 = DIRECTION('',(1.,0.,0.));
#4915 = ADVANCED_FACE('',(#4916,#4924),#4927,.T.);
#4916 = FACE_BOUND('',#4917,.T.);
#4917 = EDGE_LOOP('',(#4918,#4919,#4920,#4921,#4922,#4923));
#4918 = ORIENTED_EDGE('',*,*,#4401,.T.);
#4919 = ORIENTED_EDGE('',*,*,#4425,.T.);
#4920 = ORIENTED_EDGE('',*,*,#4449,.T.);
#4921 = ORIENTED_EDGE('',*,*,#4473,.T.);
#4922 = ORIENTED_EDGE('',*,*,#4497,.T.);
#4923 = ORIENTED_EDGE('',*,*,#4521,.T.);
#4924 = FACE_BOUND('',#4925,.F.);
#4925 = EDGE_LOOP('',(#4926));
#4926 = ORIENTED_EDGE('',*,*,#2608,.T.);
#4927 = PLANE('',#4928);
#4928 = AXIS2_PLACEMENT_3D('',#4929,#4930,#4931);
#4929 = CARTESIAN_POINT('',(-5.821256058746,2.6519E-12,2.));
#4930 = DIRECTION('',(0.,0.,1.));
#4931 = DIRECTION('',(1.,0.,0.));
#4932 = ADVANCED_FACE('',(#4933,#4941),#4944,.T.);
#4933 = FACE_BOUND('',#4934,.T.);
#4934 = EDGE_LOOP('',(#4935,#4936,#4937,#4938,#4939,#4940));
#4935 = ORIENTED_EDGE('',*,*,#4545,.T.);
#4936 = ORIENTED_EDGE('',*,*,#4569,.T.);
#4937 = ORIENTED_EDGE('',*,*,#4593,.T.);
#4938 = ORIENTED_EDGE('',*,*,#4617,.T.);
#4939 = ORIENTED_EDGE('',*,*,#4641,.T.);
#4940 = ORIENTED_EDGE('',*,*,#4665,.T.);
#4941 = FACE_BOUND('',#4942,.F.);
#4942 = EDGE_LOOP('',(#4943));
#4943 = ORIENTED_EDGE('',*,*,#2837,.T.);
#4944 = PLANE('',#4945);
#4945 = AXIS2_PLACEMENT_3D('',#4946,#4947,#4948);
#4946 = CARTESIAN_POINT('',(-5.821256058746,2.6519E-12,2.));
#4947 = DIRECTION('',(0.,0.,1.));
#4948 = DIRECTION('',(1.,0.,0.));
#4949 = ( GEOMETRIC_REPRESENTATION_CONTEXT(3) 
GLOBAL_UNCERTAINTY_ASSIGNED_CONTEXT((#4953)) 
GLOBAL_UNIT_ASSIGNED_CONTEXT((#4950,#4951,#4952)) REPRESENTATION_CONTEXT
('Context #1','3D Context with UNIT and UNCERTAINTY') );
#4950 = ( LENGTH_UNIT() NAMED_UNIT(*) SI_UNIT(.MILLI.,.METRE.) );
#4951 = ( NAMED_UNIT(*) PLANE_ANGLE_UNIT() SI_UNIT($,.RADIAN.) );
#4952 = ( NAMED_UNIT(*) SI_UNIT($,.STERADIAN.) SOLID_ANGLE_UNIT() );
#4953 = UNCERTAINTY_MEASURE_WITH_UNIT(LENGTH_MEASURE(1.E-07),#4950,
  'distance_accuracy_value','confusion accuracy');
#4954 = PRODUCT_RELATED_PRODUCT_CATEGORY('part',$,(#7));
#4955 = MECHANICAL_DESIGN_GEOMETRIC_PRESENTATION_REPRESENTATION('',(
    #4956),#4949);
#4956 = STYLED_ITEM('color',(#4957),#15);
#4957 = PRESENTATION_STYLE_ASSIGNMENT((#4958,#4964));
#4958 = SURFACE_STYLE_USAGE(.BOTH.,#4959);
#4959 = SURFACE_SIDE_STYLE('',(#4960));
#4960 = SURFACE_STYLE_FILL_AREA(#4961);
#4961 = FILL_AREA_STYLE('',(#4962));
#4962 = FILL_AREA_STYLE_COLOUR('',#4963);
#4963 = COLOUR_RGB('',0.709803936702,0.513725522276,0.352941187348);
#4964 = CURVE_STYLE('',#4965,POSITIVE_LENGTH_MEASURE(0.1),#4966);
#4965 = DRAUGHTING_PRE_DEFINED_CURVE_FONT('continuous');
#4966 = COLOUR_RGB('',9.803921802644E-02,9.803921802644E-02,
  9.803921802644E-02);
ENDSEC;
END-ISO-10303-21;
