ISO-10303-21;
HEADER;
FILE_DESCRIPTION(('FreeCAD Model'),'2;1');
FILE_NAME('Open CASCADE Shape Model','2026-10-07T18:57:29',(''),(''),
  'Open CASCADE STEP processor 7.8','FreeCAD','Unknown');
FILE_SCHEMA(('AUTOMOTIVE_DESIGN { 1 0 10303 214 1 1 1 1 }'));
ENDSEC;
DATA;
#1 = APPLICATION_PROTOCOL_DEFINITION('international standard',
  'automotive_design',2000,#2);
#2 = APPLICATION_CONTEXT(
  'core data for automotive mechanical design processes');
#3 = SHAPE_DEFINITION_REPRESENTATION(#4,#10);
#4 = PRODUCT_DEFINITION_SHAPE('','',#5);
#5 = PRODUCT_DEFINITION('design','',#6,#9);
#6 = PRODUCT_DEFINITION_FORMATION('','',#7);
#7 = PRODUCT('base_link','base_link','',(#8));
#8 = PRODUCT_CONTEXT('',#2,'mechanical');
#9 = PRODUCT_DEFINITION_CONTEXT('part definition',#2,'design');
#10 = ADVANCED_BREP_SHAPE_REPRESENTATION('',(#11,#15),#4213);
#11 = AXIS2_PLACEMENT_3D('',#12,#13,#14);
#12 = CARTESIAN_POINT('',(0.,0.,0.));
#13 = DIRECTION('',(0.,0.,1.));
#14 = DIRECTION('',(1.,0.,-0.));
#15 = MANIFOLD_SOLID_BREP('',#16);
#16 = CLOSED_SHELL('',(#17,#57,#90,#123,#682,#1397,#1414,#1431,#1448,
    #1465,#1477,#1508,#1532,#1556,#1580,#1604,#1621,#1646,#1671,#1696,
    #1721,#1752,#1776,#1800,#1824,#1848,#1865,#1890,#1912,#1929,#1946,
    #1963,#1980,#1997,#2014,#2026,#2051,#2076,#2101,#2126,#2157,#2181,
    #2205,#2229,#2253,#2270,#2295,#2326,#2350,#2374,#2398,#2422,#2439,
    #2464,#2486,#2503,#2520,#2537,#2554,#2571,#2588,#2600,#2622,#2639,
    #2656,#2668,#2693,#2718,#2749,#2773,#2797,#2821,#2845,#2862,#2893,
    #2917,#2941,#2965,#2989,#3006,#3037,#3061,#3085,#3109,#3133,#3150,
    #3175,#3191,#3207,#3238,#3262,#3286,#3310,#3334,#3351,#3382,#3406,
    #3430,#3454,#3478,#3495,#3526,#3550,#3574,#3598,#3622,#3639,#3670,
    #3694,#3718,#3742,#3766,#3783,#3808,#3839,#3863,#3887,#3911,#3935,
    #3952,#3977,#3993,#4009,#4026,#4043,#4060,#4077,#4094,#4111,#4128,
    #4145,#4162,#4179,#4196));
#17 = ADVANCED_FACE('',(#18),#52,.F.);
#18 = FACE_BOUND('',#19,.F.);
#19 = EDGE_LOOP('',(#20,#30,#38,#46));
#20 = ORIENTED_EDGE('',*,*,#21,.T.);
#21 = EDGE_CURVE('',#22,#24,#26,.T.);
#22 = VERTEX_POINT('',#23);
#23 = CARTESIAN_POINT('',(64.,46.,0.));
#24 = VERTEX_POINT('',#25);
#25 = CARTESIAN_POINT('',(64.,46.,4.));
#26 = LINE('',#27,#28);
#27 = CARTESIAN_POINT('',(64.,46.,0.));
#28 = VECTOR('',#29,1.);
#29 = DIRECTION('',(0.,0.,1.));
#30 = ORIENTED_EDGE('',*,*,#31,.T.);
#31 = EDGE_CURVE('',#24,#32,#34,.T.);
#32 = VERTEX_POINT('',#33);
#33 = CARTESIAN_POINT('',(-64.,46.,4.));
#34 = LINE('',#35,#36);
#35 = CARTESIAN_POINT('',(64.,46.,4.));
#36 = VECTOR('',#37,1.);
#37 = DIRECTION('',(-1.,0.,0.));
#38 = ORIENTED_EDGE('',*,*,#39,.F.);
#39 = EDGE_CURVE('',#40,#32,#42,.T.);
#40 = VERTEX_POINT('',#41);
#41 = CARTESIAN_POINT('',(-64.,46.,0.));
#42 = LINE('',#43,#44);
#43 = CARTESIAN_POINT('',(-64.,46.,0.));
#44 = VECTOR('',#45,1.);
#45 = DIRECTION('',(0.,0.,1.));
#46 = ORIENTED_EDGE('',*,*,#47,.F.);
#47 = EDGE_CURVE('',#22,#40,#48,.T.);
#48 = LINE('',#49,#50);
#49 = CARTESIAN_POINT('',(64.,46.,0.));
#50 = VECTOR('',#51,1.);
#51 = DIRECTION('',(-1.,0.,0.));
#52 = PLANE('',#53);
#53 = AXIS2_PLACEMENT_3D('',#54,#55,#56);
#54 = CARTESIAN_POINT('',(64.,46.,0.));
#55 = DIRECTION('',(0.,-1.,0.));
#56 = DIRECTION('',(-1.,0.,0.));
#57 = ADVANCED_FACE('',(#58),#85,.T.);
#58 = FACE_BOUND('',#59,.F.);
#59 = EDGE_LOOP('',(#60,#70,#77,#78));
#60 = ORIENTED_EDGE('',*,*,#61,.T.);
#61 = EDGE_CURVE('',#62,#64,#66,.T.);
#62 = VERTEX_POINT('',#63);
#63 = CARTESIAN_POINT('',(68.,42.,0.));
#64 = VERTEX_POINT('',#65);
#65 = CARTESIAN_POINT('',(68.,42.,4.));
#66 = LINE('',#67,#68);
#67 = CARTESIAN_POINT('',(68.,42.,0.));
#68 = VECTOR('',#69,1.);
#69 = DIRECTION('',(0.,0.,1.));
#70 = ORIENTED_EDGE('',*,*,#71,.T.);
#71 = EDGE_CURVE('',#64,#24,#72,.T.);
#72 = CIRCLE('',#73,4.);
#73 = AXIS2_PLACEMENT_3D('',#74,#75,#76);
#74 = CARTESIAN_POINT('',(64.,42.,4.));
#75 = DIRECTION('',(0.,0.,1.));
#76 = DIRECTION('',(1.,0.,0.));
#77 = ORIENTED_EDGE('',*,*,#21,.F.);
#78 = ORIENTED_EDGE('',*,*,#79,.F.);
#79 = EDGE_CURVE('',#62,#22,#80,.T.);
#80 = CIRCLE('',#81,4.);
#81 = AXIS2_PLACEMENT_3D('',#82,#83,#84);
#82 = CARTESIAN_POINT('',(64.,42.,0.));
#83 = DIRECTION('',(0.,0.,1.));
#84 = DIRECTION('',(1.,0.,0.));
#85 = CYLINDRICAL_SURFACE('',#86,4.);
#86 = AXIS2_PLACEMENT_3D('',#87,#88,#89);
#87 = CARTESIAN_POINT('',(64.,42.,0.));
#88 = DIRECTION('',(-0.,-0.,-1.));
#89 = DIRECTION('',(1.,0.,0.));
#90 = ADVANCED_FACE('',(#91),#118,.T.);
#91 = FACE_BOUND('',#92,.F.);
#92 = EDGE_LOOP('',(#93,#94,#103,#111));
#93 = ORIENTED_EDGE('',*,*,#39,.T.);
#94 = ORIENTED_EDGE('',*,*,#95,.T.);
#95 = EDGE_CURVE('',#32,#96,#98,.T.);
#96 = VERTEX_POINT('',#97);
#97 = CARTESIAN_POINT('',(-68.,42.,4.));
#98 = CIRCLE('',#99,4.);
#99 = AXIS2_PLACEMENT_3D('',#100,#101,#102);
#100 = CARTESIAN_POINT('',(-64.,42.,4.));
#101 = DIRECTION('',(0.,0.,1.));
#102 = DIRECTION('',(1.,0.,0.));
#103 = ORIENTED_EDGE('',*,*,#104,.F.);
#104 = EDGE_CURVE('',#105,#96,#107,.T.);
#105 = VERTEX_POINT('',#106);
#106 = CARTESIAN_POINT('',(-68.,42.,0.));
#107 = LINE('',#108,#109);
#108 = CARTESIAN_POINT('',(-68.,42.,0.));
#109 = VECTOR('',#110,1.);
#110 = DIRECTION('',(0.,0.,1.));
#111 = ORIENTED_EDGE('',*,*,#112,.F.);
#112 = EDGE_CURVE('',#40,#105,#113,.T.);
#113 = CIRCLE('',#114,4.);
#114 = AXIS2_PLACEMENT_3D('',#115,#116,#117);
#115 = CARTESIAN_POINT('',(-64.,42.,0.));
#116 = DIRECTION('',(0.,0.,1.));
#117 = DIRECTION('',(1.,0.,0.));
#118 = CYLINDRICAL_SURFACE('',#119,4.);
#119 = AXIS2_PLACEMENT_3D('',#120,#121,#122);
#120 = CARTESIAN_POINT('',(-64.,42.,0.));
#121 = DIRECTION('',(-0.,-0.,-1.));
#122 = DIRECTION('',(1.,0.,0.));
#123 = ADVANCED_FACE('',(#124,#169,#219,#230,#241,#252,#263,#313,#324,
    #394,#405,#416,#427,#438,#488,#499,#549,#560,#630,#666),#677,.F.);
#124 = FACE_BOUND('',#125,.F.);
#125 = EDGE_LOOP('',(#126,#127,#128,#136,#145,#153,#162,#168));
#126 = ORIENTED_EDGE('',*,*,#47,.T.);
#127 = ORIENTED_EDGE('',*,*,#112,.T.);
#128 = ORIENTED_EDGE('',*,*,#129,.T.);
#129 = EDGE_CURVE('',#105,#130,#132,.T.);
#130 = VERTEX_POINT('',#131);
#131 = CARTESIAN_POINT('',(-68.,-42.,0.));
#132 = LINE('',#133,#134);
#133 = CARTESIAN_POINT('',(-68.,42.,0.));
#134 = VECTOR('',#135,1.);
#135 = DIRECTION('',(0.,-1.,0.));
#136 = ORIENTED_EDGE('',*,*,#137,.T.);
#137 = EDGE_CURVE('',#130,#138,#140,.T.);
#138 = VERTEX_POINT('',#139);
#139 = CARTESIAN_POINT('',(-64.,-46.,0.));
#140 = CIRCLE('',#141,4.);
#141 = AXIS2_PLACEMENT_3D('',#142,#143,#144);
#142 = CARTESIAN_POINT('',(-64.,-42.,0.));
#143 = DIRECTION('',(0.,0.,1.));
#144 = DIRECTION('',(1.,0.,0.));
#145 = ORIENTED_EDGE('',*,*,#146,.T.);
#146 = EDGE_CURVE('',#138,#147,#149,.T.);
#147 = VERTEX_POINT('',#148);
#148 = CARTESIAN_POINT('',(64.,-46.,0.));
#149 = LINE('',#150,#151);
#150 = CARTESIAN_POINT('',(-64.,-46.,0.));
#151 = VECTOR('',#152,1.);
#152 = DIRECTION('',(1.,0.,0.));
#153 = ORIENTED_EDGE('',*,*,#154,.T.);
#154 = EDGE_CURVE('',#147,#155,#157,.T.);
#155 = VERTEX_POINT('',#156);
#156 = CARTESIAN_POINT('',(68.,-42.,0.));
#157 = CIRCLE('',#158,4.);
#158 = AXIS2_PLACEMENT_3D('',#159,#160,#161);
#159 = CARTESIAN_POINT('',(64.,-42.,0.));
#160 = DIRECTION('',(0.,0.,1.));
#161 = DIRECTION('',(1.,0.,0.));
#162 = ORIENTED_EDGE('',*,*,#163,.T.);
#163 = EDGE_CURVE('',#155,#62,#164,.T.);
#164 = LINE('',#165,#166);
#165 = CARTESIAN_POINT('',(68.,-42.,0.));
#166 = VECTOR('',#167,1.);
#167 = DIRECTION('',(0.,1.,0.));
#168 = ORIENTED_EDGE('',*,*,#79,.T.);
#169 = FACE_BOUND('',#170,.F.);
#170 = EDGE_LOOP('',(#171,#181,#189,#197,#205,#213));
#171 = ORIENTED_EDGE('',*,*,#172,.T.);
#172 = EDGE_CURVE('',#173,#175,#177,.T.);
#173 = VERTEX_POINT('',#174);
#174 = CARTESIAN_POINT('',(-36.5,-21.90192378864,0.));
#175 = VERTEX_POINT('',#176);
#176 = CARTESIAN_POINT('',(-35.,-24.5,0.));
#177 = LINE('',#178,#179);
#178 = CARTESIAN_POINT('',(-36.5,-21.90192378864,0.));
#179 = VECTOR('',#180,1.);
#180 = DIRECTION('',(0.5,-0.866025403784,0.));
#181 = ORIENTED_EDGE('',*,*,#182,.T.);
#182 = EDGE_CURVE('',#175,#183,#185,.T.);
#183 = VERTEX_POINT('',#184);
#184 = CARTESIAN_POINT('',(-36.5,-27.09807621135,0.));
#185 = LINE('',#186,#187);
#186 = CARTESIAN_POINT('',(-35.,-24.5,0.));
#187 = VECTOR('',#188,1.);
#188 = DIRECTION('',(-0.5,-0.866025403784,0.));
#189 = ORIENTED_EDGE('',*,*,#190,.T.);
#190 = EDGE_CURVE('',#183,#191,#193,.T.);
#191 = VERTEX_POINT('',#192);
#192 = CARTESIAN_POINT('',(-39.5,-27.09807621135,0.));
#193 = LINE('',#194,#195);
#194 = CARTESIAN_POINT('',(-36.5,-27.09807621135,0.));
#195 = VECTOR('',#196,1.);
#196 = DIRECTION('',(-1.,0.,0.));
#197 = ORIENTED_EDGE('',*,*,#198,.T.);
#198 = EDGE_CURVE('',#191,#199,#201,.T.);
#199 = VERTEX_POINT('',#200);
#200 = CARTESIAN_POINT('',(-41.,-24.5,0.));
#201 = LINE('',#202,#203);
#202 = CARTESIAN_POINT('',(-39.5,-27.09807621135,0.));
#203 = VECTOR('',#204,1.);
#204 = DIRECTION('',(-0.5,0.866025403784,-0.));
#205 = ORIENTED_EDGE('',*,*,#206,.T.);
#206 = EDGE_CURVE('',#199,#207,#209,.T.);
#207 = VERTEX_POINT('',#208);
#208 = CARTESIAN_POINT('',(-39.5,-21.90192378864,0.));
#209 = LINE('',#210,#211);
#210 = CARTESIAN_POINT('',(-41.,-24.5,0.));
#211 = VECTOR('',#212,1.);
#212 = DIRECTION('',(0.5,0.866025403784,0.));
#213 = ORIENTED_EDGE('',*,*,#214,.T.);
#214 = EDGE_CURVE('',#207,#173,#215,.T.);
#215 = LINE('',#216,#217);
#216 = CARTESIAN_POINT('',(-39.5,-21.90192378864,0.));
#217 = VECTOR('',#218,1.);
#218 = DIRECTION('',(1.,0.,0.));
#219 = FACE_BOUND('',#220,.F.);
#220 = EDGE_LOOP('',(#221));
#221 = ORIENTED_EDGE('',*,*,#222,.F.);
#222 = EDGE_CURVE('',#223,#223,#225,.T.);
#223 = VERTEX_POINT('',#224);
#224 = CARTESIAN_POINT('',(-61.5,-15.,0.));
#225 = CIRCLE('',#226,1.5);
#226 = AXIS2_PLACEMENT_3D('',#227,#228,#229);
#227 = CARTESIAN_POINT('',(-63.,-15.,0.));
#228 = DIRECTION('',(0.,0.,1.));
#229 = DIRECTION('',(1.,0.,0.));
#230 = FACE_BOUND('',#231,.F.);
#231 = EDGE_LOOP('',(#232));
#232 = ORIENTED_EDGE('',*,*,#233,.F.);
#233 = EDGE_CURVE('',#234,#234,#236,.T.);
#234 = VERTEX_POINT('',#235);
#235 = CARTESIAN_POINT('',(-41.5,-15.,0.));
#236 = CIRCLE('',#237,1.5);
#237 = AXIS2_PLACEMENT_3D('',#238,#239,#240);
#238 = CARTESIAN_POINT('',(-43.,-15.,0.));
#239 = DIRECTION('',(0.,0.,1.));
#240 = DIRECTION('',(1.,0.,0.));
#241 = FACE_BOUND('',#242,.F.);
#242 = EDGE_LOOP('',(#243));
#243 = ORIENTED_EDGE('',*,*,#244,.F.);
#244 = EDGE_CURVE('',#245,#245,#247,.T.);
#245 = VERTEX_POINT('',#246);
#246 = CARTESIAN_POINT('',(-16.,-12.,0.));
#247 = CIRCLE('',#248,1.5);
#248 = AXIS2_PLACEMENT_3D('',#249,#250,#251);
#249 = CARTESIAN_POINT('',(-17.5,-12.,0.));
#250 = DIRECTION('',(0.,0.,1.));
#251 = DIRECTION('',(1.,0.,0.));
#252 = FACE_BOUND('',#253,.F.);
#253 = EDGE_LOOP('',(#254));
#254 = ORIENTED_EDGE('',*,*,#255,.F.);
#255 = EDGE_CURVE('',#256,#256,#258,.T.);
#256 = VERTEX_POINT('',#257);
#257 = CARTESIAN_POINT('',(31.5,-40.,0.));
#258 = CIRCLE('',#259,1.5);
#259 = AXIS2_PLACEMENT_3D('',#260,#261,#262);
#260 = CARTESIAN_POINT('',(30.,-40.,0.));
#261 = DIRECTION('',(0.,0.,1.));
#262 = DIRECTION('',(1.,0.,0.));
#263 = FACE_BOUND('',#264,.F.);
#264 = EDGE_LOOP('',(#265,#275,#283,#291,#299,#307));
#265 = ORIENTED_EDGE('',*,*,#266,.T.);
#266 = EDGE_CURVE('',#267,#269,#271,.T.);
#267 = VERTEX_POINT('',#268);
#268 = CARTESIAN_POINT('',(21.5,-21.90192378864,0.));
#269 = VERTEX_POINT('',#270);
#270 = CARTESIAN_POINT('',(23.,-24.5,0.));
#271 = LINE('',#272,#273);
#272 = CARTESIAN_POINT('',(21.5,-21.90192378864,0.));
#273 = VECTOR('',#274,1.);
#274 = DIRECTION('',(0.5,-0.866025403784,0.));
#275 = ORIENTED_EDGE('',*,*,#276,.T.);
#276 = EDGE_CURVE('',#269,#277,#279,.T.);
#277 = VERTEX_POINT('',#278);
#278 = CARTESIAN_POINT('',(21.5,-27.09807621135,0.));
#279 = LINE('',#280,#281);
#280 = CARTESIAN_POINT('',(23.,-24.5,0.));
#281 = VECTOR('',#282,1.);
#282 = DIRECTION('',(-0.5,-0.866025403784,0.));
#283 = ORIENTED_EDGE('',*,*,#284,.T.);
#284 = EDGE_CURVE('',#277,#285,#287,.T.);
#285 = VERTEX_POINT('',#286);
#286 = CARTESIAN_POINT('',(18.5,-27.09807621135,0.));
#287 = LINE('',#288,#289);
#288 = CARTESIAN_POINT('',(21.5,-27.09807621135,0.));
#289 = VECTOR('',#290,1.);
#290 = DIRECTION('',(-1.,0.,0.));
#291 = ORIENTED_EDGE('',*,*,#292,.T.);
#292 = EDGE_CURVE('',#285,#293,#295,.T.);
#293 = VERTEX_POINT('',#294);
#294 = CARTESIAN_POINT('',(17.,-24.5,0.));
#295 = LINE('',#296,#297);
#296 = CARTESIAN_POINT('',(18.5,-27.09807621135,0.));
#297 = VECTOR('',#298,1.);
#298 = DIRECTION('',(-0.5,0.866025403784,-0.));
#299 = ORIENTED_EDGE('',*,*,#300,.T.);
#300 = EDGE_CURVE('',#293,#301,#303,.T.);
#301 = VERTEX_POINT('',#302);
#302 = CARTESIAN_POINT('',(18.5,-21.90192378864,0.));
#303 = LINE('',#304,#305);
#304 = CARTESIAN_POINT('',(17.,-24.5,0.));
#305 = VECTOR('',#306,1.);
#306 = DIRECTION('',(0.5,0.866025403784,0.));
#307 = ORIENTED_EDGE('',*,*,#308,.T.);
#308 = EDGE_CURVE('',#301,#267,#309,.T.);
#309 = LINE('',#310,#311);
#310 = CARTESIAN_POINT('',(18.5,-21.90192378864,0.));
#311 = VECTOR('',#312,1.);
#312 = DIRECTION('',(1.,0.,0.));
#313 = FACE_BOUND('',#314,.F.);
#314 = EDGE_LOOP('',(#315));
#315 = ORIENTED_EDGE('',*,*,#316,.F.);
#316 = EDGE_CURVE('',#317,#317,#319,.T.);
#317 = VERTEX_POINT('',#318);
#318 = CARTESIAN_POINT('',(49.5,-40.,0.));
#319 = CIRCLE('',#320,1.5);
#320 = AXIS2_PLACEMENT_3D('',#321,#322,#323);
#321 = CARTESIAN_POINT('',(48.,-40.,0.));
#322 = DIRECTION('',(0.,0.,1.));
#323 = DIRECTION('',(1.,0.,0.));
#324 = FACE_BOUND('',#325,.F.);
#325 = EDGE_LOOP('',(#326,#336,#345,#353,#362,#370,#379,#387));
#326 = ORIENTED_EDGE('',*,*,#327,.F.);
#327 = EDGE_CURVE('',#328,#330,#332,.T.);
#328 = VERTEX_POINT('',#329);
#329 = CARTESIAN_POINT('',(29.000000000152,-24.,0.));
#330 = VERTEX_POINT('',#331);
#331 = CARTESIAN_POINT('',(29.000000000152,-32.,0.));
#332 = LINE('',#333,#334);
#333 = CARTESIAN_POINT('',(29.000000000152,-24.,0.));
#334 = VECTOR('',#335,1.);
#335 = DIRECTION('',(0.,-1.,0.));
#336 = ORIENTED_EDGE('',*,*,#337,.F.);
#337 = EDGE_CURVE('',#338,#328,#340,.T.);
#338 = VERTEX_POINT('',#339);
#339 = CARTESIAN_POINT('',(31.000000000152,-22.,0.));
#340 = CIRCLE('',#341,2.);
#341 = AXIS2_PLACEMENT_3D('',#342,#343,#344);
#342 = CARTESIAN_POINT('',(31.000000000152,-24.,0.));
#343 = DIRECTION('',(0.,0.,1.));
#344 = DIRECTION('',(1.,0.,0.));
#345 = ORIENTED_EDGE('',*,*,#346,.F.);
#346 = EDGE_CURVE('',#347,#338,#349,.T.);
#347 = VERTEX_POINT('',#348);
#348 = CARTESIAN_POINT('',(47.000000000145,-22.,0.));
#349 = LINE('',#350,#351);
#350 = CARTESIAN_POINT('',(47.000000000145,-22.,0.));
#351 = VECTOR('',#352,1.);
#352 = DIRECTION('',(-1.,0.,0.));
#353 = ORIENTED_EDGE('',*,*,#354,.F.);
#354 = EDGE_CURVE('',#355,#347,#357,.T.);
#355 = VERTEX_POINT('',#356);
#356 = CARTESIAN_POINT('',(49.000000000145,-24.,0.));
#357 = CIRCLE('',#358,2.);
#358 = AXIS2_PLACEMENT_3D('',#359,#360,#361);
#359 = CARTESIAN_POINT('',(47.000000000145,-24.,0.));
#360 = DIRECTION('',(0.,0.,1.));
#361 = DIRECTION('',(1.,0.,0.));
#362 = ORIENTED_EDGE('',*,*,#363,.F.);
#363 = EDGE_CURVE('',#364,#355,#366,.T.);
#364 = VERTEX_POINT('',#365);
#365 = CARTESIAN_POINT('',(49.000000000145,-32.,0.));
#366 = LINE('',#367,#368);
#367 = CARTESIAN_POINT('',(49.000000000145,-32.,0.));
#368 = VECTOR('',#369,1.);
#369 = DIRECTION('',(0.,1.,0.));
#370 = ORIENTED_EDGE('',*,*,#371,.F.);
#371 = EDGE_CURVE('',#372,#364,#374,.T.);
#372 = VERTEX_POINT('',#373);
#373 = CARTESIAN_POINT('',(47.000000000145,-34.,0.));
#374 = CIRCLE('',#375,2.);
#375 = AXIS2_PLACEMENT_3D('',#376,#377,#378);
#376 = CARTESIAN_POINT('',(47.000000000145,-32.,0.));
#377 = DIRECTION('',(0.,0.,1.));
#378 = DIRECTION('',(1.,0.,0.));
#379 = ORIENTED_EDGE('',*,*,#380,.F.);
#380 = EDGE_CURVE('',#381,#372,#383,.T.);
#381 = VERTEX_POINT('',#382);
#382 = CARTESIAN_POINT('',(31.000000000152,-34.,0.));
#383 = LINE('',#384,#385);
#384 = CARTESIAN_POINT('',(31.000000000152,-34.,0.));
#385 = VECTOR('',#386,1.);
#386 = DIRECTION('',(1.,0.,0.));
#387 = ORIENTED_EDGE('',*,*,#388,.F.);
#388 = EDGE_CURVE('',#330,#381,#389,.T.);
#389 = CIRCLE('',#390,2.);
#390 = AXIS2_PLACEMENT_3D('',#391,#392,#393);
#391 = CARTESIAN_POINT('',(31.000000000152,-32.,0.));
#392 = DIRECTION('',(0.,0.,1.));
#393 = DIRECTION('',(1.,0.,0.));
#394 = FACE_BOUND('',#395,.F.);
#395 = EDGE_LOOP('',(#396));
#396 = ORIENTED_EDGE('',*,*,#397,.F.);
#397 = EDGE_CURVE('',#398,#398,#400,.T.);
#398 = VERTEX_POINT('',#399);
#399 = CARTESIAN_POINT('',(24.,-12.,0.));
#400 = CIRCLE('',#401,1.5);
#401 = AXIS2_PLACEMENT_3D('',#402,#403,#404);
#402 = CARTESIAN_POINT('',(22.5,-12.,0.));
#403 = DIRECTION('',(0.,0.,1.));
#404 = DIRECTION('',(1.,0.,0.));
#405 = FACE_BOUND('',#406,.F.);
#406 = EDGE_LOOP('',(#407));
#407 = ORIENTED_EDGE('',*,*,#408,.F.);
#408 = EDGE_CURVE('',#409,#409,#411,.T.);
#409 = VERTEX_POINT('',#410);
#410 = CARTESIAN_POINT('',(-61.5,15.,0.));
#411 = CIRCLE('',#412,1.5);
#412 = AXIS2_PLACEMENT_3D('',#413,#414,#415);
#413 = CARTESIAN_POINT('',(-63.,15.,0.));
#414 = DIRECTION('',(0.,0.,1.));
#415 = DIRECTION('',(1.,0.,0.));
#416 = FACE_BOUND('',#417,.F.);
#417 = EDGE_LOOP('',(#418));
#418 = ORIENTED_EDGE('',*,*,#419,.F.);
#419 = EDGE_CURVE('',#420,#420,#422,.T.);
#420 = VERTEX_POINT('',#421);
#421 = CARTESIAN_POINT('',(-41.5,15.,0.));
#422 = CIRCLE('',#423,1.5);
#423 = AXIS2_PLACEMENT_3D('',#424,#425,#426);
#424 = CARTESIAN_POINT('',(-43.,15.,0.));
#425 = DIRECTION('',(0.,0.,1.));
#426 = DIRECTION('',(1.,0.,0.));
#427 = FACE_BOUND('',#428,.F.);
#428 = EDGE_LOOP('',(#429));
#429 = ORIENTED_EDGE('',*,*,#430,.F.);
#430 = EDGE_CURVE('',#431,#431,#433,.T.);
#431 = VERTEX_POINT('',#432);
#432 = CARTESIAN_POINT('',(-16.,12.,0.));
#433 = CIRCLE('',#434,1.5);
#434 = AXIS2_PLACEMENT_3D('',#435,#436,#437);
#435 = CARTESIAN_POINT('',(-17.5,12.,0.));
#436 = DIRECTION('',(0.,0.,1.));
#437 = DIRECTION('',(1.,0.,0.));
#438 = FACE_BOUND('',#439,.F.);
#439 = EDGE_LOOP('',(#440,#450,#458,#466,#474,#482));
#440 = ORIENTED_EDGE('',*,*,#441,.T.);
#441 = EDGE_CURVE('',#442,#444,#446,.T.);
#442 = VERTEX_POINT('',#443);
#443 = CARTESIAN_POINT('',(-36.5,27.098076211353,0.));
#444 = VERTEX_POINT('',#445);
#445 = CARTESIAN_POINT('',(-35.,24.5,0.));
#446 = LINE('',#447,#448);
#447 = CARTESIAN_POINT('',(-36.5,27.098076211353,0.));
#448 = VECTOR('',#449,1.);
#449 = DIRECTION('',(0.5,-0.866025403784,0.));
#450 = ORIENTED_EDGE('',*,*,#451,.T.);
#451 = EDGE_CURVE('',#444,#452,#454,.T.);
#452 = VERTEX_POINT('',#453);
#453 = CARTESIAN_POINT('',(-36.5,21.901923788647,0.));
#454 = LINE('',#455,#456);
#455 = CARTESIAN_POINT('',(-35.,24.5,0.));
#456 = VECTOR('',#457,1.);
#457 = DIRECTION('',(-0.5,-0.866025403784,0.));
#458 = ORIENTED_EDGE('',*,*,#459,.T.);
#459 = EDGE_CURVE('',#452,#460,#462,.T.);
#460 = VERTEX_POINT('',#461);
#461 = CARTESIAN_POINT('',(-39.5,21.901923788647,0.));
#462 = LINE('',#463,#464);
#463 = CARTESIAN_POINT('',(-36.5,21.901923788647,0.));
#464 = VECTOR('',#465,1.);
#465 = DIRECTION('',(-1.,0.,0.));
#466 = ORIENTED_EDGE('',*,*,#467,.T.);
#467 = EDGE_CURVE('',#460,#468,#470,.T.);
#468 = VERTEX_POINT('',#469);
#469 = CARTESIAN_POINT('',(-41.,24.5,0.));
#470 = LINE('',#471,#472);
#471 = CARTESIAN_POINT('',(-39.5,21.901923788647,0.));
#472 = VECTOR('',#473,1.);
#473 = DIRECTION('',(-0.5,0.866025403784,-0.));
#474 = ORIENTED_EDGE('',*,*,#475,.T.);
#475 = EDGE_CURVE('',#468,#476,#478,.T.);
#476 = VERTEX_POINT('',#477);
#477 = CARTESIAN_POINT('',(-39.5,27.098076211353,0.));
#478 = LINE('',#479,#480);
#479 = CARTESIAN_POINT('',(-41.,24.5,0.));
#480 = VECTOR('',#481,1.);
#481 = DIRECTION('',(0.5,0.866025403784,0.));
#482 = ORIENTED_EDGE('',*,*,#483,.T.);
#483 = EDGE_CURVE('',#476,#442,#484,.T.);
#484 = LINE('',#485,#486);
#485 = CARTESIAN_POINT('',(-39.5,27.098076211353,0.));
#486 = VECTOR('',#487,1.);
#487 = DIRECTION('',(1.,0.,0.));
#488 = FACE_BOUND('',#489,.F.);
#489 = EDGE_LOOP('',(#490));
#490 = ORIENTED_EDGE('',*,*,#491,.F.);
#491 = EDGE_CURVE('',#492,#492,#494,.T.);
#492 = VERTEX_POINT('',#493);
#493 = CARTESIAN_POINT('',(24.,12.,0.));
#494 = CIRCLE('',#495,1.5);
#495 = AXIS2_PLACEMENT_3D('',#496,#497,#498);
#496 = CARTESIAN_POINT('',(22.5,12.,0.));
#497 = DIRECTION('',(0.,0.,1.));
#498 = DIRECTION('',(1.,0.,0.));
#499 = FACE_BOUND('',#500,.F.);
#500 = EDGE_LOOP('',(#501,#511,#519,#527,#535,#543));
#501 = ORIENTED_EDGE('',*,*,#502,.T.);
#502 = EDGE_CURVE('',#503,#505,#507,.T.);
#503 = VERTEX_POINT('',#504);
#504 = CARTESIAN_POINT('',(21.5,27.098076211353,0.));
#505 = VERTEX_POINT('',#506);
#506 = CARTESIAN_POINT('',(23.,24.5,0.));
#507 = LINE('',#508,#509);
#508 = CARTESIAN_POINT('',(21.5,27.098076211353,0.));
#509 = VECTOR('',#510,1.);
#510 = DIRECTION('',(0.5,-0.866025403784,0.));
#511 = ORIENTED_EDGE('',*,*,#512,.T.);
#512 = EDGE_CURVE('',#505,#513,#515,.T.);
#513 = VERTEX_POINT('',#514);
#514 = CARTESIAN_POINT('',(21.5,21.901923788647,0.));
#515 = LINE('',#516,#517);
#516 = CARTESIAN_POINT('',(23.,24.5,0.));
#517 = VECTOR('',#518,1.);
#518 = DIRECTION('',(-0.5,-0.866025403784,0.));
#519 = ORIENTED_EDGE('',*,*,#520,.T.);
#520 = EDGE_CURVE('',#513,#521,#523,.T.);
#521 = VERTEX_POINT('',#522);
#522 = CARTESIAN_POINT('',(18.5,21.901923788647,0.));
#523 = LINE('',#524,#525);
#524 = CARTESIAN_POINT('',(21.5,21.901923788647,0.));
#525 = VECTOR('',#526,1.);
#526 = DIRECTION('',(-1.,0.,0.));
#527 = ORIENTED_EDGE('',*,*,#528,.T.);
#528 = EDGE_CURVE('',#521,#529,#531,.T.);
#529 = VERTEX_POINT('',#530);
#530 = CARTESIAN_POINT('',(17.,24.5,0.));
#531 = LINE('',#532,#533);
#532 = CARTESIAN_POINT('',(18.5,21.901923788647,0.));
#533 = VECTOR('',#534,1.);
#534 = DIRECTION('',(-0.5,0.866025403784,-0.));
#535 = ORIENTED_EDGE('',*,*,#536,.T.);
#536 = EDGE_CURVE('',#529,#537,#539,.T.);
#537 = VERTEX_POINT('',#538);
#538 = CARTESIAN_POINT('',(18.5,27.098076211353,0.));
#539 = LINE('',#540,#541);
#540 = CARTESIAN_POINT('',(17.,24.5,0.));
#541 = VECTOR('',#542,1.);
#542 = DIRECTION('',(0.5,0.866025403784,0.));
#543 = ORIENTED_EDGE('',*,*,#544,.T.);
#544 = EDGE_CURVE('',#537,#503,#545,.T.);
#545 = LINE('',#546,#547);
#546 = CARTESIAN_POINT('',(18.5,27.098076211353,0.));
#547 = VECTOR('',#548,1.);
#548 = DIRECTION('',(1.,0.,0.));
#549 = FACE_BOUND('',#550,.F.);
#550 = EDGE_LOOP('',(#551));
#551 = ORIENTED_EDGE('',*,*,#552,.F.);
#552 = EDGE_CURVE('',#553,#553,#555,.T.);
#553 = VERTEX_POINT('',#554);
#554 = CARTESIAN_POINT('',(31.5,40.,0.));
#555 = CIRCLE('',#556,1.5);
#556 = AXIS2_PLACEMENT_3D('',#557,#558,#559);
#557 = CARTESIAN_POINT('',(30.,40.,0.));
#558 = DIRECTION('',(0.,0.,1.));
#559 = DIRECTION('',(1.,0.,0.));
#560 = FACE_BOUND('',#561,.F.);
#561 = EDGE_LOOP('',(#562,#572,#581,#589,#598,#606,#615,#623));
#562 = ORIENTED_EDGE('',*,*,#563,.F.);
#563 = EDGE_CURVE('',#564,#566,#568,.T.);
#564 = VERTEX_POINT('',#565);
#565 = CARTESIAN_POINT('',(29.000000000057,31.999999999923,0.));
#566 = VERTEX_POINT('',#567);
#567 = CARTESIAN_POINT('',(29.000000000057,24.000000000096,0.));
#568 = LINE('',#569,#570);
#569 = CARTESIAN_POINT('',(29.000000000057,31.999999999923,0.));
#570 = VECTOR('',#571,1.);
#571 = DIRECTION('',(0.,-1.,0.));
#572 = ORIENTED_EDGE('',*,*,#573,.F.);
#573 = EDGE_CURVE('',#574,#564,#576,.T.);
#574 = VERTEX_POINT('',#575);
#575 = CARTESIAN_POINT('',(31.000000000152,33.999999999922,0.));
#576 = CIRCLE('',#577,2.);
#577 = AXIS2_PLACEMENT_3D('',#578,#579,#580);
#578 = CARTESIAN_POINT('',(31.000000000057,31.999999999922,0.));
#579 = DIRECTION('',(0.,0.,1.));
#580 = DIRECTION('',(1.,0.,0.));
#581 = ORIENTED_EDGE('',*,*,#582,.F.);
#582 = EDGE_CURVE('',#583,#574,#585,.T.);
#583 = VERTEX_POINT('',#584);
#584 = CARTESIAN_POINT('',(47.000000000145,33.999999999962,0.));
#585 = LINE('',#586,#587);
#586 = CARTESIAN_POINT('',(47.000000000145,33.999999999922,0.));
#587 = VECTOR('',#588,1.);
#588 = DIRECTION('',(-1.,0.,0.));
#589 = ORIENTED_EDGE('',*,*,#590,.F.);
#590 = EDGE_CURVE('',#591,#583,#593,.T.);
#591 = VERTEX_POINT('',#592);
#592 = CARTESIAN_POINT('',(49.000000000145,32.000000000002,0.));
#593 = CIRCLE('',#594,2.);
#594 = AXIS2_PLACEMENT_3D('',#595,#596,#597);
#595 = CARTESIAN_POINT('',(47.000000000145,32.000000000002,0.));
#596 = DIRECTION('',(0.,0.,1.));
#597 = DIRECTION('',(1.,0.,0.));
#598 = ORIENTED_EDGE('',*,*,#599,.F.);
#599 = EDGE_CURVE('',#600,#591,#602,.T.);
#600 = VERTEX_POINT('',#601);
#601 = CARTESIAN_POINT('',(49.000000000145,24.000000000002,0.));
#602 = LINE('',#603,#604);
#603 = CARTESIAN_POINT('',(49.000000000145,24.000000000002,0.));
#604 = VECTOR('',#605,1.);
#605 = DIRECTION('',(0.,1.,0.));
#606 = ORIENTED_EDGE('',*,*,#607,.F.);
#607 = EDGE_CURVE('',#608,#600,#610,.T.);
#608 = VERTEX_POINT('',#609);
#609 = CARTESIAN_POINT('',(47.000000000145,22.000000000002,0.));
#610 = CIRCLE('',#611,2.);
#611 = AXIS2_PLACEMENT_3D('',#612,#613,#614);
#612 = CARTESIAN_POINT('',(47.000000000145,24.000000000002,0.));
#613 = DIRECTION('',(0.,0.,1.));
#614 = DIRECTION('',(1.,0.,0.));
#615 = ORIENTED_EDGE('',*,*,#616,.F.);
#616 = EDGE_CURVE('',#617,#608,#619,.T.);
#617 = VERTEX_POINT('',#618);
#618 = CARTESIAN_POINT('',(31.000000000145,22.000000000049,0.));
#619 = LINE('',#620,#621);
#620 = CARTESIAN_POINT('',(31.000000000145,22.000000000002,0.));
#621 = VECTOR('',#622,1.);
#622 = DIRECTION('',(1.,0.,0.));
#623 = ORIENTED_EDGE('',*,*,#624,.F.);
#624 = EDGE_CURVE('',#566,#617,#625,.T.);
#625 = CIRCLE('',#626,2.);
#626 = AXIS2_PLACEMENT_3D('',#627,#628,#629);
#627 = CARTESIAN_POINT('',(31.000000000057,24.000000000096,0.));
#628 = DIRECTION('',(0.,0.,1.));
#629 = DIRECTION('',(1.,0.,0.));
#630 = FACE_BOUND('',#631,.F.);
#631 = EDGE_LOOP('',(#632,#643,#651,#660));
#632 = ORIENTED_EDGE('',*,*,#633,.F.);
#633 = EDGE_CURVE('',#634,#636,#638,.T.);
#634 = VERTEX_POINT('',#635);
#635 = CARTESIAN_POINT('',(62.,33.,0.));
#636 = VERTEX_POINT('',#637);
#637 = CARTESIAN_POINT('',(58.,33.,0.));
#638 = CIRCLE('',#639,2.);
#639 = AXIS2_PLACEMENT_3D('',#640,#641,#642);
#640 = CARTESIAN_POINT('',(60.,33.,0.));
#641 = DIRECTION('',(0.,0.,1.));
#642 = DIRECTION('',(1.,0.,0.));
#643 = ORIENTED_EDGE('',*,*,#644,.T.);
#644 = EDGE_CURVE('',#634,#645,#647,.T.);
#645 = VERTEX_POINT('',#646);
#646 = CARTESIAN_POINT('',(62.,25.,0.));
#647 = LINE('',#648,#649);
#648 = CARTESIAN_POINT('',(62.,33.,0.));
#649 = VECTOR('',#650,1.);
#650 = DIRECTION('',(0.,-1.,0.));
#651 = ORIENTED_EDGE('',*,*,#652,.F.);
#652 = EDGE_CURVE('',#653,#645,#655,.T.);
#653 = VERTEX_POINT('',#654);
#654 = CARTESIAN_POINT('',(58.,25.,0.));
#655 = CIRCLE('',#656,2.);
#656 = AXIS2_PLACEMENT_3D('',#657,#658,#659);
#657 = CARTESIAN_POINT('',(60.,25.,0.));
#658 = DIRECTION('',(0.,0.,1.));
#659 = DIRECTION('',(1.,0.,0.));
#660 = ORIENTED_EDGE('',*,*,#661,.F.);
#661 = EDGE_CURVE('',#636,#653,#662,.T.);
#662 = LINE('',#663,#664);
#663 = CARTESIAN_POINT('',(58.,33.,0.));
#664 = VECTOR('',#665,1.);
#665 = DIRECTION('',(0.,-1.,0.));
#666 = FACE_BOUND('',#667,.F.);
#667 = EDGE_LOOP('',(#668));
#668 = ORIENTED_EDGE('',*,*,#669,.F.);
#669 = EDGE_CURVE('',#670,#670,#672,.T.);
#670 = VERTEX_POINT('',#671);
#671 = CARTESIAN_POINT('',(49.5,40.,0.));
#672 = CIRCLE('',#673,1.5);
#673 = AXIS2_PLACEMENT_3D('',#674,#675,#676);
#674 = CARTESIAN_POINT('',(48.,40.,0.));
#675 = DIRECTION('',(0.,0.,1.));
#676 = DIRECTION('',(1.,0.,0.));
#677 = PLANE('',#678);
#678 = AXIS2_PLACEMENT_3D('',#679,#680,#681);
#679 = CARTESIAN_POINT('',(7.964956354524,1.124029584346,0.));
#680 = DIRECTION('',(0.,0.,1.));
#681 = DIRECTION('',(1.,0.,0.));
#682 = ADVANCED_FACE('',(#683,#728,#739,#789,#839,#889,#900,#911,#922,
    #992,#1042,#1092,#1142,#1192,#1203,#1253,#1264,#1334,#1370,#1381),
  #1392,.T.);
#683 = FACE_BOUND('',#684,.T.);
#684 = EDGE_LOOP('',(#685,#686,#687,#695,#704,#712,#721,#727));
#685 = ORIENTED_EDGE('',*,*,#31,.T.);
#686 = ORIENTED_EDGE('',*,*,#95,.T.);
#687 = ORIENTED_EDGE('',*,*,#688,.T.);
#688 = EDGE_CURVE('',#96,#689,#691,.T.);
#689 = VERTEX_POINT('',#690);
#690 = CARTESIAN_POINT('',(-68.,-42.,4.));
#691 = LINE('',#692,#693);
#692 = CARTESIAN_POINT('',(-68.,42.,4.));
#693 = VECTOR('',#694,1.);
#694 = DIRECTION('',(0.,-1.,0.));
#695 = ORIENTED_EDGE('',*,*,#696,.T.);
#696 = EDGE_CURVE('',#689,#697,#699,.T.);
#697 = VERTEX_POINT('',#698);
#698 = CARTESIAN_POINT('',(-64.,-46.,4.));
#699 = CIRCLE('',#700,4.);
#700 = AXIS2_PLACEMENT_3D('',#701,#702,#703);
#701 = CARTESIAN_POINT('',(-64.,-42.,4.));
#702 = DIRECTION('',(0.,0.,1.));
#703 = DIRECTION('',(1.,0.,0.));
#704 = ORIENTED_EDGE('',*,*,#705,.T.);
#705 = EDGE_CURVE('',#697,#706,#708,.T.);
#706 = VERTEX_POINT('',#707);
#707 = CARTESIAN_POINT('',(64.,-46.,4.));
#708 = LINE('',#709,#710);
#709 = CARTESIAN_POINT('',(-64.,-46.,4.));
#710 = VECTOR('',#711,1.);
#711 = DIRECTION('',(1.,0.,0.));
#712 = ORIENTED_EDGE('',*,*,#713,.T.);
#713 = EDGE_CURVE('',#706,#714,#716,.T.);
#714 = VERTEX_POINT('',#715);
#715 = CARTESIAN_POINT('',(68.,-42.,4.));
#716 = CIRCLE('',#717,4.);
#717 = AXIS2_PLACEMENT_3D('',#718,#719,#720);
#718 = CARTESIAN_POINT('',(64.,-42.,4.));
#719 = DIRECTION('',(0.,0.,1.));
#720 = DIRECTION('',(1.,0.,0.));
#721 = ORIENTED_EDGE('',*,*,#722,.T.);
#722 = EDGE_CURVE('',#714,#64,#723,.T.);
#723 = LINE('',#724,#725);
#724 = CARTESIAN_POINT('',(68.,-42.,4.));
#725 = VECTOR('',#726,1.);
#726 = DIRECTION('',(0.,1.,0.));
#727 = ORIENTED_EDGE('',*,*,#71,.T.);
#728 = FACE_BOUND('',#729,.T.);
#729 = EDGE_LOOP('',(#730));
#730 = ORIENTED_EDGE('',*,*,#731,.F.);
#731 = EDGE_CURVE('',#732,#732,#734,.T.);
#732 = VERTEX_POINT('',#733);
#733 = CARTESIAN_POINT('',(-36.5,-24.5,4.));
#734 = CIRCLE('',#735,1.5);
#735 = AXIS2_PLACEMENT_3D('',#736,#737,#738);
#736 = CARTESIAN_POINT('',(-38.,-24.5,4.));
#737 = DIRECTION('',(0.,0.,1.));
#738 = DIRECTION('',(1.,0.,0.));
#739 = FACE_BOUND('',#740,.T.);
#740 = EDGE_LOOP('',(#741,#751,#759,#767,#775,#783));
#741 = ORIENTED_EDGE('',*,*,#742,.F.);
#742 = EDGE_CURVE('',#743,#745,#747,.T.);
#743 = VERTEX_POINT('',#744);
#744 = CARTESIAN_POINT('',(-60.,-14.99999999998,4.));
#745 = VERTEX_POINT('',#746);
#746 = CARTESIAN_POINT('',(-61.5,-12.40192378864,4.));
#747 = LINE('',#748,#749);
#748 = CARTESIAN_POINT('',(-60.,-14.99999999998,4.));
#749 = VECTOR('',#750,1.);
#750 = DIRECTION('',(-0.500000000002,0.866025403783,0.));
#751 = ORIENTED_EDGE('',*,*,#752,.F.);
#752 = EDGE_CURVE('',#753,#743,#755,.T.);
#753 = VERTEX_POINT('',#754);
#754 = CARTESIAN_POINT('',(-61.5,-17.59807621135,4.));
#755 = LINE('',#756,#757);
#756 = CARTESIAN_POINT('',(-61.5,-17.59807621135,4.));
#757 = VECTOR('',#758,1.);
#758 = DIRECTION('',(0.499999999999,0.866025403785,0.));
#759 = ORIENTED_EDGE('',*,*,#760,.F.);
#760 = EDGE_CURVE('',#761,#753,#763,.T.);
#761 = VERTEX_POINT('',#762);
#762 = CARTESIAN_POINT('',(-64.49999999999,-17.59807621135,4.));
#763 = LINE('',#764,#765);
#764 = CARTESIAN_POINT('',(-64.49999999999,-17.59807621135,4.));
#765 = VECTOR('',#766,1.);
#766 = DIRECTION('',(1.,-5.909347085751E-13,0.));
#767 = ORIENTED_EDGE('',*,*,#768,.F.);
#768 = EDGE_CURVE('',#769,#761,#771,.T.);
#769 = VERTEX_POINT('',#770);
#770 = CARTESIAN_POINT('',(-66.,-15.00000000001,4.));
#771 = LINE('',#772,#773);
#772 = CARTESIAN_POINT('',(-66.,-15.00000000001,4.));
#773 = VECTOR('',#774,1.);
#774 = DIRECTION('',(0.500000000002,-0.866025403783,0.));
#775 = ORIENTED_EDGE('',*,*,#776,.F.);
#776 = EDGE_CURVE('',#777,#769,#779,.T.);
#777 = VERTEX_POINT('',#778);
#778 = CARTESIAN_POINT('',(-64.50000000001,-12.40192378865,4.));
#779 = LINE('',#780,#781);
#780 = CARTESIAN_POINT('',(-64.50000000001,-12.40192378865,4.));
#781 = VECTOR('',#782,1.);
#782 = DIRECTION('',(-0.499999999996,-0.866025403787,0.));
#783 = ORIENTED_EDGE('',*,*,#784,.F.);
#784 = EDGE_CURVE('',#745,#777,#785,.T.);
#785 = LINE('',#786,#787);
#786 = CARTESIAN_POINT('',(-61.5,-12.40192378864,4.));
#787 = VECTOR('',#788,1.);
#788 = DIRECTION('',(-1.,-3.566924533502E-12,0.));
#789 = FACE_BOUND('',#790,.T.);
#790 = EDGE_LOOP('',(#791,#801,#809,#817,#825,#833));
#791 = ORIENTED_EDGE('',*,*,#792,.F.);
#792 = EDGE_CURVE('',#793,#795,#797,.T.);
#793 = VERTEX_POINT('',#794);
#794 = CARTESIAN_POINT('',(-40.,-14.99999999998,4.));
#795 = VERTEX_POINT('',#796);
#796 = CARTESIAN_POINT('',(-41.50000000001,-12.40192378864,4.));
#797 = LINE('',#798,#799);
#798 = CARTESIAN_POINT('',(-40.,-14.99999999998,4.));
#799 = VECTOR('',#800,1.);
#800 = DIRECTION('',(-0.500000000003,0.866025403783,0.));
#801 = ORIENTED_EDGE('',*,*,#802,.F.);
#802 = EDGE_CURVE('',#803,#793,#805,.T.);
#803 = VERTEX_POINT('',#804);
#804 = CARTESIAN_POINT('',(-41.50000000001,-17.59807621136,4.));
#805 = LINE('',#806,#807);
#806 = CARTESIAN_POINT('',(-41.50000000001,-17.59807621136,4.));
#807 = VECTOR('',#808,1.);
#808 = DIRECTION('',(0.5,0.866025403784,0.));
#809 = ORIENTED_EDGE('',*,*,#810,.F.);
#810 = EDGE_CURVE('',#811,#803,#813,.T.);
#811 = VERTEX_POINT('',#812);
#812 = CARTESIAN_POINT('',(-44.50000000001,-17.59807621134,4.));
#813 = LINE('',#814,#815);
#814 = CARTESIAN_POINT('',(-44.50000000001,-17.59807621134,4.));
#815 = VECTOR('',#816,1.);
#816 = DIRECTION('',(1.,-4.159043479983E-12,0.));
#817 = ORIENTED_EDGE('',*,*,#818,.F.);
#818 = EDGE_CURVE('',#819,#811,#821,.T.);
#819 = VERTEX_POINT('',#820);
#820 = CARTESIAN_POINT('',(-46.,-14.99999999998,4.));
#821 = LINE('',#822,#823);
#822 = CARTESIAN_POINT('',(-46.,-14.99999999998,4.));
#823 = VECTOR('',#824,1.);
#824 = DIRECTION('',(0.499999999997,-0.866025403786,0.));
#825 = ORIENTED_EDGE('',*,*,#826,.F.);
#826 = EDGE_CURVE('',#827,#819,#829,.T.);
#827 = VERTEX_POINT('',#828);
#828 = CARTESIAN_POINT('',(-44.49999999999,-12.40192378864,4.));
#829 = LINE('',#830,#831);
#830 = CARTESIAN_POINT('',(-44.49999999999,-12.40192378864,4.));
#831 = VECTOR('',#832,1.);
#832 = DIRECTION('',(-0.500000000003,-0.866025403783,0.));
#833 = ORIENTED_EDGE('',*,*,#834,.F.);
#834 = EDGE_CURVE('',#795,#827,#835,.T.);
#835 = LINE('',#836,#837);
#836 = CARTESIAN_POINT('',(-41.50000000001,-12.40192378864,4.));
#837 = VECTOR('',#838,1.);
#838 = DIRECTION('',(-1.,0.,0.));
#839 = FACE_BOUND('',#840,.T.);
#840 = EDGE_LOOP('',(#841,#851,#859,#867,#875,#883));
#841 = ORIENTED_EDGE('',*,*,#842,.F.);
#842 = EDGE_CURVE('',#843,#845,#847,.T.);
#843 = VERTEX_POINT('',#844);
#844 = CARTESIAN_POINT('',(-14.5,-11.99999999998,4.));
#845 = VERTEX_POINT('',#846);
#846 = CARTESIAN_POINT('',(-16.00000000001,-9.401923788641,4.));
#847 = LINE('',#848,#849);
#848 = CARTESIAN_POINT('',(-14.5,-11.99999999998,4.));
#849 = VECTOR('',#850,1.);
#850 = DIRECTION('',(-0.500000000003,0.866025403783,0.));
#851 = ORIENTED_EDGE('',*,*,#852,.F.);
#852 = EDGE_CURVE('',#853,#843,#855,.T.);
#853 = VERTEX_POINT('',#854);
#854 = CARTESIAN_POINT('',(-16.00000000001,-14.59807621136,4.));
#855 = LINE('',#856,#857);
#856 = CARTESIAN_POINT('',(-16.00000000001,-14.59807621136,4.));
#857 = VECTOR('',#858,1.);
#858 = DIRECTION('',(0.5,0.866025403784,0.));
#859 = ORIENTED_EDGE('',*,*,#860,.F.);
#860 = EDGE_CURVE('',#861,#853,#863,.T.);
#861 = VERTEX_POINT('',#862);
#862 = CARTESIAN_POINT('',(-19.00000000001,-14.59807621134,4.));
#863 = LINE('',#864,#865);
#864 = CARTESIAN_POINT('',(-19.00000000001,-14.59807621134,4.));
#865 = VECTOR('',#866,1.);
#866 = DIRECTION('',(1.,-4.170293739966E-12,0.));
#867 = ORIENTED_EDGE('',*,*,#868,.F.);
#868 = EDGE_CURVE('',#869,#861,#871,.T.);
#869 = VERTEX_POINT('',#870);
#870 = CARTESIAN_POINT('',(-20.5,-11.99999999998,4.));
#871 = LINE('',#872,#873);
#872 = CARTESIAN_POINT('',(-20.5,-11.99999999998,4.));
#873 = VECTOR('',#874,1.);
#874 = DIRECTION('',(0.499999999997,-0.866025403786,0.));
#875 = ORIENTED_EDGE('',*,*,#876,.F.);
#876 = EDGE_CURVE('',#877,#869,#879,.T.);
#877 = VERTEX_POINT('',#878);
#878 = CARTESIAN_POINT('',(-18.99999999999,-9.401923788641,4.));
#879 = LINE('',#880,#881);
#880 = CARTESIAN_POINT('',(-18.99999999999,-9.401923788641,4.));
#881 = VECTOR('',#882,1.);
#882 = DIRECTION('',(-0.500000000003,-0.866025403783,0.));
#883 = ORIENTED_EDGE('',*,*,#884,.F.);
#884 = EDGE_CURVE('',#845,#877,#885,.T.);
#885 = LINE('',#886,#887);
#886 = CARTESIAN_POINT('',(-16.00000000001,-9.401923788641,4.));
#887 = VECTOR('',#888,1.);
#888 = DIRECTION('',(-1.,5.921189464705E-16,0.));
#889 = FACE_BOUND('',#890,.T.);
#890 = EDGE_LOOP('',(#891));
#891 = ORIENTED_EDGE('',*,*,#892,.F.);
#892 = EDGE_CURVE('',#893,#893,#895,.T.);
#893 = VERTEX_POINT('',#894);
#894 = CARTESIAN_POINT('',(21.5,-24.5,4.));
#895 = CIRCLE('',#896,1.5);
#896 = AXIS2_PLACEMENT_3D('',#897,#898,#899);
#897 = CARTESIAN_POINT('',(20.,-24.5,4.));
#898 = DIRECTION('',(0.,0.,1.));
#899 = DIRECTION('',(1.,0.,0.));
#900 = FACE_BOUND('',#901,.T.);
#901 = EDGE_LOOP('',(#902));
#902 = ORIENTED_EDGE('',*,*,#903,.F.);
#903 = EDGE_CURVE('',#904,#904,#906,.T.);
#904 = VERTEX_POINT('',#905);
#905 = CARTESIAN_POINT('',(32.5,-40.,4.));
#906 = CIRCLE('',#907,2.5);
#907 = AXIS2_PLACEMENT_3D('',#908,#909,#910);
#908 = CARTESIAN_POINT('',(30.,-40.,4.));
#909 = DIRECTION('',(0.,0.,1.));
#910 = DIRECTION('',(1.,0.,0.));
#911 = FACE_BOUND('',#912,.T.);
#912 = EDGE_LOOP('',(#913));
#913 = ORIENTED_EDGE('',*,*,#914,.F.);
#914 = EDGE_CURVE('',#915,#915,#917,.T.);
#915 = VERTEX_POINT('',#916);
#916 = CARTESIAN_POINT('',(50.5,-40.,4.));
#917 = CIRCLE('',#918,2.5);
#918 = AXIS2_PLACEMENT_3D('',#919,#920,#921);
#919 = CARTESIAN_POINT('',(48.,-40.,4.));
#920 = DIRECTION('',(0.,0.,1.));
#921 = DIRECTION('',(1.,0.,0.));
#922 = FACE_BOUND('',#923,.T.);
#923 = EDGE_LOOP('',(#924,#934,#943,#951,#960,#968,#977,#985));
#924 = ORIENTED_EDGE('',*,*,#925,.F.);
#925 = EDGE_CURVE('',#926,#928,#930,.T.);
#926 = VERTEX_POINT('',#927);
#927 = CARTESIAN_POINT('',(29.000000000152,-24.,4.));
#928 = VERTEX_POINT('',#929);
#929 = CARTESIAN_POINT('',(29.000000000152,-32.,4.));
#930 = LINE('',#931,#932);
#931 = CARTESIAN_POINT('',(29.000000000152,-24.,4.));
#932 = VECTOR('',#933,1.);
#933 = DIRECTION('',(0.,-1.,0.));
#934 = ORIENTED_EDGE('',*,*,#935,.F.);
#935 = EDGE_CURVE('',#936,#926,#938,.T.);
#936 = VERTEX_POINT('',#937);
#937 = CARTESIAN_POINT('',(31.000000000152,-22.,4.));
#938 = CIRCLE('',#939,2.);
#939 = AXIS2_PLACEMENT_3D('',#940,#941,#942);
#940 = CARTESIAN_POINT('',(31.000000000152,-24.,4.));
#941 = DIRECTION('',(0.,0.,1.));
#942 = DIRECTION('',(1.,0.,0.));
#943 = ORIENTED_EDGE('',*,*,#944,.F.);
#944 = EDGE_CURVE('',#945,#936,#947,.T.);
#945 = VERTEX_POINT('',#946);
#946 = CARTESIAN_POINT('',(47.000000000145,-22.,4.));
#947 = LINE('',#948,#949);
#948 = CARTESIAN_POINT('',(47.000000000145,-22.,4.));
#949 = VECTOR('',#950,1.);
#950 = DIRECTION('',(-1.,0.,0.));
#951 = ORIENTED_EDGE('',*,*,#952,.F.);
#952 = EDGE_CURVE('',#953,#945,#955,.T.);
#953 = VERTEX_POINT('',#954);
#954 = CARTESIAN_POINT('',(49.000000000145,-24.,4.));
#955 = CIRCLE('',#956,2.);
#956 = AXIS2_PLACEMENT_3D('',#957,#958,#959);
#957 = CARTESIAN_POINT('',(47.000000000145,-24.,4.));
#958 = DIRECTION('',(0.,0.,1.));
#959 = DIRECTION('',(1.,0.,0.));
#960 = ORIENTED_EDGE('',*,*,#961,.F.);
#961 = EDGE_CURVE('',#962,#953,#964,.T.);
#962 = VERTEX_POINT('',#963);
#963 = CARTESIAN_POINT('',(49.000000000145,-32.,4.));
#964 = LINE('',#965,#966);
#965 = CARTESIAN_POINT('',(49.000000000145,-32.,4.));
#966 = VECTOR('',#967,1.);
#967 = DIRECTION('',(0.,1.,0.));
#968 = ORIENTED_EDGE('',*,*,#969,.F.);
#969 = EDGE_CURVE('',#970,#962,#972,.T.);
#970 = VERTEX_POINT('',#971);
#971 = CARTESIAN_POINT('',(47.000000000145,-34.,4.));
#972 = CIRCLE('',#973,2.);
#973 = AXIS2_PLACEMENT_3D('',#974,#975,#976);
#974 = CARTESIAN_POINT('',(47.000000000145,-32.,4.));
#975 = DIRECTION('',(0.,0.,1.));
#976 = DIRECTION('',(1.,0.,0.));
#977 = ORIENTED_EDGE('',*,*,#978,.F.);
#978 = EDGE_CURVE('',#979,#970,#981,.T.);
#979 = VERTEX_POINT('',#980);
#980 = CARTESIAN_POINT('',(31.000000000152,-34.,4.));
#981 = LINE('',#982,#983);
#982 = CARTESIAN_POINT('',(31.000000000152,-34.,4.));
#983 = VECTOR('',#984,1.);
#984 = DIRECTION('',(1.,0.,0.));
#985 = ORIENTED_EDGE('',*,*,#986,.F.);
#986 = EDGE_CURVE('',#928,#979,#987,.T.);
#987 = CIRCLE('',#988,2.);
#988 = AXIS2_PLACEMENT_3D('',#989,#990,#991);
#989 = CARTESIAN_POINT('',(31.000000000152,-32.,4.));
#990 = DIRECTION('',(0.,0.,1.));
#991 = DIRECTION('',(1.,0.,0.));
#992 = FACE_BOUND('',#993,.T.);
#993 = EDGE_LOOP('',(#994,#1004,#1012,#1020,#1028,#1036));
#994 = ORIENTED_EDGE('',*,*,#995,.F.);
#995 = EDGE_CURVE('',#996,#998,#1000,.T.);
#996 = VERTEX_POINT('',#997);
#997 = CARTESIAN_POINT('',(25.5,-11.99999999998,4.));
#998 = VERTEX_POINT('',#999);
#999 = CARTESIAN_POINT('',(23.99999999999,-9.401923788641,4.));
#1000 = LINE('',#1001,#1002);
#1001 = CARTESIAN_POINT('',(25.5,-11.99999999998,4.));
#1002 = VECTOR('',#1003,1.);
#1003 = DIRECTION('',(-0.500000000003,0.866025403783,0.));
#1004 = ORIENTED_EDGE('',*,*,#1005,.F.);
#1005 = EDGE_CURVE('',#1006,#996,#1008,.T.);
#1006 = VERTEX_POINT('',#1007);
#1007 = CARTESIAN_POINT('',(23.999999999989,-14.59807621136,4.));
#1008 = LINE('',#1009,#1010);
#1009 = CARTESIAN_POINT('',(23.999999999989,-14.59807621136,4.));
#1010 = VECTOR('',#1011,1.);
#1011 = DIRECTION('',(0.5,0.866025403784,0.));
#1012 = ORIENTED_EDGE('',*,*,#1013,.F.);
#1013 = EDGE_CURVE('',#1014,#1006,#1016,.T.);
#1014 = VERTEX_POINT('',#1015);
#1015 = CARTESIAN_POINT('',(20.999999999989,-14.59807621134,4.));
#1016 = LINE('',#1017,#1018);
#1017 = CARTESIAN_POINT('',(20.999999999989,-14.59807621134,4.));
#1018 = VECTOR('',#1019,1.);
#1019 = DIRECTION('',(1.,-4.170885858913E-12,0.));
#1020 = ORIENTED_EDGE('',*,*,#1021,.F.);
#1021 = EDGE_CURVE('',#1022,#1014,#1024,.T.);
#1022 = VERTEX_POINT('',#1023);
#1023 = CARTESIAN_POINT('',(19.5,-11.99999999998,4.));
#1024 = LINE('',#1025,#1026);
#1025 = CARTESIAN_POINT('',(19.5,-11.99999999998,4.));
#1026 = VECTOR('',#1027,1.);
#1027 = DIRECTION('',(0.499999999997,-0.866025403786,0.));
#1028 = ORIENTED_EDGE('',*,*,#1029,.F.);
#1029 = EDGE_CURVE('',#1030,#1022,#1032,.T.);
#1030 = VERTEX_POINT('',#1031);
#1031 = CARTESIAN_POINT('',(21.00000000001,-9.401923788641,4.));
#1032 = LINE('',#1033,#1034);
#1033 = CARTESIAN_POINT('',(21.00000000001,-9.401923788641,4.));
#1034 = VECTOR('',#1035,1.);
#1035 = DIRECTION('',(-0.500000000003,-0.866025403783,0.));
#1036 = ORIENTED_EDGE('',*,*,#1037,.F.);
#1037 = EDGE_CURVE('',#998,#1030,#1038,.T.);
#1038 = LINE('',#1039,#1040);
#1039 = CARTESIAN_POINT('',(23.99999999999,-9.401923788641,4.));
#1040 = VECTOR('',#1041,1.);
#1041 = DIRECTION('',(-1.,5.921189464705E-16,0.));
#1042 = FACE_BOUND('',#1043,.T.);
#1043 = EDGE_LOOP('',(#1044,#1054,#1062,#1070,#1078,#1086));
#1044 = ORIENTED_EDGE('',*,*,#1045,.F.);
#1045 = EDGE_CURVE('',#1046,#1048,#1050,.T.);
#1046 = VERTEX_POINT('',#1047);
#1047 = CARTESIAN_POINT('',(-60.,15.000000000012,4.));
#1048 = VERTEX_POINT('',#1049);
#1049 = CARTESIAN_POINT('',(-61.50000000001,17.598076211359,4.));
#1050 = LINE('',#1051,#1052);
#1051 = CARTESIAN_POINT('',(-60.,15.000000000012,4.));
#1052 = VECTOR('',#1053,1.);
#1053 = DIRECTION('',(-0.500000000003,0.866025403783,0.));
#1054 = ORIENTED_EDGE('',*,*,#1055,.F.);
#1055 = EDGE_CURVE('',#1056,#1046,#1058,.T.);
#1056 = VERTEX_POINT('',#1057);
#1057 = CARTESIAN_POINT('',(-61.50000000001,12.40192378864,4.));
#1058 = LINE('',#1059,#1060);
#1059 = CARTESIAN_POINT('',(-61.50000000001,12.40192378864,4.));
#1060 = VECTOR('',#1061,1.);
#1061 = DIRECTION('',(0.5,0.866025403784,0.));
#1062 = ORIENTED_EDGE('',*,*,#1063,.F.);
#1063 = EDGE_CURVE('',#1064,#1056,#1066,.T.);
#1064 = VERTEX_POINT('',#1065);
#1065 = CARTESIAN_POINT('',(-64.50000000001,12.401923788653,4.));
#1066 = LINE('',#1067,#1068);
#1067 = CARTESIAN_POINT('',(-64.50000000001,12.401923788653,4.));
#1068 = VECTOR('',#1069,1.);
#1069 = DIRECTION('',(1.,-4.158451361037E-12,0.));
#1070 = ORIENTED_EDGE('',*,*,#1071,.F.);
#1071 = EDGE_CURVE('',#1072,#1064,#1074,.T.);
#1072 = VERTEX_POINT('',#1073);
#1073 = CARTESIAN_POINT('',(-66.,15.000000000012,4.));
#1074 = LINE('',#1075,#1076);
#1075 = CARTESIAN_POINT('',(-66.,15.000000000012,4.));
#1076 = VECTOR('',#1077,1.);
#1077 = DIRECTION('',(0.499999999997,-0.866025403786,0.));
#1078 = ORIENTED_EDGE('',*,*,#1079,.F.);
#1079 = EDGE_CURVE('',#1080,#1072,#1082,.T.);
#1080 = VERTEX_POINT('',#1081);
#1081 = CARTESIAN_POINT('',(-64.49999999999,17.598076211359,4.));
#1082 = LINE('',#1083,#1084);
#1083 = CARTESIAN_POINT('',(-64.49999999999,17.598076211359,4.));
#1084 = VECTOR('',#1085,1.);
#1085 = DIRECTION('',(-0.500000000003,-0.866025403783,0.));
#1086 = ORIENTED_EDGE('',*,*,#1087,.F.);
#1087 = EDGE_CURVE('',#1048,#1080,#1088,.T.);
#1088 = LINE('',#1089,#1090);
#1089 = CARTESIAN_POINT('',(-61.50000000001,17.598076211359,4.));
#1090 = VECTOR('',#1091,1.);
#1091 = DIRECTION('',(-1.,0.,0.));
#1092 = FACE_BOUND('',#1093,.T.);
#1093 = EDGE_LOOP('',(#1094,#1104,#1112,#1120,#1128,#1136));
#1094 = ORIENTED_EDGE('',*,*,#1095,.F.);
#1095 = EDGE_CURVE('',#1096,#1098,#1100,.T.);
#1096 = VERTEX_POINT('',#1097);
#1097 = CARTESIAN_POINT('',(-40.,15.000000000012,4.));
#1098 = VERTEX_POINT('',#1099);
#1099 = CARTESIAN_POINT('',(-41.50000000001,17.598076211359,4.));
#1100 = LINE('',#1101,#1102);
#1101 = CARTESIAN_POINT('',(-40.,15.000000000012,4.));
#1102 = VECTOR('',#1103,1.);
#1103 = DIRECTION('',(-0.500000000003,0.866025403783,0.));
#1104 = ORIENTED_EDGE('',*,*,#1105,.F.);
#1105 = EDGE_CURVE('',#1106,#1096,#1108,.T.);
#1106 = VERTEX_POINT('',#1107);
#1107 = CARTESIAN_POINT('',(-41.50000000001,12.40192378864,4.));
#1108 = LINE('',#1109,#1110);
#1109 = CARTESIAN_POINT('',(-41.50000000001,12.40192378864,4.));
#1110 = VECTOR('',#1111,1.);
#1111 = DIRECTION('',(0.5,0.866025403784,0.));
#1112 = ORIENTED_EDGE('',*,*,#1113,.F.);
#1113 = EDGE_CURVE('',#1114,#1106,#1116,.T.);
#1114 = VERTEX_POINT('',#1115);
#1115 = CARTESIAN_POINT('',(-44.50000000001,12.401923788653,4.));
#1116 = LINE('',#1117,#1118);
#1117 = CARTESIAN_POINT('',(-44.50000000001,12.401923788653,4.));
#1118 = VECTOR('',#1119,1.);
#1119 = DIRECTION('',(1.,-4.15785924209E-12,0.));
#1120 = ORIENTED_EDGE('',*,*,#1121,.F.);
#1121 = EDGE_CURVE('',#1122,#1114,#1124,.T.);
#1122 = VERTEX_POINT('',#1123);
#1123 = CARTESIAN_POINT('',(-46.,15.000000000012,4.));
#1124 = LINE('',#1125,#1126);
#1125 = CARTESIAN_POINT('',(-46.,15.000000000012,4.));
#1126 = VECTOR('',#1127,1.);
#1127 = DIRECTION('',(0.499999999997,-0.866025403786,0.));
#1128 = ORIENTED_EDGE('',*,*,#1129,.F.);
#1129 = EDGE_CURVE('',#1130,#1122,#1132,.T.);
#1130 = VERTEX_POINT('',#1131);
#1131 = CARTESIAN_POINT('',(-44.49999999999,17.598076211359,4.));
#1132 = LINE('',#1133,#1134);
#1133 = CARTESIAN_POINT('',(-44.49999999999,17.598076211359,4.));
#1134 = VECTOR('',#1135,1.);
#1135 = DIRECTION('',(-0.500000000003,-0.866025403783,0.));
#1136 = ORIENTED_EDGE('',*,*,#1137,.F.);
#1137 = EDGE_CURVE('',#1098,#1130,#1138,.T.);
#1138 = LINE('',#1139,#1140);
#1139 = CARTESIAN_POINT('',(-41.50000000001,17.598076211359,4.));
#1140 = VECTOR('',#1141,1.);
#1141 = DIRECTION('',(-1.,0.,0.));
#1142 = FACE_BOUND('',#1143,.T.);
#1143 = EDGE_LOOP('',(#1144,#1154,#1162,#1170,#1178,#1186));
#1144 = ORIENTED_EDGE('',*,*,#1145,.F.);
#1145 = EDGE_CURVE('',#1146,#1148,#1150,.T.);
#1146 = VERTEX_POINT('',#1147);
#1147 = CARTESIAN_POINT('',(-14.5,12.000000000011,4.));
#1148 = VERTEX_POINT('',#1149);
#1149 = CARTESIAN_POINT('',(-16.,14.598076211359,4.));
#1150 = LINE('',#1151,#1152);
#1151 = CARTESIAN_POINT('',(-14.5,12.000000000011,4.));
#1152 = VECTOR('',#1153,1.);
#1153 = DIRECTION('',(-0.500000000003,0.866025403783,0.));
#1154 = ORIENTED_EDGE('',*,*,#1155,.F.);
#1155 = EDGE_CURVE('',#1156,#1146,#1158,.T.);
#1156 = VERTEX_POINT('',#1157);
#1157 = CARTESIAN_POINT('',(-16.00000000001,9.40192378864,4.));
#1158 = LINE('',#1159,#1160);
#1159 = CARTESIAN_POINT('',(-16.00000000001,9.40192378864,4.));
#1160 = VECTOR('',#1161,1.);
#1161 = DIRECTION('',(0.5,0.866025403784,0.));
#1162 = ORIENTED_EDGE('',*,*,#1163,.F.);
#1163 = EDGE_CURVE('',#1164,#1156,#1166,.T.);
#1164 = VERTEX_POINT('',#1165);
#1165 = CARTESIAN_POINT('',(-19.00000000001,9.401923788653,4.));
#1166 = LINE('',#1167,#1168);
#1167 = CARTESIAN_POINT('',(-19.00000000001,9.401923788653,4.));
#1168 = VECTOR('',#1169,1.);
#1169 = DIRECTION('',(1.,-4.108121250587E-12,0.));
#1170 = ORIENTED_EDGE('',*,*,#1171,.F.);
#1171 = EDGE_CURVE('',#1172,#1164,#1174,.T.);
#1172 = VERTEX_POINT('',#1173);
#1173 = CARTESIAN_POINT('',(-20.5,12.000000000011,4.));
#1174 = LINE('',#1175,#1176);
#1175 = CARTESIAN_POINT('',(-20.5,12.000000000011,4.));
#1176 = VECTOR('',#1177,1.);
#1177 = DIRECTION('',(0.499999999997,-0.866025403786,0.));
#1178 = ORIENTED_EDGE('',*,*,#1179,.F.);
#1179 = EDGE_CURVE('',#1180,#1172,#1182,.T.);
#1180 = VERTEX_POINT('',#1181);
#1181 = CARTESIAN_POINT('',(-18.99999999999,14.598076211359,4.));
#1182 = LINE('',#1183,#1184);
#1183 = CARTESIAN_POINT('',(-18.99999999999,14.598076211359,4.));
#1184 = VECTOR('',#1185,1.);
#1185 = DIRECTION('',(-0.500000000003,-0.866025403783,0.));
#1186 = ORIENTED_EDGE('',*,*,#1187,.F.);
#1187 = EDGE_CURVE('',#1148,#1180,#1188,.T.);
#1188 = LINE('',#1189,#1190);
#1189 = CARTESIAN_POINT('',(-16.,14.598076211359,4.));
#1190 = VECTOR('',#1191,1.);
#1191 = DIRECTION('',(-1.,0.,0.));
#1192 = FACE_BOUND('',#1193,.T.);
#1193 = EDGE_LOOP('',(#1194));
#1194 = ORIENTED_EDGE('',*,*,#1195,.F.);
#1195 = EDGE_CURVE('',#1196,#1196,#1198,.T.);
#1196 = VERTEX_POINT('',#1197);
#1197 = CARTESIAN_POINT('',(-36.5,24.5,4.));
#1198 = CIRCLE('',#1199,1.5);
#1199 = AXIS2_PLACEMENT_3D('',#1200,#1201,#1202);
#1200 = CARTESIAN_POINT('',(-38.,24.5,4.));
#1201 = DIRECTION('',(0.,0.,1.));
#1202 = DIRECTION('',(1.,0.,0.));
#1203 = FACE_BOUND('',#1204,.T.);
#1204 = EDGE_LOOP('',(#1205,#1215,#1223,#1231,#1239,#1247));
#1205 = ORIENTED_EDGE('',*,*,#1206,.F.);
#1206 = EDGE_CURVE('',#1207,#1209,#1211,.T.);
#1207 = VERTEX_POINT('',#1208);
#1208 = CARTESIAN_POINT('',(25.5,12.000000000011,4.));
#1209 = VERTEX_POINT('',#1210);
#1210 = CARTESIAN_POINT('',(23.999999999991,14.598076211359,4.));
#1211 = LINE('',#1212,#1213);
#1212 = CARTESIAN_POINT('',(25.5,12.000000000011,4.));
#1213 = VECTOR('',#1214,1.);
#1214 = DIRECTION('',(-0.500000000003,0.866025403783,0.));
#1215 = ORIENTED_EDGE('',*,*,#1216,.F.);
#1216 = EDGE_CURVE('',#1217,#1207,#1219,.T.);
#1217 = VERTEX_POINT('',#1218);
#1218 = CARTESIAN_POINT('',(23.999999999989,9.40192378864,4.));
#1219 = LINE('',#1220,#1221);
#1220 = CARTESIAN_POINT('',(23.999999999989,9.40192378864,4.));
#1221 = VECTOR('',#1222,1.);
#1222 = DIRECTION('',(0.5,0.866025403784,0.));
#1223 = ORIENTED_EDGE('',*,*,#1224,.F.);
#1224 = EDGE_CURVE('',#1225,#1217,#1227,.T.);
#1225 = VERTEX_POINT('',#1226);
#1226 = CARTESIAN_POINT('',(20.999999999989,9.401923788653,4.));
#1227 = LINE('',#1228,#1229);
#1228 = CARTESIAN_POINT('',(20.999999999989,9.401923788653,4.));
#1229 = VECTOR('',#1230,1.);
#1230 = DIRECTION('',(1.,-4.192794259932E-12,0.));
#1231 = ORIENTED_EDGE('',*,*,#1232,.F.);
#1232 = EDGE_CURVE('',#1233,#1225,#1235,.T.);
#1233 = VERTEX_POINT('',#1234);
#1234 = CARTESIAN_POINT('',(19.5,12.000000000012,4.));
#1235 = LINE('',#1236,#1237);
#1236 = CARTESIAN_POINT('',(19.5,12.000000000012,4.));
#1237 = VECTOR('',#1238,1.);
#1238 = DIRECTION('',(0.499999999997,-0.866025403786,0.));
#1239 = ORIENTED_EDGE('',*,*,#1240,.F.);
#1240 = EDGE_CURVE('',#1241,#1233,#1243,.T.);
#1241 = VERTEX_POINT('',#1242);
#1242 = CARTESIAN_POINT('',(21.00000000001,14.598076211359,4.));
#1243 = LINE('',#1244,#1245);
#1244 = CARTESIAN_POINT('',(21.00000000001,14.598076211359,4.));
#1245 = VECTOR('',#1246,1.);
#1246 = DIRECTION('',(-0.500000000003,-0.866025403783,0.));
#1247 = ORIENTED_EDGE('',*,*,#1248,.F.);
#1248 = EDGE_CURVE('',#1209,#1241,#1249,.T.);
#1249 = LINE('',#1250,#1251);
#1250 = CARTESIAN_POINT('',(23.999999999991,14.598076211359,4.));
#1251 = VECTOR('',#1252,1.);
#1252 = DIRECTION('',(-1.,6.750155989764E-14,0.));
#1253 = FACE_BOUND('',#1254,.T.);
#1254 = EDGE_LOOP('',(#1255));
#1255 = ORIENTED_EDGE('',*,*,#1256,.F.);
#1256 = EDGE_CURVE('',#1257,#1257,#1259,.T.);
#1257 = VERTEX_POINT('',#1258);
#1258 = CARTESIAN_POINT('',(21.5,24.5,4.));
#1259 = CIRCLE('',#1260,1.5);
#1260 = AXIS2_PLACEMENT_3D('',#1261,#1262,#1263);
#1261 = CARTESIAN_POINT('',(20.,24.5,4.));
#1262 = DIRECTION('',(0.,0.,1.));
#1263 = DIRECTION('',(1.,0.,0.));
#1264 = FACE_BOUND('',#1265,.T.);
#1265 = EDGE_LOOP('',(#1266,#1276,#1285,#1293,#1302,#1310,#1319,#1327));
#1266 = ORIENTED_EDGE('',*,*,#1267,.F.);
#1267 = EDGE_CURVE('',#1268,#1270,#1272,.T.);
#1268 = VERTEX_POINT('',#1269);
#1269 = CARTESIAN_POINT('',(29.000000000057,31.999999999923,4.));
#1270 = VERTEX_POINT('',#1271);
#1271 = CARTESIAN_POINT('',(29.000000000057,24.000000000096,4.));
#1272 = LINE('',#1273,#1274);
#1273 = CARTESIAN_POINT('',(29.000000000057,31.999999999923,4.));
#1274 = VECTOR('',#1275,1.);
#1275 = DIRECTION('',(0.,-1.,0.));
#1276 = ORIENTED_EDGE('',*,*,#1277,.F.);
#1277 = EDGE_CURVE('',#1278,#1268,#1280,.T.);
#1278 = VERTEX_POINT('',#1279);
#1279 = CARTESIAN_POINT('',(31.000000000152,33.999999999922,4.));
#1280 = CIRCLE('',#1281,2.);
#1281 = AXIS2_PLACEMENT_3D('',#1282,#1283,#1284);
#1282 = CARTESIAN_POINT('',(31.000000000057,31.999999999922,4.));
#1283 = DIRECTION('',(0.,0.,1.));
#1284 = DIRECTION('',(1.,0.,0.));
#1285 = ORIENTED_EDGE('',*,*,#1286,.F.);
#1286 = EDGE_CURVE('',#1287,#1278,#1289,.T.);
#1287 = VERTEX_POINT('',#1288);
#1288 = CARTESIAN_POINT('',(47.000000000145,33.999999999962,4.));
#1289 = LINE('',#1290,#1291);
#1290 = CARTESIAN_POINT('',(47.000000000145,33.999999999922,4.));
#1291 = VECTOR('',#1292,1.);
#1292 = DIRECTION('',(-1.,0.,0.));
#1293 = ORIENTED_EDGE('',*,*,#1294,.F.);
#1294 = EDGE_CURVE('',#1295,#1287,#1297,.T.);
#1295 = VERTEX_POINT('',#1296);
#1296 = CARTESIAN_POINT('',(49.000000000145,32.000000000002,4.));
#1297 = CIRCLE('',#1298,2.);
#1298 = AXIS2_PLACEMENT_3D('',#1299,#1300,#1301);
#1299 = CARTESIAN_POINT('',(47.000000000145,32.000000000002,4.));
#1300 = DIRECTION('',(0.,0.,1.));
#1301 = DIRECTION('',(1.,0.,0.));
#1302 = ORIENTED_EDGE('',*,*,#1303,.F.);
#1303 = EDGE_CURVE('',#1304,#1295,#1306,.T.);
#1304 = VERTEX_POINT('',#1305);
#1305 = CARTESIAN_POINT('',(49.000000000145,24.000000000002,4.));
#1306 = LINE('',#1307,#1308);
#1307 = CARTESIAN_POINT('',(49.000000000145,24.000000000002,4.));
#1308 = VECTOR('',#1309,1.);
#1309 = DIRECTION('',(0.,1.,0.));
#1310 = ORIENTED_EDGE('',*,*,#1311,.F.);
#1311 = EDGE_CURVE('',#1312,#1304,#1314,.T.);
#1312 = VERTEX_POINT('',#1313);
#1313 = CARTESIAN_POINT('',(47.000000000145,22.000000000002,4.));
#1314 = CIRCLE('',#1315,2.);
#1315 = AXIS2_PLACEMENT_3D('',#1316,#1317,#1318);
#1316 = CARTESIAN_POINT('',(47.000000000145,24.000000000002,4.));
#1317 = DIRECTION('',(0.,0.,1.));
#1318 = DIRECTION('',(1.,0.,0.));
#1319 = ORIENTED_EDGE('',*,*,#1320,.F.);
#1320 = EDGE_CURVE('',#1321,#1312,#1323,.T.);
#1321 = VERTEX_POINT('',#1322);
#1322 = CARTESIAN_POINT('',(31.000000000145,22.000000000049,4.));
#1323 = LINE('',#1324,#1325);
#1324 = CARTESIAN_POINT('',(31.000000000145,22.000000000002,4.));
#1325 = VECTOR('',#1326,1.);
#1326 = DIRECTION('',(1.,0.,0.));
#1327 = ORIENTED_EDGE('',*,*,#1328,.F.);
#1328 = EDGE_CURVE('',#1270,#1321,#1329,.T.);
#1329 = CIRCLE('',#1330,2.);
#1330 = AXIS2_PLACEMENT_3D('',#1331,#1332,#1333);
#1331 = CARTESIAN_POINT('',(31.000000000057,24.000000000096,4.));
#1332 = DIRECTION('',(0.,0.,1.));
#1333 = DIRECTION('',(1.,0.,0.));
#1334 = FACE_BOUND('',#1335,.T.);
#1335 = EDGE_LOOP('',(#1336,#1347,#1355,#1364));
#1336 = ORIENTED_EDGE('',*,*,#1337,.F.);
#1337 = EDGE_CURVE('',#1338,#1340,#1342,.T.);
#1338 = VERTEX_POINT('',#1339);
#1339 = CARTESIAN_POINT('',(62.,33.,4.));
#1340 = VERTEX_POINT('',#1341);
#1341 = CARTESIAN_POINT('',(58.,33.,4.));
#1342 = CIRCLE('',#1343,2.);
#1343 = AXIS2_PLACEMENT_3D('',#1344,#1345,#1346);
#1344 = CARTESIAN_POINT('',(60.,33.,4.));
#1345 = DIRECTION('',(0.,0.,1.));
#1346 = DIRECTION('',(1.,0.,0.));
#1347 = ORIENTED_EDGE('',*,*,#1348,.T.);
#1348 = EDGE_CURVE('',#1338,#1349,#1351,.T.);
#1349 = VERTEX_POINT('',#1350);
#1350 = CARTESIAN_POINT('',(62.,25.,4.));
#1351 = LINE('',#1352,#1353);
#1352 = CARTESIAN_POINT('',(62.,33.,4.));
#1353 = VECTOR('',#1354,1.);
#1354 = DIRECTION('',(0.,-1.,0.));
#1355 = ORIENTED_EDGE('',*,*,#1356,.F.);
#1356 = EDGE_CURVE('',#1357,#1349,#1359,.T.);
#1357 = VERTEX_POINT('',#1358);
#1358 = CARTESIAN_POINT('',(58.,25.,4.));
#1359 = CIRCLE('',#1360,2.);
#1360 = AXIS2_PLACEMENT_3D('',#1361,#1362,#1363);
#1361 = CARTESIAN_POINT('',(60.,25.,4.));
#1362 = DIRECTION('',(0.,0.,1.));
#1363 = DIRECTION('',(1.,0.,0.));
#1364 = ORIENTED_EDGE('',*,*,#1365,.F.);
#1365 = EDGE_CURVE('',#1340,#1357,#1366,.T.);
#1366 = LINE('',#1367,#1368);
#1367 = CARTESIAN_POINT('',(58.,33.,4.));
#1368 = VECTOR('',#1369,1.);
#1369 = DIRECTION('',(0.,-1.,0.));
#1370 = FACE_BOUND('',#1371,.T.);
#1371 = EDGE_LOOP('',(#1372));
#1372 = ORIENTED_EDGE('',*,*,#1373,.F.);
#1373 = EDGE_CURVE('',#1374,#1374,#1376,.T.);
#1374 = VERTEX_POINT('',#1375);
#1375 = CARTESIAN_POINT('',(32.5,40.,4.));
#1376 = CIRCLE('',#1377,2.5);
#1377 = AXIS2_PLACEMENT_3D('',#1378,#1379,#1380);
#1378 = CARTESIAN_POINT('',(30.,40.,4.));
#1379 = DIRECTION('',(0.,0.,1.));
#1380 = DIRECTION('',(1.,0.,0.));
#1381 = FACE_BOUND('',#1382,.T.);
#1382 = EDGE_LOOP('',(#1383));
#1383 = ORIENTED_EDGE('',*,*,#1384,.F.);
#1384 = EDGE_CURVE('',#1385,#1385,#1387,.T.);
#1385 = VERTEX_POINT('',#1386);
#1386 = CARTESIAN_POINT('',(50.5,40.,4.));
#1387 = CIRCLE('',#1388,2.5);
#1388 = AXIS2_PLACEMENT_3D('',#1389,#1390,#1391);
#1389 = CARTESIAN_POINT('',(48.,40.,4.));
#1390 = DIRECTION('',(0.,0.,1.));
#1391 = DIRECTION('',(1.,0.,0.));
#1392 = PLANE('',#1393);
#1393 = AXIS2_PLACEMENT_3D('',#1394,#1395,#1396);
#1394 = CARTESIAN_POINT('',(7.964956354524,1.124029584346,4.));
#1395 = DIRECTION('',(0.,0.,1.));
#1396 = DIRECTION('',(1.,0.,0.));
#1397 = ADVANCED_FACE('',(#1398),#1409,.F.);
#1398 = FACE_BOUND('',#1399,.F.);
#1399 = EDGE_LOOP('',(#1400,#1406,#1407,#1408));
#1400 = ORIENTED_EDGE('',*,*,#1401,.T.);
#1401 = EDGE_CURVE('',#155,#714,#1402,.T.);
#1402 = LINE('',#1403,#1404);
#1403 = CARTESIAN_POINT('',(68.,-42.,0.));
#1404 = VECTOR('',#1405,1.);
#1405 = DIRECTION('',(0.,0.,1.));
#1406 = ORIENTED_EDGE('',*,*,#722,.T.);
#1407 = ORIENTED_EDGE('',*,*,#61,.F.);
#1408 = ORIENTED_EDGE('',*,*,#163,.F.);
#1409 = PLANE('',#1410);
#1410 = AXIS2_PLACEMENT_3D('',#1411,#1412,#1413);
#1411 = CARTESIAN_POINT('',(68.,-42.,0.));
#1412 = DIRECTION('',(-1.,0.,0.));
#1413 = DIRECTION('',(0.,1.,0.));
#1414 = ADVANCED_FACE('',(#1415),#1426,.F.);
#1415 = FACE_BOUND('',#1416,.F.);
#1416 = EDGE_LOOP('',(#1417,#1418,#1419,#1425));
#1417 = ORIENTED_EDGE('',*,*,#104,.T.);
#1418 = ORIENTED_EDGE('',*,*,#688,.T.);
#1419 = ORIENTED_EDGE('',*,*,#1420,.F.);
#1420 = EDGE_CURVE('',#130,#689,#1421,.T.);
#1421 = LINE('',#1422,#1423);
#1422 = CARTESIAN_POINT('',(-68.,-42.,0.));
#1423 = VECTOR('',#1424,1.);
#1424 = DIRECTION('',(0.,0.,1.));
#1425 = ORIENTED_EDGE('',*,*,#129,.F.);
#1426 = PLANE('',#1427);
#1427 = AXIS2_PLACEMENT_3D('',#1428,#1429,#1430);
#1428 = CARTESIAN_POINT('',(-68.,42.,0.));
#1429 = DIRECTION('',(1.,0.,0.));
#1430 = DIRECTION('',(0.,-1.,0.));
#1431 = ADVANCED_FACE('',(#1432),#1443,.T.);
#1432 = FACE_BOUND('',#1433,.F.);
#1433 = EDGE_LOOP('',(#1434,#1440,#1441,#1442));
#1434 = ORIENTED_EDGE('',*,*,#1435,.T.);
#1435 = EDGE_CURVE('',#147,#706,#1436,.T.);
#1436 = LINE('',#1437,#1438);
#1437 = CARTESIAN_POINT('',(64.,-46.,0.));
#1438 = VECTOR('',#1439,1.);
#1439 = DIRECTION('',(0.,0.,1.));
#1440 = ORIENTED_EDGE('',*,*,#713,.T.);
#1441 = ORIENTED_EDGE('',*,*,#1401,.F.);
#1442 = ORIENTED_EDGE('',*,*,#154,.F.);
#1443 = CYLINDRICAL_SURFACE('',#1444,4.);
#1444 = AXIS2_PLACEMENT_3D('',#1445,#1446,#1447);
#1445 = CARTESIAN_POINT('',(64.,-42.,0.));
#1446 = DIRECTION('',(-0.,-0.,-1.));
#1447 = DIRECTION('',(1.,0.,0.));
#1448 = ADVANCED_FACE('',(#1449),#1460,.T.);
#1449 = FACE_BOUND('',#1450,.F.);
#1450 = EDGE_LOOP('',(#1451,#1452,#1453,#1459));
#1451 = ORIENTED_EDGE('',*,*,#1420,.T.);
#1452 = ORIENTED_EDGE('',*,*,#696,.T.);
#1453 = ORIENTED_EDGE('',*,*,#1454,.F.);
#1454 = EDGE_CURVE('',#138,#697,#1455,.T.);
#1455 = LINE('',#1456,#1457);
#1456 = CARTESIAN_POINT('',(-64.,-46.,0.));
#1457 = VECTOR('',#1458,1.);
#1458 = DIRECTION('',(0.,0.,1.));
#1459 = ORIENTED_EDGE('',*,*,#137,.F.);
#1460 = CYLINDRICAL_SURFACE('',#1461,4.);
#1461 = AXIS2_PLACEMENT_3D('',#1462,#1463,#1464);
#1462 = CARTESIAN_POINT('',(-64.,-42.,0.));
#1463 = DIRECTION('',(-0.,-0.,-1.));
#1464 = DIRECTION('',(1.,0.,0.));
#1465 = ADVANCED_FACE('',(#1466),#1472,.F.);
#1466 = FACE_BOUND('',#1467,.F.);
#1467 = EDGE_LOOP('',(#1468,#1469,#1470,#1471));
#1468 = ORIENTED_EDGE('',*,*,#1454,.T.);
#1469 = ORIENTED_EDGE('',*,*,#705,.T.);
#1470 = ORIENTED_EDGE('',*,*,#1435,.F.);
#1471 = ORIENTED_EDGE('',*,*,#146,.F.);
#1472 = PLANE('',#1473);
#1473 = AXIS2_PLACEMENT_3D('',#1474,#1475,#1476);
#1474 = CARTESIAN_POINT('',(-64.,-46.,0.));
#1475 = DIRECTION('',(0.,1.,0.));
#1476 = DIRECTION('',(1.,0.,0.));
#1477 = ADVANCED_FACE('',(#1478),#1503,.F.);
#1478 = FACE_BOUND('',#1479,.F.);
#1479 = EDGE_LOOP('',(#1480,#1488,#1496,#1502));
#1480 = ORIENTED_EDGE('',*,*,#1481,.T.);
#1481 = EDGE_CURVE('',#173,#1482,#1484,.T.);
#1482 = VERTEX_POINT('',#1483);
#1483 = CARTESIAN_POINT('',(-36.5,-21.90192378864,2.));
#1484 = LINE('',#1485,#1486);
#1485 = CARTESIAN_POINT('',(-36.5,-21.90192378864,0.));
#1486 = VECTOR('',#1487,1.);
#1487 = DIRECTION('',(0.,0.,1.));
#1488 = ORIENTED_EDGE('',*,*,#1489,.T.);
#1489 = EDGE_CURVE('',#1482,#1490,#1492,.T.);
#1490 = VERTEX_POINT('',#1491);
#1491 = CARTESIAN_POINT('',(-35.,-24.5,2.));
#1492 = LINE('',#1493,#1494);
#1493 = CARTESIAN_POINT('',(-36.5,-21.90192378864,2.));
#1494 = VECTOR('',#1495,1.);
#1495 = DIRECTION('',(0.5,-0.866025403784,0.));
#1496 = ORIENTED_EDGE('',*,*,#1497,.F.);
#1497 = EDGE_CURVE('',#175,#1490,#1498,.T.);
#1498 = LINE('',#1499,#1500);
#1499 = CARTESIAN_POINT('',(-35.,-24.5,0.));
#1500 = VECTOR('',#1501,1.);
#1501 = DIRECTION('',(0.,0.,1.));
#1502 = ORIENTED_EDGE('',*,*,#172,.F.);
#1503 = PLANE('',#1504);
#1504 = AXIS2_PLACEMENT_3D('',#1505,#1506,#1507);
#1505 = CARTESIAN_POINT('',(-36.5,-21.90192378864,0.));
#1506 = DIRECTION('',(0.866025403784,0.5,0.));
#1507 = DIRECTION('',(0.5,-0.866025403784,0.));
#1508 = ADVANCED_FACE('',(#1509),#1527,.F.);
#1509 = FACE_BOUND('',#1510,.F.);
#1510 = EDGE_LOOP('',(#1511,#1519,#1525,#1526));
#1511 = ORIENTED_EDGE('',*,*,#1512,.T.);
#1512 = EDGE_CURVE('',#207,#1513,#1515,.T.);
#1513 = VERTEX_POINT('',#1514);
#1514 = CARTESIAN_POINT('',(-39.5,-21.90192378864,2.));
#1515 = LINE('',#1516,#1517);
#1516 = CARTESIAN_POINT('',(-39.5,-21.90192378864,0.));
#1517 = VECTOR('',#1518,1.);
#1518 = DIRECTION('',(0.,0.,1.));
#1519 = ORIENTED_EDGE('',*,*,#1520,.T.);
#1520 = EDGE_CURVE('',#1513,#1482,#1521,.T.);
#1521 = LINE('',#1522,#1523);
#1522 = CARTESIAN_POINT('',(-39.5,-21.90192378864,2.));
#1523 = VECTOR('',#1524,1.);
#1524 = DIRECTION('',(1.,0.,0.));
#1525 = ORIENTED_EDGE('',*,*,#1481,.F.);
#1526 = ORIENTED_EDGE('',*,*,#214,.F.);
#1527 = PLANE('',#1528);
#1528 = AXIS2_PLACEMENT_3D('',#1529,#1530,#1531);
#1529 = CARTESIAN_POINT('',(-39.5,-21.90192378864,0.));
#1530 = DIRECTION('',(0.,1.,0.));
#1531 = DIRECTION('',(1.,0.,0.));
#1532 = ADVANCED_FACE('',(#1533),#1551,.F.);
#1533 = FACE_BOUND('',#1534,.F.);
#1534 = EDGE_LOOP('',(#1535,#1543,#1549,#1550));
#1535 = ORIENTED_EDGE('',*,*,#1536,.T.);
#1536 = EDGE_CURVE('',#199,#1537,#1539,.T.);
#1537 = VERTEX_POINT('',#1538);
#1538 = CARTESIAN_POINT('',(-41.,-24.5,2.));
#1539 = LINE('',#1540,#1541);
#1540 = CARTESIAN_POINT('',(-41.,-24.5,0.));
#1541 = VECTOR('',#1542,1.);
#1542 = DIRECTION('',(0.,0.,1.));
#1543 = ORIENTED_EDGE('',*,*,#1544,.T.);
#1544 = EDGE_CURVE('',#1537,#1513,#1545,.T.);
#1545 = LINE('',#1546,#1547);
#1546 = CARTESIAN_POINT('',(-41.,-24.5,2.));
#1547 = VECTOR('',#1548,1.);
#1548 = DIRECTION('',(0.5,0.866025403784,0.));
#1549 = ORIENTED_EDGE('',*,*,#1512,.F.);
#1550 = ORIENTED_EDGE('',*,*,#206,.F.);
#1551 = PLANE('',#1552);
#1552 = AXIS2_PLACEMENT_3D('',#1553,#1554,#1555);
#1553 = CARTESIAN_POINT('',(-41.,-24.5,0.));
#1554 = DIRECTION('',(-0.866025403784,0.5,0.));
#1555 = DIRECTION('',(0.5,0.866025403784,0.));
#1556 = ADVANCED_FACE('',(#1557),#1575,.F.);
#1557 = FACE_BOUND('',#1558,.F.);
#1558 = EDGE_LOOP('',(#1559,#1567,#1573,#1574));
#1559 = ORIENTED_EDGE('',*,*,#1560,.T.);
#1560 = EDGE_CURVE('',#191,#1561,#1563,.T.);
#1561 = VERTEX_POINT('',#1562);
#1562 = CARTESIAN_POINT('',(-39.5,-27.09807621135,2.));
#1563 = LINE('',#1564,#1565);
#1564 = CARTESIAN_POINT('',(-39.5,-27.09807621135,0.));
#1565 = VECTOR('',#1566,1.);
#1566 = DIRECTION('',(0.,0.,1.));
#1567 = ORIENTED_EDGE('',*,*,#1568,.T.);
#1568 = EDGE_CURVE('',#1561,#1537,#1569,.T.);
#1569 = LINE('',#1570,#1571);
#1570 = CARTESIAN_POINT('',(-39.5,-27.09807621135,2.));
#1571 = VECTOR('',#1572,1.);
#1572 = DIRECTION('',(-0.5,0.866025403784,-0.));
#1573 = ORIENTED_EDGE('',*,*,#1536,.F.);
#1574 = ORIENTED_EDGE('',*,*,#198,.F.);
#1575 = PLANE('',#1576);
#1576 = AXIS2_PLACEMENT_3D('',#1577,#1578,#1579);
#1577 = CARTESIAN_POINT('',(-39.5,-27.09807621135,0.));
#1578 = DIRECTION('',(-0.866025403784,-0.5,0.));
#1579 = DIRECTION('',(-0.5,0.866025403784,0.));
#1580 = ADVANCED_FACE('',(#1581),#1599,.F.);
#1581 = FACE_BOUND('',#1582,.F.);
#1582 = EDGE_LOOP('',(#1583,#1591,#1597,#1598));
#1583 = ORIENTED_EDGE('',*,*,#1584,.T.);
#1584 = EDGE_CURVE('',#183,#1585,#1587,.T.);
#1585 = VERTEX_POINT('',#1586);
#1586 = CARTESIAN_POINT('',(-36.5,-27.09807621135,2.));
#1587 = LINE('',#1588,#1589);
#1588 = CARTESIAN_POINT('',(-36.5,-27.09807621135,0.));
#1589 = VECTOR('',#1590,1.);
#1590 = DIRECTION('',(0.,0.,1.));
#1591 = ORIENTED_EDGE('',*,*,#1592,.T.);
#1592 = EDGE_CURVE('',#1585,#1561,#1593,.T.);
#1593 = LINE('',#1594,#1595);
#1594 = CARTESIAN_POINT('',(-36.5,-27.09807621135,2.));
#1595 = VECTOR('',#1596,1.);
#1596 = DIRECTION('',(-1.,0.,0.));
#1597 = ORIENTED_EDGE('',*,*,#1560,.F.);
#1598 = ORIENTED_EDGE('',*,*,#190,.F.);
#1599 = PLANE('',#1600);
#1600 = AXIS2_PLACEMENT_3D('',#1601,#1602,#1603);
#1601 = CARTESIAN_POINT('',(-36.5,-27.09807621135,0.));
#1602 = DIRECTION('',(0.,-1.,0.));
#1603 = DIRECTION('',(-1.,0.,0.));
#1604 = ADVANCED_FACE('',(#1605),#1616,.F.);
#1605 = FACE_BOUND('',#1606,.F.);
#1606 = EDGE_LOOP('',(#1607,#1608,#1614,#1615));
#1607 = ORIENTED_EDGE('',*,*,#1497,.T.);
#1608 = ORIENTED_EDGE('',*,*,#1609,.T.);
#1609 = EDGE_CURVE('',#1490,#1585,#1610,.T.);
#1610 = LINE('',#1611,#1612);
#1611 = CARTESIAN_POINT('',(-35.,-24.5,2.));
#1612 = VECTOR('',#1613,1.);
#1613 = DIRECTION('',(-0.5,-0.866025403784,0.));
#1614 = ORIENTED_EDGE('',*,*,#1584,.F.);
#1615 = ORIENTED_EDGE('',*,*,#182,.F.);
#1616 = PLANE('',#1617);
#1617 = AXIS2_PLACEMENT_3D('',#1618,#1619,#1620);
#1618 = CARTESIAN_POINT('',(-35.,-24.5,0.));
#1619 = DIRECTION('',(0.866025403784,-0.5,0.));
#1620 = DIRECTION('',(-0.5,-0.866025403784,0.));
#1621 = ADVANCED_FACE('',(#1622),#1641,.F.);
#1622 = FACE_BOUND('',#1623,.T.);
#1623 = EDGE_LOOP('',(#1624,#1625,#1633,#1640));
#1624 = ORIENTED_EDGE('',*,*,#222,.F.);
#1625 = ORIENTED_EDGE('',*,*,#1626,.T.);
#1626 = EDGE_CURVE('',#223,#1627,#1629,.T.);
#1627 = VERTEX_POINT('',#1628);
#1628 = CARTESIAN_POINT('',(-61.5,-15.,2.));
#1629 = LINE('',#1630,#1631);
#1630 = CARTESIAN_POINT('',(-61.5,-15.,0.));
#1631 = VECTOR('',#1632,1.);
#1632 = DIRECTION('',(0.,0.,1.));
#1633 = ORIENTED_EDGE('',*,*,#1634,.T.);
#1634 = EDGE_CURVE('',#1627,#1627,#1635,.T.);
#1635 = CIRCLE('',#1636,1.5);
#1636 = AXIS2_PLACEMENT_3D('',#1637,#1638,#1639);
#1637 = CARTESIAN_POINT('',(-63.,-15.,2.));
#1638 = DIRECTION('',(0.,0.,1.));
#1639 = DIRECTION('',(1.,0.,0.));
#1640 = ORIENTED_EDGE('',*,*,#1626,.F.);
#1641 = CYLINDRICAL_SURFACE('',#1642,1.5);
#1642 = AXIS2_PLACEMENT_3D('',#1643,#1644,#1645);
#1643 = CARTESIAN_POINT('',(-63.,-15.,0.));
#1644 = DIRECTION('',(-0.,-0.,-1.));
#1645 = DIRECTION('',(1.,0.,0.));
#1646 = ADVANCED_FACE('',(#1647),#1666,.F.);
#1647 = FACE_BOUND('',#1648,.T.);
#1648 = EDGE_LOOP('',(#1649,#1650,#1658,#1665));
#1649 = ORIENTED_EDGE('',*,*,#233,.F.);
#1650 = ORIENTED_EDGE('',*,*,#1651,.T.);
#1651 = EDGE_CURVE('',#234,#1652,#1654,.T.);
#1652 = VERTEX_POINT('',#1653);
#1653 = CARTESIAN_POINT('',(-41.5,-15.,2.));
#1654 = LINE('',#1655,#1656);
#1655 = CARTESIAN_POINT('',(-41.5,-15.,0.));
#1656 = VECTOR('',#1657,1.);
#1657 = DIRECTION('',(0.,0.,1.));
#1658 = ORIENTED_EDGE('',*,*,#1659,.T.);
#1659 = EDGE_CURVE('',#1652,#1652,#1660,.T.);
#1660 = CIRCLE('',#1661,1.5);
#1661 = AXIS2_PLACEMENT_3D('',#1662,#1663,#1664);
#1662 = CARTESIAN_POINT('',(-43.,-15.,2.));
#1663 = DIRECTION('',(0.,0.,1.));
#1664 = DIRECTION('',(1.,0.,0.));
#1665 = ORIENTED_EDGE('',*,*,#1651,.F.);
#1666 = CYLINDRICAL_SURFACE('',#1667,1.5);
#1667 = AXIS2_PLACEMENT_3D('',#1668,#1669,#1670);
#1668 = CARTESIAN_POINT('',(-43.,-15.,0.));
#1669 = DIRECTION('',(-0.,-0.,-1.));
#1670 = DIRECTION('',(1.,0.,0.));
#1671 = ADVANCED_FACE('',(#1672),#1691,.F.);
#1672 = FACE_BOUND('',#1673,.T.);
#1673 = EDGE_LOOP('',(#1674,#1675,#1683,#1690));
#1674 = ORIENTED_EDGE('',*,*,#244,.F.);
#1675 = ORIENTED_EDGE('',*,*,#1676,.T.);
#1676 = EDGE_CURVE('',#245,#1677,#1679,.T.);
#1677 = VERTEX_POINT('',#1678);
#1678 = CARTESIAN_POINT('',(-16.,-12.,2.));
#1679 = LINE('',#1680,#1681);
#1680 = CARTESIAN_POINT('',(-16.,-12.,0.));
#1681 = VECTOR('',#1682,1.);
#1682 = DIRECTION('',(0.,0.,1.));
#1683 = ORIENTED_EDGE('',*,*,#1684,.T.);
#1684 = EDGE_CURVE('',#1677,#1677,#1685,.T.);
#1685 = CIRCLE('',#1686,1.5);
#1686 = AXIS2_PLACEMENT_3D('',#1687,#1688,#1689);
#1687 = CARTESIAN_POINT('',(-17.5,-12.,2.));
#1688 = DIRECTION('',(0.,0.,1.));
#1689 = DIRECTION('',(1.,0.,0.));
#1690 = ORIENTED_EDGE('',*,*,#1676,.F.);
#1691 = CYLINDRICAL_SURFACE('',#1692,1.5);
#1692 = AXIS2_PLACEMENT_3D('',#1693,#1694,#1695);
#1693 = CARTESIAN_POINT('',(-17.5,-12.,0.));
#1694 = DIRECTION('',(-0.,-0.,-1.));
#1695 = DIRECTION('',(1.,0.,0.));
#1696 = ADVANCED_FACE('',(#1697),#1716,.F.);
#1697 = FACE_BOUND('',#1698,.T.);
#1698 = EDGE_LOOP('',(#1699,#1700,#1708,#1715));
#1699 = ORIENTED_EDGE('',*,*,#255,.F.);
#1700 = ORIENTED_EDGE('',*,*,#1701,.T.);
#1701 = EDGE_CURVE('',#256,#1702,#1704,.T.);
#1702 = VERTEX_POINT('',#1703);
#1703 = CARTESIAN_POINT('',(31.5,-40.,2.808246407406));
#1704 = LINE('',#1705,#1706);
#1705 = CARTESIAN_POINT('',(31.5,-40.,0.));
#1706 = VECTOR('',#1707,1.);
#1707 = DIRECTION('',(0.,0.,1.));
#1708 = ORIENTED_EDGE('',*,*,#1709,.F.);
#1709 = EDGE_CURVE('',#1702,#1702,#1710,.T.);
#1710 = CIRCLE('',#1711,1.5);
#1711 = AXIS2_PLACEMENT_3D('',#1712,#1713,#1714);
#1712 = CARTESIAN_POINT('',(30.,-40.,2.808246407406));
#1713 = DIRECTION('',(0.,0.,-1.));
#1714 = DIRECTION('',(0.,1.,0.));
#1715 = ORIENTED_EDGE('',*,*,#1701,.F.);
#1716 = CYLINDRICAL_SURFACE('',#1717,1.5);
#1717 = AXIS2_PLACEMENT_3D('',#1718,#1719,#1720);
#1718 = CARTESIAN_POINT('',(30.,-40.,0.));
#1719 = DIRECTION('',(-0.,-0.,-1.));
#1720 = DIRECTION('',(1.,0.,0.));
#1721 = ADVANCED_FACE('',(#1722),#1747,.F.);
#1722 = FACE_BOUND('',#1723,.F.);
#1723 = EDGE_LOOP('',(#1724,#1732,#1740,#1746));
#1724 = ORIENTED_EDGE('',*,*,#1725,.T.);
#1725 = EDGE_CURVE('',#267,#1726,#1728,.T.);
#1726 = VERTEX_POINT('',#1727);
#1727 = CARTESIAN_POINT('',(21.5,-21.90192378864,2.));
#1728 = LINE('',#1729,#1730);
#1729 = CARTESIAN_POINT('',(21.5,-21.90192378864,0.));
#1730 = VECTOR('',#1731,1.);
#1731 = DIRECTION('',(0.,0.,1.));
#1732 = ORIENTED_EDGE('',*,*,#1733,.T.);
#1733 = EDGE_CURVE('',#1726,#1734,#1736,.T.);
#1734 = VERTEX_POINT('',#1735);
#1735 = CARTESIAN_POINT('',(23.,-24.5,2.));
#1736 = LINE('',#1737,#1738);
#1737 = CARTESIAN_POINT('',(21.5,-21.90192378864,2.));
#1738 = VECTOR('',#1739,1.);
#1739 = DIRECTION('',(0.5,-0.866025403784,0.));
#1740 = ORIENTED_EDGE('',*,*,#1741,.F.);
#1741 = EDGE_CURVE('',#269,#1734,#1742,.T.);
#1742 = LINE('',#1743,#1744);
#1743 = CARTESIAN_POINT('',(23.,-24.5,0.));
#1744 = VECTOR('',#1745,1.);
#1745 = DIRECTION('',(0.,0.,1.));
#1746 = ORIENTED_EDGE('',*,*,#266,.F.);
#1747 = PLANE('',#1748);
#1748 = AXIS2_PLACEMENT_3D('',#1749,#1750,#1751);
#1749 = CARTESIAN_POINT('',(21.5,-21.90192378864,0.));
#1750 = DIRECTION('',(0.866025403784,0.5,0.));
#1751 = DIRECTION('',(0.5,-0.866025403784,0.));
#1752 = ADVANCED_FACE('',(#1753),#1771,.F.);
#1753 = FACE_BOUND('',#1754,.F.);
#1754 = EDGE_LOOP('',(#1755,#1763,#1769,#1770));
#1755 = ORIENTED_EDGE('',*,*,#1756,.T.);
#1756 = EDGE_CURVE('',#301,#1757,#1759,.T.);
#1757 = VERTEX_POINT('',#1758);
#1758 = CARTESIAN_POINT('',(18.5,-21.90192378864,2.));
#1759 = LINE('',#1760,#1761);
#1760 = CARTESIAN_POINT('',(18.5,-21.90192378864,0.));
#1761 = VECTOR('',#1762,1.);
#1762 = DIRECTION('',(0.,0.,1.));
#1763 = ORIENTED_EDGE('',*,*,#1764,.T.);
#1764 = EDGE_CURVE('',#1757,#1726,#1765,.T.);
#1765 = LINE('',#1766,#1767);
#1766 = CARTESIAN_POINT('',(18.5,-21.90192378864,2.));
#1767 = VECTOR('',#1768,1.);
#1768 = DIRECTION('',(1.,0.,0.));
#1769 = ORIENTED_EDGE('',*,*,#1725,.F.);
#1770 = ORIENTED_EDGE('',*,*,#308,.F.);
#1771 = PLANE('',#1772);
#1772 = AXIS2_PLACEMENT_3D('',#1773,#1774,#1775);
#1773 = CARTESIAN_POINT('',(18.5,-21.90192378864,0.));
#1774 = DIRECTION('',(0.,1.,0.));
#1775 = DIRECTION('',(1.,0.,0.));
#1776 = ADVANCED_FACE('',(#1777),#1795,.F.);
#1777 = FACE_BOUND('',#1778,.F.);
#1778 = EDGE_LOOP('',(#1779,#1787,#1793,#1794));
#1779 = ORIENTED_EDGE('',*,*,#1780,.T.);
#1780 = EDGE_CURVE('',#293,#1781,#1783,.T.);
#1781 = VERTEX_POINT('',#1782);
#1782 = CARTESIAN_POINT('',(17.,-24.5,2.));
#1783 = LINE('',#1784,#1785);
#1784 = CARTESIAN_POINT('',(17.,-24.5,0.));
#1785 = VECTOR('',#1786,1.);
#1786 = DIRECTION('',(0.,0.,1.));
#1787 = ORIENTED_EDGE('',*,*,#1788,.T.);
#1788 = EDGE_CURVE('',#1781,#1757,#1789,.T.);
#1789 = LINE('',#1790,#1791);
#1790 = CARTESIAN_POINT('',(17.,-24.5,2.));
#1791 = VECTOR('',#1792,1.);
#1792 = DIRECTION('',(0.5,0.866025403784,0.));
#1793 = ORIENTED_EDGE('',*,*,#1756,.F.);
#1794 = ORIENTED_EDGE('',*,*,#300,.F.);
#1795 = PLANE('',#1796);
#1796 = AXIS2_PLACEMENT_3D('',#1797,#1798,#1799);
#1797 = CARTESIAN_POINT('',(17.,-24.5,0.));
#1798 = DIRECTION('',(-0.866025403784,0.5,0.));
#1799 = DIRECTION('',(0.5,0.866025403784,0.));
#1800 = ADVANCED_FACE('',(#1801),#1819,.F.);
#1801 = FACE_BOUND('',#1802,.F.);
#1802 = EDGE_LOOP('',(#1803,#1811,#1817,#1818));
#1803 = ORIENTED_EDGE('',*,*,#1804,.T.);
#1804 = EDGE_CURVE('',#285,#1805,#1807,.T.);
#1805 = VERTEX_POINT('',#1806);
#1806 = CARTESIAN_POINT('',(18.5,-27.09807621135,2.));
#1807 = LINE('',#1808,#1809);
#1808 = CARTESIAN_POINT('',(18.5,-27.09807621135,0.));
#1809 = VECTOR('',#1810,1.);
#1810 = DIRECTION('',(0.,0.,1.));
#1811 = ORIENTED_EDGE('',*,*,#1812,.T.);
#1812 = EDGE_CURVE('',#1805,#1781,#1813,.T.);
#1813 = LINE('',#1814,#1815);
#1814 = CARTESIAN_POINT('',(18.5,-27.09807621135,2.));
#1815 = VECTOR('',#1816,1.);
#1816 = DIRECTION('',(-0.5,0.866025403784,-0.));
#1817 = ORIENTED_EDGE('',*,*,#1780,.F.);
#1818 = ORIENTED_EDGE('',*,*,#292,.F.);
#1819 = PLANE('',#1820);
#1820 = AXIS2_PLACEMENT_3D('',#1821,#1822,#1823);
#1821 = CARTESIAN_POINT('',(18.5,-27.09807621135,0.));
#1822 = DIRECTION('',(-0.866025403784,-0.5,0.));
#1823 = DIRECTION('',(-0.5,0.866025403784,0.));
#1824 = ADVANCED_FACE('',(#1825),#1843,.F.);
#1825 = FACE_BOUND('',#1826,.F.);
#1826 = EDGE_LOOP('',(#1827,#1835,#1841,#1842));
#1827 = ORIENTED_EDGE('',*,*,#1828,.T.);
#1828 = EDGE_CURVE('',#277,#1829,#1831,.T.);
#1829 = VERTEX_POINT('',#1830);
#1830 = CARTESIAN_POINT('',(21.5,-27.09807621135,2.));
#1831 = LINE('',#1832,#1833);
#1832 = CARTESIAN_POINT('',(21.5,-27.09807621135,0.));
#1833 = VECTOR('',#1834,1.);
#1834 = DIRECTION('',(0.,0.,1.));
#1835 = ORIENTED_EDGE('',*,*,#1836,.T.);
#1836 = EDGE_CURVE('',#1829,#1805,#1837,.T.);
#1837 = LINE('',#1838,#1839);
#1838 = CARTESIAN_POINT('',(21.5,-27.09807621135,2.));
#1839 = VECTOR('',#1840,1.);
#1840 = DIRECTION('',(-1.,0.,0.));
#1841 = ORIENTED_EDGE('',*,*,#1804,.F.);
#1842 = ORIENTED_EDGE('',*,*,#284,.F.);
#1843 = PLANE('',#1844);
#1844 = AXIS2_PLACEMENT_3D('',#1845,#1846,#1847);
#1845 = CARTESIAN_POINT('',(21.5,-27.09807621135,0.));
#1846 = DIRECTION('',(0.,-1.,0.));
#1847 = DIRECTION('',(-1.,0.,0.));
#1848 = ADVANCED_FACE('',(#1849),#1860,.F.);
#1849 = FACE_BOUND('',#1850,.F.);
#1850 = EDGE_LOOP('',(#1851,#1852,#1858,#1859));
#1851 = ORIENTED_EDGE('',*,*,#1741,.T.);
#1852 = ORIENTED_EDGE('',*,*,#1853,.T.);
#1853 = EDGE_CURVE('',#1734,#1829,#1854,.T.);
#1854 = LINE('',#1855,#1856);
#1855 = CARTESIAN_POINT('',(23.,-24.5,2.));
#1856 = VECTOR('',#1857,1.);
#1857 = DIRECTION('',(-0.5,-0.866025403784,0.));
#1858 = ORIENTED_EDGE('',*,*,#1828,.F.);
#1859 = ORIENTED_EDGE('',*,*,#276,.F.);
#1860 = PLANE('',#1861);
#1861 = AXIS2_PLACEMENT_3D('',#1862,#1863,#1864);
#1862 = CARTESIAN_POINT('',(23.,-24.5,0.));
#1863 = DIRECTION('',(0.866025403784,-0.5,0.));
#1864 = DIRECTION('',(-0.5,-0.866025403784,0.));
#1865 = ADVANCED_FACE('',(#1866),#1885,.F.);
#1866 = FACE_BOUND('',#1867,.T.);
#1867 = EDGE_LOOP('',(#1868,#1869,#1877,#1884));
#1868 = ORIENTED_EDGE('',*,*,#316,.F.);
#1869 = ORIENTED_EDGE('',*,*,#1870,.T.);
#1870 = EDGE_CURVE('',#317,#1871,#1873,.T.);
#1871 = VERTEX_POINT('',#1872);
#1872 = CARTESIAN_POINT('',(49.5,-40.,2.808246407406));
#1873 = LINE('',#1874,#1875);
#1874 = CARTESIAN_POINT('',(49.5,-40.,0.));
#1875 = VECTOR('',#1876,1.);
#1876 = DIRECTION('',(0.,0.,1.));
#1877 = ORIENTED_EDGE('',*,*,#1878,.F.);
#1878 = EDGE_CURVE('',#1871,#1871,#1879,.T.);
#1879 = CIRCLE('',#1880,1.5);
#1880 = AXIS2_PLACEMENT_3D('',#1881,#1882,#1883);
#1881 = CARTESIAN_POINT('',(48.,-40.,2.808246407406));
#1882 = DIRECTION('',(0.,0.,-1.));
#1883 = DIRECTION('',(0.,1.,0.));
#1884 = ORIENTED_EDGE('',*,*,#1870,.F.);
#1885 = CYLINDRICAL_SURFACE('',#1886,1.5);
#1886 = AXIS2_PLACEMENT_3D('',#1887,#1888,#1889);
#1887 = CARTESIAN_POINT('',(48.,-40.,0.));
#1888 = DIRECTION('',(-0.,-0.,-1.));
#1889 = DIRECTION('',(1.,0.,0.));
#1890 = ADVANCED_FACE('',(#1891),#1907,.T.);
#1891 = FACE_BOUND('',#1892,.T.);
#1892 = EDGE_LOOP('',(#1893,#1899,#1900,#1906));
#1893 = ORIENTED_EDGE('',*,*,#1894,.T.);
#1894 = EDGE_CURVE('',#328,#926,#1895,.T.);
#1895 = LINE('',#1896,#1897);
#1896 = CARTESIAN_POINT('',(29.000000000152,-24.,0.));
#1897 = VECTOR('',#1898,1.);
#1898 = DIRECTION('',(0.,0.,1.));
#1899 = ORIENTED_EDGE('',*,*,#925,.T.);
#1900 = ORIENTED_EDGE('',*,*,#1901,.F.);
#1901 = EDGE_CURVE('',#330,#928,#1902,.T.);
#1902 = LINE('',#1903,#1904);
#1903 = CARTESIAN_POINT('',(29.000000000152,-32.,0.));
#1904 = VECTOR('',#1905,1.);
#1905 = DIRECTION('',(0.,0.,1.));
#1906 = ORIENTED_EDGE('',*,*,#327,.F.);
#1907 = PLANE('',#1908);
#1908 = AXIS2_PLACEMENT_3D('',#1909,#1910,#1911);
#1909 = CARTESIAN_POINT('',(29.000000000152,-24.,0.));
#1910 = DIRECTION('',(1.,0.,0.));
#1911 = DIRECTION('',(0.,-1.,0.));
#1912 = ADVANCED_FACE('',(#1913),#1924,.F.);
#1913 = FACE_BOUND('',#1914,.T.);
#1914 = EDGE_LOOP('',(#1915,#1921,#1922,#1923));
#1915 = ORIENTED_EDGE('',*,*,#1916,.T.);
#1916 = EDGE_CURVE('',#338,#936,#1917,.T.);
#1917 = LINE('',#1918,#1919);
#1918 = CARTESIAN_POINT('',(31.000000000152,-22.,0.));
#1919 = VECTOR('',#1920,1.);
#1920 = DIRECTION('',(0.,0.,1.));
#1921 = ORIENTED_EDGE('',*,*,#935,.T.);
#1922 = ORIENTED_EDGE('',*,*,#1894,.F.);
#1923 = ORIENTED_EDGE('',*,*,#337,.F.);
#1924 = CYLINDRICAL_SURFACE('',#1925,2.);
#1925 = AXIS2_PLACEMENT_3D('',#1926,#1927,#1928);
#1926 = CARTESIAN_POINT('',(31.000000000152,-24.,0.));
#1927 = DIRECTION('',(-0.,-0.,-1.));
#1928 = DIRECTION('',(1.,0.,0.));
#1929 = ADVANCED_FACE('',(#1930),#1941,.F.);
#1930 = FACE_BOUND('',#1931,.T.);
#1931 = EDGE_LOOP('',(#1932,#1933,#1934,#1940));
#1932 = ORIENTED_EDGE('',*,*,#1901,.T.);
#1933 = ORIENTED_EDGE('',*,*,#986,.T.);
#1934 = ORIENTED_EDGE('',*,*,#1935,.F.);
#1935 = EDGE_CURVE('',#381,#979,#1936,.T.);
#1936 = LINE('',#1937,#1938);
#1937 = CARTESIAN_POINT('',(31.000000000152,-34.,0.));
#1938 = VECTOR('',#1939,1.);
#1939 = DIRECTION('',(0.,0.,1.));
#1940 = ORIENTED_EDGE('',*,*,#388,.F.);
#1941 = CYLINDRICAL_SURFACE('',#1942,2.);
#1942 = AXIS2_PLACEMENT_3D('',#1943,#1944,#1945);
#1943 = CARTESIAN_POINT('',(31.000000000152,-32.,0.));
#1944 = DIRECTION('',(-0.,-0.,-1.));
#1945 = DIRECTION('',(1.,0.,0.));
#1946 = ADVANCED_FACE('',(#1947),#1958,.T.);
#1947 = FACE_BOUND('',#1948,.T.);
#1948 = EDGE_LOOP('',(#1949,#1955,#1956,#1957));
#1949 = ORIENTED_EDGE('',*,*,#1950,.T.);
#1950 = EDGE_CURVE('',#347,#945,#1951,.T.);
#1951 = LINE('',#1952,#1953);
#1952 = CARTESIAN_POINT('',(47.000000000145,-22.,0.));
#1953 = VECTOR('',#1954,1.);
#1954 = DIRECTION('',(0.,0.,1.));
#1955 = ORIENTED_EDGE('',*,*,#944,.T.);
#1956 = ORIENTED_EDGE('',*,*,#1916,.F.);
#1957 = ORIENTED_EDGE('',*,*,#346,.F.);
#1958 = PLANE('',#1959);
#1959 = AXIS2_PLACEMENT_3D('',#1960,#1961,#1962);
#1960 = CARTESIAN_POINT('',(47.000000000145,-22.,0.));
#1961 = DIRECTION('',(0.,-1.,0.));
#1962 = DIRECTION('',(-1.,0.,0.));
#1963 = ADVANCED_FACE('',(#1964),#1975,.T.);
#1964 = FACE_BOUND('',#1965,.T.);
#1965 = EDGE_LOOP('',(#1966,#1967,#1968,#1974));
#1966 = ORIENTED_EDGE('',*,*,#1935,.T.);
#1967 = ORIENTED_EDGE('',*,*,#978,.T.);
#1968 = ORIENTED_EDGE('',*,*,#1969,.F.);
#1969 = EDGE_CURVE('',#372,#970,#1970,.T.);
#1970 = LINE('',#1971,#1972);
#1971 = CARTESIAN_POINT('',(47.000000000145,-34.,0.));
#1972 = VECTOR('',#1973,1.);
#1973 = DIRECTION('',(0.,0.,1.));
#1974 = ORIENTED_EDGE('',*,*,#380,.F.);
#1975 = PLANE('',#1976);
#1976 = AXIS2_PLACEMENT_3D('',#1977,#1978,#1979);
#1977 = CARTESIAN_POINT('',(31.000000000152,-34.,0.));
#1978 = DIRECTION('',(0.,1.,0.));
#1979 = DIRECTION('',(1.,0.,0.));
#1980 = ADVANCED_FACE('',(#1981),#1992,.F.);
#1981 = FACE_BOUND('',#1982,.T.);
#1982 = EDGE_LOOP('',(#1983,#1989,#1990,#1991));
#1983 = ORIENTED_EDGE('',*,*,#1984,.T.);
#1984 = EDGE_CURVE('',#355,#953,#1985,.T.);
#1985 = LINE('',#1986,#1987);
#1986 = CARTESIAN_POINT('',(49.000000000145,-24.,0.));
#1987 = VECTOR('',#1988,1.);
#1988 = DIRECTION('',(0.,0.,1.));
#1989 = ORIENTED_EDGE('',*,*,#952,.T.);
#1990 = ORIENTED_EDGE('',*,*,#1950,.F.);
#1991 = ORIENTED_EDGE('',*,*,#354,.F.);
#1992 = CYLINDRICAL_SURFACE('',#1993,2.);
#1993 = AXIS2_PLACEMENT_3D('',#1994,#1995,#1996);
#1994 = CARTESIAN_POINT('',(47.000000000145,-24.,0.));
#1995 = DIRECTION('',(-0.,-0.,-1.));
#1996 = DIRECTION('',(1.,0.,0.));
#1997 = ADVANCED_FACE('',(#1998),#2009,.F.);
#1998 = FACE_BOUND('',#1999,.T.);
#1999 = EDGE_LOOP('',(#2000,#2001,#2002,#2008));
#2000 = ORIENTED_EDGE('',*,*,#1969,.T.);
#2001 = ORIENTED_EDGE('',*,*,#969,.T.);
#2002 = ORIENTED_EDGE('',*,*,#2003,.F.);
#2003 = EDGE_CURVE('',#364,#962,#2004,.T.);
#2004 = LINE('',#2005,#2006);
#2005 = CARTESIAN_POINT('',(49.000000000145,-32.,0.));
#2006 = VECTOR('',#2007,1.);
#2007 = DIRECTION('',(0.,0.,1.));
#2008 = ORIENTED_EDGE('',*,*,#371,.F.);
#2009 = CYLINDRICAL_SURFACE('',#2010,2.);
#2010 = AXIS2_PLACEMENT_3D('',#2011,#2012,#2013);
#2011 = CARTESIAN_POINT('',(47.000000000145,-32.,0.));
#2012 = DIRECTION('',(-0.,-0.,-1.));
#2013 = DIRECTION('',(1.,0.,0.));
#2014 = ADVANCED_FACE('',(#2015),#2021,.T.);
#2015 = FACE_BOUND('',#2016,.T.);
#2016 = EDGE_LOOP('',(#2017,#2018,#2019,#2020));
#2017 = ORIENTED_EDGE('',*,*,#2003,.T.);
#2018 = ORIENTED_EDGE('',*,*,#961,.T.);
#2019 = ORIENTED_EDGE('',*,*,#1984,.F.);
#2020 = ORIENTED_EDGE('',*,*,#363,.F.);
#2021 = PLANE('',#2022);
#2022 = AXIS2_PLACEMENT_3D('',#2023,#2024,#2025);
#2023 = CARTESIAN_POINT('',(49.000000000145,-32.,0.));
#2024 = DIRECTION('',(-1.,0.,0.));
#2025 = DIRECTION('',(0.,1.,0.));
#2026 = ADVANCED_FACE('',(#2027),#2046,.F.);
#2027 = FACE_BOUND('',#2028,.T.);
#2028 = EDGE_LOOP('',(#2029,#2030,#2038,#2045));
#2029 = ORIENTED_EDGE('',*,*,#397,.F.);
#2030 = ORIENTED_EDGE('',*,*,#2031,.T.);
#2031 = EDGE_CURVE('',#398,#2032,#2034,.T.);
#2032 = VERTEX_POINT('',#2033);
#2033 = CARTESIAN_POINT('',(24.,-12.,2.));
#2034 = LINE('',#2035,#2036);
#2035 = CARTESIAN_POINT('',(24.,-12.,0.));
#2036 = VECTOR('',#2037,1.);
#2037 = DIRECTION('',(0.,0.,1.));
#2038 = ORIENTED_EDGE('',*,*,#2039,.T.);
#2039 = EDGE_CURVE('',#2032,#2032,#2040,.T.);
#2040 = CIRCLE('',#2041,1.5);
#2041 = AXIS2_PLACEMENT_3D('',#2042,#2043,#2044);
#2042 = CARTESIAN_POINT('',(22.5,-12.,2.));
#2043 = DIRECTION('',(0.,0.,1.));
#2044 = DIRECTION('',(1.,0.,0.));
#2045 = ORIENTED_EDGE('',*,*,#2031,.F.);
#2046 = CYLINDRICAL_SURFACE('',#2047,1.5);
#2047 = AXIS2_PLACEMENT_3D('',#2048,#2049,#2050);
#2048 = CARTESIAN_POINT('',(22.5,-12.,0.));
#2049 = DIRECTION('',(-0.,-0.,-1.));
#2050 = DIRECTION('',(1.,0.,0.));
#2051 = ADVANCED_FACE('',(#2052),#2071,.F.);
#2052 = FACE_BOUND('',#2053,.T.);
#2053 = EDGE_LOOP('',(#2054,#2055,#2063,#2070));
#2054 = ORIENTED_EDGE('',*,*,#408,.F.);
#2055 = ORIENTED_EDGE('',*,*,#2056,.T.);
#2056 = EDGE_CURVE('',#409,#2057,#2059,.T.);
#2057 = VERTEX_POINT('',#2058);
#2058 = CARTESIAN_POINT('',(-61.5,15.,2.));
#2059 = LINE('',#2060,#2061);
#2060 = CARTESIAN_POINT('',(-61.5,15.,0.));
#2061 = VECTOR('',#2062,1.);
#2062 = DIRECTION('',(0.,0.,1.));
#2063 = ORIENTED_EDGE('',*,*,#2064,.T.);
#2064 = EDGE_CURVE('',#2057,#2057,#2065,.T.);
#2065 = CIRCLE('',#2066,1.5);
#2066 = AXIS2_PLACEMENT_3D('',#2067,#2068,#2069);
#2067 = CARTESIAN_POINT('',(-63.,15.,2.));
#2068 = DIRECTION('',(0.,0.,1.));
#2069 = DIRECTION('',(1.,0.,0.));
#2070 = ORIENTED_EDGE('',*,*,#2056,.F.);
#2071 = CYLINDRICAL_SURFACE('',#2072,1.5);
#2072 = AXIS2_PLACEMENT_3D('',#2073,#2074,#2075);
#2073 = CARTESIAN_POINT('',(-63.,15.,0.));
#2074 = DIRECTION('',(-0.,-0.,-1.));
#2075 = DIRECTION('',(1.,0.,0.));
#2076 = ADVANCED_FACE('',(#2077),#2096,.F.);
#2077 = FACE_BOUND('',#2078,.T.);
#2078 = EDGE_LOOP('',(#2079,#2080,#2088,#2095));
#2079 = ORIENTED_EDGE('',*,*,#419,.F.);
#2080 = ORIENTED_EDGE('',*,*,#2081,.T.);
#2081 = EDGE_CURVE('',#420,#2082,#2084,.T.);
#2082 = VERTEX_POINT('',#2083);
#2083 = CARTESIAN_POINT('',(-41.5,15.,2.));
#2084 = LINE('',#2085,#2086);
#2085 = CARTESIAN_POINT('',(-41.5,15.,0.));
#2086 = VECTOR('',#2087,1.);
#2087 = DIRECTION('',(0.,0.,1.));
#2088 = ORIENTED_EDGE('',*,*,#2089,.T.);
#2089 = EDGE_CURVE('',#2082,#2082,#2090,.T.);
#2090 = CIRCLE('',#2091,1.5);
#2091 = AXIS2_PLACEMENT_3D('',#2092,#2093,#2094);
#2092 = CARTESIAN_POINT('',(-43.,15.,2.));
#2093 = DIRECTION('',(0.,0.,1.));
#2094 = DIRECTION('',(1.,0.,0.));
#2095 = ORIENTED_EDGE('',*,*,#2081,.F.);
#2096 = CYLINDRICAL_SURFACE('',#2097,1.5);
#2097 = AXIS2_PLACEMENT_3D('',#2098,#2099,#2100);
#2098 = CARTESIAN_POINT('',(-43.,15.,0.));
#2099 = DIRECTION('',(-0.,-0.,-1.));
#2100 = DIRECTION('',(1.,0.,0.));
#2101 = ADVANCED_FACE('',(#2102),#2121,.F.);
#2102 = FACE_BOUND('',#2103,.T.);
#2103 = EDGE_LOOP('',(#2104,#2105,#2113,#2120));
#2104 = ORIENTED_EDGE('',*,*,#430,.F.);
#2105 = ORIENTED_EDGE('',*,*,#2106,.T.);
#2106 = EDGE_CURVE('',#431,#2107,#2109,.T.);
#2107 = VERTEX_POINT('',#2108);
#2108 = CARTESIAN_POINT('',(-16.,12.,2.));
#2109 = LINE('',#2110,#2111);
#2110 = CARTESIAN_POINT('',(-16.,12.,0.));
#2111 = VECTOR('',#2112,1.);
#2112 = DIRECTION('',(0.,0.,1.));
#2113 = ORIENTED_EDGE('',*,*,#2114,.T.);
#2114 = EDGE_CURVE('',#2107,#2107,#2115,.T.);
#2115 = CIRCLE('',#2116,1.5);
#2116 = AXIS2_PLACEMENT_3D('',#2117,#2118,#2119);
#2117 = CARTESIAN_POINT('',(-17.5,12.,2.));
#2118 = DIRECTION('',(0.,0.,1.));
#2119 = DIRECTION('',(1.,0.,0.));
#2120 = ORIENTED_EDGE('',*,*,#2106,.F.);
#2121 = CYLINDRICAL_SURFACE('',#2122,1.5);
#2122 = AXIS2_PLACEMENT_3D('',#2123,#2124,#2125);
#2123 = CARTESIAN_POINT('',(-17.5,12.,0.));
#2124 = DIRECTION('',(-0.,-0.,-1.));
#2125 = DIRECTION('',(1.,0.,0.));
#2126 = ADVANCED_FACE('',(#2127),#2152,.F.);
#2127 = FACE_BOUND('',#2128,.F.);
#2128 = EDGE_LOOP('',(#2129,#2137,#2145,#2151));
#2129 = ORIENTED_EDGE('',*,*,#2130,.T.);
#2130 = EDGE_CURVE('',#442,#2131,#2133,.T.);
#2131 = VERTEX_POINT('',#2132);
#2132 = CARTESIAN_POINT('',(-36.5,27.098076211353,2.));
#2133 = LINE('',#2134,#2135);
#2134 = CARTESIAN_POINT('',(-36.5,27.098076211353,0.));
#2135 = VECTOR('',#2136,1.);
#2136 = DIRECTION('',(0.,0.,1.));
#2137 = ORIENTED_EDGE('',*,*,#2138,.T.);
#2138 = EDGE_CURVE('',#2131,#2139,#2141,.T.);
#2139 = VERTEX_POINT('',#2140);
#2140 = CARTESIAN_POINT('',(-35.,24.5,2.));
#2141 = LINE('',#2142,#2143);
#2142 = CARTESIAN_POINT('',(-36.5,27.098076211353,2.));
#2143 = VECTOR('',#2144,1.);
#2144 = DIRECTION('',(0.5,-0.866025403784,0.));
#2145 = ORIENTED_EDGE('',*,*,#2146,.F.);
#2146 = EDGE_CURVE('',#444,#2139,#2147,.T.);
#2147 = LINE('',#2148,#2149);
#2148 = CARTESIAN_POINT('',(-35.,24.5,0.));
#2149 = VECTOR('',#2150,1.);
#2150 = DIRECTION('',(0.,0.,1.));
#2151 = ORIENTED_EDGE('',*,*,#441,.F.);
#2152 = PLANE('',#2153);
#2153 = AXIS2_PLACEMENT_3D('',#2154,#2155,#2156);
#2154 = CARTESIAN_POINT('',(-36.5,27.098076211353,0.));
#2155 = DIRECTION('',(0.866025403784,0.5,0.));
#2156 = DIRECTION('',(0.5,-0.866025403784,0.));
#2157 = ADVANCED_FACE('',(#2158),#2176,.F.);
#2158 = FACE_BOUND('',#2159,.F.);
#2159 = EDGE_LOOP('',(#2160,#2168,#2174,#2175));
#2160 = ORIENTED_EDGE('',*,*,#2161,.T.);
#2161 = EDGE_CURVE('',#476,#2162,#2164,.T.);
#2162 = VERTEX_POINT('',#2163);
#2163 = CARTESIAN_POINT('',(-39.5,27.098076211353,2.));
#2164 = LINE('',#2165,#2166);
#2165 = CARTESIAN_POINT('',(-39.5,27.098076211353,0.));
#2166 = VECTOR('',#2167,1.);
#2167 = DIRECTION('',(0.,0.,1.));
#2168 = ORIENTED_EDGE('',*,*,#2169,.T.);
#2169 = EDGE_CURVE('',#2162,#2131,#2170,.T.);
#2170 = LINE('',#2171,#2172);
#2171 = CARTESIAN_POINT('',(-39.5,27.098076211353,2.));
#2172 = VECTOR('',#2173,1.);
#2173 = DIRECTION('',(1.,0.,0.));
#2174 = ORIENTED_EDGE('',*,*,#2130,.F.);
#2175 = ORIENTED_EDGE('',*,*,#483,.F.);
#2176 = PLANE('',#2177);
#2177 = AXIS2_PLACEMENT_3D('',#2178,#2179,#2180);
#2178 = CARTESIAN_POINT('',(-39.5,27.098076211353,0.));
#2179 = DIRECTION('',(0.,1.,0.));
#2180 = DIRECTION('',(1.,0.,0.));
#2181 = ADVANCED_FACE('',(#2182),#2200,.F.);
#2182 = FACE_BOUND('',#2183,.F.);
#2183 = EDGE_LOOP('',(#2184,#2192,#2198,#2199));
#2184 = ORIENTED_EDGE('',*,*,#2185,.T.);
#2185 = EDGE_CURVE('',#468,#2186,#2188,.T.);
#2186 = VERTEX_POINT('',#2187);
#2187 = CARTESIAN_POINT('',(-41.,24.5,2.));
#2188 = LINE('',#2189,#2190);
#2189 = CARTESIAN_POINT('',(-41.,24.5,0.));
#2190 = VECTOR('',#2191,1.);
#2191 = DIRECTION('',(0.,0.,1.));
#2192 = ORIENTED_EDGE('',*,*,#2193,.T.);
#2193 = EDGE_CURVE('',#2186,#2162,#2194,.T.);
#2194 = LINE('',#2195,#2196);
#2195 = CARTESIAN_POINT('',(-41.,24.5,2.));
#2196 = VECTOR('',#2197,1.);
#2197 = DIRECTION('',(0.5,0.866025403784,0.));
#2198 = ORIENTED_EDGE('',*,*,#2161,.F.);
#2199 = ORIENTED_EDGE('',*,*,#475,.F.);
#2200 = PLANE('',#2201);
#2201 = AXIS2_PLACEMENT_3D('',#2202,#2203,#2204);
#2202 = CARTESIAN_POINT('',(-41.,24.5,0.));
#2203 = DIRECTION('',(-0.866025403784,0.5,0.));
#2204 = DIRECTION('',(0.5,0.866025403784,0.));
#2205 = ADVANCED_FACE('',(#2206),#2224,.F.);
#2206 = FACE_BOUND('',#2207,.F.);
#2207 = EDGE_LOOP('',(#2208,#2216,#2222,#2223));
#2208 = ORIENTED_EDGE('',*,*,#2209,.T.);
#2209 = EDGE_CURVE('',#460,#2210,#2212,.T.);
#2210 = VERTEX_POINT('',#2211);
#2211 = CARTESIAN_POINT('',(-39.5,21.901923788647,2.));
#2212 = LINE('',#2213,#2214);
#2213 = CARTESIAN_POINT('',(-39.5,21.901923788647,0.));
#2214 = VECTOR('',#2215,1.);
#2215 = DIRECTION('',(0.,0.,1.));
#2216 = ORIENTED_EDGE('',*,*,#2217,.T.);
#2217 = EDGE_CURVE('',#2210,#2186,#2218,.T.);
#2218 = LINE('',#2219,#2220);
#2219 = CARTESIAN_POINT('',(-39.5,21.901923788647,2.));
#2220 = VECTOR('',#2221,1.);
#2221 = DIRECTION('',(-0.5,0.866025403784,-0.));
#2222 = ORIENTED_EDGE('',*,*,#2185,.F.);
#2223 = ORIENTED_EDGE('',*,*,#467,.F.);
#2224 = PLANE('',#2225);
#2225 = AXIS2_PLACEMENT_3D('',#2226,#2227,#2228);
#2226 = CARTESIAN_POINT('',(-39.5,21.901923788647,0.));
#2227 = DIRECTION('',(-0.866025403784,-0.5,0.));
#2228 = DIRECTION('',(-0.5,0.866025403784,0.));
#2229 = ADVANCED_FACE('',(#2230),#2248,.F.);
#2230 = FACE_BOUND('',#2231,.F.);
#2231 = EDGE_LOOP('',(#2232,#2240,#2246,#2247));
#2232 = ORIENTED_EDGE('',*,*,#2233,.T.);
#2233 = EDGE_CURVE('',#452,#2234,#2236,.T.);
#2234 = VERTEX_POINT('',#2235);
#2235 = CARTESIAN_POINT('',(-36.5,21.901923788647,2.));
#2236 = LINE('',#2237,#2238);
#2237 = CARTESIAN_POINT('',(-36.5,21.901923788647,0.));
#2238 = VECTOR('',#2239,1.);
#2239 = DIRECTION('',(0.,0.,1.));
#2240 = ORIENTED_EDGE('',*,*,#2241,.T.);
#2241 = EDGE_CURVE('',#2234,#2210,#2242,.T.);
#2242 = LINE('',#2243,#2244);
#2243 = CARTESIAN_POINT('',(-36.5,21.901923788647,2.));
#2244 = VECTOR('',#2245,1.);
#2245 = DIRECTION('',(-1.,0.,0.));
#2246 = ORIENTED_EDGE('',*,*,#2209,.F.);
#2247 = ORIENTED_EDGE('',*,*,#459,.F.);
#2248 = PLANE('',#2249);
#2249 = AXIS2_PLACEMENT_3D('',#2250,#2251,#2252);
#2250 = CARTESIAN_POINT('',(-36.5,21.901923788647,0.));
#2251 = DIRECTION('',(0.,-1.,0.));
#2252 = DIRECTION('',(-1.,0.,0.));
#2253 = ADVANCED_FACE('',(#2254),#2265,.F.);
#2254 = FACE_BOUND('',#2255,.F.);
#2255 = EDGE_LOOP('',(#2256,#2257,#2263,#2264));
#2256 = ORIENTED_EDGE('',*,*,#2146,.T.);
#2257 = ORIENTED_EDGE('',*,*,#2258,.T.);
#2258 = EDGE_CURVE('',#2139,#2234,#2259,.T.);
#2259 = LINE('',#2260,#2261);
#2260 = CARTESIAN_POINT('',(-35.,24.5,2.));
#2261 = VECTOR('',#2262,1.);
#2262 = DIRECTION('',(-0.5,-0.866025403784,0.));
#2263 = ORIENTED_EDGE('',*,*,#2233,.F.);
#2264 = ORIENTED_EDGE('',*,*,#451,.F.);
#2265 = PLANE('',#2266);
#2266 = AXIS2_PLACEMENT_3D('',#2267,#2268,#2269);
#2267 = CARTESIAN_POINT('',(-35.,24.5,0.));
#2268 = DIRECTION('',(0.866025403784,-0.5,0.));
#2269 = DIRECTION('',(-0.5,-0.866025403784,0.));
#2270 = ADVANCED_FACE('',(#2271),#2290,.F.);
#2271 = FACE_BOUND('',#2272,.T.);
#2272 = EDGE_LOOP('',(#2273,#2274,#2282,#2289));
#2273 = ORIENTED_EDGE('',*,*,#491,.F.);
#2274 = ORIENTED_EDGE('',*,*,#2275,.T.);
#2275 = EDGE_CURVE('',#492,#2276,#2278,.T.);
#2276 = VERTEX_POINT('',#2277);
#2277 = CARTESIAN_POINT('',(24.,12.,2.));
#2278 = LINE('',#2279,#2280);
#2279 = CARTESIAN_POINT('',(24.,12.,0.));
#2280 = VECTOR('',#2281,1.);
#2281 = DIRECTION('',(0.,0.,1.));
#2282 = ORIENTED_EDGE('',*,*,#2283,.T.);
#2283 = EDGE_CURVE('',#2276,#2276,#2284,.T.);
#2284 = CIRCLE('',#2285,1.5);
#2285 = AXIS2_PLACEMENT_3D('',#2286,#2287,#2288);
#2286 = CARTESIAN_POINT('',(22.5,12.,2.));
#2287 = DIRECTION('',(0.,0.,1.));
#2288 = DIRECTION('',(1.,0.,0.));
#2289 = ORIENTED_EDGE('',*,*,#2275,.F.);
#2290 = CYLINDRICAL_SURFACE('',#2291,1.5);
#2291 = AXIS2_PLACEMENT_3D('',#2292,#2293,#2294);
#2292 = CARTESIAN_POINT('',(22.5,12.,0.));
#2293 = DIRECTION('',(-0.,-0.,-1.));
#2294 = DIRECTION('',(1.,0.,0.));
#2295 = ADVANCED_FACE('',(#2296),#2321,.F.);
#2296 = FACE_BOUND('',#2297,.F.);
#2297 = EDGE_LOOP('',(#2298,#2306,#2314,#2320));
#2298 = ORIENTED_EDGE('',*,*,#2299,.T.);
#2299 = EDGE_CURVE('',#503,#2300,#2302,.T.);
#2300 = VERTEX_POINT('',#2301);
#2301 = CARTESIAN_POINT('',(21.5,27.098076211353,2.));
#2302 = LINE('',#2303,#2304);
#2303 = CARTESIAN_POINT('',(21.5,27.098076211353,0.));
#2304 = VECTOR('',#2305,1.);
#2305 = DIRECTION('',(0.,0.,1.));
#2306 = ORIENTED_EDGE('',*,*,#2307,.T.);
#2307 = EDGE_CURVE('',#2300,#2308,#2310,.T.);
#2308 = VERTEX_POINT('',#2309);
#2309 = CARTESIAN_POINT('',(23.,24.5,2.));
#2310 = LINE('',#2311,#2312);
#2311 = CARTESIAN_POINT('',(21.5,27.098076211353,2.));
#2312 = VECTOR('',#2313,1.);
#2313 = DIRECTION('',(0.5,-0.866025403784,0.));
#2314 = ORIENTED_EDGE('',*,*,#2315,.F.);
#2315 = EDGE_CURVE('',#505,#2308,#2316,.T.);
#2316 = LINE('',#2317,#2318);
#2317 = CARTESIAN_POINT('',(23.,24.5,0.));
#2318 = VECTOR('',#2319,1.);
#2319 = DIRECTION('',(0.,0.,1.));
#2320 = ORIENTED_EDGE('',*,*,#502,.F.);
#2321 = PLANE('',#2322);
#2322 = AXIS2_PLACEMENT_3D('',#2323,#2324,#2325);
#2323 = CARTESIAN_POINT('',(21.5,27.098076211353,0.));
#2324 = DIRECTION('',(0.866025403784,0.5,0.));
#2325 = DIRECTION('',(0.5,-0.866025403784,0.));
#2326 = ADVANCED_FACE('',(#2327),#2345,.F.);
#2327 = FACE_BOUND('',#2328,.F.);
#2328 = EDGE_LOOP('',(#2329,#2337,#2343,#2344));
#2329 = ORIENTED_EDGE('',*,*,#2330,.T.);
#2330 = EDGE_CURVE('',#537,#2331,#2333,.T.);
#2331 = VERTEX_POINT('',#2332);
#2332 = CARTESIAN_POINT('',(18.5,27.098076211353,2.));
#2333 = LINE('',#2334,#2335);
#2334 = CARTESIAN_POINT('',(18.5,27.098076211353,0.));
#2335 = VECTOR('',#2336,1.);
#2336 = DIRECTION('',(0.,0.,1.));
#2337 = ORIENTED_EDGE('',*,*,#2338,.T.);
#2338 = EDGE_CURVE('',#2331,#2300,#2339,.T.);
#2339 = LINE('',#2340,#2341);
#2340 = CARTESIAN_POINT('',(18.5,27.098076211353,2.));
#2341 = VECTOR('',#2342,1.);
#2342 = DIRECTION('',(1.,0.,0.));
#2343 = ORIENTED_EDGE('',*,*,#2299,.F.);
#2344 = ORIENTED_EDGE('',*,*,#544,.F.);
#2345 = PLANE('',#2346);
#2346 = AXIS2_PLACEMENT_3D('',#2347,#2348,#2349);
#2347 = CARTESIAN_POINT('',(18.5,27.098076211353,0.));
#2348 = DIRECTION('',(0.,1.,0.));
#2349 = DIRECTION('',(1.,0.,0.));
#2350 = ADVANCED_FACE('',(#2351),#2369,.F.);
#2351 = FACE_BOUND('',#2352,.F.);
#2352 = EDGE_LOOP('',(#2353,#2361,#2367,#2368));
#2353 = ORIENTED_EDGE('',*,*,#2354,.T.);
#2354 = EDGE_CURVE('',#529,#2355,#2357,.T.);
#2355 = VERTEX_POINT('',#2356);
#2356 = CARTESIAN_POINT('',(17.,24.5,2.));
#2357 = LINE('',#2358,#2359);
#2358 = CARTESIAN_POINT('',(17.,24.5,0.));
#2359 = VECTOR('',#2360,1.);
#2360 = DIRECTION('',(0.,0.,1.));
#2361 = ORIENTED_EDGE('',*,*,#2362,.T.);
#2362 = EDGE_CURVE('',#2355,#2331,#2363,.T.);
#2363 = LINE('',#2364,#2365);
#2364 = CARTESIAN_POINT('',(17.,24.5,2.));
#2365 = VECTOR('',#2366,1.);
#2366 = DIRECTION('',(0.5,0.866025403784,0.));
#2367 = ORIENTED_EDGE('',*,*,#2330,.F.);
#2368 = ORIENTED_EDGE('',*,*,#536,.F.);
#2369 = PLANE('',#2370);
#2370 = AXIS2_PLACEMENT_3D('',#2371,#2372,#2373);
#2371 = CARTESIAN_POINT('',(17.,24.5,0.));
#2372 = DIRECTION('',(-0.866025403784,0.5,0.));
#2373 = DIRECTION('',(0.5,0.866025403784,0.));
#2374 = ADVANCED_FACE('',(#2375),#2393,.F.);
#2375 = FACE_BOUND('',#2376,.F.);
#2376 = EDGE_LOOP('',(#2377,#2385,#2391,#2392));
#2377 = ORIENTED_EDGE('',*,*,#2378,.T.);
#2378 = EDGE_CURVE('',#521,#2379,#2381,.T.);
#2379 = VERTEX_POINT('',#2380);
#2380 = CARTESIAN_POINT('',(18.5,21.901923788647,2.));
#2381 = LINE('',#2382,#2383);
#2382 = CARTESIAN_POINT('',(18.5,21.901923788647,0.));
#2383 = VECTOR('',#2384,1.);
#2384 = DIRECTION('',(0.,0.,1.));
#2385 = ORIENTED_EDGE('',*,*,#2386,.T.);
#2386 = EDGE_CURVE('',#2379,#2355,#2387,.T.);
#2387 = LINE('',#2388,#2389);
#2388 = CARTESIAN_POINT('',(18.5,21.901923788647,2.));
#2389 = VECTOR('',#2390,1.);
#2390 = DIRECTION('',(-0.5,0.866025403784,-0.));
#2391 = ORIENTED_EDGE('',*,*,#2354,.F.);
#2392 = ORIENTED_EDGE('',*,*,#528,.F.);
#2393 = PLANE('',#2394);
#2394 = AXIS2_PLACEMENT_3D('',#2395,#2396,#2397);
#2395 = CARTESIAN_POINT('',(18.5,21.901923788647,0.));
#2396 = DIRECTION('',(-0.866025403784,-0.5,0.));
#2397 = DIRECTION('',(-0.5,0.866025403784,0.));
#2398 = ADVANCED_FACE('',(#2399),#2417,.F.);
#2399 = FACE_BOUND('',#2400,.F.);
#2400 = EDGE_LOOP('',(#2401,#2409,#2415,#2416));
#2401 = ORIENTED_EDGE('',*,*,#2402,.T.);
#2402 = EDGE_CURVE('',#513,#2403,#2405,.T.);
#2403 = VERTEX_POINT('',#2404);
#2404 = CARTESIAN_POINT('',(21.5,21.901923788647,2.));
#2405 = LINE('',#2406,#2407);
#2406 = CARTESIAN_POINT('',(21.5,21.901923788647,0.));
#2407 = VECTOR('',#2408,1.);
#2408 = DIRECTION('',(0.,0.,1.));
#2409 = ORIENTED_EDGE('',*,*,#2410,.T.);
#2410 = EDGE_CURVE('',#2403,#2379,#2411,.T.);
#2411 = LINE('',#2412,#2413);
#2412 = CARTESIAN_POINT('',(21.5,21.901923788647,2.));
#2413 = VECTOR('',#2414,1.);
#2414 = DIRECTION('',(-1.,0.,0.));
#2415 = ORIENTED_EDGE('',*,*,#2378,.F.);
#2416 = ORIENTED_EDGE('',*,*,#520,.F.);
#2417 = PLANE('',#2418);
#2418 = AXIS2_PLACEMENT_3D('',#2419,#2420,#2421);
#2419 = CARTESIAN_POINT('',(21.5,21.901923788647,0.));
#2420 = DIRECTION('',(0.,-1.,0.));
#2421 = DIRECTION('',(-1.,0.,0.));
#2422 = ADVANCED_FACE('',(#2423),#2434,.F.);
#2423 = FACE_BOUND('',#2424,.F.);
#2424 = EDGE_LOOP('',(#2425,#2426,#2432,#2433));
#2425 = ORIENTED_EDGE('',*,*,#2315,.T.);
#2426 = ORIENTED_EDGE('',*,*,#2427,.T.);
#2427 = EDGE_CURVE('',#2308,#2403,#2428,.T.);
#2428 = LINE('',#2429,#2430);
#2429 = CARTESIAN_POINT('',(23.,24.5,2.));
#2430 = VECTOR('',#2431,1.);
#2431 = DIRECTION('',(-0.5,-0.866025403784,0.));
#2432 = ORIENTED_EDGE('',*,*,#2402,.F.);
#2433 = ORIENTED_EDGE('',*,*,#512,.F.);
#2434 = PLANE('',#2435);
#2435 = AXIS2_PLACEMENT_3D('',#2436,#2437,#2438);
#2436 = CARTESIAN_POINT('',(23.,24.5,0.));
#2437 = DIRECTION('',(0.866025403784,-0.5,0.));
#2438 = DIRECTION('',(-0.5,-0.866025403784,0.));
#2439 = ADVANCED_FACE('',(#2440),#2459,.F.);
#2440 = FACE_BOUND('',#2441,.T.);
#2441 = EDGE_LOOP('',(#2442,#2443,#2451,#2458));
#2442 = ORIENTED_EDGE('',*,*,#552,.F.);
#2443 = ORIENTED_EDGE('',*,*,#2444,.T.);
#2444 = EDGE_CURVE('',#553,#2445,#2447,.T.);
#2445 = VERTEX_POINT('',#2446);
#2446 = CARTESIAN_POINT('',(31.5,40.,2.808246407406));
#2447 = LINE('',#2448,#2449);
#2448 = CARTESIAN_POINT('',(31.5,40.,0.));
#2449 = VECTOR('',#2450,1.);
#2450 = DIRECTION('',(0.,0.,1.));
#2451 = ORIENTED_EDGE('',*,*,#2452,.F.);
#2452 = EDGE_CURVE('',#2445,#2445,#2453,.T.);
#2453 = CIRCLE('',#2454,1.5);
#2454 = AXIS2_PLACEMENT_3D('',#2455,#2456,#2457);
#2455 = CARTESIAN_POINT('',(30.,40.,2.808246407406));
#2456 = DIRECTION('',(0.,0.,-1.));
#2457 = DIRECTION('',(0.,1.,0.));
#2458 = ORIENTED_EDGE('',*,*,#2444,.F.);
#2459 = CYLINDRICAL_SURFACE('',#2460,1.5);
#2460 = AXIS2_PLACEMENT_3D('',#2461,#2462,#2463);
#2461 = CARTESIAN_POINT('',(30.,40.,0.));
#2462 = DIRECTION('',(-0.,-0.,-1.));
#2463 = DIRECTION('',(1.,0.,0.));
#2464 = ADVANCED_FACE('',(#2465),#2481,.T.);
#2465 = FACE_BOUND('',#2466,.T.);
#2466 = EDGE_LOOP('',(#2467,#2473,#2474,#2480));
#2467 = ORIENTED_EDGE('',*,*,#2468,.T.);
#2468 = EDGE_CURVE('',#564,#1268,#2469,.T.);
#2469 = LINE('',#2470,#2471);
#2470 = CARTESIAN_POINT('',(29.000000000057,31.999999999923,0.));
#2471 = VECTOR('',#2472,1.);
#2472 = DIRECTION('',(0.,0.,1.));
#2473 = ORIENTED_EDGE('',*,*,#1267,.T.);
#2474 = ORIENTED_EDGE('',*,*,#2475,.F.);
#2475 = EDGE_CURVE('',#566,#1270,#2476,.T.);
#2476 = LINE('',#2477,#2478);
#2477 = CARTESIAN_POINT('',(29.000000000057,24.000000000096,0.));
#2478 = VECTOR('',#2479,1.);
#2479 = DIRECTION('',(0.,0.,1.));
#2480 = ORIENTED_EDGE('',*,*,#563,.F.);
#2481 = PLANE('',#2482);
#2482 = AXIS2_PLACEMENT_3D('',#2483,#2484,#2485);
#2483 = CARTESIAN_POINT('',(29.000000000057,31.999999999923,0.));
#2484 = DIRECTION('',(1.,0.,0.));
#2485 = DIRECTION('',(0.,-1.,0.));
#2486 = ADVANCED_FACE('',(#2487),#2498,.F.);
#2487 = FACE_BOUND('',#2488,.T.);
#2488 = EDGE_LOOP('',(#2489,#2495,#2496,#2497));
#2489 = ORIENTED_EDGE('',*,*,#2490,.T.);
#2490 = EDGE_CURVE('',#574,#1278,#2491,.T.);
#2491 = LINE('',#2492,#2493);
#2492 = CARTESIAN_POINT('',(31.000000000152,33.999999999922,0.));
#2493 = VECTOR('',#2494,1.);
#2494 = DIRECTION('',(0.,0.,1.));
#2495 = ORIENTED_EDGE('',*,*,#1277,.T.);
#2496 = ORIENTED_EDGE('',*,*,#2468,.F.);
#2497 = ORIENTED_EDGE('',*,*,#573,.F.);
#2498 = CYLINDRICAL_SURFACE('',#2499,2.);
#2499 = AXIS2_PLACEMENT_3D('',#2500,#2501,#2502);
#2500 = CARTESIAN_POINT('',(31.000000000057,31.999999999922,0.));
#2501 = DIRECTION('',(-0.,-0.,-1.));
#2502 = DIRECTION('',(1.,0.,0.));
#2503 = ADVANCED_FACE('',(#2504),#2515,.F.);
#2504 = FACE_BOUND('',#2505,.T.);
#2505 = EDGE_LOOP('',(#2506,#2507,#2508,#2514));
#2506 = ORIENTED_EDGE('',*,*,#2475,.T.);
#2507 = ORIENTED_EDGE('',*,*,#1328,.T.);
#2508 = ORIENTED_EDGE('',*,*,#2509,.F.);
#2509 = EDGE_CURVE('',#617,#1321,#2510,.T.);
#2510 = LINE('',#2511,#2512);
#2511 = CARTESIAN_POINT('',(31.000000000145,22.000000000049,0.));
#2512 = VECTOR('',#2513,1.);
#2513 = DIRECTION('',(0.,0.,1.));
#2514 = ORIENTED_EDGE('',*,*,#624,.F.);
#2515 = CYLINDRICAL_SURFACE('',#2516,2.);
#2516 = AXIS2_PLACEMENT_3D('',#2517,#2518,#2519);
#2517 = CARTESIAN_POINT('',(31.000000000057,24.000000000096,0.));
#2518 = DIRECTION('',(-0.,-0.,-1.));
#2519 = DIRECTION('',(1.,0.,0.));
#2520 = ADVANCED_FACE('',(#2521),#2532,.T.);
#2521 = FACE_BOUND('',#2522,.T.);
#2522 = EDGE_LOOP('',(#2523,#2529,#2530,#2531));
#2523 = ORIENTED_EDGE('',*,*,#2524,.T.);
#2524 = EDGE_CURVE('',#583,#1287,#2525,.T.);
#2525 = LINE('',#2526,#2527);
#2526 = CARTESIAN_POINT('',(47.000000000145,33.999999999962,0.));
#2527 = VECTOR('',#2528,1.);
#2528 = DIRECTION('',(0.,0.,1.));
#2529 = ORIENTED_EDGE('',*,*,#1286,.T.);
#2530 = ORIENTED_EDGE('',*,*,#2490,.F.);
#2531 = ORIENTED_EDGE('',*,*,#582,.F.);
#2532 = PLANE('',#2533);
#2533 = AXIS2_PLACEMENT_3D('',#2534,#2535,#2536);
#2534 = CARTESIAN_POINT('',(47.000000000145,33.999999999922,0.));
#2535 = DIRECTION('',(0.,-1.,0.));
#2536 = DIRECTION('',(-1.,0.,0.));
#2537 = ADVANCED_FACE('',(#2538),#2549,.T.);
#2538 = FACE_BOUND('',#2539,.T.);
#2539 = EDGE_LOOP('',(#2540,#2541,#2542,#2548));
#2540 = ORIENTED_EDGE('',*,*,#2509,.T.);
#2541 = ORIENTED_EDGE('',*,*,#1320,.T.);
#2542 = ORIENTED_EDGE('',*,*,#2543,.F.);
#2543 = EDGE_CURVE('',#608,#1312,#2544,.T.);
#2544 = LINE('',#2545,#2546);
#2545 = CARTESIAN_POINT('',(47.000000000145,22.000000000002,0.));
#2546 = VECTOR('',#2547,1.);
#2547 = DIRECTION('',(0.,0.,1.));
#2548 = ORIENTED_EDGE('',*,*,#616,.F.);
#2549 = PLANE('',#2550);
#2550 = AXIS2_PLACEMENT_3D('',#2551,#2552,#2553);
#2551 = CARTESIAN_POINT('',(31.000000000145,22.000000000002,0.));
#2552 = DIRECTION('',(0.,1.,0.));
#2553 = DIRECTION('',(1.,0.,0.));
#2554 = ADVANCED_FACE('',(#2555),#2566,.F.);
#2555 = FACE_BOUND('',#2556,.T.);
#2556 = EDGE_LOOP('',(#2557,#2563,#2564,#2565));
#2557 = ORIENTED_EDGE('',*,*,#2558,.T.);
#2558 = EDGE_CURVE('',#591,#1295,#2559,.T.);
#2559 = LINE('',#2560,#2561);
#2560 = CARTESIAN_POINT('',(49.000000000145,32.000000000002,0.));
#2561 = VECTOR('',#2562,1.);
#2562 = DIRECTION('',(0.,0.,1.));
#2563 = ORIENTED_EDGE('',*,*,#1294,.T.);
#2564 = ORIENTED_EDGE('',*,*,#2524,.F.);
#2565 = ORIENTED_EDGE('',*,*,#590,.F.);
#2566 = CYLINDRICAL_SURFACE('',#2567,2.);
#2567 = AXIS2_PLACEMENT_3D('',#2568,#2569,#2570);
#2568 = CARTESIAN_POINT('',(47.000000000145,32.000000000002,0.));
#2569 = DIRECTION('',(-0.,-0.,-1.));
#2570 = DIRECTION('',(1.,0.,0.));
#2571 = ADVANCED_FACE('',(#2572),#2583,.F.);
#2572 = FACE_BOUND('',#2573,.T.);
#2573 = EDGE_LOOP('',(#2574,#2575,#2576,#2582));
#2574 = ORIENTED_EDGE('',*,*,#2543,.T.);
#2575 = ORIENTED_EDGE('',*,*,#1311,.T.);
#2576 = ORIENTED_EDGE('',*,*,#2577,.F.);
#2577 = EDGE_CURVE('',#600,#1304,#2578,.T.);
#2578 = LINE('',#2579,#2580);
#2579 = CARTESIAN_POINT('',(49.000000000145,24.000000000002,0.));
#2580 = VECTOR('',#2581,1.);
#2581 = DIRECTION('',(0.,0.,1.));
#2582 = ORIENTED_EDGE('',*,*,#607,.F.);
#2583 = CYLINDRICAL_SURFACE('',#2584,2.);
#2584 = AXIS2_PLACEMENT_3D('',#2585,#2586,#2587);
#2585 = CARTESIAN_POINT('',(47.000000000145,24.000000000002,0.));
#2586 = DIRECTION('',(-0.,-0.,-1.));
#2587 = DIRECTION('',(1.,0.,0.));
#2588 = ADVANCED_FACE('',(#2589),#2595,.T.);
#2589 = FACE_BOUND('',#2590,.T.);
#2590 = EDGE_LOOP('',(#2591,#2592,#2593,#2594));
#2591 = ORIENTED_EDGE('',*,*,#2577,.T.);
#2592 = ORIENTED_EDGE('',*,*,#1303,.T.);
#2593 = ORIENTED_EDGE('',*,*,#2558,.F.);
#2594 = ORIENTED_EDGE('',*,*,#599,.F.);
#2595 = PLANE('',#2596);
#2596 = AXIS2_PLACEMENT_3D('',#2597,#2598,#2599);
#2597 = CARTESIAN_POINT('',(49.000000000145,24.000000000002,0.));
#2598 = DIRECTION('',(-1.,0.,0.));
#2599 = DIRECTION('',(0.,1.,0.));
#2600 = ADVANCED_FACE('',(#2601),#2617,.F.);
#2601 = FACE_BOUND('',#2602,.T.);
#2602 = EDGE_LOOP('',(#2603,#2609,#2610,#2616));
#2603 = ORIENTED_EDGE('',*,*,#2604,.T.);
#2604 = EDGE_CURVE('',#634,#1338,#2605,.T.);
#2605 = LINE('',#2606,#2607);
#2606 = CARTESIAN_POINT('',(62.,33.,0.));
#2607 = VECTOR('',#2608,1.);
#2608 = DIRECTION('',(0.,0.,1.));
#2609 = ORIENTED_EDGE('',*,*,#1337,.T.);
#2610 = ORIENTED_EDGE('',*,*,#2611,.F.);
#2611 = EDGE_CURVE('',#636,#1340,#2612,.T.);
#2612 = LINE('',#2613,#2614);
#2613 = CARTESIAN_POINT('',(58.,33.,0.));
#2614 = VECTOR('',#2615,1.);
#2615 = DIRECTION('',(0.,0.,1.));
#2616 = ORIENTED_EDGE('',*,*,#633,.F.);
#2617 = CYLINDRICAL_SURFACE('',#2618,2.);
#2618 = AXIS2_PLACEMENT_3D('',#2619,#2620,#2621);
#2619 = CARTESIAN_POINT('',(60.,33.,0.));
#2620 = DIRECTION('',(-0.,-0.,-1.));
#2621 = DIRECTION('',(1.,0.,0.));
#2622 = ADVANCED_FACE('',(#2623),#2634,.F.);
#2623 = FACE_BOUND('',#2624,.F.);
#2624 = EDGE_LOOP('',(#2625,#2626,#2627,#2633));
#2625 = ORIENTED_EDGE('',*,*,#2604,.T.);
#2626 = ORIENTED_EDGE('',*,*,#1348,.T.);
#2627 = ORIENTED_EDGE('',*,*,#2628,.F.);
#2628 = EDGE_CURVE('',#645,#1349,#2629,.T.);
#2629 = LINE('',#2630,#2631);
#2630 = CARTESIAN_POINT('',(62.,25.,0.));
#2631 = VECTOR('',#2632,1.);
#2632 = DIRECTION('',(0.,0.,1.));
#2633 = ORIENTED_EDGE('',*,*,#644,.F.);
#2634 = PLANE('',#2635);
#2635 = AXIS2_PLACEMENT_3D('',#2636,#2637,#2638);
#2636 = CARTESIAN_POINT('',(62.,33.,0.));
#2637 = DIRECTION('',(1.,0.,0.));
#2638 = DIRECTION('',(0.,-1.,0.));
#2639 = ADVANCED_FACE('',(#2640),#2651,.T.);
#2640 = FACE_BOUND('',#2641,.T.);
#2641 = EDGE_LOOP('',(#2642,#2643,#2644,#2650));
#2642 = ORIENTED_EDGE('',*,*,#2611,.T.);
#2643 = ORIENTED_EDGE('',*,*,#1365,.T.);
#2644 = ORIENTED_EDGE('',*,*,#2645,.F.);
#2645 = EDGE_CURVE('',#653,#1357,#2646,.T.);
#2646 = LINE('',#2647,#2648);
#2647 = CARTESIAN_POINT('',(58.,25.,0.));
#2648 = VECTOR('',#2649,1.);
#2649 = DIRECTION('',(0.,0.,1.));
#2650 = ORIENTED_EDGE('',*,*,#661,.F.);
#2651 = PLANE('',#2652);
#2652 = AXIS2_PLACEMENT_3D('',#2653,#2654,#2655);
#2653 = CARTESIAN_POINT('',(58.,33.,0.));
#2654 = DIRECTION('',(1.,0.,0.));
#2655 = DIRECTION('',(0.,-1.,0.));
#2656 = ADVANCED_FACE('',(#2657),#2663,.F.);
#2657 = FACE_BOUND('',#2658,.T.);
#2658 = EDGE_LOOP('',(#2659,#2660,#2661,#2662));
#2659 = ORIENTED_EDGE('',*,*,#2645,.T.);
#2660 = ORIENTED_EDGE('',*,*,#1356,.T.);
#2661 = ORIENTED_EDGE('',*,*,#2628,.F.);
#2662 = ORIENTED_EDGE('',*,*,#652,.F.);
#2663 = CYLINDRICAL_SURFACE('',#2664,2.);
#2664 = AXIS2_PLACEMENT_3D('',#2665,#2666,#2667);
#2665 = CARTESIAN_POINT('',(60.,25.,0.));
#2666 = DIRECTION('',(-0.,-0.,-1.));
#2667 = DIRECTION('',(1.,0.,0.));
#2668 = ADVANCED_FACE('',(#2669),#2688,.F.);
#2669 = FACE_BOUND('',#2670,.T.);
#2670 = EDGE_LOOP('',(#2671,#2672,#2680,#2687));
#2671 = ORIENTED_EDGE('',*,*,#669,.F.);
#2672 = ORIENTED_EDGE('',*,*,#2673,.T.);
#2673 = EDGE_CURVE('',#670,#2674,#2676,.T.);
#2674 = VERTEX_POINT('',#2675);
#2675 = CARTESIAN_POINT('',(49.5,40.,2.808246407406));
#2676 = LINE('',#2677,#2678);
#2677 = CARTESIAN_POINT('',(49.5,40.,0.));
#2678 = VECTOR('',#2679,1.);
#2679 = DIRECTION('',(0.,0.,1.));
#2680 = ORIENTED_EDGE('',*,*,#2681,.F.);
#2681 = EDGE_CURVE('',#2674,#2674,#2682,.T.);
#2682 = CIRCLE('',#2683,1.5);
#2683 = AXIS2_PLACEMENT_3D('',#2684,#2685,#2686);
#2684 = CARTESIAN_POINT('',(48.,40.,2.808246407406));
#2685 = DIRECTION('',(0.,0.,-1.));
#2686 = DIRECTION('',(0.,1.,0.));
#2687 = ORIENTED_EDGE('',*,*,#2673,.F.);
#2688 = CYLINDRICAL_SURFACE('',#2689,1.5);
#2689 = AXIS2_PLACEMENT_3D('',#2690,#2691,#2692);
#2690 = CARTESIAN_POINT('',(48.,40.,0.));
#2691 = DIRECTION('',(-0.,-0.,-1.));
#2692 = DIRECTION('',(1.,0.,0.));
#2693 = ADVANCED_FACE('',(#2694),#2713,.F.);
#2694 = FACE_BOUND('',#2695,.T.);
#2695 = EDGE_LOOP('',(#2696,#2705,#2711,#2712));
#2696 = ORIENTED_EDGE('',*,*,#2697,.T.);
#2697 = EDGE_CURVE('',#2698,#2698,#2700,.T.);
#2698 = VERTEX_POINT('',#2699);
#2699 = CARTESIAN_POINT('',(-36.5,-24.5,2.));
#2700 = CIRCLE('',#2701,1.5);
#2701 = AXIS2_PLACEMENT_3D('',#2702,#2703,#2704);
#2702 = CARTESIAN_POINT('',(-38.,-24.5,2.));
#2703 = DIRECTION('',(0.,0.,-1.));
#2704 = DIRECTION('',(1.,0.,0.));
#2705 = ORIENTED_EDGE('',*,*,#2706,.T.);
#2706 = EDGE_CURVE('',#2698,#732,#2707,.T.);
#2707 = LINE('',#2708,#2709);
#2708 = CARTESIAN_POINT('',(-36.5,-24.5,0.));
#2709 = VECTOR('',#2710,1.);
#2710 = DIRECTION('',(0.,0.,1.));
#2711 = ORIENTED_EDGE('',*,*,#731,.T.);
#2712 = ORIENTED_EDGE('',*,*,#2706,.F.);
#2713 = CYLINDRICAL_SURFACE('',#2714,1.5);
#2714 = AXIS2_PLACEMENT_3D('',#2715,#2716,#2717);
#2715 = CARTESIAN_POINT('',(-38.,-24.5,0.));
#2716 = DIRECTION('',(-0.,-0.,-1.));
#2717 = DIRECTION('',(1.,0.,0.));
#2718 = ADVANCED_FACE('',(#2719),#2744,.F.);
#2719 = FACE_BOUND('',#2720,.F.);
#2720 = EDGE_LOOP('',(#2721,#2729,#2737,#2743));
#2721 = ORIENTED_EDGE('',*,*,#2722,.T.);
#2722 = EDGE_CURVE('',#743,#2723,#2725,.T.);
#2723 = VERTEX_POINT('',#2724);
#2724 = CARTESIAN_POINT('',(-60.,-14.99999999998,2.));
#2725 = LINE('',#2726,#2727);
#2726 = CARTESIAN_POINT('',(-60.,-14.99999999998,4.));
#2727 = VECTOR('',#2728,1.);
#2728 = DIRECTION('',(-0.,-0.,-1.));
#2729 = ORIENTED_EDGE('',*,*,#2730,.T.);
#2730 = EDGE_CURVE('',#2723,#2731,#2733,.T.);
#2731 = VERTEX_POINT('',#2732);
#2732 = CARTESIAN_POINT('',(-61.5,-12.40192378864,2.));
#2733 = LINE('',#2734,#2735);
#2734 = CARTESIAN_POINT('',(-60.,-14.99999999998,2.));
#2735 = VECTOR('',#2736,1.);
#2736 = DIRECTION('',(-0.500000000002,0.866025403783,0.));
#2737 = ORIENTED_EDGE('',*,*,#2738,.F.);
#2738 = EDGE_CURVE('',#745,#2731,#2739,.T.);
#2739 = LINE('',#2740,#2741);
#2740 = CARTESIAN_POINT('',(-61.5,-12.40192378864,4.));
#2741 = VECTOR('',#2742,1.);
#2742 = DIRECTION('',(-0.,-0.,-1.));
#2743 = ORIENTED_EDGE('',*,*,#742,.F.);
#2744 = PLANE('',#2745);
#2745 = AXIS2_PLACEMENT_3D('',#2746,#2747,#2748);
#2746 = CARTESIAN_POINT('',(-60.,-14.99999999998,4.));
#2747 = DIRECTION('',(0.866025403783,0.500000000002,0.));
#2748 = DIRECTION('',(-0.500000000002,0.866025403783,0.));
#2749 = ADVANCED_FACE('',(#2750),#2768,.F.);
#2750 = FACE_BOUND('',#2751,.F.);
#2751 = EDGE_LOOP('',(#2752,#2760,#2766,#2767));
#2752 = ORIENTED_EDGE('',*,*,#2753,.T.);
#2753 = EDGE_CURVE('',#753,#2754,#2756,.T.);
#2754 = VERTEX_POINT('',#2755);
#2755 = CARTESIAN_POINT('',(-61.5,-17.59807621135,2.));
#2756 = LINE('',#2757,#2758);
#2757 = CARTESIAN_POINT('',(-61.5,-17.59807621135,4.));
#2758 = VECTOR('',#2759,1.);
#2759 = DIRECTION('',(-0.,-0.,-1.));
#2760 = ORIENTED_EDGE('',*,*,#2761,.T.);
#2761 = EDGE_CURVE('',#2754,#2723,#2762,.T.);
#2762 = LINE('',#2763,#2764);
#2763 = CARTESIAN_POINT('',(-61.5,-17.59807621135,2.));
#2764 = VECTOR('',#2765,1.);
#2765 = DIRECTION('',(0.499999999999,0.866025403785,0.));
#2766 = ORIENTED_EDGE('',*,*,#2722,.F.);
#2767 = ORIENTED_EDGE('',*,*,#752,.F.);
#2768 = PLANE('',#2769);
#2769 = AXIS2_PLACEMENT_3D('',#2770,#2771,#2772);
#2770 = CARTESIAN_POINT('',(-61.5,-17.59807621135,4.));
#2771 = DIRECTION('',(0.866025403785,-0.499999999999,0.));
#2772 = DIRECTION('',(0.499999999999,0.866025403785,0.));
#2773 = ADVANCED_FACE('',(#2774),#2792,.F.);
#2774 = FACE_BOUND('',#2775,.F.);
#2775 = EDGE_LOOP('',(#2776,#2777,#2785,#2791));
#2776 = ORIENTED_EDGE('',*,*,#2738,.T.);
#2777 = ORIENTED_EDGE('',*,*,#2778,.T.);
#2778 = EDGE_CURVE('',#2731,#2779,#2781,.T.);
#2779 = VERTEX_POINT('',#2780);
#2780 = CARTESIAN_POINT('',(-64.50000000001,-12.40192378865,2.));
#2781 = LINE('',#2782,#2783);
#2782 = CARTESIAN_POINT('',(-61.5,-12.40192378864,2.));
#2783 = VECTOR('',#2784,1.);
#2784 = DIRECTION('',(-1.,-3.566924533502E-12,0.));
#2785 = ORIENTED_EDGE('',*,*,#2786,.F.);
#2786 = EDGE_CURVE('',#777,#2779,#2787,.T.);
#2787 = LINE('',#2788,#2789);
#2788 = CARTESIAN_POINT('',(-64.50000000001,-12.40192378865,4.));
#2789 = VECTOR('',#2790,1.);
#2790 = DIRECTION('',(-0.,-0.,-1.));
#2791 = ORIENTED_EDGE('',*,*,#784,.F.);
#2792 = PLANE('',#2793);
#2793 = AXIS2_PLACEMENT_3D('',#2794,#2795,#2796);
#2794 = CARTESIAN_POINT('',(-61.5,-12.40192378864,4.));
#2795 = DIRECTION('',(-3.566924533502E-12,1.,0.));
#2796 = DIRECTION('',(-1.,-3.566924533502E-12,0.));
#2797 = ADVANCED_FACE('',(#2798),#2816,.F.);
#2798 = FACE_BOUND('',#2799,.F.);
#2799 = EDGE_LOOP('',(#2800,#2808,#2814,#2815));
#2800 = ORIENTED_EDGE('',*,*,#2801,.T.);
#2801 = EDGE_CURVE('',#761,#2802,#2804,.T.);
#2802 = VERTEX_POINT('',#2803);
#2803 = CARTESIAN_POINT('',(-64.49999999999,-17.59807621135,2.));
#2804 = LINE('',#2805,#2806);
#2805 = CARTESIAN_POINT('',(-64.49999999999,-17.59807621135,4.));
#2806 = VECTOR('',#2807,1.);
#2807 = DIRECTION('',(-0.,-0.,-1.));
#2808 = ORIENTED_EDGE('',*,*,#2809,.T.);
#2809 = EDGE_CURVE('',#2802,#2754,#2810,.T.);
#2810 = LINE('',#2811,#2812);
#2811 = CARTESIAN_POINT('',(-64.49999999999,-17.59807621135,2.));
#2812 = VECTOR('',#2813,1.);
#2813 = DIRECTION('',(1.,-5.909347085751E-13,0.));
#2814 = ORIENTED_EDGE('',*,*,#2753,.F.);
#2815 = ORIENTED_EDGE('',*,*,#760,.F.);
#2816 = PLANE('',#2817);
#2817 = AXIS2_PLACEMENT_3D('',#2818,#2819,#2820);
#2818 = CARTESIAN_POINT('',(-64.49999999999,-17.59807621135,4.));
#2819 = DIRECTION('',(-5.909347085751E-13,-1.,0.));
#2820 = DIRECTION('',(1.,-5.909347085751E-13,0.));
#2821 = ADVANCED_FACE('',(#2822),#2840,.F.);
#2822 = FACE_BOUND('',#2823,.F.);
#2823 = EDGE_LOOP('',(#2824,#2825,#2833,#2839));
#2824 = ORIENTED_EDGE('',*,*,#2786,.T.);
#2825 = ORIENTED_EDGE('',*,*,#2826,.T.);
#2826 = EDGE_CURVE('',#2779,#2827,#2829,.T.);
#2827 = VERTEX_POINT('',#2828);
#2828 = CARTESIAN_POINT('',(-66.,-15.00000000001,2.));
#2829 = LINE('',#2830,#2831);
#2830 = CARTESIAN_POINT('',(-64.50000000001,-12.40192378865,2.));
#2831 = VECTOR('',#2832,1.);
#2832 = DIRECTION('',(-0.499999999996,-0.866025403787,0.));
#2833 = ORIENTED_EDGE('',*,*,#2834,.F.);
#2834 = EDGE_CURVE('',#769,#2827,#2835,.T.);
#2835 = LINE('',#2836,#2837);
#2836 = CARTESIAN_POINT('',(-66.,-15.00000000001,4.));
#2837 = VECTOR('',#2838,1.);
#2838 = DIRECTION('',(-0.,-0.,-1.));
#2839 = ORIENTED_EDGE('',*,*,#776,.F.);
#2840 = PLANE('',#2841);
#2841 = AXIS2_PLACEMENT_3D('',#2842,#2843,#2844);
#2842 = CARTESIAN_POINT('',(-64.50000000001,-12.40192378865,4.));
#2843 = DIRECTION('',(-0.866025403787,0.499999999996,0.));
#2844 = DIRECTION('',(-0.499999999996,-0.866025403787,0.));
#2845 = ADVANCED_FACE('',(#2846),#2857,.F.);
#2846 = FACE_BOUND('',#2847,.F.);
#2847 = EDGE_LOOP('',(#2848,#2849,#2855,#2856));
#2848 = ORIENTED_EDGE('',*,*,#2834,.T.);
#2849 = ORIENTED_EDGE('',*,*,#2850,.T.);
#2850 = EDGE_CURVE('',#2827,#2802,#2851,.T.);
#2851 = LINE('',#2852,#2853);
#2852 = CARTESIAN_POINT('',(-66.,-15.00000000001,2.));
#2853 = VECTOR('',#2854,1.);
#2854 = DIRECTION('',(0.500000000002,-0.866025403783,0.));
#2855 = ORIENTED_EDGE('',*,*,#2801,.F.);
#2856 = ORIENTED_EDGE('',*,*,#768,.F.);
#2857 = PLANE('',#2858);
#2858 = AXIS2_PLACEMENT_3D('',#2859,#2860,#2861);
#2859 = CARTESIAN_POINT('',(-66.,-15.00000000001,4.));
#2860 = DIRECTION('',(-0.866025403783,-0.500000000002,0.));
#2861 = DIRECTION('',(0.500000000002,-0.866025403783,0.));
#2862 = ADVANCED_FACE('',(#2863),#2888,.F.);
#2863 = FACE_BOUND('',#2864,.F.);
#2864 = EDGE_LOOP('',(#2865,#2873,#2881,#2887));
#2865 = ORIENTED_EDGE('',*,*,#2866,.T.);
#2866 = EDGE_CURVE('',#793,#2867,#2869,.T.);
#2867 = VERTEX_POINT('',#2868);
#2868 = CARTESIAN_POINT('',(-40.,-14.99999999998,2.));
#2869 = LINE('',#2870,#2871);
#2870 = CARTESIAN_POINT('',(-40.,-14.99999999998,4.));
#2871 = VECTOR('',#2872,1.);
#2872 = DIRECTION('',(-0.,-0.,-1.));
#2873 = ORIENTED_EDGE('',*,*,#2874,.T.);
#2874 = EDGE_CURVE('',#2867,#2875,#2877,.T.);
#2875 = VERTEX_POINT('',#2876);
#2876 = CARTESIAN_POINT('',(-41.50000000001,-12.40192378864,2.));
#2877 = LINE('',#2878,#2879);
#2878 = CARTESIAN_POINT('',(-40.,-14.99999999998,2.));
#2879 = VECTOR('',#2880,1.);
#2880 = DIRECTION('',(-0.500000000003,0.866025403783,0.));
#2881 = ORIENTED_EDGE('',*,*,#2882,.F.);
#2882 = EDGE_CURVE('',#795,#2875,#2883,.T.);
#2883 = LINE('',#2884,#2885);
#2884 = CARTESIAN_POINT('',(-41.50000000001,-12.40192378864,4.));
#2885 = VECTOR('',#2886,1.);
#2886 = DIRECTION('',(-0.,-0.,-1.));
#2887 = ORIENTED_EDGE('',*,*,#792,.F.);
#2888 = PLANE('',#2889);
#2889 = AXIS2_PLACEMENT_3D('',#2890,#2891,#2892);
#2890 = CARTESIAN_POINT('',(-40.,-14.99999999998,4.));
#2891 = DIRECTION('',(0.866025403783,0.500000000003,0.));
#2892 = DIRECTION('',(-0.500000000003,0.866025403783,0.));
#2893 = ADVANCED_FACE('',(#2894),#2912,.F.);
#2894 = FACE_BOUND('',#2895,.F.);
#2895 = EDGE_LOOP('',(#2896,#2904,#2910,#2911));
#2896 = ORIENTED_EDGE('',*,*,#2897,.T.);
#2897 = EDGE_CURVE('',#803,#2898,#2900,.T.);
#2898 = VERTEX_POINT('',#2899);
#2899 = CARTESIAN_POINT('',(-41.50000000001,-17.59807621136,2.));
#2900 = LINE('',#2901,#2902);
#2901 = CARTESIAN_POINT('',(-41.50000000001,-17.59807621136,4.));
#2902 = VECTOR('',#2903,1.);
#2903 = DIRECTION('',(-0.,-0.,-1.));
#2904 = ORIENTED_EDGE('',*,*,#2905,.T.);
#2905 = EDGE_CURVE('',#2898,#2867,#2906,.T.);
#2906 = LINE('',#2907,#2908);
#2907 = CARTESIAN_POINT('',(-41.50000000001,-17.59807621136,2.));
#2908 = VECTOR('',#2909,1.);
#2909 = DIRECTION('',(0.5,0.866025403784,0.));
#2910 = ORIENTED_EDGE('',*,*,#2866,.F.);
#2911 = ORIENTED_EDGE('',*,*,#802,.F.);
#2912 = PLANE('',#2913);
#2913 = AXIS2_PLACEMENT_3D('',#2914,#2915,#2916);
#2914 = CARTESIAN_POINT('',(-41.50000000001,-17.59807621136,4.));
#2915 = DIRECTION('',(0.866025403784,-0.5,0.));
#2916 = DIRECTION('',(0.5,0.866025403784,0.));
#2917 = ADVANCED_FACE('',(#2918),#2936,.F.);
#2918 = FACE_BOUND('',#2919,.F.);
#2919 = EDGE_LOOP('',(#2920,#2921,#2929,#2935));
#2920 = ORIENTED_EDGE('',*,*,#2882,.T.);
#2921 = ORIENTED_EDGE('',*,*,#2922,.T.);
#2922 = EDGE_CURVE('',#2875,#2923,#2925,.T.);
#2923 = VERTEX_POINT('',#2924);
#2924 = CARTESIAN_POINT('',(-44.49999999999,-12.40192378864,2.));
#2925 = LINE('',#2926,#2927);
#2926 = CARTESIAN_POINT('',(-41.50000000001,-12.40192378864,2.));
#2927 = VECTOR('',#2928,1.);
#2928 = DIRECTION('',(-1.,0.,0.));
#2929 = ORIENTED_EDGE('',*,*,#2930,.F.);
#2930 = EDGE_CURVE('',#827,#2923,#2931,.T.);
#2931 = LINE('',#2932,#2933);
#2932 = CARTESIAN_POINT('',(-44.49999999999,-12.40192378864,4.));
#2933 = VECTOR('',#2934,1.);
#2934 = DIRECTION('',(-0.,-0.,-1.));
#2935 = ORIENTED_EDGE('',*,*,#834,.F.);
#2936 = PLANE('',#2937);
#2937 = AXIS2_PLACEMENT_3D('',#2938,#2939,#2940);
#2938 = CARTESIAN_POINT('',(-41.50000000001,-12.40192378864,4.));
#2939 = DIRECTION('',(0.,1.,0.));
#2940 = DIRECTION('',(-1.,0.,0.));
#2941 = ADVANCED_FACE('',(#2942),#2960,.F.);
#2942 = FACE_BOUND('',#2943,.F.);
#2943 = EDGE_LOOP('',(#2944,#2952,#2958,#2959));
#2944 = ORIENTED_EDGE('',*,*,#2945,.T.);
#2945 = EDGE_CURVE('',#811,#2946,#2948,.T.);
#2946 = VERTEX_POINT('',#2947);
#2947 = CARTESIAN_POINT('',(-44.50000000001,-17.59807621134,2.));
#2948 = LINE('',#2949,#2950);
#2949 = CARTESIAN_POINT('',(-44.50000000001,-17.59807621134,4.));
#2950 = VECTOR('',#2951,1.);
#2951 = DIRECTION('',(-0.,-0.,-1.));
#2952 = ORIENTED_EDGE('',*,*,#2953,.T.);
#2953 = EDGE_CURVE('',#2946,#2898,#2954,.T.);
#2954 = LINE('',#2955,#2956);
#2955 = CARTESIAN_POINT('',(-44.50000000001,-17.59807621134,2.));
#2956 = VECTOR('',#2957,1.);
#2957 = DIRECTION('',(1.,-4.159043479983E-12,0.));
#2958 = ORIENTED_EDGE('',*,*,#2897,.F.);
#2959 = ORIENTED_EDGE('',*,*,#810,.F.);
#2960 = PLANE('',#2961);
#2961 = AXIS2_PLACEMENT_3D('',#2962,#2963,#2964);
#2962 = CARTESIAN_POINT('',(-44.50000000001,-17.59807621134,4.));
#2963 = DIRECTION('',(-4.159043479983E-12,-1.,0.));
#2964 = DIRECTION('',(1.,-4.159043479983E-12,0.));
#2965 = ADVANCED_FACE('',(#2966),#2984,.F.);
#2966 = FACE_BOUND('',#2967,.F.);
#2967 = EDGE_LOOP('',(#2968,#2969,#2977,#2983));
#2968 = ORIENTED_EDGE('',*,*,#2930,.T.);
#2969 = ORIENTED_EDGE('',*,*,#2970,.T.);
#2970 = EDGE_CURVE('',#2923,#2971,#2973,.T.);
#2971 = VERTEX_POINT('',#2972);
#2972 = CARTESIAN_POINT('',(-46.,-14.99999999998,2.));
#2973 = LINE('',#2974,#2975);
#2974 = CARTESIAN_POINT('',(-44.49999999999,-12.40192378864,2.));
#2975 = VECTOR('',#2976,1.);
#2976 = DIRECTION('',(-0.500000000003,-0.866025403783,0.));
#2977 = ORIENTED_EDGE('',*,*,#2978,.F.);
#2978 = EDGE_CURVE('',#819,#2971,#2979,.T.);
#2979 = LINE('',#2980,#2981);
#2980 = CARTESIAN_POINT('',(-46.,-14.99999999998,4.));
#2981 = VECTOR('',#2982,1.);
#2982 = DIRECTION('',(-0.,-0.,-1.));
#2983 = ORIENTED_EDGE('',*,*,#826,.F.);
#2984 = PLANE('',#2985);
#2985 = AXIS2_PLACEMENT_3D('',#2986,#2987,#2988);
#2986 = CARTESIAN_POINT('',(-44.49999999999,-12.40192378864,4.));
#2987 = DIRECTION('',(-0.866025403783,0.500000000003,0.));
#2988 = DIRECTION('',(-0.500000000003,-0.866025403783,0.));
#2989 = ADVANCED_FACE('',(#2990),#3001,.F.);
#2990 = FACE_BOUND('',#2991,.F.);
#2991 = EDGE_LOOP('',(#2992,#2993,#2999,#3000));
#2992 = ORIENTED_EDGE('',*,*,#2978,.T.);
#2993 = ORIENTED_EDGE('',*,*,#2994,.T.);
#2994 = EDGE_CURVE('',#2971,#2946,#2995,.T.);
#2995 = LINE('',#2996,#2997);
#2996 = CARTESIAN_POINT('',(-46.,-14.99999999998,2.));
#2997 = VECTOR('',#2998,1.);
#2998 = DIRECTION('',(0.499999999997,-0.866025403786,0.));
#2999 = ORIENTED_EDGE('',*,*,#2945,.F.);
#3000 = ORIENTED_EDGE('',*,*,#818,.F.);
#3001 = PLANE('',#3002);
#3002 = AXIS2_PLACEMENT_3D('',#3003,#3004,#3005);
#3003 = CARTESIAN_POINT('',(-46.,-14.99999999998,4.));
#3004 = DIRECTION('',(-0.866025403786,-0.499999999997,0.));
#3005 = DIRECTION('',(0.499999999997,-0.866025403786,0.));
#3006 = ADVANCED_FACE('',(#3007),#3032,.F.);
#3007 = FACE_BOUND('',#3008,.F.);
#3008 = EDGE_LOOP('',(#3009,#3017,#3025,#3031));
#3009 = ORIENTED_EDGE('',*,*,#3010,.T.);
#3010 = EDGE_CURVE('',#843,#3011,#3013,.T.);
#3011 = VERTEX_POINT('',#3012);
#3012 = CARTESIAN_POINT('',(-14.5,-11.99999999998,2.));
#3013 = LINE('',#3014,#3015);
#3014 = CARTESIAN_POINT('',(-14.5,-11.99999999998,4.));
#3015 = VECTOR('',#3016,1.);
#3016 = DIRECTION('',(-0.,-0.,-1.));
#3017 = ORIENTED_EDGE('',*,*,#3018,.T.);
#3018 = EDGE_CURVE('',#3011,#3019,#3021,.T.);
#3019 = VERTEX_POINT('',#3020);
#3020 = CARTESIAN_POINT('',(-16.00000000001,-9.401923788641,2.));
#3021 = LINE('',#3022,#3023);
#3022 = CARTESIAN_POINT('',(-14.5,-11.99999999998,2.));
#3023 = VECTOR('',#3024,1.);
#3024 = DIRECTION('',(-0.500000000003,0.866025403783,0.));
#3025 = ORIENTED_EDGE('',*,*,#3026,.F.);
#3026 = EDGE_CURVE('',#845,#3019,#3027,.T.);
#3027 = LINE('',#3028,#3029);
#3028 = CARTESIAN_POINT('',(-16.00000000001,-9.401923788641,4.));
#3029 = VECTOR('',#3030,1.);
#3030 = DIRECTION('',(-0.,-0.,-1.));
#3031 = ORIENTED_EDGE('',*,*,#842,.F.);
#3032 = PLANE('',#3033);
#3033 = AXIS2_PLACEMENT_3D('',#3034,#3035,#3036);
#3034 = CARTESIAN_POINT('',(-14.5,-11.99999999998,4.));
#3035 = DIRECTION('',(0.866025403783,0.500000000003,0.));
#3036 = DIRECTION('',(-0.500000000003,0.866025403783,0.));
#3037 = ADVANCED_FACE('',(#3038),#3056,.F.);
#3038 = FACE_BOUND('',#3039,.F.);
#3039 = EDGE_LOOP('',(#3040,#3048,#3054,#3055));
#3040 = ORIENTED_EDGE('',*,*,#3041,.T.);
#3041 = EDGE_CURVE('',#853,#3042,#3044,.T.);
#3042 = VERTEX_POINT('',#3043);
#3043 = CARTESIAN_POINT('',(-16.00000000001,-14.59807621136,2.));
#3044 = LINE('',#3045,#3046);
#3045 = CARTESIAN_POINT('',(-16.00000000001,-14.59807621136,4.));
#3046 = VECTOR('',#3047,1.);
#3047 = DIRECTION('',(-0.,-0.,-1.));
#3048 = ORIENTED_EDGE('',*,*,#3049,.T.);
#3049 = EDGE_CURVE('',#3042,#3011,#3050,.T.);
#3050 = LINE('',#3051,#3052);
#3051 = CARTESIAN_POINT('',(-16.00000000001,-14.59807621136,2.));
#3052 = VECTOR('',#3053,1.);
#3053 = DIRECTION('',(0.5,0.866025403784,0.));
#3054 = ORIENTED_EDGE('',*,*,#3010,.F.);
#3055 = ORIENTED_EDGE('',*,*,#852,.F.);
#3056 = PLANE('',#3057);
#3057 = AXIS2_PLACEMENT_3D('',#3058,#3059,#3060);
#3058 = CARTESIAN_POINT('',(-16.00000000001,-14.59807621136,4.));
#3059 = DIRECTION('',(0.866025403784,-0.5,0.));
#3060 = DIRECTION('',(0.5,0.866025403784,0.));
#3061 = ADVANCED_FACE('',(#3062),#3080,.F.);
#3062 = FACE_BOUND('',#3063,.F.);
#3063 = EDGE_LOOP('',(#3064,#3065,#3073,#3079));
#3064 = ORIENTED_EDGE('',*,*,#3026,.T.);
#3065 = ORIENTED_EDGE('',*,*,#3066,.T.);
#3066 = EDGE_CURVE('',#3019,#3067,#3069,.T.);
#3067 = VERTEX_POINT('',#3068);
#3068 = CARTESIAN_POINT('',(-18.99999999999,-9.401923788641,2.));
#3069 = LINE('',#3070,#3071);
#3070 = CARTESIAN_POINT('',(-16.00000000001,-9.401923788641,2.));
#3071 = VECTOR('',#3072,1.);
#3072 = DIRECTION('',(-1.,5.921189464705E-16,0.));
#3073 = ORIENTED_EDGE('',*,*,#3074,.F.);
#3074 = EDGE_CURVE('',#877,#3067,#3075,.T.);
#3075 = LINE('',#3076,#3077);
#3076 = CARTESIAN_POINT('',(-18.99999999999,-9.401923788641,4.));
#3077 = VECTOR('',#3078,1.);
#3078 = DIRECTION('',(-0.,-0.,-1.));
#3079 = ORIENTED_EDGE('',*,*,#884,.F.);
#3080 = PLANE('',#3081);
#3081 = AXIS2_PLACEMENT_3D('',#3082,#3083,#3084);
#3082 = CARTESIAN_POINT('',(-16.00000000001,-9.401923788641,4.));
#3083 = DIRECTION('',(5.921189464705E-16,1.,0.));
#3084 = DIRECTION('',(-1.,5.921189464705E-16,0.));
#3085 = ADVANCED_FACE('',(#3086),#3104,.F.);
#3086 = FACE_BOUND('',#3087,.F.);
#3087 = EDGE_LOOP('',(#3088,#3096,#3102,#3103));
#3088 = ORIENTED_EDGE('',*,*,#3089,.T.);
#3089 = EDGE_CURVE('',#861,#3090,#3092,.T.);
#3090 = VERTEX_POINT('',#3091);
#3091 = CARTESIAN_POINT('',(-19.00000000001,-14.59807621134,2.));
#3092 = LINE('',#3093,#3094);
#3093 = CARTESIAN_POINT('',(-19.00000000001,-14.59807621134,4.));
#3094 = VECTOR('',#3095,1.);
#3095 = DIRECTION('',(-0.,-0.,-1.));
#3096 = ORIENTED_EDGE('',*,*,#3097,.T.);
#3097 = EDGE_CURVE('',#3090,#3042,#3098,.T.);
#3098 = LINE('',#3099,#3100);
#3099 = CARTESIAN_POINT('',(-19.00000000001,-14.59807621134,2.));
#3100 = VECTOR('',#3101,1.);
#3101 = DIRECTION('',(1.,-4.170293739966E-12,0.));
#3102 = ORIENTED_EDGE('',*,*,#3041,.F.);
#3103 = ORIENTED_EDGE('',*,*,#860,.F.);
#3104 = PLANE('',#3105);
#3105 = AXIS2_PLACEMENT_3D('',#3106,#3107,#3108);
#3106 = CARTESIAN_POINT('',(-19.00000000001,-14.59807621134,4.));
#3107 = DIRECTION('',(-4.170293739966E-12,-1.,0.));
#3108 = DIRECTION('',(1.,-4.170293739966E-12,0.));
#3109 = ADVANCED_FACE('',(#3110),#3128,.F.);
#3110 = FACE_BOUND('',#3111,.F.);
#3111 = EDGE_LOOP('',(#3112,#3113,#3121,#3127));
#3112 = ORIENTED_EDGE('',*,*,#3074,.T.);
#3113 = ORIENTED_EDGE('',*,*,#3114,.T.);
#3114 = EDGE_CURVE('',#3067,#3115,#3117,.T.);
#3115 = VERTEX_POINT('',#3116);
#3116 = CARTESIAN_POINT('',(-20.5,-11.99999999998,2.));
#3117 = LINE('',#3118,#3119);
#3118 = CARTESIAN_POINT('',(-18.99999999999,-9.401923788641,2.));
#3119 = VECTOR('',#3120,1.);
#3120 = DIRECTION('',(-0.500000000003,-0.866025403783,0.));
#3121 = ORIENTED_EDGE('',*,*,#3122,.F.);
#3122 = EDGE_CURVE('',#869,#3115,#3123,.T.);
#3123 = LINE('',#3124,#3125);
#3124 = CARTESIAN_POINT('',(-20.5,-11.99999999998,4.));
#3125 = VECTOR('',#3126,1.);
#3126 = DIRECTION('',(-0.,-0.,-1.));
#3127 = ORIENTED_EDGE('',*,*,#876,.F.);
#3128 = PLANE('',#3129);
#3129 = AXIS2_PLACEMENT_3D('',#3130,#3131,#3132);
#3130 = CARTESIAN_POINT('',(-18.99999999999,-9.401923788641,4.));
#3131 = DIRECTION('',(-0.866025403783,0.500000000003,0.));
#3132 = DIRECTION('',(-0.500000000003,-0.866025403783,0.));
#3133 = ADVANCED_FACE('',(#3134),#3145,.F.);
#3134 = FACE_BOUND('',#3135,.F.);
#3135 = EDGE_LOOP('',(#3136,#3137,#3143,#3144));
#3136 = ORIENTED_EDGE('',*,*,#3122,.T.);
#3137 = ORIENTED_EDGE('',*,*,#3138,.T.);
#3138 = EDGE_CURVE('',#3115,#3090,#3139,.T.);
#3139 = LINE('',#3140,#3141);
#3140 = CARTESIAN_POINT('',(-20.5,-11.99999999998,2.));
#3141 = VECTOR('',#3142,1.);
#3142 = DIRECTION('',(0.499999999997,-0.866025403786,0.));
#3143 = ORIENTED_EDGE('',*,*,#3089,.F.);
#3144 = ORIENTED_EDGE('',*,*,#868,.F.);
#3145 = PLANE('',#3146);
#3146 = AXIS2_PLACEMENT_3D('',#3147,#3148,#3149);
#3147 = CARTESIAN_POINT('',(-20.5,-11.99999999998,4.));
#3148 = DIRECTION('',(-0.866025403786,-0.499999999997,0.));
#3149 = DIRECTION('',(0.499999999997,-0.866025403786,0.));
#3150 = ADVANCED_FACE('',(#3151),#3170,.F.);
#3151 = FACE_BOUND('',#3152,.T.);
#3152 = EDGE_LOOP('',(#3153,#3162,#3168,#3169));
#3153 = ORIENTED_EDGE('',*,*,#3154,.T.);
#3154 = EDGE_CURVE('',#3155,#3155,#3157,.T.);
#3155 = VERTEX_POINT('',#3156);
#3156 = CARTESIAN_POINT('',(21.5,-24.5,2.));
#3157 = CIRCLE('',#3158,1.5);
#3158 = AXIS2_PLACEMENT_3D('',#3159,#3160,#3161);
#3159 = CARTESIAN_POINT('',(20.,-24.5,2.));
#3160 = DIRECTION('',(0.,0.,-1.));
#3161 = DIRECTION('',(1.,0.,0.));
#3162 = ORIENTED_EDGE('',*,*,#3163,.T.);
#3163 = EDGE_CURVE('',#3155,#893,#3164,.T.);
#3164 = LINE('',#3165,#3166);
#3165 = CARTESIAN_POINT('',(21.5,-24.5,0.));
#3166 = VECTOR('',#3167,1.);
#3167 = DIRECTION('',(0.,0.,1.));
#3168 = ORIENTED_EDGE('',*,*,#892,.T.);
#3169 = ORIENTED_EDGE('',*,*,#3163,.F.);
#3170 = CYLINDRICAL_SURFACE('',#3171,1.5);
#3171 = AXIS2_PLACEMENT_3D('',#3172,#3173,#3174);
#3172 = CARTESIAN_POINT('',(20.,-24.5,0.));
#3173 = DIRECTION('',(-0.,-0.,-1.));
#3174 = DIRECTION('',(1.,0.,0.));
#3175 = ADVANCED_FACE('',(#3176),#3186,.F.);
#3176 = FACE_BOUND('',#3177,.T.);
#3177 = EDGE_LOOP('',(#3178,#3183,#3184,#3185));
#3178 = ORIENTED_EDGE('',*,*,#3179,.F.);
#3179 = EDGE_CURVE('',#904,#1702,#3180,.T.);
#3180 = B_SPLINE_CURVE_WITH_KNOTS('',1,(#3181,#3182),.UNSPECIFIED.,.F.,
  .F.,(2,2),(0.,1.),.PIECEWISE_BEZIER_KNOTS.);
#3181 = CARTESIAN_POINT('',(32.5,-40.,4.));
#3182 = CARTESIAN_POINT('',(31.157440590116,-40.,2.4));
#3183 = ORIENTED_EDGE('',*,*,#903,.T.);
#3184 = ORIENTED_EDGE('',*,*,#3179,.T.);
#3185 = ORIENTED_EDGE('',*,*,#1709,.T.);
#3186 = CONICAL_SURFACE('',#3187,2.5,0.698131700798);
#3187 = AXIS2_PLACEMENT_3D('',#3188,#3189,#3190);
#3188 = CARTESIAN_POINT('',(30.,-40.,4.));
#3189 = DIRECTION('',(0.,0.,1.));
#3190 = DIRECTION('',(1.,0.,0.));
#3191 = ADVANCED_FACE('',(#3192),#3202,.F.);
#3192 = FACE_BOUND('',#3193,.T.);
#3193 = EDGE_LOOP('',(#3194,#3199,#3200,#3201));
#3194 = ORIENTED_EDGE('',*,*,#3195,.F.);
#3195 = EDGE_CURVE('',#915,#1871,#3196,.T.);
#3196 = B_SPLINE_CURVE_WITH_KNOTS('',1,(#3197,#3198),.UNSPECIFIED.,.F.,
  .F.,(2,2),(0.,1.),.PIECEWISE_BEZIER_KNOTS.);
#3197 = CARTESIAN_POINT('',(50.5,-40.,4.));
#3198 = CARTESIAN_POINT('',(49.157440590116,-40.,2.4));
#3199 = ORIENTED_EDGE('',*,*,#914,.T.);
#3200 = ORIENTED_EDGE('',*,*,#3195,.T.);
#3201 = ORIENTED_EDGE('',*,*,#1878,.T.);
#3202 = CONICAL_SURFACE('',#3203,2.5,0.698131700798);
#3203 = AXIS2_PLACEMENT_3D('',#3204,#3205,#3206);
#3204 = CARTESIAN_POINT('',(48.,-40.,4.));
#3205 = DIRECTION('',(0.,0.,1.));
#3206 = DIRECTION('',(1.,0.,0.));
#3207 = ADVANCED_FACE('',(#3208),#3233,.F.);
#3208 = FACE_BOUND('',#3209,.F.);
#3209 = EDGE_LOOP('',(#3210,#3218,#3226,#3232));
#3210 = ORIENTED_EDGE('',*,*,#3211,.T.);
#3211 = EDGE_CURVE('',#996,#3212,#3214,.T.);
#3212 = VERTEX_POINT('',#3213);
#3213 = CARTESIAN_POINT('',(25.5,-11.99999999998,2.));
#3214 = LINE('',#3215,#3216);
#3215 = CARTESIAN_POINT('',(25.5,-11.99999999998,4.));
#3216 = VECTOR('',#3217,1.);
#3217 = DIRECTION('',(-0.,-0.,-1.));
#3218 = ORIENTED_EDGE('',*,*,#3219,.T.);
#3219 = EDGE_CURVE('',#3212,#3220,#3222,.T.);
#3220 = VERTEX_POINT('',#3221);
#3221 = CARTESIAN_POINT('',(23.99999999999,-9.401923788641,2.));
#3222 = LINE('',#3223,#3224);
#3223 = CARTESIAN_POINT('',(25.5,-11.99999999998,2.));
#3224 = VECTOR('',#3225,1.);
#3225 = DIRECTION('',(-0.500000000003,0.866025403783,0.));
#3226 = ORIENTED_EDGE('',*,*,#3227,.F.);
#3227 = EDGE_CURVE('',#998,#3220,#3228,.T.);
#3228 = LINE('',#3229,#3230);
#3229 = CARTESIAN_POINT('',(23.99999999999,-9.401923788641,4.));
#3230 = VECTOR('',#3231,1.);
#3231 = DIRECTION('',(-0.,-0.,-1.));
#3232 = ORIENTED_EDGE('',*,*,#995,.F.);
#3233 = PLANE('',#3234);
#3234 = AXIS2_PLACEMENT_3D('',#3235,#3236,#3237);
#3235 = CARTESIAN_POINT('',(25.5,-11.99999999998,4.));
#3236 = DIRECTION('',(0.866025403783,0.500000000003,0.));
#3237 = DIRECTION('',(-0.500000000003,0.866025403783,0.));
#3238 = ADVANCED_FACE('',(#3239),#3257,.F.);
#3239 = FACE_BOUND('',#3240,.F.);
#3240 = EDGE_LOOP('',(#3241,#3249,#3255,#3256));
#3241 = ORIENTED_EDGE('',*,*,#3242,.T.);
#3242 = EDGE_CURVE('',#1006,#3243,#3245,.T.);
#3243 = VERTEX_POINT('',#3244);
#3244 = CARTESIAN_POINT('',(23.999999999989,-14.59807621136,2.));
#3245 = LINE('',#3246,#3247);
#3246 = CARTESIAN_POINT('',(23.999999999989,-14.59807621136,4.));
#3247 = VECTOR('',#3248,1.);
#3248 = DIRECTION('',(-0.,-0.,-1.));
#3249 = ORIENTED_EDGE('',*,*,#3250,.T.);
#3250 = EDGE_CURVE('',#3243,#3212,#3251,.T.);
#3251 = LINE('',#3252,#3253);
#3252 = CARTESIAN_POINT('',(23.999999999989,-14.59807621136,2.));
#3253 = VECTOR('',#3254,1.);
#3254 = DIRECTION('',(0.5,0.866025403784,0.));
#3255 = ORIENTED_EDGE('',*,*,#3211,.F.);
#3256 = ORIENTED_EDGE('',*,*,#1005,.F.);
#3257 = PLANE('',#3258);
#3258 = AXIS2_PLACEMENT_3D('',#3259,#3260,#3261);
#3259 = CARTESIAN_POINT('',(23.999999999989,-14.59807621136,4.));
#3260 = DIRECTION('',(0.866025403784,-0.5,0.));
#3261 = DIRECTION('',(0.5,0.866025403784,0.));
#3262 = ADVANCED_FACE('',(#3263),#3281,.F.);
#3263 = FACE_BOUND('',#3264,.F.);
#3264 = EDGE_LOOP('',(#3265,#3266,#3274,#3280));
#3265 = ORIENTED_EDGE('',*,*,#3227,.T.);
#3266 = ORIENTED_EDGE('',*,*,#3267,.T.);
#3267 = EDGE_CURVE('',#3220,#3268,#3270,.T.);
#3268 = VERTEX_POINT('',#3269);
#3269 = CARTESIAN_POINT('',(21.00000000001,-9.401923788641,2.));
#3270 = LINE('',#3271,#3272);
#3271 = CARTESIAN_POINT('',(23.99999999999,-9.401923788641,2.));
#3272 = VECTOR('',#3273,1.);
#3273 = DIRECTION('',(-1.,5.921189464705E-16,0.));
#3274 = ORIENTED_EDGE('',*,*,#3275,.F.);
#3275 = EDGE_CURVE('',#1030,#3268,#3276,.T.);
#3276 = LINE('',#3277,#3278);
#3277 = CARTESIAN_POINT('',(21.00000000001,-9.401923788641,4.));
#3278 = VECTOR('',#3279,1.);
#3279 = DIRECTION('',(-0.,-0.,-1.));
#3280 = ORIENTED_EDGE('',*,*,#1037,.F.);
#3281 = PLANE('',#3282);
#3282 = AXIS2_PLACEMENT_3D('',#3283,#3284,#3285);
#3283 = CARTESIAN_POINT('',(23.99999999999,-9.401923788641,4.));
#3284 = DIRECTION('',(5.921189464705E-16,1.,0.));
#3285 = DIRECTION('',(-1.,5.921189464705E-16,0.));
#3286 = ADVANCED_FACE('',(#3287),#3305,.F.);
#3287 = FACE_BOUND('',#3288,.F.);
#3288 = EDGE_LOOP('',(#3289,#3297,#3303,#3304));
#3289 = ORIENTED_EDGE('',*,*,#3290,.T.);
#3290 = EDGE_CURVE('',#1014,#3291,#3293,.T.);
#3291 = VERTEX_POINT('',#3292);
#3292 = CARTESIAN_POINT('',(20.999999999989,-14.59807621134,2.));
#3293 = LINE('',#3294,#3295);
#3294 = CARTESIAN_POINT('',(20.999999999989,-14.59807621134,4.));
#3295 = VECTOR('',#3296,1.);
#3296 = DIRECTION('',(-0.,-0.,-1.));
#3297 = ORIENTED_EDGE('',*,*,#3298,.T.);
#3298 = EDGE_CURVE('',#3291,#3243,#3299,.T.);
#3299 = LINE('',#3300,#3301);
#3300 = CARTESIAN_POINT('',(20.999999999989,-14.59807621134,2.));
#3301 = VECTOR('',#3302,1.);
#3302 = DIRECTION('',(1.,-4.170885858913E-12,0.));
#3303 = ORIENTED_EDGE('',*,*,#3242,.F.);
#3304 = ORIENTED_EDGE('',*,*,#1013,.F.);
#3305 = PLANE('',#3306);
#3306 = AXIS2_PLACEMENT_3D('',#3307,#3308,#3309);
#3307 = CARTESIAN_POINT('',(20.999999999989,-14.59807621134,4.));
#3308 = DIRECTION('',(-4.170885858913E-12,-1.,0.));
#3309 = DIRECTION('',(1.,-4.170885858913E-12,0.));
#3310 = ADVANCED_FACE('',(#3311),#3329,.F.);
#3311 = FACE_BOUND('',#3312,.F.);
#3312 = EDGE_LOOP('',(#3313,#3314,#3322,#3328));
#3313 = ORIENTED_EDGE('',*,*,#3275,.T.);
#3314 = ORIENTED_EDGE('',*,*,#3315,.T.);
#3315 = EDGE_CURVE('',#3268,#3316,#3318,.T.);
#3316 = VERTEX_POINT('',#3317);
#3317 = CARTESIAN_POINT('',(19.5,-11.99999999998,2.));
#3318 = LINE('',#3319,#3320);
#3319 = CARTESIAN_POINT('',(21.00000000001,-9.401923788641,2.));
#3320 = VECTOR('',#3321,1.);
#3321 = DIRECTION('',(-0.500000000003,-0.866025403783,0.));
#3322 = ORIENTED_EDGE('',*,*,#3323,.F.);
#3323 = EDGE_CURVE('',#1022,#3316,#3324,.T.);
#3324 = LINE('',#3325,#3326);
#3325 = CARTESIAN_POINT('',(19.5,-11.99999999998,4.));
#3326 = VECTOR('',#3327,1.);
#3327 = DIRECTION('',(-0.,-0.,-1.));
#3328 = ORIENTED_EDGE('',*,*,#1029,.F.);
#3329 = PLANE('',#3330);
#3330 = AXIS2_PLACEMENT_3D('',#3331,#3332,#3333);
#3331 = CARTESIAN_POINT('',(21.00000000001,-9.401923788641,4.));
#3332 = DIRECTION('',(-0.866025403783,0.500000000003,0.));
#3333 = DIRECTION('',(-0.500000000003,-0.866025403783,0.));
#3334 = ADVANCED_FACE('',(#3335),#3346,.F.);
#3335 = FACE_BOUND('',#3336,.F.);
#3336 = EDGE_LOOP('',(#3337,#3338,#3344,#3345));
#3337 = ORIENTED_EDGE('',*,*,#3323,.T.);
#3338 = ORIENTED_EDGE('',*,*,#3339,.T.);
#3339 = EDGE_CURVE('',#3316,#3291,#3340,.T.);
#3340 = LINE('',#3341,#3342);
#3341 = CARTESIAN_POINT('',(19.5,-11.99999999998,2.));
#3342 = VECTOR('',#3343,1.);
#3343 = DIRECTION('',(0.499999999997,-0.866025403786,0.));
#3344 = ORIENTED_EDGE('',*,*,#3290,.F.);
#3345 = ORIENTED_EDGE('',*,*,#1021,.F.);
#3346 = PLANE('',#3347);
#3347 = AXIS2_PLACEMENT_3D('',#3348,#3349,#3350);
#3348 = CARTESIAN_POINT('',(19.5,-11.99999999998,4.));
#3349 = DIRECTION('',(-0.866025403786,-0.499999999997,0.));
#3350 = DIRECTION('',(0.499999999997,-0.866025403786,0.));
#3351 = ADVANCED_FACE('',(#3352),#3377,.F.);
#3352 = FACE_BOUND('',#3353,.F.);
#3353 = EDGE_LOOP('',(#3354,#3362,#3370,#3376));
#3354 = ORIENTED_EDGE('',*,*,#3355,.T.);
#3355 = EDGE_CURVE('',#1046,#3356,#3358,.T.);
#3356 = VERTEX_POINT('',#3357);
#3357 = CARTESIAN_POINT('',(-60.,15.000000000012,2.));
#3358 = LINE('',#3359,#3360);
#3359 = CARTESIAN_POINT('',(-60.,15.000000000012,4.));
#3360 = VECTOR('',#3361,1.);
#3361 = DIRECTION('',(-0.,-0.,-1.));
#3362 = ORIENTED_EDGE('',*,*,#3363,.T.);
#3363 = EDGE_CURVE('',#3356,#3364,#3366,.T.);
#3364 = VERTEX_POINT('',#3365);
#3365 = CARTESIAN_POINT('',(-61.50000000001,17.598076211359,2.));
#3366 = LINE('',#3367,#3368);
#3367 = CARTESIAN_POINT('',(-60.,15.000000000012,2.));
#3368 = VECTOR('',#3369,1.);
#3369 = DIRECTION('',(-0.500000000003,0.866025403783,0.));
#3370 = ORIENTED_EDGE('',*,*,#3371,.F.);
#3371 = EDGE_CURVE('',#1048,#3364,#3372,.T.);
#3372 = LINE('',#3373,#3374);
#3373 = CARTESIAN_POINT('',(-61.50000000001,17.598076211359,4.));
#3374 = VECTOR('',#3375,1.);
#3375 = DIRECTION('',(-0.,-0.,-1.));
#3376 = ORIENTED_EDGE('',*,*,#1045,.F.);
#3377 = PLANE('',#3378);
#3378 = AXIS2_PLACEMENT_3D('',#3379,#3380,#3381);
#3379 = CARTESIAN_POINT('',(-60.,15.000000000012,4.));
#3380 = DIRECTION('',(0.866025403783,0.500000000003,0.));
#3381 = DIRECTION('',(-0.500000000003,0.866025403783,0.));
#3382 = ADVANCED_FACE('',(#3383),#3401,.F.);
#3383 = FACE_BOUND('',#3384,.F.);
#3384 = EDGE_LOOP('',(#3385,#3393,#3399,#3400));
#3385 = ORIENTED_EDGE('',*,*,#3386,.T.);
#3386 = EDGE_CURVE('',#1056,#3387,#3389,.T.);
#3387 = VERTEX_POINT('',#3388);
#3388 = CARTESIAN_POINT('',(-61.50000000001,12.40192378864,2.));
#3389 = LINE('',#3390,#3391);
#3390 = CARTESIAN_POINT('',(-61.50000000001,12.40192378864,4.));
#3391 = VECTOR('',#3392,1.);
#3392 = DIRECTION('',(-0.,-0.,-1.));
#3393 = ORIENTED_EDGE('',*,*,#3394,.T.);
#3394 = EDGE_CURVE('',#3387,#3356,#3395,.T.);
#3395 = LINE('',#3396,#3397);
#3396 = CARTESIAN_POINT('',(-61.50000000001,12.40192378864,2.));
#3397 = VECTOR('',#3398,1.);
#3398 = DIRECTION('',(0.5,0.866025403784,0.));
#3399 = ORIENTED_EDGE('',*,*,#3355,.F.);
#3400 = ORIENTED_EDGE('',*,*,#1055,.F.);
#3401 = PLANE('',#3402);
#3402 = AXIS2_PLACEMENT_3D('',#3403,#3404,#3405);
#3403 = CARTESIAN_POINT('',(-61.50000000001,12.40192378864,4.));
#3404 = DIRECTION('',(0.866025403784,-0.5,0.));
#3405 = DIRECTION('',(0.5,0.866025403784,0.));
#3406 = ADVANCED_FACE('',(#3407),#3425,.F.);
#3407 = FACE_BOUND('',#3408,.F.);
#3408 = EDGE_LOOP('',(#3409,#3410,#3418,#3424));
#3409 = ORIENTED_EDGE('',*,*,#3371,.T.);
#3410 = ORIENTED_EDGE('',*,*,#3411,.T.);
#3411 = EDGE_CURVE('',#3364,#3412,#3414,.T.);
#3412 = VERTEX_POINT('',#3413);
#3413 = CARTESIAN_POINT('',(-64.49999999999,17.598076211359,2.));
#3414 = LINE('',#3415,#3416);
#3415 = CARTESIAN_POINT('',(-61.50000000001,17.598076211359,2.));
#3416 = VECTOR('',#3417,1.);
#3417 = DIRECTION('',(-1.,0.,0.));
#3418 = ORIENTED_EDGE('',*,*,#3419,.F.);
#3419 = EDGE_CURVE('',#1080,#3412,#3420,.T.);
#3420 = LINE('',#3421,#3422);
#3421 = CARTESIAN_POINT('',(-64.49999999999,17.598076211359,4.));
#3422 = VECTOR('',#3423,1.);
#3423 = DIRECTION('',(-0.,-0.,-1.));
#3424 = ORIENTED_EDGE('',*,*,#1087,.F.);
#3425 = PLANE('',#3426);
#3426 = AXIS2_PLACEMENT_3D('',#3427,#3428,#3429);
#3427 = CARTESIAN_POINT('',(-61.50000000001,17.598076211359,4.));
#3428 = DIRECTION('',(0.,1.,0.));
#3429 = DIRECTION('',(-1.,0.,0.));
#3430 = ADVANCED_FACE('',(#3431),#3449,.F.);
#3431 = FACE_BOUND('',#3432,.F.);
#3432 = EDGE_LOOP('',(#3433,#3441,#3447,#3448));
#3433 = ORIENTED_EDGE('',*,*,#3434,.T.);
#3434 = EDGE_CURVE('',#1064,#3435,#3437,.T.);
#3435 = VERTEX_POINT('',#3436);
#3436 = CARTESIAN_POINT('',(-64.50000000001,12.401923788653,2.));
#3437 = LINE('',#3438,#3439);
#3438 = CARTESIAN_POINT('',(-64.50000000001,12.401923788653,4.));
#3439 = VECTOR('',#3440,1.);
#3440 = DIRECTION('',(-0.,-0.,-1.));
#3441 = ORIENTED_EDGE('',*,*,#3442,.T.);
#3442 = EDGE_CURVE('',#3435,#3387,#3443,.T.);
#3443 = LINE('',#3444,#3445);
#3444 = CARTESIAN_POINT('',(-64.50000000001,12.401923788653,2.));
#3445 = VECTOR('',#3446,1.);
#3446 = DIRECTION('',(1.,-4.158451361037E-12,0.));
#3447 = ORIENTED_EDGE('',*,*,#3386,.F.);
#3448 = ORIENTED_EDGE('',*,*,#1063,.F.);
#3449 = PLANE('',#3450);
#3450 = AXIS2_PLACEMENT_3D('',#3451,#3452,#3453);
#3451 = CARTESIAN_POINT('',(-64.50000000001,12.401923788653,4.));
#3452 = DIRECTION('',(-4.158451361037E-12,-1.,0.));
#3453 = DIRECTION('',(1.,-4.158451361037E-12,0.));
#3454 = ADVANCED_FACE('',(#3455),#3473,.F.);
#3455 = FACE_BOUND('',#3456,.F.);
#3456 = EDGE_LOOP('',(#3457,#3458,#3466,#3472));
#3457 = ORIENTED_EDGE('',*,*,#3419,.T.);
#3458 = ORIENTED_EDGE('',*,*,#3459,.T.);
#3459 = EDGE_CURVE('',#3412,#3460,#3462,.T.);
#3460 = VERTEX_POINT('',#3461);
#3461 = CARTESIAN_POINT('',(-66.,15.000000000012,2.));
#3462 = LINE('',#3463,#3464);
#3463 = CARTESIAN_POINT('',(-64.49999999999,17.598076211359,2.));
#3464 = VECTOR('',#3465,1.);
#3465 = DIRECTION('',(-0.500000000003,-0.866025403783,0.));
#3466 = ORIENTED_EDGE('',*,*,#3467,.F.);
#3467 = EDGE_CURVE('',#1072,#3460,#3468,.T.);
#3468 = LINE('',#3469,#3470);
#3469 = CARTESIAN_POINT('',(-66.,15.000000000012,4.));
#3470 = VECTOR('',#3471,1.);
#3471 = DIRECTION('',(-0.,-0.,-1.));
#3472 = ORIENTED_EDGE('',*,*,#1079,.F.);
#3473 = PLANE('',#3474);
#3474 = AXIS2_PLACEMENT_3D('',#3475,#3476,#3477);
#3475 = CARTESIAN_POINT('',(-64.49999999999,17.598076211359,4.));
#3476 = DIRECTION('',(-0.866025403783,0.500000000003,0.));
#3477 = DIRECTION('',(-0.500000000003,-0.866025403783,0.));
#3478 = ADVANCED_FACE('',(#3479),#3490,.F.);
#3479 = FACE_BOUND('',#3480,.F.);
#3480 = EDGE_LOOP('',(#3481,#3482,#3488,#3489));
#3481 = ORIENTED_EDGE('',*,*,#3467,.T.);
#3482 = ORIENTED_EDGE('',*,*,#3483,.T.);
#3483 = EDGE_CURVE('',#3460,#3435,#3484,.T.);
#3484 = LINE('',#3485,#3486);
#3485 = CARTESIAN_POINT('',(-66.,15.000000000012,2.));
#3486 = VECTOR('',#3487,1.);
#3487 = DIRECTION('',(0.499999999997,-0.866025403786,0.));
#3488 = ORIENTED_EDGE('',*,*,#3434,.F.);
#3489 = ORIENTED_EDGE('',*,*,#1071,.F.);
#3490 = PLANE('',#3491);
#3491 = AXIS2_PLACEMENT_3D('',#3492,#3493,#3494);
#3492 = CARTESIAN_POINT('',(-66.,15.000000000012,4.));
#3493 = DIRECTION('',(-0.866025403786,-0.499999999997,0.));
#3494 = DIRECTION('',(0.499999999997,-0.866025403786,0.));
#3495 = ADVANCED_FACE('',(#3496),#3521,.F.);
#3496 = FACE_BOUND('',#3497,.F.);
#3497 = EDGE_LOOP('',(#3498,#3506,#3514,#3520));
#3498 = ORIENTED_EDGE('',*,*,#3499,.T.);
#3499 = EDGE_CURVE('',#1096,#3500,#3502,.T.);
#3500 = VERTEX_POINT('',#3501);
#3501 = CARTESIAN_POINT('',(-40.,15.000000000012,2.));
#3502 = LINE('',#3503,#3504);
#3503 = CARTESIAN_POINT('',(-40.,15.000000000012,4.));
#3504 = VECTOR('',#3505,1.);
#3505 = DIRECTION('',(-0.,-0.,-1.));
#3506 = ORIENTED_EDGE('',*,*,#3507,.T.);
#3507 = EDGE_CURVE('',#3500,#3508,#3510,.T.);
#3508 = VERTEX_POINT('',#3509);
#3509 = CARTESIAN_POINT('',(-41.50000000001,17.598076211359,2.));
#3510 = LINE('',#3511,#3512);
#3511 = CARTESIAN_POINT('',(-40.,15.000000000012,2.));
#3512 = VECTOR('',#3513,1.);
#3513 = DIRECTION('',(-0.500000000003,0.866025403783,0.));
#3514 = ORIENTED_EDGE('',*,*,#3515,.F.);
#3515 = EDGE_CURVE('',#1098,#3508,#3516,.T.);
#3516 = LINE('',#3517,#3518);
#3517 = CARTESIAN_POINT('',(-41.50000000001,17.598076211359,4.));
#3518 = VECTOR('',#3519,1.);
#3519 = DIRECTION('',(-0.,-0.,-1.));
#3520 = ORIENTED_EDGE('',*,*,#1095,.F.);
#3521 = PLANE('',#3522);
#3522 = AXIS2_PLACEMENT_3D('',#3523,#3524,#3525);
#3523 = CARTESIAN_POINT('',(-40.,15.000000000012,4.));
#3524 = DIRECTION('',(0.866025403783,0.500000000003,0.));
#3525 = DIRECTION('',(-0.500000000003,0.866025403783,0.));
#3526 = ADVANCED_FACE('',(#3527),#3545,.F.);
#3527 = FACE_BOUND('',#3528,.F.);
#3528 = EDGE_LOOP('',(#3529,#3537,#3543,#3544));
#3529 = ORIENTED_EDGE('',*,*,#3530,.T.);
#3530 = EDGE_CURVE('',#1106,#3531,#3533,.T.);
#3531 = VERTEX_POINT('',#3532);
#3532 = CARTESIAN_POINT('',(-41.50000000001,12.40192378864,2.));
#3533 = LINE('',#3534,#3535);
#3534 = CARTESIAN_POINT('',(-41.50000000001,12.40192378864,4.));
#3535 = VECTOR('',#3536,1.);
#3536 = DIRECTION('',(-0.,-0.,-1.));
#3537 = ORIENTED_EDGE('',*,*,#3538,.T.);
#3538 = EDGE_CURVE('',#3531,#3500,#3539,.T.);
#3539 = LINE('',#3540,#3541);
#3540 = CARTESIAN_POINT('',(-41.50000000001,12.40192378864,2.));
#3541 = VECTOR('',#3542,1.);
#3542 = DIRECTION('',(0.5,0.866025403784,0.));
#3543 = ORIENTED_EDGE('',*,*,#3499,.F.);
#3544 = ORIENTED_EDGE('',*,*,#1105,.F.);
#3545 = PLANE('',#3546);
#3546 = AXIS2_PLACEMENT_3D('',#3547,#3548,#3549);
#3547 = CARTESIAN_POINT('',(-41.50000000001,12.40192378864,4.));
#3548 = DIRECTION('',(0.866025403784,-0.5,0.));
#3549 = DIRECTION('',(0.5,0.866025403784,0.));
#3550 = ADVANCED_FACE('',(#3551),#3569,.F.);
#3551 = FACE_BOUND('',#3552,.F.);
#3552 = EDGE_LOOP('',(#3553,#3554,#3562,#3568));
#3553 = ORIENTED_EDGE('',*,*,#3515,.T.);
#3554 = ORIENTED_EDGE('',*,*,#3555,.T.);
#3555 = EDGE_CURVE('',#3508,#3556,#3558,.T.);
#3556 = VERTEX_POINT('',#3557);
#3557 = CARTESIAN_POINT('',(-44.49999999999,17.598076211359,2.));
#3558 = LINE('',#3559,#3560);
#3559 = CARTESIAN_POINT('',(-41.50000000001,17.598076211359,2.));
#3560 = VECTOR('',#3561,1.);
#3561 = DIRECTION('',(-1.,0.,0.));
#3562 = ORIENTED_EDGE('',*,*,#3563,.F.);
#3563 = EDGE_CURVE('',#1130,#3556,#3564,.T.);
#3564 = LINE('',#3565,#3566);
#3565 = CARTESIAN_POINT('',(-44.49999999999,17.598076211359,4.));
#3566 = VECTOR('',#3567,1.);
#3567 = DIRECTION('',(-0.,-0.,-1.));
#3568 = ORIENTED_EDGE('',*,*,#1137,.F.);
#3569 = PLANE('',#3570);
#3570 = AXIS2_PLACEMENT_3D('',#3571,#3572,#3573);
#3571 = CARTESIAN_POINT('',(-41.50000000001,17.598076211359,4.));
#3572 = DIRECTION('',(0.,1.,0.));
#3573 = DIRECTION('',(-1.,0.,0.));
#3574 = ADVANCED_FACE('',(#3575),#3593,.F.);
#3575 = FACE_BOUND('',#3576,.F.);
#3576 = EDGE_LOOP('',(#3577,#3585,#3591,#3592));
#3577 = ORIENTED_EDGE('',*,*,#3578,.T.);
#3578 = EDGE_CURVE('',#1114,#3579,#3581,.T.);
#3579 = VERTEX_POINT('',#3580);
#3580 = CARTESIAN_POINT('',(-44.50000000001,12.401923788653,2.));
#3581 = LINE('',#3582,#3583);
#3582 = CARTESIAN_POINT('',(-44.50000000001,12.401923788653,4.));
#3583 = VECTOR('',#3584,1.);
#3584 = DIRECTION('',(-0.,-0.,-1.));
#3585 = ORIENTED_EDGE('',*,*,#3586,.T.);
#3586 = EDGE_CURVE('',#3579,#3531,#3587,.T.);
#3587 = LINE('',#3588,#3589);
#3588 = CARTESIAN_POINT('',(-44.50000000001,12.401923788653,2.));
#3589 = VECTOR('',#3590,1.);
#3590 = DIRECTION('',(1.,-4.15785924209E-12,0.));
#3591 = ORIENTED_EDGE('',*,*,#3530,.F.);
#3592 = ORIENTED_EDGE('',*,*,#1113,.F.);
#3593 = PLANE('',#3594);
#3594 = AXIS2_PLACEMENT_3D('',#3595,#3596,#3597);
#3595 = CARTESIAN_POINT('',(-44.50000000001,12.401923788653,4.));
#3596 = DIRECTION('',(-4.15785924209E-12,-1.,0.));
#3597 = DIRECTION('',(1.,-4.15785924209E-12,0.));
#3598 = ADVANCED_FACE('',(#3599),#3617,.F.);
#3599 = FACE_BOUND('',#3600,.F.);
#3600 = EDGE_LOOP('',(#3601,#3602,#3610,#3616));
#3601 = ORIENTED_EDGE('',*,*,#3563,.T.);
#3602 = ORIENTED_EDGE('',*,*,#3603,.T.);
#3603 = EDGE_CURVE('',#3556,#3604,#3606,.T.);
#3604 = VERTEX_POINT('',#3605);
#3605 = CARTESIAN_POINT('',(-46.,15.000000000012,2.));
#3606 = LINE('',#3607,#3608);
#3607 = CARTESIAN_POINT('',(-44.49999999999,17.598076211359,2.));
#3608 = VECTOR('',#3609,1.);
#3609 = DIRECTION('',(-0.500000000003,-0.866025403783,0.));
#3610 = ORIENTED_EDGE('',*,*,#3611,.F.);
#3611 = EDGE_CURVE('',#1122,#3604,#3612,.T.);
#3612 = LINE('',#3613,#3614);
#3613 = CARTESIAN_POINT('',(-46.,15.000000000012,4.));
#3614 = VECTOR('',#3615,1.);
#3615 = DIRECTION('',(-0.,-0.,-1.));
#3616 = ORIENTED_EDGE('',*,*,#1129,.F.);
#3617 = PLANE('',#3618);
#3618 = AXIS2_PLACEMENT_3D('',#3619,#3620,#3621);
#3619 = CARTESIAN_POINT('',(-44.49999999999,17.598076211359,4.));
#3620 = DIRECTION('',(-0.866025403783,0.500000000003,0.));
#3621 = DIRECTION('',(-0.500000000003,-0.866025403783,0.));
#3622 = ADVANCED_FACE('',(#3623),#3634,.F.);
#3623 = FACE_BOUND('',#3624,.F.);
#3624 = EDGE_LOOP('',(#3625,#3626,#3632,#3633));
#3625 = ORIENTED_EDGE('',*,*,#3611,.T.);
#3626 = ORIENTED_EDGE('',*,*,#3627,.T.);
#3627 = EDGE_CURVE('',#3604,#3579,#3628,.T.);
#3628 = LINE('',#3629,#3630);
#3629 = CARTESIAN_POINT('',(-46.,15.000000000012,2.));
#3630 = VECTOR('',#3631,1.);
#3631 = DIRECTION('',(0.499999999997,-0.866025403786,0.));
#3632 = ORIENTED_EDGE('',*,*,#3578,.F.);
#3633 = ORIENTED_EDGE('',*,*,#1121,.F.);
#3634 = PLANE('',#3635);
#3635 = AXIS2_PLACEMENT_3D('',#3636,#3637,#3638);
#3636 = CARTESIAN_POINT('',(-46.,15.000000000012,4.));
#3637 = DIRECTION('',(-0.866025403786,-0.499999999997,0.));
#3638 = DIRECTION('',(0.499999999997,-0.866025403786,0.));
#3639 = ADVANCED_FACE('',(#3640),#3665,.F.);
#3640 = FACE_BOUND('',#3641,.F.);
#3641 = EDGE_LOOP('',(#3642,#3650,#3658,#3664));
#3642 = ORIENTED_EDGE('',*,*,#3643,.T.);
#3643 = EDGE_CURVE('',#1146,#3644,#3646,.T.);
#3644 = VERTEX_POINT('',#3645);
#3645 = CARTESIAN_POINT('',(-14.5,12.000000000011,2.));
#3646 = LINE('',#3647,#3648);
#3647 = CARTESIAN_POINT('',(-14.5,12.000000000011,4.));
#3648 = VECTOR('',#3649,1.);
#3649 = DIRECTION('',(-0.,-0.,-1.));
#3650 = ORIENTED_EDGE('',*,*,#3651,.T.);
#3651 = EDGE_CURVE('',#3644,#3652,#3654,.T.);
#3652 = VERTEX_POINT('',#3653);
#3653 = CARTESIAN_POINT('',(-16.,14.598076211359,2.));
#3654 = LINE('',#3655,#3656);
#3655 = CARTESIAN_POINT('',(-14.5,12.000000000011,2.));
#3656 = VECTOR('',#3657,1.);
#3657 = DIRECTION('',(-0.500000000003,0.866025403783,0.));
#3658 = ORIENTED_EDGE('',*,*,#3659,.F.);
#3659 = EDGE_CURVE('',#1148,#3652,#3660,.T.);
#3660 = LINE('',#3661,#3662);
#3661 = CARTESIAN_POINT('',(-16.,14.598076211359,4.));
#3662 = VECTOR('',#3663,1.);
#3663 = DIRECTION('',(-0.,-0.,-1.));
#3664 = ORIENTED_EDGE('',*,*,#1145,.F.);
#3665 = PLANE('',#3666);
#3666 = AXIS2_PLACEMENT_3D('',#3667,#3668,#3669);
#3667 = CARTESIAN_POINT('',(-14.5,12.000000000011,4.));
#3668 = DIRECTION('',(0.866025403783,0.500000000003,0.));
#3669 = DIRECTION('',(-0.500000000003,0.866025403783,0.));
#3670 = ADVANCED_FACE('',(#3671),#3689,.F.);
#3671 = FACE_BOUND('',#3672,.F.);
#3672 = EDGE_LOOP('',(#3673,#3681,#3687,#3688));
#3673 = ORIENTED_EDGE('',*,*,#3674,.T.);
#3674 = EDGE_CURVE('',#1156,#3675,#3677,.T.);
#3675 = VERTEX_POINT('',#3676);
#3676 = CARTESIAN_POINT('',(-16.00000000001,9.40192378864,2.));
#3677 = LINE('',#3678,#3679);
#3678 = CARTESIAN_POINT('',(-16.00000000001,9.40192378864,4.));
#3679 = VECTOR('',#3680,1.);
#3680 = DIRECTION('',(-0.,-0.,-1.));
#3681 = ORIENTED_EDGE('',*,*,#3682,.T.);
#3682 = EDGE_CURVE('',#3675,#3644,#3683,.T.);
#3683 = LINE('',#3684,#3685);
#3684 = CARTESIAN_POINT('',(-16.00000000001,9.40192378864,2.));
#3685 = VECTOR('',#3686,1.);
#3686 = DIRECTION('',(0.5,0.866025403784,0.));
#3687 = ORIENTED_EDGE('',*,*,#3643,.F.);
#3688 = ORIENTED_EDGE('',*,*,#1155,.F.);
#3689 = PLANE('',#3690);
#3690 = AXIS2_PLACEMENT_3D('',#3691,#3692,#3693);
#3691 = CARTESIAN_POINT('',(-16.00000000001,9.40192378864,4.));
#3692 = DIRECTION('',(0.866025403784,-0.5,0.));
#3693 = DIRECTION('',(0.5,0.866025403784,0.));
#3694 = ADVANCED_FACE('',(#3695),#3713,.F.);
#3695 = FACE_BOUND('',#3696,.F.);
#3696 = EDGE_LOOP('',(#3697,#3698,#3706,#3712));
#3697 = ORIENTED_EDGE('',*,*,#3659,.T.);
#3698 = ORIENTED_EDGE('',*,*,#3699,.T.);
#3699 = EDGE_CURVE('',#3652,#3700,#3702,.T.);
#3700 = VERTEX_POINT('',#3701);
#3701 = CARTESIAN_POINT('',(-18.99999999999,14.598076211359,2.));
#3702 = LINE('',#3703,#3704);
#3703 = CARTESIAN_POINT('',(-16.,14.598076211359,2.));
#3704 = VECTOR('',#3705,1.);
#3705 = DIRECTION('',(-1.,0.,0.));
#3706 = ORIENTED_EDGE('',*,*,#3707,.F.);
#3707 = EDGE_CURVE('',#1180,#3700,#3708,.T.);
#3708 = LINE('',#3709,#3710);
#3709 = CARTESIAN_POINT('',(-18.99999999999,14.598076211359,4.));
#3710 = VECTOR('',#3711,1.);
#3711 = DIRECTION('',(-0.,-0.,-1.));
#3712 = ORIENTED_EDGE('',*,*,#1187,.F.);
#3713 = PLANE('',#3714);
#3714 = AXIS2_PLACEMENT_3D('',#3715,#3716,#3717);
#3715 = CARTESIAN_POINT('',(-16.,14.598076211359,4.));
#3716 = DIRECTION('',(0.,1.,0.));
#3717 = DIRECTION('',(-1.,0.,0.));
#3718 = ADVANCED_FACE('',(#3719),#3737,.F.);
#3719 = FACE_BOUND('',#3720,.F.);
#3720 = EDGE_LOOP('',(#3721,#3729,#3735,#3736));
#3721 = ORIENTED_EDGE('',*,*,#3722,.T.);
#3722 = EDGE_CURVE('',#1164,#3723,#3725,.T.);
#3723 = VERTEX_POINT('',#3724);
#3724 = CARTESIAN_POINT('',(-19.00000000001,9.401923788653,2.));
#3725 = LINE('',#3726,#3727);
#3726 = CARTESIAN_POINT('',(-19.00000000001,9.401923788653,4.));
#3727 = VECTOR('',#3728,1.);
#3728 = DIRECTION('',(-0.,-0.,-1.));
#3729 = ORIENTED_EDGE('',*,*,#3730,.T.);
#3730 = EDGE_CURVE('',#3723,#3675,#3731,.T.);
#3731 = LINE('',#3732,#3733);
#3732 = CARTESIAN_POINT('',(-19.00000000001,9.401923788653,2.));
#3733 = VECTOR('',#3734,1.);
#3734 = DIRECTION('',(1.,-4.108121250587E-12,0.));
#3735 = ORIENTED_EDGE('',*,*,#3674,.F.);
#3736 = ORIENTED_EDGE('',*,*,#1163,.F.);
#3737 = PLANE('',#3738);
#3738 = AXIS2_PLACEMENT_3D('',#3739,#3740,#3741);
#3739 = CARTESIAN_POINT('',(-19.00000000001,9.401923788653,4.));
#3740 = DIRECTION('',(-4.108121250587E-12,-1.,0.));
#3741 = DIRECTION('',(1.,-4.108121250587E-12,0.));
#3742 = ADVANCED_FACE('',(#3743),#3761,.F.);
#3743 = FACE_BOUND('',#3744,.F.);
#3744 = EDGE_LOOP('',(#3745,#3746,#3754,#3760));
#3745 = ORIENTED_EDGE('',*,*,#3707,.T.);
#3746 = ORIENTED_EDGE('',*,*,#3747,.T.);
#3747 = EDGE_CURVE('',#3700,#3748,#3750,.T.);
#3748 = VERTEX_POINT('',#3749);
#3749 = CARTESIAN_POINT('',(-20.5,12.000000000011,2.));
#3750 = LINE('',#3751,#3752);
#3751 = CARTESIAN_POINT('',(-18.99999999999,14.598076211359,2.));
#3752 = VECTOR('',#3753,1.);
#3753 = DIRECTION('',(-0.500000000003,-0.866025403783,0.));
#3754 = ORIENTED_EDGE('',*,*,#3755,.F.);
#3755 = EDGE_CURVE('',#1172,#3748,#3756,.T.);
#3756 = LINE('',#3757,#3758);
#3757 = CARTESIAN_POINT('',(-20.5,12.000000000011,4.));
#3758 = VECTOR('',#3759,1.);
#3759 = DIRECTION('',(-0.,-0.,-1.));
#3760 = ORIENTED_EDGE('',*,*,#1179,.F.);
#3761 = PLANE('',#3762);
#3762 = AXIS2_PLACEMENT_3D('',#3763,#3764,#3765);
#3763 = CARTESIAN_POINT('',(-18.99999999999,14.598076211359,4.));
#3764 = DIRECTION('',(-0.866025403783,0.500000000003,0.));
#3765 = DIRECTION('',(-0.500000000003,-0.866025403783,0.));
#3766 = ADVANCED_FACE('',(#3767),#3778,.F.);
#3767 = FACE_BOUND('',#3768,.F.);
#3768 = EDGE_LOOP('',(#3769,#3770,#3776,#3777));
#3769 = ORIENTED_EDGE('',*,*,#3755,.T.);
#3770 = ORIENTED_EDGE('',*,*,#3771,.T.);
#3771 = EDGE_CURVE('',#3748,#3723,#3772,.T.);
#3772 = LINE('',#3773,#3774);
#3773 = CARTESIAN_POINT('',(-20.5,12.000000000011,2.));
#3774 = VECTOR('',#3775,1.);
#3775 = DIRECTION('',(0.499999999997,-0.866025403786,0.));
#3776 = ORIENTED_EDGE('',*,*,#3722,.F.);
#3777 = ORIENTED_EDGE('',*,*,#1171,.F.);
#3778 = PLANE('',#3779);
#3779 = AXIS2_PLACEMENT_3D('',#3780,#3781,#3782);
#3780 = CARTESIAN_POINT('',(-20.5,12.000000000011,4.));
#3781 = DIRECTION('',(-0.866025403786,-0.499999999997,0.));
#3782 = DIRECTION('',(0.499999999997,-0.866025403786,0.));
#3783 = ADVANCED_FACE('',(#3784),#3803,.F.);
#3784 = FACE_BOUND('',#3785,.T.);
#3785 = EDGE_LOOP('',(#3786,#3795,#3801,#3802));
#3786 = ORIENTED_EDGE('',*,*,#3787,.T.);
#3787 = EDGE_CURVE('',#3788,#3788,#3790,.T.);
#3788 = VERTEX_POINT('',#3789);
#3789 = CARTESIAN_POINT('',(-36.5,24.5,2.));
#3790 = CIRCLE('',#3791,1.5);
#3791 = AXIS2_PLACEMENT_3D('',#3792,#3793,#3794);
#3792 = CARTESIAN_POINT('',(-38.,24.5,2.));
#3793 = DIRECTION('',(0.,0.,-1.));
#3794 = DIRECTION('',(1.,0.,0.));
#3795 = ORIENTED_EDGE('',*,*,#3796,.T.);
#3796 = EDGE_CURVE('',#3788,#1196,#3797,.T.);
#3797 = LINE('',#3798,#3799);
#3798 = CARTESIAN_POINT('',(-36.5,24.5,0.));
#3799 = VECTOR('',#3800,1.);
#3800 = DIRECTION('',(0.,0.,1.));
#3801 = ORIENTED_EDGE('',*,*,#1195,.T.);
#3802 = ORIENTED_EDGE('',*,*,#3796,.F.);
#3803 = CYLINDRICAL_SURFACE('',#3804,1.5);
#3804 = AXIS2_PLACEMENT_3D('',#3805,#3806,#3807);
#3805 = CARTESIAN_POINT('',(-38.,24.5,0.));
#3806 = DIRECTION('',(-0.,-0.,-1.));
#3807 = DIRECTION('',(1.,0.,0.));
#3808 = ADVANCED_FACE('',(#3809),#3834,.F.);
#3809 = FACE_BOUND('',#3810,.F.);
#3810 = EDGE_LOOP('',(#3811,#3819,#3827,#3833));
#3811 = ORIENTED_EDGE('',*,*,#3812,.T.);
#3812 = EDGE_CURVE('',#1207,#3813,#3815,.T.);
#3813 = VERTEX_POINT('',#3814);
#3814 = CARTESIAN_POINT('',(25.5,12.000000000011,2.));
#3815 = LINE('',#3816,#3817);
#3816 = CARTESIAN_POINT('',(25.5,12.000000000011,4.));
#3817 = VECTOR('',#3818,1.);
#3818 = DIRECTION('',(-0.,-0.,-1.));
#3819 = ORIENTED_EDGE('',*,*,#3820,.T.);
#3820 = EDGE_CURVE('',#3813,#3821,#3823,.T.);
#3821 = VERTEX_POINT('',#3822);
#3822 = CARTESIAN_POINT('',(23.999999999991,14.598076211359,2.));
#3823 = LINE('',#3824,#3825);
#3824 = CARTESIAN_POINT('',(25.5,12.000000000011,2.));
#3825 = VECTOR('',#3826,1.);
#3826 = DIRECTION('',(-0.500000000003,0.866025403783,0.));
#3827 = ORIENTED_EDGE('',*,*,#3828,.F.);
#3828 = EDGE_CURVE('',#1209,#3821,#3829,.T.);
#3829 = LINE('',#3830,#3831);
#3830 = CARTESIAN_POINT('',(23.999999999991,14.598076211359,4.));
#3831 = VECTOR('',#3832,1.);
#3832 = DIRECTION('',(-0.,-0.,-1.));
#3833 = ORIENTED_EDGE('',*,*,#1206,.F.);
#3834 = PLANE('',#3835);
#3835 = AXIS2_PLACEMENT_3D('',#3836,#3837,#3838);
#3836 = CARTESIAN_POINT('',(25.5,12.000000000011,4.));
#3837 = DIRECTION('',(0.866025403783,0.500000000003,0.));
#3838 = DIRECTION('',(-0.500000000003,0.866025403783,0.));
#3839 = ADVANCED_FACE('',(#3840),#3858,.F.);
#3840 = FACE_BOUND('',#3841,.F.);
#3841 = EDGE_LOOP('',(#3842,#3850,#3856,#3857));
#3842 = ORIENTED_EDGE('',*,*,#3843,.T.);
#3843 = EDGE_CURVE('',#1217,#3844,#3846,.T.);
#3844 = VERTEX_POINT('',#3845);
#3845 = CARTESIAN_POINT('',(23.999999999989,9.40192378864,2.));
#3846 = LINE('',#3847,#3848);
#3847 = CARTESIAN_POINT('',(23.999999999989,9.40192378864,4.));
#3848 = VECTOR('',#3849,1.);
#3849 = DIRECTION('',(-0.,-0.,-1.));
#3850 = ORIENTED_EDGE('',*,*,#3851,.T.);
#3851 = EDGE_CURVE('',#3844,#3813,#3852,.T.);
#3852 = LINE('',#3853,#3854);
#3853 = CARTESIAN_POINT('',(23.999999999989,9.40192378864,2.));
#3854 = VECTOR('',#3855,1.);
#3855 = DIRECTION('',(0.5,0.866025403784,0.));
#3856 = ORIENTED_EDGE('',*,*,#3812,.F.);
#3857 = ORIENTED_EDGE('',*,*,#1216,.F.);
#3858 = PLANE('',#3859);
#3859 = AXIS2_PLACEMENT_3D('',#3860,#3861,#3862);
#3860 = CARTESIAN_POINT('',(23.999999999989,9.40192378864,4.));
#3861 = DIRECTION('',(0.866025403784,-0.5,0.));
#3862 = DIRECTION('',(0.5,0.866025403784,0.));
#3863 = ADVANCED_FACE('',(#3864),#3882,.F.);
#3864 = FACE_BOUND('',#3865,.F.);
#3865 = EDGE_LOOP('',(#3866,#3867,#3875,#3881));
#3866 = ORIENTED_EDGE('',*,*,#3828,.T.);
#3867 = ORIENTED_EDGE('',*,*,#3868,.T.);
#3868 = EDGE_CURVE('',#3821,#3869,#3871,.T.);
#3869 = VERTEX_POINT('',#3870);
#3870 = CARTESIAN_POINT('',(21.00000000001,14.598076211359,2.));
#3871 = LINE('',#3872,#3873);
#3872 = CARTESIAN_POINT('',(23.999999999991,14.598076211359,2.));
#3873 = VECTOR('',#3874,1.);
#3874 = DIRECTION('',(-1.,6.750155989764E-14,0.));
#3875 = ORIENTED_EDGE('',*,*,#3876,.F.);
#3876 = EDGE_CURVE('',#1241,#3869,#3877,.T.);
#3877 = LINE('',#3878,#3879);
#3878 = CARTESIAN_POINT('',(21.00000000001,14.598076211359,4.));
#3879 = VECTOR('',#3880,1.);
#3880 = DIRECTION('',(-0.,-0.,-1.));
#3881 = ORIENTED_EDGE('',*,*,#1248,.F.);
#3882 = PLANE('',#3883);
#3883 = AXIS2_PLACEMENT_3D('',#3884,#3885,#3886);
#3884 = CARTESIAN_POINT('',(23.999999999991,14.598076211359,4.));
#3885 = DIRECTION('',(6.750155989764E-14,1.,0.));
#3886 = DIRECTION('',(-1.,6.750155989764E-14,0.));
#3887 = ADVANCED_FACE('',(#3888),#3906,.F.);
#3888 = FACE_BOUND('',#3889,.F.);
#3889 = EDGE_LOOP('',(#3890,#3898,#3904,#3905));
#3890 = ORIENTED_EDGE('',*,*,#3891,.T.);
#3891 = EDGE_CURVE('',#1225,#3892,#3894,.T.);
#3892 = VERTEX_POINT('',#3893);
#3893 = CARTESIAN_POINT('',(20.999999999989,9.401923788653,2.));
#3894 = LINE('',#3895,#3896);
#3895 = CARTESIAN_POINT('',(20.999999999989,9.401923788653,4.));
#3896 = VECTOR('',#3897,1.);
#3897 = DIRECTION('',(-0.,-0.,-1.));
#3898 = ORIENTED_EDGE('',*,*,#3899,.T.);
#3899 = EDGE_CURVE('',#3892,#3844,#3900,.T.);
#3900 = LINE('',#3901,#3902);
#3901 = CARTESIAN_POINT('',(20.999999999989,9.401923788653,2.));
#3902 = VECTOR('',#3903,1.);
#3903 = DIRECTION('',(1.,-4.192794259932E-12,0.));
#3904 = ORIENTED_EDGE('',*,*,#3843,.F.);
#3905 = ORIENTED_EDGE('',*,*,#1224,.F.);
#3906 = PLANE('',#3907);
#3907 = AXIS2_PLACEMENT_3D('',#3908,#3909,#3910);
#3908 = CARTESIAN_POINT('',(20.999999999989,9.401923788653,4.));
#3909 = DIRECTION('',(-4.192794259932E-12,-1.,0.));
#3910 = DIRECTION('',(1.,-4.192794259932E-12,0.));
#3911 = ADVANCED_FACE('',(#3912),#3930,.F.);
#3912 = FACE_BOUND('',#3913,.F.);
#3913 = EDGE_LOOP('',(#3914,#3915,#3923,#3929));
#3914 = ORIENTED_EDGE('',*,*,#3876,.T.);
#3915 = ORIENTED_EDGE('',*,*,#3916,.T.);
#3916 = EDGE_CURVE('',#3869,#3917,#3919,.T.);
#3917 = VERTEX_POINT('',#3918);
#3918 = CARTESIAN_POINT('',(19.5,12.000000000012,2.));
#3919 = LINE('',#3920,#3921);
#3920 = CARTESIAN_POINT('',(21.00000000001,14.598076211359,2.));
#3921 = VECTOR('',#3922,1.);
#3922 = DIRECTION('',(-0.500000000003,-0.866025403783,0.));
#3923 = ORIENTED_EDGE('',*,*,#3924,.F.);
#3924 = EDGE_CURVE('',#1233,#3917,#3925,.T.);
#3925 = LINE('',#3926,#3927);
#3926 = CARTESIAN_POINT('',(19.5,12.000000000012,4.));
#3927 = VECTOR('',#3928,1.);
#3928 = DIRECTION('',(-0.,-0.,-1.));
#3929 = ORIENTED_EDGE('',*,*,#1240,.F.);
#3930 = PLANE('',#3931);
#3931 = AXIS2_PLACEMENT_3D('',#3932,#3933,#3934);
#3932 = CARTESIAN_POINT('',(21.00000000001,14.598076211359,4.));
#3933 = DIRECTION('',(-0.866025403783,0.500000000003,0.));
#3934 = DIRECTION('',(-0.500000000003,-0.866025403783,0.));
#3935 = ADVANCED_FACE('',(#3936),#3947,.F.);
#3936 = FACE_BOUND('',#3937,.F.);
#3937 = EDGE_LOOP('',(#3938,#3939,#3945,#3946));
#3938 = ORIENTED_EDGE('',*,*,#3924,.T.);
#3939 = ORIENTED_EDGE('',*,*,#3940,.T.);
#3940 = EDGE_CURVE('',#3917,#3892,#3941,.T.);
#3941 = LINE('',#3942,#3943);
#3942 = CARTESIAN_POINT('',(19.5,12.000000000012,2.));
#3943 = VECTOR('',#3944,1.);
#3944 = DIRECTION('',(0.499999999997,-0.866025403786,0.));
#3945 = ORIENTED_EDGE('',*,*,#3891,.F.);
#3946 = ORIENTED_EDGE('',*,*,#1232,.F.);
#3947 = PLANE('',#3948);
#3948 = AXIS2_PLACEMENT_3D('',#3949,#3950,#3951);
#3949 = CARTESIAN_POINT('',(19.5,12.000000000012,4.));
#3950 = DIRECTION('',(-0.866025403786,-0.499999999997,0.));
#3951 = DIRECTION('',(0.499999999997,-0.866025403786,0.));
#3952 = ADVANCED_FACE('',(#3953),#3972,.F.);
#3953 = FACE_BOUND('',#3954,.T.);
#3954 = EDGE_LOOP('',(#3955,#3964,#3970,#3971));
#3955 = ORIENTED_EDGE('',*,*,#3956,.T.);
#3956 = EDGE_CURVE('',#3957,#3957,#3959,.T.);
#3957 = VERTEX_POINT('',#3958);
#3958 = CARTESIAN_POINT('',(21.5,24.5,2.));
#3959 = CIRCLE('',#3960,1.5);
#3960 = AXIS2_PLACEMENT_3D('',#3961,#3962,#3963);
#3961 = CARTESIAN_POINT('',(20.,24.5,2.));
#3962 = DIRECTION('',(0.,0.,-1.));
#3963 = DIRECTION('',(1.,0.,0.));
#3964 = ORIENTED_EDGE('',*,*,#3965,.T.);
#3965 = EDGE_CURVE('',#3957,#1257,#3966,.T.);
#3966 = LINE('',#3967,#3968);
#3967 = CARTESIAN_POINT('',(21.5,24.5,0.));
#3968 = VECTOR('',#3969,1.);
#3969 = DIRECTION('',(0.,0.,1.));
#3970 = ORIENTED_EDGE('',*,*,#1256,.T.);
#3971 = ORIENTED_EDGE('',*,*,#3965,.F.);
#3972 = CYLINDRICAL_SURFACE('',#3973,1.5);
#3973 = AXIS2_PLACEMENT_3D('',#3974,#3975,#3976);
#3974 = CARTESIAN_POINT('',(20.,24.5,0.));
#3975 = DIRECTION('',(-0.,-0.,-1.));
#3976 = DIRECTION('',(1.,0.,0.));
#3977 = ADVANCED_FACE('',(#3978),#3988,.F.);
#3978 = FACE_BOUND('',#3979,.T.);
#3979 = EDGE_LOOP('',(#3980,#3985,#3986,#3987));
#3980 = ORIENTED_EDGE('',*,*,#3981,.F.);
#3981 = EDGE_CURVE('',#1374,#2445,#3982,.T.);
#3982 = B_SPLINE_CURVE_WITH_KNOTS('',1,(#3983,#3984),.UNSPECIFIED.,.F.,
  .F.,(2,2),(0.,1.),.PIECEWISE_BEZIER_KNOTS.);
#3983 = CARTESIAN_POINT('',(32.5,40.,4.));
#3984 = CARTESIAN_POINT('',(31.157440590116,40.,2.4));
#3985 = ORIENTED_EDGE('',*,*,#1373,.T.);
#3986 = ORIENTED_EDGE('',*,*,#3981,.T.);
#3987 = ORIENTED_EDGE('',*,*,#2452,.T.);
#3988 = CONICAL_SURFACE('',#3989,2.5,0.698131700798);
#3989 = AXIS2_PLACEMENT_3D('',#3990,#3991,#3992);
#3990 = CARTESIAN_POINT('',(30.,40.,4.));
#3991 = DIRECTION('',(0.,0.,1.));
#3992 = DIRECTION('',(1.,0.,0.));
#3993 = ADVANCED_FACE('',(#3994),#4004,.F.);
#3994 = FACE_BOUND('',#3995,.T.);
#3995 = EDGE_LOOP('',(#3996,#4001,#4002,#4003));
#3996 = ORIENTED_EDGE('',*,*,#3997,.F.);
#3997 = EDGE_CURVE('',#1385,#2674,#3998,.T.);
#3998 = B_SPLINE_CURVE_WITH_KNOTS('',1,(#3999,#4000),.UNSPECIFIED.,.F.,
  .F.,(2,2),(0.,1.),.PIECEWISE_BEZIER_KNOTS.);
#3999 = CARTESIAN_POINT('',(50.5,40.,4.));
#4000 = CARTESIAN_POINT('',(49.157440590116,40.,2.4));
#4001 = ORIENTED_EDGE('',*,*,#1384,.T.);
#4002 = ORIENTED_EDGE('',*,*,#3997,.T.);
#4003 = ORIENTED_EDGE('',*,*,#2681,.T.);
#4004 = CONICAL_SURFACE('',#4005,2.5,0.698131700798);
#4005 = AXIS2_PLACEMENT_3D('',#4006,#4007,#4008);
#4006 = CARTESIAN_POINT('',(48.,40.,4.));
#4007 = DIRECTION('',(0.,0.,1.));
#4008 = DIRECTION('',(1.,0.,0.));
#4009 = ADVANCED_FACE('',(#4010,#4018),#4021,.F.);
#4010 = FACE_BOUND('',#4011,.T.);
#4011 = EDGE_LOOP('',(#4012,#4013,#4014,#4015,#4016,#4017));
#4012 = ORIENTED_EDGE('',*,*,#1609,.T.);
#4013 = ORIENTED_EDGE('',*,*,#1592,.T.);
#4014 = ORIENTED_EDGE('',*,*,#1568,.T.);
#4015 = ORIENTED_EDGE('',*,*,#1544,.T.);
#4016 = ORIENTED_EDGE('',*,*,#1520,.T.);
#4017 = ORIENTED_EDGE('',*,*,#1489,.T.);
#4018 = FACE_BOUND('',#4019,.F.);
#4019 = EDGE_LOOP('',(#4020));
#4020 = ORIENTED_EDGE('',*,*,#2697,.T.);
#4021 = PLANE('',#4022);
#4022 = AXIS2_PLACEMENT_3D('',#4023,#4024,#4025);
#4023 = CARTESIAN_POINT('',(-9.,-6.886644545961E-16,2.));
#4024 = DIRECTION('',(0.,0.,1.));
#4025 = DIRECTION('',(1.,0.,0.));
#4026 = ADVANCED_FACE('',(#4027,#4035),#4038,.T.);
#4027 = FACE_BOUND('',#4028,.T.);
#4028 = EDGE_LOOP('',(#4029,#4030,#4031,#4032,#4033,#4034));
#4029 = ORIENTED_EDGE('',*,*,#2730,.T.);
#4030 = ORIENTED_EDGE('',*,*,#2778,.T.);
#4031 = ORIENTED_EDGE('',*,*,#2826,.T.);
#4032 = ORIENTED_EDGE('',*,*,#2850,.T.);
#4033 = ORIENTED_EDGE('',*,*,#2809,.T.);
#4034 = ORIENTED_EDGE('',*,*,#2761,.T.);
#4035 = FACE_BOUND('',#4036,.F.);
#4036 = EDGE_LOOP('',(#4037));
#4037 = ORIENTED_EDGE('',*,*,#1634,.T.);
#4038 = PLANE('',#4039);
#4039 = AXIS2_PLACEMENT_3D('',#4040,#4041,#4042);
#4040 = CARTESIAN_POINT('',(-25.25,8.254332152789E-13,2.));
#4041 = DIRECTION('',(0.,0.,1.));
#4042 = DIRECTION('',(1.,0.,0.));
#4043 = ADVANCED_FACE('',(#4044,#4052),#4055,.T.);
#4044 = FACE_BOUND('',#4045,.T.);
#4045 = EDGE_LOOP('',(#4046,#4047,#4048,#4049,#4050,#4051));
#4046 = ORIENTED_EDGE('',*,*,#2874,.T.);
#4047 = ORIENTED_EDGE('',*,*,#2922,.T.);
#4048 = ORIENTED_EDGE('',*,*,#2970,.T.);
#4049 = ORIENTED_EDGE('',*,*,#2994,.T.);
#4050 = ORIENTED_EDGE('',*,*,#2953,.T.);
#4051 = ORIENTED_EDGE('',*,*,#2905,.T.);
#4052 = FACE_BOUND('',#4053,.F.);
#4053 = EDGE_LOOP('',(#4054));
#4054 = ORIENTED_EDGE('',*,*,#1659,.T.);
#4055 = PLANE('',#4056);
#4056 = AXIS2_PLACEMENT_3D('',#4057,#4058,#4059);
#4057 = CARTESIAN_POINT('',(-25.25,8.254332152789E-13,2.));
#4058 = DIRECTION('',(0.,0.,1.));
#4059 = DIRECTION('',(1.,0.,0.));
#4060 = ADVANCED_FACE('',(#4061,#4069),#4072,.T.);
#4061 = FACE_BOUND('',#4062,.T.);
#4062 = EDGE_LOOP('',(#4063,#4064,#4065,#4066,#4067,#4068));
#4063 = ORIENTED_EDGE('',*,*,#3018,.T.);
#4064 = ORIENTED_EDGE('',*,*,#3066,.T.);
#4065 = ORIENTED_EDGE('',*,*,#3114,.T.);
#4066 = ORIENTED_EDGE('',*,*,#3138,.T.);
#4067 = ORIENTED_EDGE('',*,*,#3097,.T.);
#4068 = ORIENTED_EDGE('',*,*,#3049,.T.);
#4069 = FACE_BOUND('',#4070,.F.);
#4070 = EDGE_LOOP('',(#4071));
#4071 = ORIENTED_EDGE('',*,*,#1684,.T.);
#4072 = PLANE('',#4073);
#4073 = AXIS2_PLACEMENT_3D('',#4074,#4075,#4076);
#4074 = CARTESIAN_POINT('',(-25.25,8.254332152789E-13,2.));
#4075 = DIRECTION('',(0.,0.,1.));
#4076 = DIRECTION('',(1.,0.,0.));
#4077 = ADVANCED_FACE('',(#4078,#4086),#4089,.F.);
#4078 = FACE_BOUND('',#4079,.T.);
#4079 = EDGE_LOOP('',(#4080,#4081,#4082,#4083,#4084,#4085));
#4080 = ORIENTED_EDGE('',*,*,#1853,.T.);
#4081 = ORIENTED_EDGE('',*,*,#1836,.T.);
#4082 = ORIENTED_EDGE('',*,*,#1812,.T.);
#4083 = ORIENTED_EDGE('',*,*,#1788,.T.);
#4084 = ORIENTED_EDGE('',*,*,#1764,.T.);
#4085 = ORIENTED_EDGE('',*,*,#1733,.T.);
#4086 = FACE_BOUND('',#4087,.F.);
#4087 = EDGE_LOOP('',(#4088));
#4088 = ORIENTED_EDGE('',*,*,#3154,.T.);
#4089 = PLANE('',#4090);
#4090 = AXIS2_PLACEMENT_3D('',#4091,#4092,#4093);
#4091 = CARTESIAN_POINT('',(-9.,-6.886644545961E-16,2.));
#4092 = DIRECTION('',(0.,0.,1.));
#4093 = DIRECTION('',(1.,0.,0.));
#4094 = ADVANCED_FACE('',(#4095,#4103),#4106,.T.);
#4095 = FACE_BOUND('',#4096,.T.);
#4096 = EDGE_LOOP('',(#4097,#4098,#4099,#4100,#4101,#4102));
#4097 = ORIENTED_EDGE('',*,*,#3219,.T.);
#4098 = ORIENTED_EDGE('',*,*,#3267,.T.);
#4099 = ORIENTED_EDGE('',*,*,#3315,.T.);
#4100 = ORIENTED_EDGE('',*,*,#3339,.T.);
#4101 = ORIENTED_EDGE('',*,*,#3298,.T.);
#4102 = ORIENTED_EDGE('',*,*,#3250,.T.);
#4103 = FACE_BOUND('',#4104,.F.);
#4104 = EDGE_LOOP('',(#4105));
#4105 = ORIENTED_EDGE('',*,*,#2039,.T.);
#4106 = PLANE('',#4107);
#4107 = AXIS2_PLACEMENT_3D('',#4108,#4109,#4110);
#4108 = CARTESIAN_POINT('',(-25.25,8.254332152789E-13,2.));
#4109 = DIRECTION('',(0.,0.,1.));
#4110 = DIRECTION('',(1.,0.,0.));
#4111 = ADVANCED_FACE('',(#4112,#4120),#4123,.T.);
#4112 = FACE_BOUND('',#4113,.T.);
#4113 = EDGE_LOOP('',(#4114,#4115,#4116,#4117,#4118,#4119));
#4114 = ORIENTED_EDGE('',*,*,#3363,.T.);
#4115 = ORIENTED_EDGE('',*,*,#3411,.T.);
#4116 = ORIENTED_EDGE('',*,*,#3459,.T.);
#4117 = ORIENTED_EDGE('',*,*,#3483,.T.);
#4118 = ORIENTED_EDGE('',*,*,#3442,.T.);
#4119 = ORIENTED_EDGE('',*,*,#3394,.T.);
#4120 = FACE_BOUND('',#4121,.F.);
#4121 = EDGE_LOOP('',(#4122));
#4122 = ORIENTED_EDGE('',*,*,#2064,.T.);
#4123 = PLANE('',#4124);
#4124 = AXIS2_PLACEMENT_3D('',#4125,#4126,#4127);
#4125 = CARTESIAN_POINT('',(-25.25,8.254332152789E-13,2.));
#4126 = DIRECTION('',(0.,0.,1.));
#4127 = DIRECTION('',(1.,0.,0.));
#4128 = ADVANCED_FACE('',(#4129,#4137),#4140,.T.);
#4129 = FACE_BOUND('',#4130,.T.);
#4130 = EDGE_LOOP('',(#4131,#4132,#4133,#4134,#4135,#4136));
#4131 = ORIENTED_EDGE('',*,*,#3507,.T.);
#4132 = ORIENTED_EDGE('',*,*,#3555,.T.);
#4133 = ORIENTED_EDGE('',*,*,#3603,.T.);
#4134 = ORIENTED_EDGE('',*,*,#3627,.T.);
#4135 = ORIENTED_EDGE('',*,*,#3586,.T.);
#4136 = ORIENTED_EDGE('',*,*,#3538,.T.);
#4137 = FACE_BOUND('',#4138,.F.);
#4138 = EDGE_LOOP('',(#4139));
#4139 = ORIENTED_EDGE('',*,*,#2089,.T.);
#4140 = PLANE('',#4141);
#4141 = AXIS2_PLACEMENT_3D('',#4142,#4143,#4144);
#4142 = CARTESIAN_POINT('',(-25.25,8.254332152789E-13,2.));
#4143 = DIRECTION('',(0.,0.,1.));
#4144 = DIRECTION('',(1.,0.,0.));
#4145 = ADVANCED_FACE('',(#4146,#4154),#4157,.T.);
#4146 = FACE_BOUND('',#4147,.T.);
#4147 = EDGE_LOOP('',(#4148,#4149,#4150,#4151,#4152,#4153));
#4148 = ORIENTED_EDGE('',*,*,#3651,.T.);
#4149 = ORIENTED_EDGE('',*,*,#3699,.T.);
#4150 = ORIENTED_EDGE('',*,*,#3747,.T.);
#4151 = ORIENTED_EDGE('',*,*,#3771,.T.);
#4152 = ORIENTED_EDGE('',*,*,#3730,.T.);
#4153 = ORIENTED_EDGE('',*,*,#3682,.T.);
#4154 = FACE_BOUND('',#4155,.F.);
#4155 = EDGE_LOOP('',(#4156));
#4156 = ORIENTED_EDGE('',*,*,#2114,.T.);
#4157 = PLANE('',#4158);
#4158 = AXIS2_PLACEMENT_3D('',#4159,#4160,#4161);
#4159 = CARTESIAN_POINT('',(-25.25,8.254332152789E-13,2.));
#4160 = DIRECTION('',(0.,0.,1.));
#4161 = DIRECTION('',(1.,0.,0.));
#4162 = ADVANCED_FACE('',(#4163,#4171),#4174,.F.);
#4163 = FACE_BOUND('',#4164,.T.);
#4164 = EDGE_LOOP('',(#4165,#4166,#4167,#4168,#4169,#4170));
#4165 = ORIENTED_EDGE('',*,*,#2258,.T.);
#4166 = ORIENTED_EDGE('',*,*,#2241,.T.);
#4167 = ORIENTED_EDGE('',*,*,#2217,.T.);
#4168 = ORIENTED_EDGE('',*,*,#2193,.T.);
#4169 = ORIENTED_EDGE('',*,*,#2169,.T.);
#4170 = ORIENTED_EDGE('',*,*,#2138,.T.);
#4171 = FACE_BOUND('',#4172,.F.);
#4172 = EDGE_LOOP('',(#4173));
#4173 = ORIENTED_EDGE('',*,*,#3787,.T.);
#4174 = PLANE('',#4175);
#4175 = AXIS2_PLACEMENT_3D('',#4176,#4177,#4178);
#4176 = CARTESIAN_POINT('',(-9.,-6.886644545961E-16,2.));
#4177 = DIRECTION('',(0.,0.,1.));
#4178 = DIRECTION('',(1.,0.,0.));
#4179 = ADVANCED_FACE('',(#4180,#4188),#4191,.T.);
#4180 = FACE_BOUND('',#4181,.T.);
#4181 = EDGE_LOOP('',(#4182,#4183,#4184,#4185,#4186,#4187));
#4182 = ORIENTED_EDGE('',*,*,#3820,.T.);
#4183 = ORIENTED_EDGE('',*,*,#3868,.T.);
#4184 = ORIENTED_EDGE('',*,*,#3916,.T.);
#4185 = ORIENTED_EDGE('',*,*,#3940,.T.);
#4186 = ORIENTED_EDGE('',*,*,#3899,.T.);
#4187 = ORIENTED_EDGE('',*,*,#3851,.T.);
#4188 = FACE_BOUND('',#4189,.F.);
#4189 = EDGE_LOOP('',(#4190));
#4190 = ORIENTED_EDGE('',*,*,#2283,.T.);
#4191 = PLANE('',#4192);
#4192 = AXIS2_PLACEMENT_3D('',#4193,#4194,#4195);
#4193 = CARTESIAN_POINT('',(-25.25,8.254332152789E-13,2.));
#4194 = DIRECTION('',(0.,0.,1.));
#4195 = DIRECTION('',(1.,0.,0.));
#4196 = ADVANCED_FACE('',(#4197,#4205),#4208,.F.);
#4197 = FACE_BOUND('',#4198,.T.);
#4198 = EDGE_LOOP('',(#4199,#4200,#4201,#4202,#4203,#4204));
#4199 = ORIENTED_EDGE('',*,*,#2427,.T.);
#4200 = ORIENTED_EDGE('',*,*,#2410,.T.);
#4201 = ORIENTED_EDGE('',*,*,#2386,.T.);
#4202 = ORIENTED_EDGE('',*,*,#2362,.T.);
#4203 = ORIENTED_EDGE('',*,*,#2338,.T.);
#4204 = ORIENTED_EDGE('',*,*,#2307,.T.);
#4205 = FACE_BOUND('',#4206,.F.);
#4206 = EDGE_LOOP('',(#4207));
#4207 = ORIENTED_EDGE('',*,*,#3956,.T.);
#4208 = PLANE('',#4209);
#4209 = AXIS2_PLACEMENT_3D('',#4210,#4211,#4212);
#4210 = CARTESIAN_POINT('',(-9.,-6.886644545961E-16,2.));
#4211 = DIRECTION('',(0.,0.,1.));
#4212 = DIRECTION('',(1.,0.,0.));
#4213 = ( GEOMETRIC_REPRESENTATION_CONTEXT(3) 
GLOBAL_UNCERTAINTY_ASSIGNED_CONTEXT((#4217)) 
GLOBAL_UNIT_ASSIGNED_CONTEXT((#4214,#4215,#4216)) REPRESENTATION_CONTEXT
('Context #1','3D Context with UNIT and UNCERTAINTY') );
#4214 = ( LENGTH_UNIT() NAMED_UNIT(*) SI_UNIT(.MILLI.,.METRE.) );
#4215 = ( NAMED_UNIT(*) PLANE_ANGLE_UNIT() SI_UNIT($,.RADIAN.) );
#4216 = ( NAMED_UNIT(*) SI_UNIT($,.STERADIAN.) SOLID_ANGLE_UNIT() );
#4217 = UNCERTAINTY_MEASURE_WITH_UNIT(LENGTH_MEASURE(1.E-07),#4214,
  'distance_accuracy_value','confusion accuracy');
#4218 = PRODUCT_RELATED_PRODUCT_CATEGORY('part',$,(#7));
#4219 = MECHANICAL_DESIGN_GEOMETRIC_PRESENTATION_REPRESENTATION('',(
    #4220),#4213);
#4220 = STYLED_ITEM('color',(#4221),#15);
#4221 = PRESENTATION_STYLE_ASSIGNMENT((#4222,#4228));
#4222 = SURFACE_STYLE_USAGE(.BOTH.,#4223);
#4223 = SURFACE_SIDE_STYLE('',(#4224));
#4224 = SURFACE_STYLE_FILL_AREA(#4225);
#4225 = FILL_AREA_STYLE('',(#4226));
#4226 = FILL_AREA_STYLE_COLOUR('',#4227);
#4227 = COLOUR_RGB('',0.709803936702,0.513725522276,0.352941187348);
#4228 = CURVE_STYLE('',#4229,POSITIVE_LENGTH_MEASURE(0.1),#4230);
#4229 = DRAUGHTING_PRE_DEFINED_CURVE_FONT('continuous');
#4230 = COLOUR_RGB('',9.803921802644E-02,9.803921802644E-02,
  9.803921802644E-02);
ENDSEC;
END-ISO-10303-21;
