ISO-10303-21;
HEADER;
FILE_DESCRIPTION(('FreeCAD Model'),'2;1');
FILE_NAME('Open CASCADE Shape Model','2025-11-25T09:23:51',('Author'),(
    ''),'Open CASCADE STEP processor 7.8','FreeCAD','Unknown');
FILE_SCHEMA(('AUTOMOTIVE_DESIGN { 1 0 10303 214 1 1 1 1 }'));
ENDSEC;
DATA;
#1 = APPLICATION_PROTOCOL_DEFINITION('international standard',
  'automotive_design',2000,#2);
#2 = APPLICATION_CONTEXT(
  'core data for automotive mechanical design processes');
#3 = SHAPE_DEFINITION_REPRESENTATION(#4,#10);
#4 = PRODUCT_DEFINITION_SHAPE('','',#5);
#5 = PRODUCT_DEFINITION('design','',#6,#9);
#6 = PRODUCT_DEFINITION_FORMATION('','',#7);
#7 = PRODUCT('CasterWheel','CasterWheel','',(#8));
#8 = PRODUCT_CONTEXT('',#2,'mechanical');
#9 = PRODUCT_DEFINITION_CONTEXT('part definition',#2,'design');
#10 = SHAPE_REPRESENTATION('',(#11,#15,#19),#23);
#11 = AXIS2_PLACEMENT_3D('',#12,#13,#14);
#12 = CARTESIAN_POINT('',(0.,0.,0.));
#13 = DIRECTION('',(0.,0.,1.));
#14 = DIRECTION('',(1.,0.,-0.));
#15 = AXIS2_PLACEMENT_3D('',#16,#17,#18);
#16 = CARTESIAN_POINT('',(0.,0.,0.));
#17 = DIRECTION('',(0.,0.,1.));
#18 = DIRECTION('',(1.,0.,0.));
#19 = AXIS2_PLACEMENT_3D('',#20,#21,#22);
#20 = CARTESIAN_POINT('',(0.,0.,0.));
#21 = DIRECTION('',(0.,0.,1.));
#22 = DIRECTION('',(1.,0.,0.));
#23 = ( GEOMETRIC_REPRESENTATION_CONTEXT(3) 
GLOBAL_UNCERTAINTY_ASSIGNED_CONTEXT((#27)) GLOBAL_UNIT_ASSIGNED_CONTEXT(
(#24,#25,#26)) REPRESENTATION_CONTEXT('Context #1',
  '3D Context with UNIT and UNCERTAINTY') );
#24 = ( LENGTH_UNIT() NAMED_UNIT(*) SI_UNIT(.MILLI.,.METRE.) );
#25 = ( NAMED_UNIT(*) PLANE_ANGLE_UNIT() SI_UNIT($,.RADIAN.) );
#26 = ( NAMED_UNIT(*) SI_UNIT($,.STERADIAN.) SOLID_ANGLE_UNIT() );
#27 = UNCERTAINTY_MEASURE_WITH_UNIT(LENGTH_MEASURE(1.E-03),#24,
  'distance_accuracy_value','confusion accuracy');
#28 = PRODUCT_RELATED_PRODUCT_CATEGORY('part',$,(#7));
#29 = SHAPE_DEFINITION_REPRESENTATION(#30,#36);
#30 = PRODUCT_DEFINITION_SHAPE('','',#31);
#31 = PRODUCT_DEFINITION('design','',#32,#35);
#32 = PRODUCT_DEFINITION_FORMATION('','',#33);
#33 = PRODUCT('Assembly 1','Assembly 1','',(#34));
#34 = PRODUCT_CONTEXT('',#2,'mechanical');
#35 = PRODUCT_DEFINITION_CONTEXT('part definition',#2,'design');
#36 = SHAPE_REPRESENTATION('',(#11,#37,#41),#45);
#37 = AXIS2_PLACEMENT_3D('',#38,#39,#40);
#38 = CARTESIAN_POINT('',(-17.65870316444,-2.55184364505,5.071363285381)
  );
#39 = DIRECTION('',(0.258819045103,-0.,0.965925826289));
#40 = DIRECTION('',(0.965925826289,0.,-0.258819045103));
#41 = AXIS2_PLACEMENT_3D('',#42,#43,#44);
#42 = CARTESIAN_POINT('',(-17.65870316444,-2.55184364505,5.071363285381)
  );
#43 = DIRECTION('',(0.,0.,1.));
#44 = DIRECTION('',(1.,0.,0.));
#45 = ( GEOMETRIC_REPRESENTATION_CONTEXT(3) 
GLOBAL_UNCERTAINTY_ASSIGNED_CONTEXT((#49)) GLOBAL_UNIT_ASSIGNED_CONTEXT(
(#46,#47,#48)) REPRESENTATION_CONTEXT('Context #1',
  '3D Context with UNIT and UNCERTAINTY') );
#46 = ( LENGTH_UNIT() NAMED_UNIT(*) SI_UNIT(.MILLI.,.METRE.) );
#47 = ( NAMED_UNIT(*) PLANE_ANGLE_UNIT() SI_UNIT($,.RADIAN.) );
#48 = ( NAMED_UNIT(*) SI_UNIT($,.STERADIAN.) SOLID_ANGLE_UNIT() );
#49 = UNCERTAINTY_MEASURE_WITH_UNIT(LENGTH_MEASURE(2.E-03),#46,
  'distance_accuracy_value','confusion accuracy');
#50 = CONTEXT_DEPENDENT_SHAPE_REPRESENTATION(#51,#53);
#51 = ( REPRESENTATION_RELATIONSHIP('','',#36,#10) 
REPRESENTATION_RELATIONSHIP_WITH_TRANSFORMATION(#52) 
SHAPE_REPRESENTATION_RELATIONSHIP() );
#52 = ITEM_DEFINED_TRANSFORMATION('','',#11,#15);
#53 = PRODUCT_DEFINITION_SHAPE('Placement','Placement of an item',#54);
#54 = NEXT_ASSEMBLY_USAGE_OCCURRENCE('3','Assembly 1','',#5,#31,$);
#55 = PRODUCT_RELATED_PRODUCT_CATEGORY('part',$,(#33));
#56 = SHAPE_DEFINITION_REPRESENTATION(#57,#63);
#57 = PRODUCT_DEFINITION_SHAPE('','',#58);
#58 = PRODUCT_DEFINITION('design','',#59,#62);
#59 = PRODUCT_DEFINITION_FORMATION('','',#60);
#60 = PRODUCT('Roller_Sphere','Roller_Sphere','',(#61));
#61 = PRODUCT_CONTEXT('',#2,'mechanical');
#62 = PRODUCT_DEFINITION_CONTEXT('part definition',#2,'design');
#63 = ADVANCED_BREP_SHAPE_REPRESENTATION('',(#11,#64),#76);
#64 = MANIFOLD_SOLID_BREP('',#65);
#65 = CLOSED_SHELL('',(#66));
#66 = ADVANCED_FACE('',(#67),#71,.T.);
#67 = FACE_BOUND('',#68,.T.);
#68 = VERTEX_LOOP('',#69);
#69 = VERTEX_POINT('',#70);
#70 = CARTESIAN_POINT('',(0.,0.,-10.));
#71 = SPHERICAL_SURFACE('',#72,10.);
#72 = AXIS2_PLACEMENT_3D('',#73,#74,#75);
#73 = CARTESIAN_POINT('',(-6.1E-16,0.,0.));
#74 = DIRECTION('',(0.,0.,1.));
#75 = DIRECTION('',(1.,0.,-0.));
#76 = ( GEOMETRIC_REPRESENTATION_CONTEXT(3) 
GLOBAL_UNCERTAINTY_ASSIGNED_CONTEXT((#80)) GLOBAL_UNIT_ASSIGNED_CONTEXT(
(#77,#78,#79)) REPRESENTATION_CONTEXT('Context #1',
  '3D Context with UNIT and UNCERTAINTY') );
#77 = ( LENGTH_UNIT() NAMED_UNIT(*) SI_UNIT(.MILLI.,.METRE.) );
#78 = ( NAMED_UNIT(*) PLANE_ANGLE_UNIT() SI_UNIT($,.RADIAN.) );
#79 = ( NAMED_UNIT(*) SI_UNIT($,.STERADIAN.) SOLID_ANGLE_UNIT() );
#80 = UNCERTAINTY_MEASURE_WITH_UNIT(LENGTH_MEASURE(1.E-07),#77,
  'distance_accuracy_value','confusion accuracy');
#81 = CONTEXT_DEPENDENT_SHAPE_REPRESENTATION(#82,#84);
#82 = ( REPRESENTATION_RELATIONSHIP('','',#63,#36) 
REPRESENTATION_RELATIONSHIP_WITH_TRANSFORMATION(#83) 
SHAPE_REPRESENTATION_RELATIONSHIP() );
#83 = ITEM_DEFINED_TRANSFORMATION('','',#11,#37);
#84 = PRODUCT_DEFINITION_SHAPE('Placement','Placement of an item',#85);
#85 = NEXT_ASSEMBLY_USAGE_OCCURRENCE('1','Roller_Sphere','',#31,#58,$);
#86 = PRODUCT_RELATED_PRODUCT_CATEGORY('part',$,(#60));
#87 = SHAPE_DEFINITION_REPRESENTATION(#88,#94);
#88 = PRODUCT_DEFINITION_SHAPE('','',#89);
#89 = PRODUCT_DEFINITION('design','',#90,#93);
#90 = PRODUCT_DEFINITION_FORMATION('','',#91);
#91 = PRODUCT('Roller_Housing','Roller_Housing','',(#92));
#92 = PRODUCT_CONTEXT('',#2,'mechanical');
#93 = PRODUCT_DEFINITION_CONTEXT('part definition',#2,'design');
#94 = ADVANCED_BREP_SHAPE_REPRESENTATION('',(#11,#95),#1772);
#95 = MANIFOLD_SOLID_BREP('',#96);
#96 = CLOSED_SHELL('',(#97,#148,#199,#250,#318,#415,#492,#567,#884,#916,
    #974,#1023,#1072,#1112,#1168,#1199,#1217,#1250,#1268,#1286,#1319,
    #1337,#1355,#1388,#1406,#1424,#1457,#1475,#1500,#1524,#1559,#1577,
    #1595,#1624,#1642,#1660,#1689,#1707,#1725,#1760));
#97 = ADVANCED_FACE('',(#98),#143,.T.);
#98 = FACE_BOUND('',#99,.T.);
#99 = EDGE_LOOP('',(#100,#111,#119,#127,#136));
#100 = ORIENTED_EDGE('',*,*,#101,.T.);
#101 = EDGE_CURVE('',#102,#104,#106,.T.);
#102 = VERTEX_POINT('',#103);
#103 = CARTESIAN_POINT('',(12.249053462603,-11.92922086566,-10.3));
#104 = VERTEX_POINT('',#105);
#105 = CARTESIAN_POINT('',(7.374225186609,-13.99999999999,-10.3));
#106 = B_SPLINE_CURVE_WITH_KNOTS('',3,(#107,#108,#109,#110),
  .UNSPECIFIED.,.F.,.F.,(4,4),(8.24542210649E-02,8.776118212898E-02),
  .PIECEWISE_BEZIER_KNOTS.);
#107 = CARTESIAN_POINT('',(12.249053462603,-11.92922086566,-10.3));
#108 = CARTESIAN_POINT('',(10.725094291365,-12.83115245234,-10.3));
#109 = CARTESIAN_POINT('',(9.065412588688,-13.51709886697,-10.3));
#110 = CARTESIAN_POINT('',(7.374225186609,-13.99999999999,-10.3));
#111 = ORIENTED_EDGE('',*,*,#112,.F.);
#112 = EDGE_CURVE('',#113,#104,#115,.T.);
#113 = VERTEX_POINT('',#114);
#114 = CARTESIAN_POINT('',(19.,-14.,-10.3));
#115 = LINE('',#116,#117);
#116 = CARTESIAN_POINT('',(20.,-14.,-10.3));
#117 = VECTOR('',#118,1.);
#118 = DIRECTION('',(-1.,9.E-17,-0.));
#119 = ORIENTED_EDGE('',*,*,#120,.F.);
#120 = EDGE_CURVE('',#121,#113,#123,.T.);
#121 = VERTEX_POINT('',#122);
#122 = CARTESIAN_POINT('',(19.,-4.004794282406,-10.3));
#123 = LINE('',#124,#125);
#124 = CARTESIAN_POINT('',(19.,15.,-10.3));
#125 = VECTOR('',#126,1.);
#126 = DIRECTION('',(0.,-1.,6.E-17));
#127 = ORIENTED_EDGE('',*,*,#128,.T.);
#128 = EDGE_CURVE('',#121,#129,#131,.T.);
#129 = VERTEX_POINT('',#130);
#130 = CARTESIAN_POINT('',(17.205674418838,-7.465320462448,
    -10.29999998577));
#131 = B_SPLINE_CURVE_WITH_KNOTS('',3,(#132,#133,#134,#135),
  .UNSPECIFIED.,.F.,.F.,(4,4),(7.185598637419E-02,7.575370938046E-02),
  .PIECEWISE_BEZIER_KNOTS.);
#132 = CARTESIAN_POINT('',(19.,-4.004794282406,-10.3));
#133 = CARTESIAN_POINT('',(18.578615879698,-5.235800707119,-10.3));
#134 = CARTESIAN_POINT('',(17.964436149333,-6.40517014167,-10.3));
#135 = CARTESIAN_POINT('',(17.205674418838,-7.465320462448,-10.3));
#136 = ORIENTED_EDGE('',*,*,#137,.T.);
#137 = EDGE_CURVE('',#129,#102,#138,.T.);
#138 = CIRCLE('',#139,3.36);
#139 = AXIS2_PLACEMENT_3D('',#140,#141,#142);
#140 = CARTESIAN_POINT('',(15.,-10.,-10.29999998577));
#141 = DIRECTION('',(0.,-6.E-17,-1.));
#142 = DIRECTION('',(0.,1.,-6.E-17));
#143 = PLANE('',#144);
#144 = AXIS2_PLACEMENT_3D('',#145,#146,#147);
#145 = CARTESIAN_POINT('',(0.,-6.3E-16,-10.3));
#146 = DIRECTION('',(0.,6.E-17,1.));
#147 = DIRECTION('',(1.,0.,-0.));
#148 = ADVANCED_FACE('',(#149),#194,.T.);
#149 = FACE_BOUND('',#150,.T.);
#150 = EDGE_LOOP('',(#151,#162,#170,#178,#187));
#151 = ORIENTED_EDGE('',*,*,#152,.T.);
#152 = EDGE_CURVE('',#153,#155,#157,.T.);
#153 = VERTEX_POINT('',#154);
#154 = CARTESIAN_POINT('',(17.205674413754,7.465320458042,-10.3));
#155 = VERTEX_POINT('',#156);
#156 = CARTESIAN_POINT('',(18.99999999999,4.004794274929,-10.3));
#157 = B_SPLINE_CURVE_WITH_KNOTS('',3,(#158,#159,#160,#161),
  .UNSPECIFIED.,.F.,.F.,(4,4),(5.980571024482E-02,6.371240278119E-02),
  .PIECEWISE_BEZIER_KNOTS.);
#158 = CARTESIAN_POINT('',(17.205674413754,7.465320458042,-10.3));
#159 = CARTESIAN_POINT('',(17.962118595073,6.408408243907,-10.3));
#160 = CARTESIAN_POINT('',(18.581078209309,5.228607393667,-10.3));
#161 = CARTESIAN_POINT('',(18.99999999999,4.004794274929,-10.3));
#162 = ORIENTED_EDGE('',*,*,#163,.F.);
#163 = EDGE_CURVE('',#164,#155,#166,.T.);
#164 = VERTEX_POINT('',#165);
#165 = CARTESIAN_POINT('',(19.,14.,-10.3));
#166 = LINE('',#167,#168);
#167 = CARTESIAN_POINT('',(19.,15.,-10.3));
#168 = VECTOR('',#169,1.);
#169 = DIRECTION('',(0.,-1.,6.E-17));
#170 = ORIENTED_EDGE('',*,*,#171,.T.);
#171 = EDGE_CURVE('',#164,#172,#174,.T.);
#172 = VERTEX_POINT('',#173);
#173 = CARTESIAN_POINT('',(7.374225262874,13.999999999995,-10.3));
#174 = LINE('',#175,#176);
#175 = CARTESIAN_POINT('',(0.,14.,-10.3));
#176 = VECTOR('',#177,1.);
#177 = DIRECTION('',(-1.,0.,0.));
#178 = ORIENTED_EDGE('',*,*,#179,.T.);
#179 = EDGE_CURVE('',#172,#180,#182,.T.);
#180 = VERTEX_POINT('',#181);
#181 = CARTESIAN_POINT('',(12.249053464687,11.929220868603,-10.3));
#182 = B_SPLINE_CURVE_WITH_KNOTS('',3,(#183,#184,#185,#186),
  .UNSPECIFIED.,.F.,.F.,(4,4),(4.776740523954E-02,5.308584312533E-02),
  .PIECEWISE_BEZIER_KNOTS.);
#183 = CARTESIAN_POINT('',(7.374225262874,13.999999999995,-10.3));
#184 = CARTESIAN_POINT('',(9.061237148749,13.518291134617,-10.3));
#185 = CARTESIAN_POINT('',(10.728870008765,12.828917861231,-10.3));
#186 = CARTESIAN_POINT('',(12.249053464687,11.929220868603,-10.3));
#187 = ORIENTED_EDGE('',*,*,#188,.F.);
#188 = EDGE_CURVE('',#153,#180,#189,.T.);
#189 = CIRCLE('',#190,3.36);
#190 = AXIS2_PLACEMENT_3D('',#191,#192,#193);
#191 = CARTESIAN_POINT('',(15.,10.,-10.3));
#192 = DIRECTION('',(0.,6.E-17,1.));
#193 = DIRECTION('',(0.,-1.,6.E-17));
#194 = PLANE('',#195);
#195 = AXIS2_PLACEMENT_3D('',#196,#197,#198);
#196 = CARTESIAN_POINT('',(0.,-6.3E-16,-10.3));
#197 = DIRECTION('',(0.,6.E-17,1.));
#198 = DIRECTION('',(1.,0.,-0.));
#199 = ADVANCED_FACE('',(#200),#245,.T.);
#200 = FACE_BOUND('',#201,.T.);
#201 = EDGE_LOOP('',(#202,#213,#221,#229,#238));
#202 = ORIENTED_EDGE('',*,*,#203,.T.);
#203 = EDGE_CURVE('',#204,#206,#208,.T.);
#204 = VERTEX_POINT('',#205);
#205 = CARTESIAN_POINT('',(-12.24905346263,11.929220865643,-10.3));
#206 = VERTEX_POINT('',#207);
#207 = CARTESIAN_POINT('',(-7.374225186593,14.,-10.3));
#208 = B_SPLINE_CURVE_WITH_KNOTS('',3,(#209,#210,#211,#212),
  .UNSPECIFIED.,.F.,.F.,(4,4),(2.742353010478E-02,3.275042536435E-02),
  .PIECEWISE_BEZIER_KNOTS.);
#209 = CARTESIAN_POINT('',(-12.24905346263,11.929220865643,-10.3));
#210 = CARTESIAN_POINT('',(-10.72421609448,12.831672199545,-10.3));
#211 = CARTESIAN_POINT('',(-9.089988659381,13.510081423269,-10.3));
#212 = CARTESIAN_POINT('',(-7.374225186593,14.,-10.3));
#213 = ORIENTED_EDGE('',*,*,#214,.T.);
#214 = EDGE_CURVE('',#206,#215,#217,.T.);
#215 = VERTEX_POINT('',#216);
#216 = CARTESIAN_POINT('',(-19.,14.,-10.3));
#217 = LINE('',#218,#219);
#218 = CARTESIAN_POINT('',(0.,14.,-10.3));
#219 = VECTOR('',#220,1.);
#220 = DIRECTION('',(-1.,0.,0.));
#221 = ORIENTED_EDGE('',*,*,#222,.T.);
#222 = EDGE_CURVE('',#215,#223,#225,.T.);
#223 = VERTEX_POINT('',#224);
#224 = CARTESIAN_POINT('',(-19.,4.004794282406,-10.3));
#225 = LINE('',#226,#227);
#226 = CARTESIAN_POINT('',(-19.,-6.3E-16,-10.3));
#227 = VECTOR('',#228,1.);
#228 = DIRECTION('',(0.,-1.,6.E-17));
#229 = ORIENTED_EDGE('',*,*,#230,.T.);
#230 = EDGE_CURVE('',#223,#231,#233,.T.);
#231 = VERTEX_POINT('',#232);
#232 = CARTESIAN_POINT('',(-17.20567441883,7.465320462448,
    -10.29999998577));
#233 = B_SPLINE_CURVE_WITH_KNOTS('',3,(#234,#235,#236,#237),
  .UNSPECIFIED.,.F.,.F.,(4,4),(1.681979746961E-02,2.07228732133E-02),
  .PIECEWISE_BEZIER_KNOTS.);
#234 = CARTESIAN_POINT('',(-19.,4.004794282406,-10.3));
#235 = CARTESIAN_POINT('',(-18.57635949648,5.242392370405,-10.3));
#236 = CARTESIAN_POINT('',(-17.96550619299,6.403675064774,-10.3));
#237 = CARTESIAN_POINT('',(-17.20567441883,7.465320462448,-10.3));
#238 = ORIENTED_EDGE('',*,*,#239,.F.);
#239 = EDGE_CURVE('',#204,#231,#240,.T.);
#240 = CIRCLE('',#241,3.36);
#241 = AXIS2_PLACEMENT_3D('',#242,#243,#244);
#242 = CARTESIAN_POINT('',(-15.,10.,-10.3));
#243 = DIRECTION('',(0.,6.E-17,1.));
#244 = DIRECTION('',(0.,-1.,6.E-17));
#245 = PLANE('',#246);
#246 = AXIS2_PLACEMENT_3D('',#247,#248,#249);
#247 = CARTESIAN_POINT('',(0.,-6.3E-16,-10.3));
#248 = DIRECTION('',(0.,6.E-17,1.));
#249 = DIRECTION('',(1.,0.,-0.));
#250 = ADVANCED_FACE('',(#251),#293,.F.);
#251 = FACE_BOUND('',#252,.F.);
#252 = EDGE_LOOP('',(#253,#263,#275,#283,#284,#292));
#253 = ORIENTED_EDGE('',*,*,#254,.T.);
#254 = EDGE_CURVE('',#129,#255,#257,.T.);
#255 = VERTEX_POINT('',#256);
#256 = CARTESIAN_POINT('',(15.212785885337,-6.646744541941,
    -9.176236263722));
#257 = B_SPLINE_CURVE_WITH_KNOTS('',3,(#258,#259,#260,#261,#262),
  .UNSPECIFIED.,.F.,.F.,(4,1,4),(2.03265E-12,1.265300295536E-03,
    2.530600589039E-03),.UNSPECIFIED.);
#258 = CARTESIAN_POINT('',(17.205674418838,-7.465320462448,-10.3));
#259 = CARTESIAN_POINT('',(16.882409680334,-7.184015960768,-10.3));
#260 = CARTESIAN_POINT('',(16.142356549207,-6.77043280775,
    -10.07185559826));
#261 = CARTESIAN_POINT('',(15.478700126317,-6.663618531381,
    -9.510249440577));
#262 = CARTESIAN_POINT('',(15.212785885332,-6.646744541941,
    -9.176236263715));
#263 = ORIENTED_EDGE('',*,*,#264,.T.);
#264 = EDGE_CURVE('',#255,#265,#267,.T.);
#265 = VERTEX_POINT('',#266);
#266 = CARTESIAN_POINT('',(15.21278588083,6.646744541655,-9.176236268493
    ));
#267 = B_SPLINE_CURVE_WITH_KNOTS('',3,(#268,#269,#270,#271,#272,#273,
    #274),.UNSPECIFIED.,.F.,.F.,(4,1,1,1,4),(3.044342854388E-02,
    3.409009013481E-02,3.773675172574E-02,4.138341331667E-02,
    4.50300749076E-02),.QUASI_UNIFORM_KNOTS.);
#268 = CARTESIAN_POINT('',(15.212785885334,-6.646744541938,
    -9.176236263716));
#269 = CARTESIAN_POINT('',(15.976722548186,-5.714105510249,
    -9.222254974387));
#270 = CARTESIAN_POINT('',(17.246869107175,-3.615342798316,
    -9.315019847069));
#271 = CARTESIAN_POINT('',(17.953167709847,7.783017687442E-04,
    -9.384801264274));
#272 = CARTESIAN_POINT('',(17.248742985856,3.611793711536,
    -9.315144591204));
#273 = CARTESIAN_POINT('',(15.973747516854,5.717737520457,
    -9.222075765863));
#274 = CARTESIAN_POINT('',(15.21278588083,6.646744541655,-9.176236268493
    ));
#275 = ORIENTED_EDGE('',*,*,#276,.T.);
#276 = EDGE_CURVE('',#265,#153,#277,.T.);
#277 = B_SPLINE_CURVE_WITH_KNOTS('',3,(#278,#279,#280,#281,#282),
  .UNSPECIFIED.,.F.,.F.,(4,1,4),(3.E-17,1.26610520427E-03,
    2.53221040854E-03),.UNSPECIFIED.);
#278 = CARTESIAN_POINT('',(15.21278588083,6.646744541655,-9.176236268493
    ));
#279 = CARTESIAN_POINT('',(15.478961983977,6.663635147595,-9.51057836668
    ));
#280 = CARTESIAN_POINT('',(16.136566755951,6.768471467259,
    -10.06833786246));
#281 = CARTESIAN_POINT('',(16.881897819624,7.183570541467,-10.3));
#282 = CARTESIAN_POINT('',(17.205674413762,7.465320458031,-10.3));
#283 = ORIENTED_EDGE('',*,*,#152,.T.);
#284 = ORIENTED_EDGE('',*,*,#285,.F.);
#285 = EDGE_CURVE('',#121,#155,#286,.T.);
#286 = B_SPLINE_CURVE_WITH_KNOTS('',3,(#287,#288,#289,#290,#291),
  .UNSPECIFIED.,.F.,.F.,(4,1,4),(0.,4.016941251024E-03,
    8.033882502049E-03),.UNSPECIFIED.);
#287 = CARTESIAN_POINT('',(19.,-4.004794282406,-10.3));
#288 = CARTESIAN_POINT('',(19.120378371379,-2.670946225791,-10.3));
#289 = CARTESIAN_POINT('',(19.262725327112,4.862160782083E-03,
    -10.20743248726));
#290 = CARTESIAN_POINT('',(19.120296326524,2.671855316144,-10.3));
#291 = CARTESIAN_POINT('',(18.999999999997,4.004794274929,-10.3));
#292 = ORIENTED_EDGE('',*,*,#128,.T.);
#293 = ( BOUNDED_SURFACE() B_SPLINE_SURFACE(3,2,(
    (#294,#295,#296)
    ,(#297,#298,#299)
    ,(#300,#301,#302)
    ,(#303,#304,#305)
    ,(#306,#307,#308)
    ,(#309,#310,#311)
    ,(#312,#313,#314)
    ,(#315,#316,#317
)),.UNSPECIFIED.,.F.,.F.,.F.) B_SPLINE_SURFACE_WITH_KNOTS((4,1,1,1,1,4),
  (3,3),(8.311535971414E-03,1.262066551184E-02,1.477523028205E-02,
    1.692979505226E-02,2.123892459268E-02,2.554805413311E-02),(0.,1.),
.UNSPECIFIED.) GEOMETRIC_REPRESENTATION_ITEM() RATIONAL_B_SPLINE_SURFACE
((
    (1.,0.880100734413,1.)
    ,(1.,0.8854529666,1.)
    ,(1.,0.893433576181,1.)
    ,(1.,0.899955049021,1.)
    ,(1.,0.902596762229,1.)
    ,(1.,0.896108952102,1.)
    ,(1.,0.88547343226,1.)
,(1.,0.88009913026,1.))) REPRESENTATION_ITEM('') SURFACE() );
#294 = CARTESIAN_POINT('',(16.797066186409,8.008728290827,-10.3));
#295 = CARTESIAN_POINT('',(15.738356884169,7.173233432883,-10.3));
#296 = CARTESIAN_POINT('',(15.156961795034,6.714417583831,
    -9.172886513572));
#297 = CARTESIAN_POINT('',(17.68766061376,6.880198780176,-10.3));
#298 = CARTESIAN_POINT('',(16.570579638364,6.177047311116,
    -10.29999999998));
#299 = CARTESIAN_POINT('',(15.945021635971,5.765780960757,
    -9.219991548733));
#300 = CARTESIAN_POINT('',(18.784295063505,4.958443855085,-10.3));
#301 = CARTESIAN_POINT('',(17.61215349972,4.468413557451,-10.3));
#302 = CARTESIAN_POINT('',(16.919042311819,4.157439212967,
    -9.290981239215));
#303 = CARTESIAN_POINT('',(19.537208848024,2.191229745975,-10.3));
#304 = CARTESIAN_POINT('',(18.338614606612,1.978522470671,-10.3));
#305 = CARTESIAN_POINT('',(17.596466012624,1.84152249871,-9.349576805949
    ));
#306 = CARTESIAN_POINT('',(19.801915242834,-0.721973329177,-10.3));
#307 = CARTESIAN_POINT('',(18.597028995867,-0.650805021058,-10.3));
#308 = CARTESIAN_POINT('',(17.838095077292,-0.607391228398,
    -9.373414850593));
#309 = CARTESIAN_POINT('',(19.152067696765,-4.321707201187,-10.3));
#310 = CARTESIAN_POINT('',(17.957929270024,-3.911427380546,-10.3));
#311 = CARTESIAN_POINT('',(17.245475152725,-3.626181393809,
    -9.314801416112));
#312 = CARTESIAN_POINT('',(17.691094148203,-6.875916341682,-10.3));
#313 = CARTESIAN_POINT('',(16.573764708773,-6.173294549929,
    -10.29999999999));
#314 = CARTESIAN_POINT('',(15.948059472233,-5.762180418432,
    -9.220171581036));
#315 = CARTESIAN_POINT('',(16.796799355058,-8.009066410905,-10.3));
#316 = CARTESIAN_POINT('',(15.738106022736,-7.173533714486,-10.3));
#317 = CARTESIAN_POINT('',(15.15672568227,-6.714701804732,
    -9.172872395422));
#318 = ADVANCED_FACE('',(#319),#387,.F.);
#319 = FACE_BOUND('',#320,.F.);
#320 = EDGE_LOOP('',(#321,#333,#347,#361,#369,#370,#380));
#321 = ORIENTED_EDGE('',*,*,#322,.T.);
#322 = EDGE_CURVE('',#323,#325,#327,.T.);
#323 = VERTEX_POINT('',#324);
#324 = CARTESIAN_POINT('',(-12.24905346468,-11.9292208686,-10.3));
#325 = VERTEX_POINT('',#326);
#326 = CARTESIAN_POINT('',(-11.6513857588,-9.723625862848,
    -9.003936408195));
#327 = B_SPLINE_CURVE_WITH_KNOTS('',3,(#328,#329,#330,#331,#332),
  .UNSPECIFIED.,.F.,.F.,(4,1,4),(4.E-17,1.375894476536E-03,
    2.751788953072E-03),.UNSPECIFIED.);
#328 = CARTESIAN_POINT('',(-12.24905346468,-11.9292208686,-10.3));
#329 = CARTESIAN_POINT('',(-11.98146853997,-11.5476617462,-10.3));
#330 = CARTESIAN_POINT('',(-11.63533403352,-10.69411236295,
    -10.02803184629));
#331 = CARTESIAN_POINT('',(-11.62961991299,-9.987345985252,
    -9.385943734922));
#332 = CARTESIAN_POINT('',(-11.6513857588,-9.723625862848,
    -9.003936408195));
#333 = ORIENTED_EDGE('',*,*,#334,.T.);
#334 = EDGE_CURVE('',#325,#335,#337,.T.);
#335 = VERTEX_POINT('',#336);
#336 = CARTESIAN_POINT('',(2.3E-14,-12.65179505315,-8.708653114818));
#337 = B_SPLINE_CURVE_WITH_KNOTS('',3,(#338,#339,#340,#341,#342,#343,
    #344,#345,#346),.UNSPECIFIED.,.F.,.F.,(4,1,1,1,1,1,4),(
    1.100085850211E-03,7.246503227012E-03,1.031971191541E-02,
    1.339292060381E-02,1.953933798061E-02,2.261254666901E-02,
    2.568575535742E-02),.UNSPECIFIED.);
#338 = CARTESIAN_POINT('',(-11.6513857588,-9.723625862848,
    -9.003936408195));
#339 = CARTESIAN_POINT('',(-9.909305601508,-10.800845855,-8.934953052109
    ));
#340 = CARTESIAN_POINT('',(-7.055900474794,-11.89630196456,
    -8.838696841165));
#341 = CARTESIAN_POINT('',(-3.023304625577,-12.55273843129,
    -8.728510272436));
#342 = CARTESIAN_POINT('',(0.991990729868,-12.7507515161,-8.687515036846
    ));
#343 = CARTESIAN_POINT('',(5.083975608834,-12.35530680083,
    -8.777157139235));
#344 = CARTESIAN_POINT('',(8.943200128518,-11.17026745454,
    -8.906143397449));
#345 = CARTESIAN_POINT('',(10.788086310927,-10.2574494152,
    -8.969751248421));
#346 = CARTESIAN_POINT('',(11.651385759028,-9.723625860184,
    -9.00393640817));
#347 = ORIENTED_EDGE('',*,*,#348,.T.);
#348 = EDGE_CURVE('',#335,#349,#351,.T.);
#349 = VERTEX_POINT('',#350);
#350 = CARTESIAN_POINT('',(11.651385759028,-9.723625860184,
    -9.00393640817));
#351 = B_SPLINE_CURVE_WITH_KNOTS('',3,(#352,#353,#354,#355,#356,#357,
    #358,#359,#360),.UNSPECIFIED.,.F.,.F.,(4,1,1,1,1,1,4),(
    1.100085850211E-03,7.246503227012E-03,1.031971191541E-02,
    1.339292060381E-02,1.953933798061E-02,2.261254666901E-02,
    2.568575535742E-02),.UNSPECIFIED.);
#352 = CARTESIAN_POINT('',(-11.6513857588,-9.723625862848,
    -9.003936408195));
#353 = CARTESIAN_POINT('',(-9.909305601508,-10.800845855,-8.934953052109
    ));
#354 = CARTESIAN_POINT('',(-7.055900474794,-11.89630196456,
    -8.838696841165));
#355 = CARTESIAN_POINT('',(-3.023304625577,-12.55273843129,
    -8.728510272436));
#356 = CARTESIAN_POINT('',(0.991990729868,-12.7507515161,-8.687515036846
    ));
#357 = CARTESIAN_POINT('',(5.083975608834,-12.35530680083,
    -8.777157139235));
#358 = CARTESIAN_POINT('',(8.943200128518,-11.17026745454,
    -8.906143397449));
#359 = CARTESIAN_POINT('',(10.788086310927,-10.2574494152,
    -8.969751248421));
#360 = CARTESIAN_POINT('',(11.651385759028,-9.723625860184,
    -9.00393640817));
#361 = ORIENTED_EDGE('',*,*,#362,.T.);
#362 = EDGE_CURVE('',#349,#102,#363,.T.);
#363 = B_SPLINE_CURVE_WITH_KNOTS('',3,(#364,#365,#366,#367,#368),
  .UNSPECIFIED.,.F.,.F.,(4,1,4),(1.E-17,1.378118798021E-03,
    2.756237596042E-03),.UNSPECIFIED.);
#364 = CARTESIAN_POINT('',(11.651385759028,-9.723625860183,
    -9.00393640817));
#365 = CARTESIAN_POINT('',(11.629573042343,-9.987913878497,
    -9.386766351437));
#366 = CARTESIAN_POINT('',(11.634412035073,-10.68817408043,
    -10.02388837071));
#367 = CARTESIAN_POINT('',(11.9805557277,-11.54636013295,-10.3));
#368 = CARTESIAN_POINT('',(12.249053462618,-11.92922086565,-10.3));
#369 = ORIENTED_EDGE('',*,*,#101,.T.);
#370 = ORIENTED_EDGE('',*,*,#371,.F.);
#371 = EDGE_CURVE('',#372,#104,#374,.T.);
#372 = VERTEX_POINT('',#373);
#373 = CARTESIAN_POINT('',(-7.374225262874,-13.99999999999,-10.3));
#374 = B_SPLINE_CURVE_WITH_KNOTS('',3,(#375,#376,#377,#378,#379),
  .UNSPECIFIED.,.F.,.F.,(4,1,4),(1.21E-15,7.379558649966E-03,
    1.475911729993E-02),.UNSPECIFIED.);
#375 = CARTESIAN_POINT('',(-7.374225262876,-14.,-10.3));
#376 = CARTESIAN_POINT('',(-4.919394724151,-14.18925035356,-10.3));
#377 = CARTESIAN_POINT('',(-1.242241069984E-03,-14.37121222361,
    -10.09965886932));
#378 = CARTESIAN_POINT('',(4.919263674476,-14.18926044791,-10.3));
#379 = CARTESIAN_POINT('',(7.374225186593,-14.,-10.3));
#380 = ORIENTED_EDGE('',*,*,#381,.T.);
#381 = EDGE_CURVE('',#372,#323,#382,.T.);
#382 = B_SPLINE_CURVE_WITH_KNOTS('',3,(#383,#384,#385,#386),
  .UNSPECIFIED.,.F.,.F.,(4,4),(0.1027206458,0.108038672564),
  .PIECEWISE_BEZIER_KNOTS.);
#383 = CARTESIAN_POINT('',(-7.374225262874,-13.99999999999,-10.3));
#384 = CARTESIAN_POINT('',(-9.080415289548,-13.51281501407,-10.3));
#385 = CARTESIAN_POINT('',(-10.71191764821,-12.8389508528,-10.3));
#386 = CARTESIAN_POINT('',(-12.24905346468,-11.9292208686,-10.3));
#387 = ( BOUNDED_SURFACE() B_SPLINE_SURFACE(3,2,(
    (#388,#389,#390)
    ,(#391,#392,#393)
    ,(#394,#395,#396)
    ,(#397,#398,#399)
    ,(#400,#401,#402)
    ,(#403,#404,#405)
    ,(#406,#407,#408)
    ,(#409,#410,#411)
    ,(#412,#413,#414
)),.UNSPECIFIED.,.F.,.F.,.F.) B_SPLINE_SURFACE_WITH_KNOTS((4,1,1,1,1,1,4
    ),(3,3),(3.069410916157E-02,3.409055147269E-02,3.74869937838E-02,
    4.427987840603E-02,4.767632071715E-02,5.107276302826E-02,
    5.786564765049E-02),(0.,1.),.UNSPECIFIED.) 
GEOMETRIC_REPRESENTATION_ITEM() RATIONAL_B_SPLINE_SURFACE((
    (1.,0.861247285095,1.)
    ,(1.,0.857320704593,1.)
    ,(1.,0.849910715148,1.)
    ,(1.,0.834552917879,1.)
    ,(1.,0.822917310163,1.)
    ,(1.,0.828264864865,1.)
    ,(1.,0.842037364891,1.)
    ,(1.,0.853325048632,1.)
,(1.,0.861252585308,1.))) REPRESENTATION_ITEM('') SURFACE() );
#388 = CARTESIAN_POINT('',(12.973574567904,-11.47728470093,-10.3));
#389 = CARTESIAN_POINT('',(12.163489077846,-10.24447635398,-10.3));
#390 = CARTESIAN_POINT('',(11.77181778848,-9.648421195964,
    -9.008734430418));
#391 = CARTESIAN_POINT('',(12.023540764735,-12.10155740265,-10.3));
#392 = CARTESIAN_POINT('',(11.273738038171,-10.7978328977,
    -10.29999999988));
#393 = CARTESIAN_POINT('',(10.928188981527,-10.18042381737,
    -8.974916862056));
#394 = CARTESIAN_POINT('',(9.984142634588,-13.17713998673,-10.3));
#395 = CARTESIAN_POINT('',(9.361896153111,-11.74956723571,
    -10.30000000005));
#396 = CARTESIAN_POINT('',(9.106077536164,-11.10507113023,
    -8.911526827565));
#397 = CARTESIAN_POINT('',(5.69071626831,-14.60620798606,-10.3));
#398 = CARTESIAN_POINT('',(5.324663493735,-12.98370671285,
    -10.29999999996));
#399 = CARTESIAN_POINT('',(5.236305822719,-12.33211155799,
    -8.781890291733));
#400 = CARTESIAN_POINT('',(1.108652429446,-15.10474717369,-10.3));
#401 = CARTESIAN_POINT('',(1.046167991726,-13.37119100391,-10.3));
#402 = CARTESIAN_POINT('',(1.024308631895,-12.75805352188,-8.68597865586
    ));
#403 = CARTESIAN_POINT('',(-3.381930955276,-14.85759351292,-10.3));
#404 = CARTESIAN_POINT('',(-3.17823387174,-13.17408808001,-10.3));
#405 = CARTESIAN_POINT('',(-3.119274124526,-12.54575848314,
    -8.730015695748));
#406 = CARTESIAN_POINT('',(-7.89047835662,-14.04683048705,-10.3));
#407 = CARTESIAN_POINT('',(-7.387721170947,-12.50878531146,
    -10.29999999999));
#408 = CARTESIAN_POINT('',(-7.228962141392,-11.8538581404,
    -8.844659848766));
#409 = CARTESIAN_POINT('',(-11.05699873374,-12.7369141425,-10.3));
#410 = CARTESIAN_POINT('',(-10.36010017552,-11.36625689191,
    -10.30000000004));
#411 = CARTESIAN_POINT('',(-10.06990950798,-10.72186514357,
    -8.940503963421));
#412 = CARTESIAN_POINT('',(-12.97485687513,-11.47644201247,-10.3));
#413 = CARTESIAN_POINT('',(-12.16468454017,-10.24373280087,-10.3));
#414 = CARTESIAN_POINT('',(-11.77295646872,-9.647703065854,
    -9.008780078495));
#415 = ADVANCED_FACE('',(#416),#461,.F.);
#416 = FACE_BOUND('',#417,.F.);
#417 = EDGE_LOOP('',(#418,#428,#443,#451,#452,#460));
#418 = ORIENTED_EDGE('',*,*,#419,.T.);
#419 = EDGE_CURVE('',#180,#420,#422,.T.);
#420 = VERTEX_POINT('',#421);
#421 = CARTESIAN_POINT('',(11.651385758808,9.723625862851,-9.0039364082)
  );
#422 = B_SPLINE_CURVE_WITH_KNOTS('',3,(#423,#424,#425,#426,#427),
  .UNSPECIFIED.,.F.,.F.,(4,1,4),(9.E-17,1.376392408405E-03,
    2.752784816811E-03),.UNSPECIFIED.);
#423 = CARTESIAN_POINT('',(12.249053464685,11.929220868604,-10.3));
#424 = CARTESIAN_POINT('',(11.98151774986,11.547731916382,-10.3));
#425 = CARTESIAN_POINT('',(11.635177287885,10.693500626634,
    -10.02770122579));
#426 = CARTESIAN_POINT('',(11.629621896307,9.987321954906,
    -9.385908926171));
#427 = CARTESIAN_POINT('',(11.651385758808,9.723625862848,
    -9.003936408195));
#428 = ORIENTED_EDGE('',*,*,#429,.T.);
#429 = EDGE_CURVE('',#420,#430,#432,.T.);
#430 = VERTEX_POINT('',#431);
#431 = CARTESIAN_POINT('',(-11.65138575902,9.723625860184,-9.00393640817
    ));
#432 = B_SPLINE_CURVE_WITH_KNOTS('',3,(#433,#434,#435,#436,#437,#438,
    #439,#440,#441,#442),.UNSPECIFIED.,.F.,.F.,(4,1,1,1,1,1,1,4),(
    4.979793660781E-02,5.287715977871E-02,5.595638294961E-02,
    5.903560612052E-02,6.211482929142E-02,6.827327563323E-02,
    7.135249880413E-02,7.443172197503E-02),.UNSPECIFIED.);
#433 = CARTESIAN_POINT('',(11.651385758807,9.723625862849,
    -9.003936408195));
#434 = CARTESIAN_POINT('',(10.789617085031,10.256502860564,
    -8.969811861723));
#435 = CARTESIAN_POINT('',(8.949028973266,11.168512584662,
    -8.906047419432));
#436 = CARTESIAN_POINT('',(6.041635835665,12.060411988987,
    -8.810171075018));
#437 = CARTESIAN_POINT('',(3.058592448728,12.549826147963,
    -8.729297811801));
#438 = CARTESIAN_POINT('',(-1.032696450082,12.751213858198,
    -8.687167245458));
#439 = CARTESIAN_POINT('',(-5.053930760694,12.36372217875,
    -8.776441047229));
#440 = CARTESIAN_POINT('',(-8.975260849179,11.15784429242,
    -8.907171401296));
#441 = CARTESIAN_POINT('',(-10.78412260446,10.259900383847,
    -8.969594292524));
#442 = CARTESIAN_POINT('',(-11.65138575902,9.723625860183,-9.00393640817
    ));
#443 = ORIENTED_EDGE('',*,*,#444,.T.);
#444 = EDGE_CURVE('',#430,#204,#445,.T.);
#445 = B_SPLINE_CURVE_WITH_KNOTS('',3,(#446,#447,#448,#449,#450),
  .UNSPECIFIED.,.F.,.F.,(4,1,4),(4.E-17,1.378048319086E-03,
    2.756096638172E-03),.UNSPECIFIED.);
#446 = CARTESIAN_POINT('',(-11.65138575902,9.723625860183,-9.00393640817
    ));
#447 = CARTESIAN_POINT('',(-11.62956883627,9.987964840161,
    -9.386840171095));
#448 = CARTESIAN_POINT('',(-11.6344934737,10.688386333603,
    -10.02395948628));
#449 = CARTESIAN_POINT('',(-11.98047792373,11.546249189439,-10.3));
#450 = CARTESIAN_POINT('',(-12.24905346261,11.929220865653,-10.3));
#451 = ORIENTED_EDGE('',*,*,#203,.T.);
#452 = ORIENTED_EDGE('',*,*,#453,.F.);
#453 = EDGE_CURVE('',#172,#206,#454,.T.);
#454 = B_SPLINE_CURVE_WITH_KNOTS('',3,(#455,#456,#457,#458,#459),
  .UNSPECIFIED.,.F.,.F.,(4,1,4),(1.19E-15,7.379558649966E-03,
    1.475911729993E-02),.UNSPECIFIED.);
#455 = CARTESIAN_POINT('',(7.374225262875,14.,-10.3));
#456 = CARTESIAN_POINT('',(4.91939472415,14.189250353566,-10.3));
#457 = CARTESIAN_POINT('',(1.242241069744E-03,14.371212223616,
    -10.09965886932));
#458 = CARTESIAN_POINT('',(-4.919263674476,14.189260447916,-10.3));
#459 = CARTESIAN_POINT('',(-7.374225186593,14.,-10.3));
#460 = ORIENTED_EDGE('',*,*,#179,.T.);
#461 = ( BOUNDED_SURFACE() B_SPLINE_SURFACE(3,2,(
    (#462,#463,#464)
    ,(#465,#466,#467)
    ,(#468,#469,#470)
    ,(#471,#472,#473)
    ,(#474,#475,#476)
    ,(#477,#478,#479)
    ,(#480,#481,#482)
    ,(#483,#484,#485)
    ,(#486,#487,#488)
    ,(#489,#490,#491
)),.UNSPECIFIED.,.F.,.F.,.F.) B_SPLINE_SURFACE_WITH_KNOTS((4,1,1,1,1,1,1
    ,4),(3,3),(8.535732389216E-02,8.875973779792E-02,9.216215170367E-02,
    9.896697951518E-02,0.102369393421,0.105771807327,0.109174221232,
0.112576635138),(0.,1.),.UNSPECIFIED.) GEOMETRIC_REPRESENTATION_ITEM() 
RATIONAL_B_SPLINE_SURFACE((
    (1.,0.861250808696,1.)
    ,(1.,0.857296768502,1.)
    ,(1.,0.85002122451,1.)
    ,(1.,0.83445372207,1.)
    ,(1.,0.822860673544,1.)
    ,(1.,0.828388753624,1.)
    ,(1.,0.838479609638,1.)
    ,(1.,0.84991395555,1.)
    ,(1.,0.857328317776,1.)
,(1.,0.861245990926,1.))) REPRESENTATION_ITEM('') SURFACE() );
#462 = CARTESIAN_POINT('',(-12.97442707074,11.476724481458,-10.3));
#463 = CARTESIAN_POINT('',(-12.16428384635,10.243982038255,-10.3));
#464 = CARTESIAN_POINT('',(-11.77257480864,9.647943780278,
    -9.008764777394));
#465 = CARTESIAN_POINT('',(-12.01781720256,12.105396760198,-10.3));
#466 = CARTESIAN_POINT('',(-11.26834564642,10.801256409345,
    -10.30000000009));
#467 = CARTESIAN_POINT('',(-10.9231093244,10.18369336,-8.974710573864));
#468 = CARTESIAN_POINT('',(-10.01666393725,13.163711074146,-10.3));
#469 = CARTESIAN_POINT('',(-9.392298540041,11.737780791138,
    -10.29999999995));
#470 = CARTESIAN_POINT('',(-9.135300522478,11.093538807513,
    -8.912466544004));
#471 = CARTESIAN_POINT('',(-5.653245250883,14.617079624301,-10.3));
#472 = CARTESIAN_POINT('',(-5.288725068476,12.993451900165,
    -10.30000000002));
#473 = CARTESIAN_POINT('',(-5.202439638405,12.34145757019,
    -8.781050324027));
#474 = CARTESIAN_POINT('',(-1.147196795525,15.106251803861,-10.3));
#475 = CARTESIAN_POINT('',(-1.083391417956,13.372236594067,
    -10.29999999999));
#476 = CARTESIAN_POINT('',(-1.05957289867,12.759225886534,
    -8.685508265967));
#477 = CARTESIAN_POINT('',(3.432206205066,14.852243792383,-10.3));
#478 = CARTESIAN_POINT('',(3.225779852672,13.169835313009,-10.3));
#479 = CARTESIAN_POINT('',(3.165304052389,12.541371457366,
    -8.731048669542));
#480 = CARTESIAN_POINT('',(6.753631316431,14.250562245169,-10.3));
#481 = CARTESIAN_POINT('',(6.339122986412,12.673327196904,-10.3));
#482 = CARTESIAN_POINT('',(6.192814660241,12.02699743685,-8.815025240508
    ));
#483 = CARTESIAN_POINT('',(9.995160286811,13.173436235295,-10.3));
#484 = CARTESIAN_POINT('',(9.371928300975,11.746043887712,-10.3));
#485 = CARTESIAN_POINT('',(9.116424542512,11.10181065436,-8.911558434769
    ));
#486 = CARTESIAN_POINT('',(12.025358169448,12.100334641272,-10.3));
#487 = CARTESIAN_POINT('',(11.275450560692,10.796742404647,
    -10.29999999999));
#488 = CARTESIAN_POINT('',(10.929801790159,10.179382638908,
    -8.974982481188));
#489 = CARTESIAN_POINT('',(12.973261432887,11.477490461137,-10.3));
#490 = CARTESIAN_POINT('',(12.163197146623,10.244657910943,-10.3));
#491 = CARTESIAN_POINT('',(11.771539720745,9.648596547253,
    -9.008723284431));
#492 = ADVANCED_FACE('',(#493),#545,.F.);
#493 = FACE_BOUND('',#494,.F.);
#494 = EDGE_LOOP('',(#495,#505,#517,#527,#536,#544));
#495 = ORIENTED_EDGE('',*,*,#496,.T.);
#496 = EDGE_CURVE('',#231,#497,#499,.T.);
#497 = VERTEX_POINT('',#498);
#498 = CARTESIAN_POINT('',(-15.21278588533,6.646744541941,
    -9.176236263715));
#499 = B_SPLINE_CURVE_WITH_KNOTS('',3,(#500,#501,#502,#503,#504),
  .UNSPECIFIED.,.F.,.F.,(4,1,4),(2.02867E-12,1.265341958432E-03,
    2.530683914835E-03),.UNSPECIFIED.);
#500 = CARTESIAN_POINT('',(-17.20567441883,7.465320462446,-10.3));
#501 = CARTESIAN_POINT('',(-16.88241929893,7.184024330854,-10.3));
#502 = CARTESIAN_POINT('',(-16.14233086684,6.770420107184,
    -10.07184564993));
#503 = CARTESIAN_POINT('',(-15.47869470622,6.663618187441,
    -9.510242632431));
#504 = CARTESIAN_POINT('',(-15.21278588533,6.646744541941,
    -9.176236263718));
#505 = ORIENTED_EDGE('',*,*,#506,.T.);
#506 = EDGE_CURVE('',#497,#507,#509,.T.);
#507 = VERTEX_POINT('',#508);
#508 = CARTESIAN_POINT('',(-15.21278588083,-6.646744541655,
    -9.176236268499));
#509 = B_SPLINE_CURVE_WITH_KNOTS('',3,(#510,#511,#512,#513,#514,#515,
    #516),.UNSPECIFIED.,.F.,.F.,(4,1,1,1,4),(7.918854340694E-02,
    8.284018945365E-02,8.649183550035E-02,9.014348154706E-02,
    9.379512759377E-02),.UNSPECIFIED.);
#510 = CARTESIAN_POINT('',(-15.21278588533,6.646744541941,
    -9.176236263715));
#511 = CARTESIAN_POINT('',(-15.98353580951,5.70578765648,-9.222665397812
    ));
#512 = CARTESIAN_POINT('',(-17.2456241332,3.616746023914,-9.3149901463)
  );
#513 = CARTESIAN_POINT('',(-17.95480827763,-1.261122913316E-02,
    -9.384890243294));
#514 = CARTESIAN_POINT('',(-17.24340483261,-3.615014871363,
    -9.314816292449));
#515 = CARTESIAN_POINT('',(-15.98398494055,-5.705239336516,
    -9.222692457079));
#516 = CARTESIAN_POINT('',(-15.21278588083,-6.646744541653,
    -9.176236268493));
#517 = ORIENTED_EDGE('',*,*,#518,.T.);
#518 = EDGE_CURVE('',#507,#519,#521,.T.);
#519 = VERTEX_POINT('',#520);
#520 = CARTESIAN_POINT('',(-17.20567441375,-7.465320458045,-10.3));
#521 = B_SPLINE_CURVE_WITH_KNOTS('',3,(#522,#523,#524,#525,#526),
  .UNSPECIFIED.,.F.,.F.,(4,1,4),(7.23E-15,1.26654109031E-03,
    2.533082180613E-03),.UNSPECIFIED.);
#522 = CARTESIAN_POINT('',(-15.21278588083,-6.646744541655,
    -9.176236268493));
#523 = CARTESIAN_POINT('',(-15.47893171249,-6.663633226673,
    -9.510540342868));
#524 = CARTESIAN_POINT('',(-16.13665388988,-6.768486993373,
    -10.06841115722));
#525 = CARTESIAN_POINT('',(-16.88194507192,-7.183611660349,-10.3));
#526 = CARTESIAN_POINT('',(-17.20567441376,-7.465320458032,-10.3));
#527 = ORIENTED_EDGE('',*,*,#528,.T.);
#528 = EDGE_CURVE('',#519,#529,#531,.T.);
#529 = VERTEX_POINT('',#530);
#530 = CARTESIAN_POINT('',(-19.,-4.004794274899,-10.3));
#531 = B_SPLINE_CURVE_WITH_KNOTS('',3,(#532,#533,#534,#535),
  .UNSPECIFIED.,.F.,.F.,(4,4),(4.753683161865E-03,8.659676590019E-03),
  .PIECEWISE_BEZIER_KNOTS.);
#532 = CARTESIAN_POINT('',(-17.20567441375,-7.465320458045,-10.3));
#533 = CARTESIAN_POINT('',(-17.96699454421,-6.401595513602,-10.3));
#534 = CARTESIAN_POINT('',(-18.57479927294,-5.246950303646,-10.3));
#535 = CARTESIAN_POINT('',(-19.,-4.004794274899,-10.3));
#536 = ORIENTED_EDGE('',*,*,#537,.F.);
#537 = EDGE_CURVE('',#223,#529,#538,.T.);
#538 = B_SPLINE_CURVE_WITH_KNOTS('',3,(#539,#540,#541,#542,#543),
  .UNSPECIFIED.,.F.,.F.,(4,1,4),(9.E-17,4.01895023889E-03,
    8.037900477781E-03),.UNSPECIFIED.);
#539 = CARTESIAN_POINT('',(-19.,4.004794282406,-10.3));
#540 = CARTESIAN_POINT('',(-19.12042208241,2.670461887289,-10.3));
#541 = CARTESIAN_POINT('',(-19.26266955846,-3.351591262807E-03,
    -10.20743244422));
#542 = CARTESIAN_POINT('',(-19.12036433944,-2.671101701534,-10.3));
#543 = CARTESIAN_POINT('',(-19.,-4.004794274899,-10.3));
#544 = ORIENTED_EDGE('',*,*,#230,.T.);
#545 = ( BOUNDED_SURFACE() B_SPLINE_SURFACE(3,2,(
    (#546,#547,#548)
    ,(#549,#550,#551)
    ,(#552,#553,#554)
    ,(#555,#556,#557)
    ,(#558,#559,#560)
    ,(#561,#562,#563)
    ,(#564,#565,#566
)),.UNSPECIFIED.,.F.,.F.,.F.) B_SPLINE_SURFACE_WITH_KNOTS((4,1,1,1,4),(3
    ,3),(6.299736020769E-02,6.730266507727E-02,7.160796994686E-02,
    7.591327481644E-02,8.021857968603E-02),(0.,1.),.UNSPECIFIED.) 
GEOMETRIC_REPRESENTATION_ITEM() RATIONAL_B_SPLINE_SURFACE((
    (1.,0.880095871727,1.)
    ,(1.,0.885514209653,1.)
    ,(1.,0.896073938766,1.)
    ,(1.,0.90388591787,1.)
    ,(1.,0.896084473209,1.)
    ,(1.,0.885520408509,1.)
,(1.,0.880095802029,1.))) REPRESENTATION_ITEM('') SURFACE() );
#546 = CARTESIAN_POINT('',(-16.79625701245,-8.00975355337,-10.3));
#547 = CARTESIAN_POINT('',(-15.73759614849,-7.174143965066,-10.3));
#548 = CARTESIAN_POINT('',(-15.15624578221,-6.715279415747,
    -9.172843717155));
#549 = CARTESIAN_POINT('',(-17.69793693381,-6.867386046811,-10.3));
#550 = CARTESIAN_POINT('',(-16.58011164376,-6.165820140641,
    -10.30000000001));
#551 = CARTESIAN_POINT('',(-15.95411364495,-5.7550083588,-9.220530286272
    ));
#552 = CARTESIAN_POINT('',(-19.14662963204,-4.32929139299,-10.3));
#553 = CARTESIAN_POINT('',(-17.95280364443,-3.918722637267,
    -10.29999999999));
#554 = CARTESIAN_POINT('',(-17.24069733457,-3.633083959097,
    -9.314487212654));
#555 = CARTESIAN_POINT('',(-19.93191949732,-1.223893182457E-02,-10.3));
#556 = CARTESIAN_POINT('',(-18.72406591042,-1.102858159988E-02,-10.3));
#557 = CARTESIAN_POINT('',(-17.95644750839,-1.029400952173E-02,
    -9.385074778511));
#558 = CARTESIAN_POINT('',(-19.14783800686,4.332315973277,-10.3));
#559 = CARTESIAN_POINT('',(-17.95397289567,3.921506755714,
    -10.29999999999));
#560 = CARTESIAN_POINT('',(-17.24178245975,3.635645041529,
    -9.314581859482));
#561 = CARTESIAN_POINT('',(-17.69896980396,6.86608045489,-10.3));
#562 = CARTESIAN_POINT('',(-16.58107065426,6.164675001651,-10.3));
#563 = CARTESIAN_POINT('',(-15.9550275795,5.753910850948,-9.220584837639
    ));
#564 = CARTESIAN_POINT('',(-16.79624551261,8.009768133981,-10.3));
#565 = CARTESIAN_POINT('',(-15.73758533441,7.174156912133,-10.3));
#566 = CARTESIAN_POINT('',(-15.15623560447,6.715291670802,
    -9.172843103745));
#567 = ADVANCED_FACE('',(#568),#683,.T.);
#568 = FACE_BOUND('',#569,.T.);
#569 = EDGE_LOOP('',(#570,#581,#590,#599,#606,#613,#614,#630,#631,#647,
    #648,#664,#665,#681,#682));
#570 = ORIENTED_EDGE('',*,*,#571,.T.);
#571 = EDGE_CURVE('',#572,#574,#576,.T.);
#572 = VERTEX_POINT('',#573);
#573 = CARTESIAN_POINT('',(1.E-15,-10.11385188738,7.));
#574 = VERTEX_POINT('',#575);
#575 = CARTESIAN_POINT('',(-10.11385188738,-0.,7.));
#576 = CIRCLE('',#577,10.113851887387);
#577 = AXIS2_PLACEMENT_3D('',#578,#579,#580);
#578 = CARTESIAN_POINT('',(0.,0.,7.));
#579 = DIRECTION('',(0.,0.,-1.));
#580 = DIRECTION('',(-1.,0.,0.));
#581 = ORIENTED_EDGE('',*,*,#582,.T.);
#582 = EDGE_CURVE('',#574,#583,#585,.T.);
#583 = VERTEX_POINT('',#584);
#584 = CARTESIAN_POINT('',(-0.,10.113851887387,7.));
#585 = CIRCLE('',#586,10.113851887387);
#586 = AXIS2_PLACEMENT_3D('',#587,#588,#589);
#587 = CARTESIAN_POINT('',(0.,0.,7.));
#588 = DIRECTION('',(0.,0.,-1.));
#589 = DIRECTION('',(-1.,0.,0.));
#590 = ORIENTED_EDGE('',*,*,#591,.T.);
#591 = EDGE_CURVE('',#583,#592,#594,.T.);
#592 = VERTEX_POINT('',#593);
#593 = CARTESIAN_POINT('',(10.113851887387,0.,7.));
#594 = CIRCLE('',#595,10.113851887387);
#595 = AXIS2_PLACEMENT_3D('',#596,#597,#598);
#596 = CARTESIAN_POINT('',(0.,0.,7.));
#597 = DIRECTION('',(0.,0.,-1.));
#598 = DIRECTION('',(-1.,0.,0.));
#599 = ORIENTED_EDGE('',*,*,#600,.T.);
#600 = EDGE_CURVE('',#592,#572,#601,.T.);
#601 = CIRCLE('',#602,10.113851887387);
#602 = AXIS2_PLACEMENT_3D('',#603,#604,#605);
#603 = CARTESIAN_POINT('',(0.,0.,7.));
#604 = DIRECTION('',(0.,0.,-1.));
#605 = DIRECTION('',(-1.,0.,0.));
#606 = ORIENTED_EDGE('',*,*,#607,.T.);
#607 = EDGE_CURVE('',#572,#335,#608,.T.);
#608 = B_SPLINE_CURVE_WITH_KNOTS('',3,(#609,#610,#611,#612),
  .UNSPECIFIED.,.F.,.F.,(4,4),(-7.E-17,0.852322626267),
  .PIECEWISE_BEZIER_KNOTS.);
#609 = CARTESIAN_POINT('',(1.03E-15,-10.11385188738,7.));
#610 = CARTESIAN_POINT('',(1.03E-15,-13.53711202201,4.588843046367));
#611 = CARTESIAN_POINT('',(-9.8E-16,-11.06251755423,-4.635073013927));
#612 = CARTESIAN_POINT('',(-1.57E-15,-12.65179505315,-8.708653114818));
#613 = ORIENTED_EDGE('',*,*,#348,.T.);
#614 = ORIENTED_EDGE('',*,*,#615,.T.);
#615 = EDGE_CURVE('',#349,#255,#616,.T.);
#616 = B_SPLINE_CURVE_WITH_KNOTS('',3,(#617,#618,#619,#620,#621,#622,
    #623,#624,#625,#626,#627,#628,#629),.UNSPECIFIED.,.F.,.F.,(4,1,1,1,1
    ,1,1,1,1,1,4),(9.495471188376E-04,1.886646867334E-03,
    2.82374661583E-03,3.760846364326E-03,4.229396238574E-03,
    4.697946112822E-03,5.16649598707E-03,5.635045861318E-03,
    6.572145609814E-03,7.50924535831E-03,8.446345106806E-03),
  .UNSPECIFIED.);
#617 = CARTESIAN_POINT('',(11.651385759028,-9.723625860184,
    -9.00393640817));
#618 = CARTESIAN_POINT('',(11.666027875104,-9.546218529519,
    -8.746956016979));
#619 = CARTESIAN_POINT('',(11.721363408315,-9.206596231827,
    -8.225632983163));
#620 = CARTESIAN_POINT('',(11.885144972914,-8.701883410761,
    -7.446683244876));
#621 = CARTESIAN_POINT('',(12.114919092047,-8.246607348825,
    -6.838015000147));
#622 = CARTESIAN_POINT('',(12.443391596774,-7.802898776355,
    -6.507650804589));
#623 = CARTESIAN_POINT('',(12.792767263888,-7.45156062161,
    -6.495705052434));
#624 = CARTESIAN_POINT('',(13.140869590233,-7.192032367505,
    -6.71417976014));
#625 = CARTESIAN_POINT('',(13.563453819509,-6.947060567657,
    -7.113248126437));
#626 = CARTESIAN_POINT('',(14.056145907858,-6.757112622047,
    -7.704461819131));
#627 = CARTESIAN_POINT('',(14.627513910659,-6.644078148769,
    -8.43368362235));
#628 = CARTESIAN_POINT('',(15.016868730555,-6.634312323235,
    -8.93014597902));
#629 = CARTESIAN_POINT('',(15.212785885337,-6.646744541941,
    -9.176236263721));
#630 = ORIENTED_EDGE('',*,*,#264,.T.);
#631 = ORIENTED_EDGE('',*,*,#632,.T.);
#632 = EDGE_CURVE('',#265,#420,#633,.T.);
#633 = B_SPLINE_CURVE_WITH_KNOTS('',3,(#634,#635,#636,#637,#638,#639,
    #640,#641,#642,#643,#644,#645,#646),.UNSPECIFIED.,.F.,.F.,(4,1,1,1,1
    ,1,1,1,1,1,4),(5.541568242573E-04,1.488905284854E-03,
    2.423653745452E-03,3.358402206049E-03,3.825776436347E-03,
    4.293150666646E-03,4.760524896945E-03,5.227899127243E-03,
    6.16264758784E-03,7.097396048438E-03,8.032144509035E-03),
  .UNSPECIFIED.);
#634 = CARTESIAN_POINT('',(15.21278588083,6.646744541655,-9.176236268493
    ));
#635 = CARTESIAN_POINT('',(15.017823358599,6.634372900861,
    -8.931345093142));
#636 = CARTESIAN_POINT('',(14.632619500265,6.643679489649,
    -8.440217756158));
#637 = CARTESIAN_POINT('',(14.060181158354,6.755842616747,
    -7.709568751176));
#638 = CARTESIAN_POINT('',(13.565967828011,6.945684255364,
    -7.115770221242));
#639 = CARTESIAN_POINT('',(13.140616067322,7.192136678335,
    -6.713839996244));
#640 = CARTESIAN_POINT('',(12.793417194303,7.45117724942,-6.49638895794)
  );
#641 = CARTESIAN_POINT('',(12.445256100258,7.800659660037,
    -6.506563770456));
#642 = CARTESIAN_POINT('',(12.113660719277,8.248071300397,
    -6.838672164319));
#643 = CARTESIAN_POINT('',(11.884773911459,8.703444924436,
    -7.449467398183));
#644 = CARTESIAN_POINT('',(11.721962006596,9.204415664958,
    -8.222125628423));
#645 = CARTESIAN_POINT('',(11.666113341571,9.545182995912,
    -8.745456008784));
#646 = CARTESIAN_POINT('',(11.651385758808,9.723625862851,-9.0039364082)
  );
#647 = ORIENTED_EDGE('',*,*,#429,.T.);
#648 = ORIENTED_EDGE('',*,*,#649,.T.);
#649 = EDGE_CURVE('',#430,#497,#650,.T.);
#650 = B_SPLINE_CURVE_WITH_KNOTS('',3,(#651,#652,#653,#654,#655,#656,
    #657,#658,#659,#660,#661,#662,#663),.UNSPECIFIED.,.F.,.F.,(4,1,1,1,1
    ,1,1,1,1,1,4),(9.495471188403E-04,1.886646867336E-03,
    2.823746615831E-03,3.760846364326E-03,4.229396238574E-03,
    4.697946112822E-03,5.166495987069E-03,5.635045861317E-03,
    6.572145609812E-03,7.509245358307E-03,8.446345106803E-03),
  .UNSPECIFIED.);
#651 = CARTESIAN_POINT('',(-11.65138575902,9.723625860184,-9.00393640817
    ));
#652 = CARTESIAN_POINT('',(-11.6660278751,9.546218529519,-8.746956016979
    ));
#653 = CARTESIAN_POINT('',(-11.72136340831,9.206596231827,
    -8.225632983164));
#654 = CARTESIAN_POINT('',(-11.88514497291,8.701883410762,
    -7.446683244877));
#655 = CARTESIAN_POINT('',(-12.11491909204,8.246607348826,
    -6.838015000149));
#656 = CARTESIAN_POINT('',(-12.44339159677,7.802898776357,-6.50765080459
    ));
#657 = CARTESIAN_POINT('',(-12.79276726388,7.451560621612,
    -6.495705052433));
#658 = CARTESIAN_POINT('',(-13.14086959023,7.192032367507,
    -6.714179760138));
#659 = CARTESIAN_POINT('',(-13.5634538195,6.947060567659,-7.113248126433
    ));
#660 = CARTESIAN_POINT('',(-14.05614590785,6.757112622048,
    -7.704461819127));
#661 = CARTESIAN_POINT('',(-14.62751391065,6.644078148769,
    -8.433683622345));
#662 = CARTESIAN_POINT('',(-15.01686873055,6.634312323235,
    -8.930145979014));
#663 = CARTESIAN_POINT('',(-15.21278588533,6.646744541941,
    -9.176236263715));
#664 = ORIENTED_EDGE('',*,*,#506,.T.);
#665 = ORIENTED_EDGE('',*,*,#666,.T.);
#666 = EDGE_CURVE('',#507,#325,#667,.T.);
#667 = B_SPLINE_CURVE_WITH_KNOTS('',3,(#668,#669,#670,#671,#672,#673,
    #674,#675,#676,#677,#678,#679,#680),.UNSPECIFIED.,.F.,.F.,(4,1,1,1,1
    ,1,1,1,1,1,4),(5.5415682425E-04,1.488905284847E-03,
    2.423653745445E-03,3.358402206042E-03,3.825776436341E-03,
    4.29315066664E-03,4.760524896939E-03,5.227899127237E-03,
    6.162647587835E-03,7.097396048432E-03,8.03214450903E-03),
  .UNSPECIFIED.);
#668 = CARTESIAN_POINT('',(-15.21278588083,-6.646744541655,
    -9.176236268499));
#669 = CARTESIAN_POINT('',(-15.0178233586,-6.634372900861,
    -8.931345093147));
#670 = CARTESIAN_POINT('',(-14.63261950027,-6.643679489648,
    -8.440217756164));
#671 = CARTESIAN_POINT('',(-14.06018115835,-6.755842616746,
    -7.709568751181));
#672 = CARTESIAN_POINT('',(-13.56596782801,-6.945684255362,
    -7.115770221246));
#673 = CARTESIAN_POINT('',(-13.14061606732,-7.192136678332,
    -6.713839996247));
#674 = CARTESIAN_POINT('',(-12.7934171943,-7.451177249416,
    -6.496388957942));
#675 = CARTESIAN_POINT('',(-12.44525610026,-7.800659660032,
    -6.506563770454));
#676 = CARTESIAN_POINT('',(-12.11366071927,-8.248071300393,
    -6.838672164315));
#677 = CARTESIAN_POINT('',(-11.88477391146,-8.703444924433,
    -7.449467398179));
#678 = CARTESIAN_POINT('',(-11.72196200659,-9.204415664955,
    -8.222125628419));
#679 = CARTESIAN_POINT('',(-11.66611334157,-9.545182995909,
    -8.74545600878));
#680 = CARTESIAN_POINT('',(-11.6513857588,-9.723625862848,
    -9.003936408195));
#681 = ORIENTED_EDGE('',*,*,#334,.T.);
#682 = ORIENTED_EDGE('',*,*,#607,.F.);
#683 = B_SPLINE_SURFACE_WITH_KNOTS('',3,3,(
    (#684,#685,#686,#687)
    ,(#688,#689,#690,#691)
    ,(#692,#693,#694,#695)
    ,(#696,#697,#698,#699)
    ,(#700,#701,#702,#703)
    ,(#704,#705,#706,#707)
    ,(#708,#709,#710,#711)
    ,(#712,#713,#714,#715)
    ,(#716,#717,#718,#719)
    ,(#720,#721,#722,#723)
    ,(#724,#725,#726,#727)
    ,(#728,#729,#730,#731)
    ,(#732,#733,#734,#735)
    ,(#736,#737,#738,#739)
    ,(#740,#741,#742,#743)
    ,(#744,#745,#746,#747)
    ,(#748,#749,#750,#751)
    ,(#752,#753,#754,#755)
    ,(#756,#757,#758,#759)
    ,(#760,#761,#762,#763)
    ,(#764,#765,#766,#767)
    ,(#768,#769,#770,#771)
    ,(#772,#773,#774,#775)
    ,(#776,#777,#778,#779)
    ,(#780,#781,#782,#783)
    ,(#784,#785,#786,#787)
    ,(#788,#789,#790,#791)
    ,(#792,#793,#794,#795)
    ,(#796,#797,#798,#799)
    ,(#800,#801,#802,#803)
    ,(#804,#805,#806,#807)
    ,(#808,#809,#810,#811)
    ,(#812,#813,#814,#815)
    ,(#816,#817,#818,#819)
    ,(#820,#821,#822,#823)
    ,(#824,#825,#826,#827)
    ,(#828,#829,#830,#831)
    ,(#832,#833,#834,#835)
    ,(#836,#837,#838,#839)
    ,(#840,#841,#842,#843)
    ,(#844,#845,#846,#847)
    ,(#848,#849,#850,#851)
    ,(#852,#853,#854,#855)
    ,(#856,#857,#858,#859)
    ,(#860,#861,#862,#863)
    ,(#864,#865,#866,#867)
    ,(#868,#869,#870,#871)
    ,(#872,#873,#874,#875)
    ,(#876,#877,#878,#879)
    ,(#880,#881,#882,#883
    )),.UNSPECIFIED.,.T.,.F.,.F.,(1,3,2,2,2,2,2,2,2,2,2,2,2,2,2,2,2,2,2,
    2,2,2,2,2,2,3,1),(4,4),(-6.2500006669E-02,0.,6.249999333075E-02,
    0.124999986661,0.156249983327,0.187499979992,0.218749976658,
    0.249999973323,0.281249976658,0.312499979992,0.343749983327,
    0.374999986661,0.437499993331,0.5,0.562499993331,0.624999986661,
    0.656249983327,0.687499979992,0.718749976658,0.749999973323,
    0.781249976658,0.812499979992,0.843749983327,0.874999986661,
    0.937499993331,1.,1.062499993331),(0.,0.959610845567),
  .UNSPECIFIED.);
#684 = CARTESIAN_POINT('',(1.03E-15,-10.11385188738,7.));
#685 = CARTESIAN_POINT('',(1.03E-15,-13.96802336089,4.285332699421));
#686 = CARTESIAN_POINT('',(-1.52E-15,-10.34607382934,-7.065188635096));
#687 = CARTESIAN_POINT('',(-1.72E-15,-13.46500472892,-9.978284732533));
#688 = CARTESIAN_POINT('',(-1.323899974934,-10.11385188738,7.));
#689 = CARTESIAN_POINT('',(-1.676191772853,-13.96802336089,
    4.285332699421));
#690 = CARTESIAN_POINT('',(-2.028483570772,-10.34607382934,
    -7.065188635096));
#691 = CARTESIAN_POINT('',(-2.38077536869,-13.46500472892,
    -9.978284732533));
#692 = CARTESIAN_POINT('',(-2.647279163139,-9.850615442542,7.));
#693 = CARTESIAN_POINT('',(-3.535905265358,-13.50802232461,
    4.203938644118));
#694 = CARTESIAN_POINT('',(-3.874040641121,-10.15656576442,
    -6.815614628407));
#695 = CARTESIAN_POINT('',(-4.737644795027,-13.12468460844,
    -9.947646152827));
#696 = CARTESIAN_POINT('',(-5.093527652592,-8.837346186312,7.));
#697 = CARTESIAN_POINT('',(-7.185647465899,-11.87771961132,
    3.959756478209));
#698 = CARTESIAN_POINT('',(-7.07580437338,-9.311002282539,
    -6.066892608341));
#699 = CARTESIAN_POINT('',(-9.067836393431,-11.79994527711,
    -9.855730413707));
#700 = CARTESIAN_POINT('',(-6.215434453759,-8.087712053216,7.));
#701 = CARTESIAN_POINT('',(-8.974457551116,-10.70786429795,
    3.796968367603));
#702 = CARTESIAN_POINT('',(-8.430536289734,-8.655440914535,
    -5.567744594963));
#703 = CARTESIAN_POINT('',(-11.0394276972,-10.81606780057,
    -9.794453254294));
#704 = CARTESIAN_POINT('',(-7.619642653352,-6.683503853623,7.));
#705 = CARTESIAN_POINT('',(-11.30487095498,-8.63986299302,3.552786201694
    ));
#706 = CARTESIAN_POINT('',(-10.0356827185,-7.3254191927,-4.819022574896)
  );
#707 = CARTESIAN_POINT('',(-13.49571348531,-8.960110581005,
    -9.702537515174));
#708 = CARTESIAN_POINT('',(-8.041600804312,-6.169346352856,7.));
#709 = CARTESIAN_POINT('',(-12.02329390053,-7.898928591923,
    3.471392146391));
#710 = CARTESIAN_POINT('',(-10.50007973219,-6.82496545409,
    -4.569448568207));
#711 = CARTESIAN_POINT('',(-14.23155334527,-8.278832477936,
    -9.671898935467));
#712 = CARTESIAN_POINT('',(-8.77712032144,-5.068563581565,7.));
#713 = CARTESIAN_POINT('',(-13.29987582139,-6.356584160664,
    3.318778292698));
#714 = CARTESIAN_POINT('',(-11.28555394468,-5.717167293143,
    -4.101497305665));
#715 = CARTESIAN_POINT('',(-15.5111738084,-6.815633661777,
    -9.614451598517));
#716 = CARTESIAN_POINT('',(-9.09066350037,-4.481965530229,7.));
#717 = CARTESIAN_POINT('',(-13.85801176981,-5.555204605336,
    3.247558494307));
#718 = CARTESIAN_POINT('',(-11.60660327694,-5.109856601289,
    -3.883120049812));
#719 = CARTESIAN_POINT('',(-16.05492170538,-6.033749934818,
    -9.587642841274));
#720 = CARTESIAN_POINT('',(-9.597298128485,-3.258841285502,7.));
#721 = CARTESIAN_POINT('',(-14.7757342762,-3.937865333034,3.125467411353
    ));
#722 = CARTESIAN_POINT('',(-12.10967757192,-3.799188645637,
    -3.508759039779));
#723 = CARTESIAN_POINT('',(-16.93155095617,-4.397795755396,
    -9.541684971714));
#724 = CARTESIAN_POINT('',(-9.790377050127,-2.622345336452,7.));
#725 = CARTESIAN_POINT('',(-15.13530497303,-3.121939477883,
    3.074596126788));
#726 = CARTESIAN_POINT('',(-12.2916833399,-3.095868861145,
    -3.352775285598));
#727 = CARTESIAN_POINT('',(-17.26440978164,-3.543766399721,
    -9.522535859398));
#728 = CARTESIAN_POINT('',(-10.04865712278,-1.323883633832,7.));
#729 = CARTESIAN_POINT('',(-15.62347221851,-1.523551277325,
    3.003376328398));
#730 = CARTESIAN_POINT('',(-12.52805837255,-1.606404530113,
    -3.134398029745));
#731 = CARTESIAN_POINT('',(-17.70877778233,-1.794584039639,
    -9.495727102154));
#732 = CARTESIAN_POINT('',(-10.11385188738,-0.661949987467,7.));
#733 = CARTESIAN_POINT('',(-15.75206068131,-0.74112487942,2.983027814572
    ));
#734 = CARTESIAN_POINT('',(-12.58241785193,-0.820299771373,
    -3.072004528073));
#735 = CARTESIAN_POINT('',(-17.82027547283,-0.899474663327,
    -9.488067457228));
#736 = CARTESIAN_POINT('',(-10.11385188738,0.661950128738,7.));
#737 = CARTESIAN_POINT('',(-15.75206068131,0.741125037588,2.983027814572
    ));
#738 = CARTESIAN_POINT('',(-12.58241785193,0.820299946439,
    -3.072004528073));
#739 = CARTESIAN_POINT('',(-17.82027547283,0.899474855289,
    -9.488067457228));
#740 = CARTESIAN_POINT('',(-10.04865709585,1.323883862538,7.));
#741 = CARTESIAN_POINT('',(-15.62347218441,1.523551533385,3.003376328398
    ));
#742 = CARTESIAN_POINT('',(-12.52805833128,1.606404813529,
    -3.134398029745));
#743 = CARTESIAN_POINT('',(-17.7087777339,1.794584350409,-9.495727102154
    ));
#744 = CARTESIAN_POINT('',(-9.79037696854,2.622345653313,7.));
#745 = CARTESIAN_POINT('',(-15.13530486973,3.121939832642,3.074596126788
    ));
#746 = CARTESIAN_POINT('',(-12.29168321489,3.095869253803,
    -3.352775285598));
#747 = CARTESIAN_POINT('',(-17.26440963492,3.543766830279,
    -9.522535859398));
#748 = CARTESIAN_POINT('',(-9.597298019308,3.258841603442,7.));
#749 = CARTESIAN_POINT('',(-14.77573413797,3.937865689002,3.125467411353
    ));
#750 = CARTESIAN_POINT('',(-12.10967740464,3.799189039633,
    -3.508759039779));
#751 = CARTESIAN_POINT('',(-16.93155075984,4.397796187421,
    -9.541684971714));
#752 = CARTESIAN_POINT('',(-9.090663366268,4.481965799617,7.));
#753 = CARTESIAN_POINT('',(-13.85801160003,5.555204906945,3.247558494307
    ));
#754 = CARTESIAN_POINT('',(-11.60660307147,5.109856935119,
    -3.883120049812));
#755 = CARTESIAN_POINT('',(-16.05492146423,6.033750300869,
    -9.587642841274));
#756 = CARTESIAN_POINT('',(-8.777120189996,5.068563801689,7.));
#757 = CARTESIAN_POINT('',(-13.29987565497,6.356584407117,3.318778292698
    ));
#758 = CARTESIAN_POINT('',(-11.28555374328,5.717167565925,
    -4.101497305665));
#759 = CARTESIAN_POINT('',(-15.51117357203,6.815633960887,
    -9.614451598517));
#760 = CARTESIAN_POINT('',(-8.041600715015,6.169346463095,7.));
#761 = CARTESIAN_POINT('',(-12.02329378747,7.898928715347,3.471392146391
    ));
#762 = CARTESIAN_POINT('',(-10.50007959537,6.8249655907,-4.569448568207)
  );
#763 = CARTESIAN_POINT('',(-14.23155318469,8.278832627731,
    -9.671898935467));
#764 = CARTESIAN_POINT('',(-7.619642603405,6.68350390357,7.));
#765 = CARTESIAN_POINT('',(-11.30487089174,8.639863048941,3.552786201694
    ));
#766 = CARTESIAN_POINT('',(-10.03568264197,7.325419254595,
    -4.819022574896));
#767 = CARTESIAN_POINT('',(-13.49571339549,8.960110648874,
    -9.702537515174));
#768 = CARTESIAN_POINT('',(-6.215434553653,8.087711953323,7.));
#769 = CARTESIAN_POINT('',(-8.974457677592,10.707864186118,
    3.796968367603));
#770 = CARTESIAN_POINT('',(-8.430536442791,8.655440790746,
    -5.567744594963));
#771 = CARTESIAN_POINT('',(-11.03942787684,10.816067664838,
    -9.794453254294));
#772 = CARTESIAN_POINT('',(-5.093527897704,8.837346039747,7.));
#773 = CARTESIAN_POINT('',(-7.185647776236,11.877719447231,
    3.959756478209));
#774 = CARTESIAN_POINT('',(-7.075804748941,9.311002100914,
    -6.066892608341));
#775 = CARTESIAN_POINT('',(-9.067836834216,11.799945077954,
    -9.855730413707));
#776 = CARTESIAN_POINT('',(-2.647279505354,9.850615345828,7.));
#777 = CARTESIAN_POINT('',(-3.535905698638,13.508022216328,
    4.203938644118));
#778 = CARTESIAN_POINT('',(-3.874041165465,10.156565644577,
    -6.815614628407));
#779 = CARTESIAN_POINT('',(-4.737645410435,13.124684477024,
    -9.947646152827));
#780 = CARTESIAN_POINT('',(-1.323900257475,10.113851887387,7.));
#781 = CARTESIAN_POINT('',(-1.676192130579,13.968023360897,
    4.285332699421));
#782 = CARTESIAN_POINT('',(-2.028484003683,10.346073829341,
    -7.065188635096));
#783 = CARTESIAN_POINT('',(-2.380775876786,13.465004728927,
    -9.978284732533));
#784 = CARTESIAN_POINT('',(1.323899974934,10.113851887387,7.));
#785 = CARTESIAN_POINT('',(1.676191772853,13.968023360897,4.285332699421
    ));
#786 = CARTESIAN_POINT('',(2.028483570772,10.346073829341,
    -7.065188635096));
#787 = CARTESIAN_POINT('',(2.38077536869,13.465004728927,-9.978284732533
    ));
#788 = CARTESIAN_POINT('',(2.647279163139,9.850615442542,7.));
#789 = CARTESIAN_POINT('',(3.535905265358,13.50802232461,4.203938644118)
  );
#790 = CARTESIAN_POINT('',(3.874040641121,10.156565764428,
    -6.815614628407));
#791 = CARTESIAN_POINT('',(4.737644795027,13.124684608442,
    -9.947646152827));
#792 = CARTESIAN_POINT('',(5.093527652592,8.837346186312,7.));
#793 = CARTESIAN_POINT('',(7.185647465899,11.877719611326,3.959756478209
    ));
#794 = CARTESIAN_POINT('',(7.07580437338,9.311002282539,-6.066892608341)
  );
#795 = CARTESIAN_POINT('',(9.067836393431,11.79994527711,-9.855730413707
    ));
#796 = CARTESIAN_POINT('',(6.215434453759,8.087712053216,7.));
#797 = CARTESIAN_POINT('',(8.974457551116,10.707864297959,3.796968367603
    ));
#798 = CARTESIAN_POINT('',(8.430536289734,8.655440914535,-5.567744594963
    ));
#799 = CARTESIAN_POINT('',(11.039427697207,10.816067800576,
    -9.794453254294));
#800 = CARTESIAN_POINT('',(7.619642653352,6.683503853623,7.));
#801 = CARTESIAN_POINT('',(11.304870954984,8.63986299302,3.552786201694)
  );
#802 = CARTESIAN_POINT('',(10.035682718507,7.3254191927,-4.819022574896)
  );
#803 = CARTESIAN_POINT('',(13.495713485313,8.960110581005,
    -9.702537515174));
#804 = CARTESIAN_POINT('',(8.041600804312,6.169346352856,7.));
#805 = CARTESIAN_POINT('',(12.023293900535,7.898928591923,3.471392146391
    ));
#806 = CARTESIAN_POINT('',(10.500079732191,6.82496545409,-4.569448568207
    ));
#807 = CARTESIAN_POINT('',(14.231553345273,8.278832477936,
    -9.671898935467));
#808 = CARTESIAN_POINT('',(8.77712032144,5.068563581565,7.));
#809 = CARTESIAN_POINT('',(13.299875821397,6.356584160664,3.318778292698
    ));
#810 = CARTESIAN_POINT('',(11.285553944681,5.717167293143,
    -4.101497305665));
#811 = CARTESIAN_POINT('',(15.511173808408,6.815633661777,
    -9.614451598517));
#812 = CARTESIAN_POINT('',(9.09066350037,4.481965530229,7.));
#813 = CARTESIAN_POINT('',(13.858011769818,5.555204605336,3.247558494307
    ));
#814 = CARTESIAN_POINT('',(11.606603276943,5.109856601289,
    -3.883120049812));
#815 = CARTESIAN_POINT('',(16.054921705388,6.033749934818,
    -9.587642841274));
#816 = CARTESIAN_POINT('',(9.597298128485,3.258841285502,7.));
#817 = CARTESIAN_POINT('',(14.775734276208,3.937865333034,3.125467411353
    ));
#818 = CARTESIAN_POINT('',(12.109677571925,3.799188645637,
    -3.508759039779));
#819 = CARTESIAN_POINT('',(16.931550956174,4.397795755396,
    -9.541684971714));
#820 = CARTESIAN_POINT('',(9.790377050127,2.622345336452,7.));
#821 = CARTESIAN_POINT('',(15.135304973037,3.121939477883,3.074596126788
    ));
#822 = CARTESIAN_POINT('',(12.291683339903,3.095868861145,
    -3.352775285598));
#823 = CARTESIAN_POINT('',(17.264409781641,3.543766399721,
    -9.522535859398));
#824 = CARTESIAN_POINT('',(10.048657122787,1.323883633832,7.));
#825 = CARTESIAN_POINT('',(15.623472218516,1.523551277325,3.003376328398
    ));
#826 = CARTESIAN_POINT('',(12.528058372552,1.606404530113,
    -3.134398029745));
#827 = CARTESIAN_POINT('',(17.708777782334,1.794584039639,
    -9.495727102154));
#828 = CARTESIAN_POINT('',(10.113851887387,0.661949987467,7.));
#829 = CARTESIAN_POINT('',(15.752060681313,0.74112487942,2.983027814572)
  );
#830 = CARTESIAN_POINT('',(12.582417851933,0.820299771373,
    -3.072004528073));
#831 = CARTESIAN_POINT('',(17.820275472835,0.899474663327,
    -9.488067457228));
#832 = CARTESIAN_POINT('',(10.113851887387,-0.661950128738,7.));
#833 = CARTESIAN_POINT('',(15.752060681313,-0.741125037588,
    2.983027814572));
#834 = CARTESIAN_POINT('',(12.582417851933,-0.820299946439,
    -3.072004528073));
#835 = CARTESIAN_POINT('',(17.820275472835,-0.899474855289,
    -9.488067457228));
#836 = CARTESIAN_POINT('',(10.048657095855,-1.323883862538,7.));
#837 = CARTESIAN_POINT('',(15.623472184417,-1.523551533385,
    3.003376328398));
#838 = CARTESIAN_POINT('',(12.528058331286,-1.606404813529,
    -3.134398029746));
#839 = CARTESIAN_POINT('',(17.708777733902,-1.794584350409,
    -9.495727102154));
#840 = CARTESIAN_POINT('',(9.79037696854,-2.622345653313,7.));
#841 = CARTESIAN_POINT('',(15.135304869739,-3.121939832642,
    3.074596126788));
#842 = CARTESIAN_POINT('',(12.291683214895,-3.095869253803,
    -3.352775285598));
#843 = CARTESIAN_POINT('',(17.264409634922,-3.543766830279,
    -9.522535859398));
#844 = CARTESIAN_POINT('',(9.597298019308,-3.258841603442,7.));
#845 = CARTESIAN_POINT('',(14.775734137979,-3.937865689002,
    3.125467411353));
#846 = CARTESIAN_POINT('',(12.109677404644,-3.799189039633,
    -3.508759039779));
#847 = CARTESIAN_POINT('',(16.93155075984,-4.397796187421,
    -9.541684971714));
#848 = CARTESIAN_POINT('',(9.090663366268,-4.481965799617,7.));
#849 = CARTESIAN_POINT('',(13.858011600031,-5.555204906945,
    3.247558494307));
#850 = CARTESIAN_POINT('',(11.606603071472,-5.109856935119,
    -3.883120049812));
#851 = CARTESIAN_POINT('',(16.054921464232,-6.033750300869,
    -9.587642841274));
#852 = CARTESIAN_POINT('',(8.777120189996,-5.068563801689,7.));
#853 = CARTESIAN_POINT('',(13.299875654975,-6.356584407117,
    3.318778292698));
#854 = CARTESIAN_POINT('',(11.285553743281,-5.717167565925,
    -4.101497305665));
#855 = CARTESIAN_POINT('',(15.511173572031,-6.815633960887,
    -9.614451598517));
#856 = CARTESIAN_POINT('',(8.041600715015,-6.169346463095,7.));
#857 = CARTESIAN_POINT('',(12.023293787476,-7.898928715347,
    3.471392146391));
#858 = CARTESIAN_POINT('',(10.50007959537,-6.8249655907,-4.569448568207)
  );
#859 = CARTESIAN_POINT('',(14.23155318469,-8.278832627731,
    -9.671898935467));
#860 = CARTESIAN_POINT('',(7.619642603405,-6.68350390357,7.));
#861 = CARTESIAN_POINT('',(11.304870891747,-8.639863048941,
    3.552786201694));
#862 = CARTESIAN_POINT('',(10.035682641978,-7.325419254595,
    -4.819022574896));
#863 = CARTESIAN_POINT('',(13.495713395493,-8.960110648874,
    -9.702537515174));
#864 = CARTESIAN_POINT('',(6.215434553653,-8.087711953323,7.));
#865 = CARTESIAN_POINT('',(8.974457677592,-10.70786418611,3.796968367603
    ));
#866 = CARTESIAN_POINT('',(8.430536442791,-8.655440790746,
    -5.567744594963));
#867 = CARTESIAN_POINT('',(11.039427876846,-10.81606766483,
    -9.794453254294));
#868 = CARTESIAN_POINT('',(5.093527897704,-8.837346039747,7.));
#869 = CARTESIAN_POINT('',(7.185647776236,-11.87771944723,3.959756478209
    ));
#870 = CARTESIAN_POINT('',(7.075804748941,-9.311002100914,
    -6.066892608341));
#871 = CARTESIAN_POINT('',(9.067836834216,-11.79994507795,
    -9.855730413707));
#872 = CARTESIAN_POINT('',(2.647279505354,-9.850615345828,7.));
#873 = CARTESIAN_POINT('',(3.535905698638,-13.50802221632,4.203938644118
    ));
#874 = CARTESIAN_POINT('',(3.874041165465,-10.15656564457,
    -6.815614628407));
#875 = CARTESIAN_POINT('',(4.737645410435,-13.12468447702,
    -9.947646152827));
#876 = CARTESIAN_POINT('',(1.323900257475,-10.11385188738,7.));
#877 = CARTESIAN_POINT('',(1.676192130579,-13.96802336089,4.285332699421
    ));
#878 = CARTESIAN_POINT('',(2.028484003683,-10.34607382934,
    -7.065188635096));
#879 = CARTESIAN_POINT('',(2.380775876786,-13.46500472892,
    -9.978284732533));
#880 = CARTESIAN_POINT('',(1.03E-15,-10.11385188738,7.));
#881 = CARTESIAN_POINT('',(1.03E-15,-13.96802336089,4.285332699421));
#882 = CARTESIAN_POINT('',(-1.52E-15,-10.34607382934,-7.065188635096));
#883 = CARTESIAN_POINT('',(-1.72E-15,-13.46500472892,-9.978284732533));
#884 = ADVANCED_FACE('',(#885,#905),#911,.F.);
#885 = FACE_BOUND('',#886,.T.);
#886 = EDGE_LOOP('',(#887,#898));
#887 = ORIENTED_EDGE('',*,*,#888,.T.);
#888 = EDGE_CURVE('',#889,#891,#893,.T.);
#889 = VERTEX_POINT('',#890);
#890 = CARTESIAN_POINT('',(-7.555792479945,0.,7.));
#891 = VERTEX_POINT('',#892);
#892 = CARTESIAN_POINT('',(7.555792479945,2.E-15,7.));
#893 = CIRCLE('',#894,7.555792479945);
#894 = AXIS2_PLACEMENT_3D('',#895,#896,#897);
#895 = CARTESIAN_POINT('',(-6.3E-16,0.,7.));
#896 = DIRECTION('',(0.,0.,-1.));
#897 = DIRECTION('',(-1.,0.,0.));
#898 = ORIENTED_EDGE('',*,*,#899,.T.);
#899 = EDGE_CURVE('',#891,#889,#900,.T.);
#900 = CIRCLE('',#901,7.555792479945);
#901 = AXIS2_PLACEMENT_3D('',#902,#903,#904);
#902 = CARTESIAN_POINT('',(-6.3E-16,0.,7.));
#903 = DIRECTION('',(0.,0.,-1.));
#904 = DIRECTION('',(-1.,0.,0.));
#905 = FACE_BOUND('',#906,.T.);
#906 = EDGE_LOOP('',(#907,#908,#909,#910));
#907 = ORIENTED_EDGE('',*,*,#582,.F.);
#908 = ORIENTED_EDGE('',*,*,#571,.F.);
#909 = ORIENTED_EDGE('',*,*,#600,.F.);
#910 = ORIENTED_EDGE('',*,*,#591,.F.);
#911 = PLANE('',#912);
#912 = AXIS2_PLACEMENT_3D('',#913,#914,#915);
#913 = CARTESIAN_POINT('',(-3.99E-15,4.3E-16,7.));
#914 = DIRECTION('',(0.,0.,-1.));
#915 = DIRECTION('',(-1.,0.,0.));
#916 = ADVANCED_FACE('',(#917),#969,.F.);
#917 = FACE_BOUND('',#918,.T.);
#918 = EDGE_LOOP('',(#919,#929,#937,#947,#955,#963));
#919 = ORIENTED_EDGE('',*,*,#920,.T.);
#920 = EDGE_CURVE('',#921,#923,#925,.T.);
#921 = VERTEX_POINT('',#922);
#922 = CARTESIAN_POINT('',(20.,15.,-13.3));
#923 = VERTEX_POINT('',#924);
#924 = CARTESIAN_POINT('',(20.,15.,-11.3));
#925 = LINE('',#926,#927);
#926 = CARTESIAN_POINT('',(20.,15.,-13.3));
#927 = VECTOR('',#928,1.);
#928 = DIRECTION('',(0.,6.E-17,1.));
#929 = ORIENTED_EDGE('',*,*,#930,.T.);
#930 = EDGE_CURVE('',#923,#931,#933,.T.);
#931 = VERTEX_POINT('',#932);
#932 = CARTESIAN_POINT('',(20.,4.004794274929,-11.3));
#933 = LINE('',#934,#935);
#934 = CARTESIAN_POINT('',(20.,-15.,-11.3));
#935 = VECTOR('',#936,1.);
#936 = DIRECTION('',(0.,-1.,6.E-17));
#937 = ORIENTED_EDGE('',*,*,#938,.T.);
#938 = EDGE_CURVE('',#931,#939,#941,.T.);
#939 = VERTEX_POINT('',#940);
#940 = CARTESIAN_POINT('',(20.,-4.004794282406,-11.3));
#941 = B_SPLINE_CURVE_WITH_KNOTS('',3,(#942,#943,#944,#945,#946),
  .UNSPECIFIED.,.F.,.F.,(4,1,4),(0.,4.004593865729E-03,
    8.009187731459E-03),.UNSPECIFIED.);
#942 = CARTESIAN_POINT('',(20.,4.004794274929,-11.3));
#943 = CARTESIAN_POINT('',(20.,2.669914089814,-11.3));
#944 = CARTESIAN_POINT('',(20.,5.714004897609E-04,-11.17040537065));
#945 = CARTESIAN_POINT('',(20.,-2.669190416427,-11.3));
#946 = CARTESIAN_POINT('',(20.,-4.004794282406,-11.3));
#947 = ORIENTED_EDGE('',*,*,#948,.T.);
#948 = EDGE_CURVE('',#939,#949,#951,.T.);
#949 = VERTEX_POINT('',#950);
#950 = CARTESIAN_POINT('',(20.,-15.,-11.3));
#951 = LINE('',#952,#953);
#952 = CARTESIAN_POINT('',(20.,-15.,-11.3));
#953 = VECTOR('',#954,1.);
#954 = DIRECTION('',(0.,-1.,6.E-17));
#955 = ORIENTED_EDGE('',*,*,#956,.F.);
#956 = EDGE_CURVE('',#957,#949,#959,.T.);
#957 = VERTEX_POINT('',#958);
#958 = CARTESIAN_POINT('',(20.,-15.,-13.3));
#959 = LINE('',#960,#961);
#960 = CARTESIAN_POINT('',(20.,-15.,-13.3));
#961 = VECTOR('',#962,1.);
#962 = DIRECTION('',(0.,6.E-17,1.));
#963 = ORIENTED_EDGE('',*,*,#964,.F.);
#964 = EDGE_CURVE('',#921,#957,#965,.T.);
#965 = LINE('',#966,#967);
#966 = CARTESIAN_POINT('',(20.,-1.8E-16,-13.3));
#967 = VECTOR('',#968,1.);
#968 = DIRECTION('',(0.,-1.,6.E-17));
#969 = PLANE('',#970);
#970 = AXIS2_PLACEMENT_3D('',#971,#972,#973);
#971 = CARTESIAN_POINT('',(20.,-1.8E-16,-13.3));
#972 = DIRECTION('',(-1.,0.,0.));
#973 = DIRECTION('',(0.,0.,1.));
#974 = ADVANCED_FACE('',(#975),#1018,.T.);
#975 = FACE_BOUND('',#976,.T.);
#976 = EDGE_LOOP('',(#977,#987,#995,#1005,#1011,#1012));
#977 = ORIENTED_EDGE('',*,*,#978,.T.);
#978 = EDGE_CURVE('',#979,#981,#983,.T.);
#979 = VERTEX_POINT('',#980);
#980 = CARTESIAN_POINT('',(-20.,15.,-13.3));
#981 = VERTEX_POINT('',#982);
#982 = CARTESIAN_POINT('',(-20.,15.,-11.3));
#983 = LINE('',#984,#985);
#984 = CARTESIAN_POINT('',(-20.,15.,-13.3));
#985 = VECTOR('',#986,1.);
#986 = DIRECTION('',(0.,6.E-17,1.));
#987 = ORIENTED_EDGE('',*,*,#988,.F.);
#988 = EDGE_CURVE('',#989,#981,#991,.T.);
#989 = VERTEX_POINT('',#990);
#990 = CARTESIAN_POINT('',(-7.374225186593,15.,-11.3));
#991 = LINE('',#992,#993);
#992 = CARTESIAN_POINT('',(0.,15.,-11.3));
#993 = VECTOR('',#994,1.);
#994 = DIRECTION('',(-1.,0.,0.));
#995 = ORIENTED_EDGE('',*,*,#996,.T.);
#996 = EDGE_CURVE('',#989,#997,#999,.T.);
#997 = VERTEX_POINT('',#998);
#998 = CARTESIAN_POINT('',(7.374225262875,15.,-11.3));
#999 = B_SPLINE_CURVE_WITH_KNOTS('',3,(#1000,#1001,#1002,#1003,#1004),
  .UNSPECIFIED.,.F.,.F.,(4,1,4),(0.,7.375950254841E-03,
    1.475190050968E-02),.UNSPECIFIED.);
#1000 = CARTESIAN_POINT('',(-7.374225186593,15.,-11.3));
#1001 = CARTESIAN_POINT('',(-4.915086588586,15.,-11.3));
#1002 = CARTESIAN_POINT('',(5.649295357702E-04,15.,-11.01952241425));
#1003 = CARTESIAN_POINT('',(4.915431151764,15.,-11.3));
#1004 = CARTESIAN_POINT('',(7.374225262875,15.,-11.3));
#1005 = ORIENTED_EDGE('',*,*,#1006,.F.);
#1006 = EDGE_CURVE('',#923,#997,#1007,.T.);
#1007 = LINE('',#1008,#1009);
#1008 = CARTESIAN_POINT('',(0.,15.,-11.3));
#1009 = VECTOR('',#1010,1.);
#1010 = DIRECTION('',(-1.,0.,0.));
#1011 = ORIENTED_EDGE('',*,*,#920,.F.);
#1012 = ORIENTED_EDGE('',*,*,#1013,.T.);
#1013 = EDGE_CURVE('',#921,#979,#1014,.T.);
#1014 = LINE('',#1015,#1016);
#1015 = CARTESIAN_POINT('',(0.,15.,-13.3));
#1016 = VECTOR('',#1017,1.);
#1017 = DIRECTION('',(-1.,0.,0.));
#1018 = PLANE('',#1019);
#1019 = AXIS2_PLACEMENT_3D('',#1020,#1021,#1022);
#1020 = CARTESIAN_POINT('',(0.,15.,-13.3));
#1021 = DIRECTION('',(0.,1.,-6.E-17));
#1022 = DIRECTION('',(0.,6.E-17,1.));
#1023 = ADVANCED_FACE('',(#1024),#1067,.T.);
#1024 = FACE_BOUND('',#1025,.T.);
#1025 = EDGE_LOOP('',(#1026,#1036,#1044,#1054,#1060,#1061));
#1026 = ORIENTED_EDGE('',*,*,#1027,.T.);
#1027 = EDGE_CURVE('',#1028,#1030,#1032,.T.);
#1028 = VERTEX_POINT('',#1029);
#1029 = CARTESIAN_POINT('',(-20.,-15.,-13.3));
#1030 = VERTEX_POINT('',#1031);
#1031 = CARTESIAN_POINT('',(-20.,-15.,-11.3));
#1032 = LINE('',#1033,#1034);
#1033 = CARTESIAN_POINT('',(-20.,-15.,-13.3));
#1034 = VECTOR('',#1035,1.);
#1035 = DIRECTION('',(0.,6.E-17,1.));
#1036 = ORIENTED_EDGE('',*,*,#1037,.F.);
#1037 = EDGE_CURVE('',#1038,#1030,#1040,.T.);
#1038 = VERTEX_POINT('',#1039);
#1039 = CARTESIAN_POINT('',(-20.,-4.004794274899,-11.3));
#1040 = LINE('',#1041,#1042);
#1041 = CARTESIAN_POINT('',(-20.,-6.E-17,-11.3));
#1042 = VECTOR('',#1043,1.);
#1043 = DIRECTION('',(0.,-1.,6.E-17));
#1044 = ORIENTED_EDGE('',*,*,#1045,.T.);
#1045 = EDGE_CURVE('',#1038,#1046,#1048,.T.);
#1046 = VERTEX_POINT('',#1047);
#1047 = CARTESIAN_POINT('',(-20.,4.004794282406,-11.3));
#1048 = B_SPLINE_CURVE_WITH_KNOTS('',3,(#1049,#1050,#1051,#1052,#1053),
  .UNSPECIFIED.,.F.,.F.,(4,1,4),(0.,4.00472775141E-03,8.009455502821E-03
    ),.UNSPECIFIED.);
#1049 = CARTESIAN_POINT('',(-20.,-4.004794274899,-11.3));
#1050 = CARTESIAN_POINT('',(-20.,-2.669883053537,-11.3));
#1051 = CARTESIAN_POINT('',(-20.,-1.553324298119E-04,-11.17040536748));
#1052 = CARTESIAN_POINT('',(-20.,2.669505887974,-11.3));
#1053 = CARTESIAN_POINT('',(-20.,4.004794282406,-11.3));
#1054 = ORIENTED_EDGE('',*,*,#1055,.F.);
#1055 = EDGE_CURVE('',#981,#1046,#1056,.T.);
#1056 = LINE('',#1057,#1058);
#1057 = CARTESIAN_POINT('',(-20.,-6.E-17,-11.3));
#1058 = VECTOR('',#1059,1.);
#1059 = DIRECTION('',(0.,-1.,6.E-17));
#1060 = ORIENTED_EDGE('',*,*,#978,.F.);
#1061 = ORIENTED_EDGE('',*,*,#1062,.T.);
#1062 = EDGE_CURVE('',#979,#1028,#1063,.T.);
#1063 = LINE('',#1064,#1065);
#1064 = CARTESIAN_POINT('',(-20.,-1.8E-16,-13.3));
#1065 = VECTOR('',#1066,1.);
#1066 = DIRECTION('',(0.,-1.,6.E-17));
#1067 = PLANE('',#1068);
#1068 = AXIS2_PLACEMENT_3D('',#1069,#1070,#1071);
#1069 = CARTESIAN_POINT('',(-20.,-1.8E-16,-13.3));
#1070 = DIRECTION('',(-1.,0.,0.));
#1071 = DIRECTION('',(0.,0.,1.));
#1072 = ADVANCED_FACE('',(#1073),#1107,.F.);
#1073 = FACE_BOUND('',#1074,.T.);
#1074 = EDGE_LOOP('',(#1075,#1076,#1084,#1094,#1100,#1101));
#1075 = ORIENTED_EDGE('',*,*,#956,.T.);
#1076 = ORIENTED_EDGE('',*,*,#1077,.T.);
#1077 = EDGE_CURVE('',#949,#1078,#1080,.T.);
#1078 = VERTEX_POINT('',#1079);
#1079 = CARTESIAN_POINT('',(7.374225186593,-15.,-11.3));
#1080 = LINE('',#1081,#1082);
#1081 = CARTESIAN_POINT('',(-20.,-15.,-11.3));
#1082 = VECTOR('',#1083,1.);
#1083 = DIRECTION('',(-1.,9.E-17,-0.));
#1084 = ORIENTED_EDGE('',*,*,#1085,.T.);
#1085 = EDGE_CURVE('',#1078,#1086,#1088,.T.);
#1086 = VERTEX_POINT('',#1087);
#1087 = CARTESIAN_POINT('',(-7.374225262876,-15.,-11.3));
#1088 = B_SPLINE_CURVE_WITH_KNOTS('',3,(#1089,#1090,#1091,#1092,#1093),
  .UNSPECIFIED.,.F.,.F.,(4,1,4),(0.,7.375950254841E-03,
    1.475190050968E-02),.UNSPECIFIED.);
#1089 = CARTESIAN_POINT('',(7.374225186593,-15.,-11.3));
#1090 = CARTESIAN_POINT('',(4.915086588586,-15.,-11.3));
#1091 = CARTESIAN_POINT('',(-5.649295360373E-04,-15.,-11.01952241425));
#1092 = CARTESIAN_POINT('',(-4.915431151764,-15.,-11.3));
#1093 = CARTESIAN_POINT('',(-7.374225262876,-15.,-11.3));
#1094 = ORIENTED_EDGE('',*,*,#1095,.T.);
#1095 = EDGE_CURVE('',#1086,#1030,#1096,.T.);
#1096 = LINE('',#1097,#1098);
#1097 = CARTESIAN_POINT('',(-20.,-15.,-11.3));
#1098 = VECTOR('',#1099,1.);
#1099 = DIRECTION('',(-1.,9.E-17,-0.));
#1100 = ORIENTED_EDGE('',*,*,#1027,.F.);
#1101 = ORIENTED_EDGE('',*,*,#1102,.F.);
#1102 = EDGE_CURVE('',#957,#1028,#1103,.T.);
#1103 = LINE('',#1104,#1105);
#1104 = CARTESIAN_POINT('',(0.,-15.,-13.3));
#1105 = VECTOR('',#1106,1.);
#1106 = DIRECTION('',(-1.,9.E-17,-0.));
#1107 = PLANE('',#1108);
#1108 = AXIS2_PLACEMENT_3D('',#1109,#1110,#1111);
#1109 = CARTESIAN_POINT('',(0.,-15.,-13.3));
#1110 = DIRECTION('',(9.E-17,1.,-6.E-17));
#1111 = DIRECTION('',(-1.,9.E-17,0.));
#1112 = ADVANCED_FACE('',(#1113,#1124,#1135,#1146,#1157),#1163,.F.);
#1113 = FACE_BOUND('',#1114,.T.);
#1114 = EDGE_LOOP('',(#1115));
#1115 = ORIENTED_EDGE('',*,*,#1116,.F.);
#1116 = EDGE_CURVE('',#1117,#1117,#1119,.T.);
#1117 = VERTEX_POINT('',#1118);
#1118 = CARTESIAN_POINT('',(15.,-8.3,-13.29999998577));
#1119 = CIRCLE('',#1120,1.7);
#1120 = AXIS2_PLACEMENT_3D('',#1121,#1122,#1123);
#1121 = CARTESIAN_POINT('',(15.,-10.,-13.29999998577));
#1122 = DIRECTION('',(0.,-6.E-17,-1.));
#1123 = DIRECTION('',(0.,1.,-6.E-17));
#1124 = FACE_BOUND('',#1125,.T.);
#1125 = EDGE_LOOP('',(#1126));
#1126 = ORIENTED_EDGE('',*,*,#1127,.F.);
#1127 = EDGE_CURVE('',#1128,#1128,#1130,.T.);
#1128 = VERTEX_POINT('',#1129);
#1129 = CARTESIAN_POINT('',(15.,11.7,-13.3));
#1130 = CIRCLE('',#1131,1.7);
#1131 = AXIS2_PLACEMENT_3D('',#1132,#1133,#1134);
#1132 = CARTESIAN_POINT('',(15.,10.,-13.3));
#1133 = DIRECTION('',(0.,-6.E-17,-1.));
#1134 = DIRECTION('',(0.,1.,-6.E-17));
#1135 = FACE_BOUND('',#1136,.T.);
#1136 = EDGE_LOOP('',(#1137));
#1137 = ORIENTED_EDGE('',*,*,#1138,.F.);
#1138 = EDGE_CURVE('',#1139,#1139,#1141,.T.);
#1139 = VERTEX_POINT('',#1140);
#1140 = CARTESIAN_POINT('',(-15.,11.7,-13.29999998577));
#1141 = CIRCLE('',#1142,1.7);
#1142 = AXIS2_PLACEMENT_3D('',#1143,#1144,#1145);
#1143 = CARTESIAN_POINT('',(-15.,10.,-13.29999998577));
#1144 = DIRECTION('',(0.,-6.E-17,-1.));
#1145 = DIRECTION('',(0.,1.,-6.E-17));
#1146 = FACE_BOUND('',#1147,.T.);
#1147 = EDGE_LOOP('',(#1148));
#1148 = ORIENTED_EDGE('',*,*,#1149,.F.);
#1149 = EDGE_CURVE('',#1150,#1150,#1152,.T.);
#1150 = VERTEX_POINT('',#1151);
#1151 = CARTESIAN_POINT('',(-15.,-8.3,-13.3));
#1152 = CIRCLE('',#1153,1.7);
#1153 = AXIS2_PLACEMENT_3D('',#1154,#1155,#1156);
#1154 = CARTESIAN_POINT('',(-15.,-10.,-13.3));
#1155 = DIRECTION('',(0.,-6.E-17,-1.));
#1156 = DIRECTION('',(0.,1.,-6.E-17));
#1157 = FACE_BOUND('',#1158,.T.);
#1158 = EDGE_LOOP('',(#1159,#1160,#1161,#1162));
#1159 = ORIENTED_EDGE('',*,*,#964,.T.);
#1160 = ORIENTED_EDGE('',*,*,#1102,.T.);
#1161 = ORIENTED_EDGE('',*,*,#1062,.F.);
#1162 = ORIENTED_EDGE('',*,*,#1013,.F.);
#1163 = PLANE('',#1164);
#1164 = AXIS2_PLACEMENT_3D('',#1165,#1166,#1167);
#1165 = CARTESIAN_POINT('',(0.,-8.1E-16,-13.3));
#1166 = DIRECTION('',(0.,6.E-17,1.));
#1167 = DIRECTION('',(1.,0.,-0.));
#1168 = ADVANCED_FACE('',(#1169),#1194,.T.);
#1169 = FACE_BOUND('',#1170,.T.);
#1170 = EDGE_LOOP('',(#1171,#1179,#1185,#1186,#1193));
#1171 = ORIENTED_EDGE('',*,*,#1172,.T.);
#1172 = EDGE_CURVE('',#529,#1173,#1175,.T.);
#1173 = VERTEX_POINT('',#1174);
#1174 = CARTESIAN_POINT('',(-19.,-14.,-10.3));
#1175 = LINE('',#1176,#1177);
#1176 = CARTESIAN_POINT('',(-19.,-6.3E-16,-10.3));
#1177 = VECTOR('',#1178,1.);
#1178 = DIRECTION('',(0.,-1.,6.E-17));
#1179 = ORIENTED_EDGE('',*,*,#1180,.F.);
#1180 = EDGE_CURVE('',#372,#1173,#1181,.T.);
#1181 = LINE('',#1182,#1183);
#1182 = CARTESIAN_POINT('',(20.,-14.,-10.3));
#1183 = VECTOR('',#1184,1.);
#1184 = DIRECTION('',(-1.,9.E-17,-0.));
#1185 = ORIENTED_EDGE('',*,*,#381,.T.);
#1186 = ORIENTED_EDGE('',*,*,#1187,.T.);
#1187 = EDGE_CURVE('',#323,#519,#1188,.T.);
#1188 = CIRCLE('',#1189,3.36);
#1189 = AXIS2_PLACEMENT_3D('',#1190,#1191,#1192);
#1190 = CARTESIAN_POINT('',(-15.,-10.,-10.3));
#1191 = DIRECTION('',(0.,-6.E-17,-1.));
#1192 = DIRECTION('',(0.,1.,-6.E-17));
#1193 = ORIENTED_EDGE('',*,*,#528,.T.);
#1194 = PLANE('',#1195);
#1195 = AXIS2_PLACEMENT_3D('',#1196,#1197,#1198);
#1196 = CARTESIAN_POINT('',(0.,-6.3E-16,-10.3));
#1197 = DIRECTION('',(0.,6.E-17,1.));
#1198 = DIRECTION('',(1.,0.,-0.));
#1199 = ADVANCED_FACE('',(#1200),#1212,.F.);
#1200 = FACE_BOUND('',#1201,.F.);
#1201 = EDGE_LOOP('',(#1202,#1209,#1210,#1211));
#1202 = ORIENTED_EDGE('',*,*,#1203,.F.);
#1203 = EDGE_CURVE('',#519,#323,#1204,.T.);
#1204 = CIRCLE('',#1205,3.36);
#1205 = AXIS2_PLACEMENT_3D('',#1206,#1207,#1208);
#1206 = CARTESIAN_POINT('',(-15.,-10.,-10.3));
#1207 = DIRECTION('',(0.,-6.E-17,-1.));
#1208 = DIRECTION('',(0.,1.,-6.E-17));
#1209 = ORIENTED_EDGE('',*,*,#518,.F.);
#1210 = ORIENTED_EDGE('',*,*,#666,.T.);
#1211 = ORIENTED_EDGE('',*,*,#322,.F.);
#1212 = CYLINDRICAL_SURFACE('',#1213,3.36);
#1213 = AXIS2_PLACEMENT_3D('',#1214,#1215,#1216);
#1214 = CARTESIAN_POINT('',(-15.,-10.,-10.3));
#1215 = DIRECTION('',(0.,-6.E-17,-1.));
#1216 = DIRECTION('',(0.,1.,-6.E-17));
#1217 = ADVANCED_FACE('',(#1218),#1245,.F.);
#1218 = FACE_BOUND('',#1219,.F.);
#1219 = EDGE_LOOP('',(#1220,#1221,#1228,#1237,#1244));
#1220 = ORIENTED_EDGE('',*,*,#1149,.F.);
#1221 = ORIENTED_EDGE('',*,*,#1222,.F.);
#1222 = EDGE_CURVE('',#1223,#1150,#1225,.T.);
#1223 = VERTEX_POINT('',#1224);
#1224 = CARTESIAN_POINT('',(-15.,-8.3,-11.96));
#1225 = B_SPLINE_CURVE_WITH_KNOTS('',1,(#1226,#1227),.UNSPECIFIED.,.F.,
  .F.,(2,2),(1.66,3.),.PIECEWISE_BEZIER_KNOTS.);
#1226 = CARTESIAN_POINT('',(-15.,-8.3,-11.96));
#1227 = CARTESIAN_POINT('',(-15.,-8.3,-13.3));
#1228 = ORIENTED_EDGE('',*,*,#1229,.T.);
#1229 = EDGE_CURVE('',#1223,#1230,#1232,.T.);
#1230 = VERTEX_POINT('',#1231);
#1231 = CARTESIAN_POINT('',(-13.60815205058,-10.97609389185,-11.96));
#1232 = CIRCLE('',#1233,1.7);
#1233 = AXIS2_PLACEMENT_3D('',#1234,#1235,#1236);
#1234 = CARTESIAN_POINT('',(-15.,-10.,-11.96));
#1235 = DIRECTION('',(0.,-6.E-17,-1.));
#1236 = DIRECTION('',(0.,1.,-6.E-17));
#1237 = ORIENTED_EDGE('',*,*,#1238,.T.);
#1238 = EDGE_CURVE('',#1230,#1223,#1239,.T.);
#1239 = CIRCLE('',#1240,1.7);
#1240 = AXIS2_PLACEMENT_3D('',#1241,#1242,#1243);
#1241 = CARTESIAN_POINT('',(-15.,-10.,-11.96));
#1242 = DIRECTION('',(0.,-6.E-17,-1.));
#1243 = DIRECTION('',(0.,1.,-6.E-17));
#1244 = ORIENTED_EDGE('',*,*,#1222,.T.);
#1245 = CYLINDRICAL_SURFACE('',#1246,1.7);
#1246 = AXIS2_PLACEMENT_3D('',#1247,#1248,#1249);
#1247 = CARTESIAN_POINT('',(-15.,-10.,-10.3));
#1248 = DIRECTION('',(0.,-6.E-17,-1.));
#1249 = DIRECTION('',(0.,1.,-6.E-17));
#1250 = ADVANCED_FACE('',(#1251),#1263,.F.);
#1251 = FACE_BOUND('',#1252,.F.);
#1252 = EDGE_LOOP('',(#1253,#1254,#1259,#1260,#1261,#1262));
#1253 = ORIENTED_EDGE('',*,*,#1238,.F.);
#1254 = ORIENTED_EDGE('',*,*,#1255,.T.);
#1255 = EDGE_CURVE('',#1230,#323,#1256,.T.);
#1256 = B_SPLINE_CURVE_WITH_KNOTS('',1,(#1257,#1258),.UNSPECIFIED.,.F.,
  .F.,(2,2),(-2.347594513539,-4.4E-16),.PIECEWISE_BEZIER_KNOTS.);
#1257 = CARTESIAN_POINT('',(-13.60815205058,-10.97609389185,-11.96));
#1258 = CARTESIAN_POINT('',(-12.24905346468,-11.9292208686,-10.3));
#1259 = ORIENTED_EDGE('',*,*,#1187,.T.);
#1260 = ORIENTED_EDGE('',*,*,#1203,.T.);
#1261 = ORIENTED_EDGE('',*,*,#1255,.F.);
#1262 = ORIENTED_EDGE('',*,*,#1229,.F.);
#1263 = CONICAL_SURFACE('',#1264,3.36,0.785398163397);
#1264 = AXIS2_PLACEMENT_3D('',#1265,#1266,#1267);
#1265 = CARTESIAN_POINT('',(-15.,-10.,-10.3));
#1266 = DIRECTION('',(0.,6.E-17,1.));
#1267 = DIRECTION('',(0.,-1.,6.E-17));
#1268 = ADVANCED_FACE('',(#1269),#1281,.F.);
#1269 = FACE_BOUND('',#1270,.F.);
#1270 = EDGE_LOOP('',(#1271,#1278,#1279,#1280));
#1271 = ORIENTED_EDGE('',*,*,#1272,.F.);
#1272 = EDGE_CURVE('',#204,#231,#1273,.T.);
#1273 = CIRCLE('',#1274,3.36);
#1274 = AXIS2_PLACEMENT_3D('',#1275,#1276,#1277);
#1275 = CARTESIAN_POINT('',(-15.,10.,-10.29999998577));
#1276 = DIRECTION('',(0.,-6.E-17,-1.));
#1277 = DIRECTION('',(0.,1.,-6.E-17));
#1278 = ORIENTED_EDGE('',*,*,#444,.F.);
#1279 = ORIENTED_EDGE('',*,*,#649,.T.);
#1280 = ORIENTED_EDGE('',*,*,#496,.F.);
#1281 = CYLINDRICAL_SURFACE('',#1282,3.36);
#1282 = AXIS2_PLACEMENT_3D('',#1283,#1284,#1285);
#1283 = CARTESIAN_POINT('',(-15.,10.,-10.29999998577));
#1284 = DIRECTION('',(0.,-6.E-17,-1.));
#1285 = DIRECTION('',(0.,1.,-6.E-17));
#1286 = ADVANCED_FACE('',(#1287),#1314,.F.);
#1287 = FACE_BOUND('',#1288,.F.);
#1288 = EDGE_LOOP('',(#1289,#1290,#1297,#1306,#1313));
#1289 = ORIENTED_EDGE('',*,*,#1138,.F.);
#1290 = ORIENTED_EDGE('',*,*,#1291,.F.);
#1291 = EDGE_CURVE('',#1292,#1139,#1294,.T.);
#1292 = VERTEX_POINT('',#1293);
#1293 = CARTESIAN_POINT('',(-15.,11.7,-11.95999998577));
#1294 = B_SPLINE_CURVE_WITH_KNOTS('',1,(#1295,#1296),.UNSPECIFIED.,.F.,
  .F.,(2,2),(1.66,3.),.PIECEWISE_BEZIER_KNOTS.);
#1295 = CARTESIAN_POINT('',(-15.,11.7,-11.95999998577));
#1296 = CARTESIAN_POINT('',(-15.,11.7,-13.29999998577));
#1297 = ORIENTED_EDGE('',*,*,#1298,.T.);
#1298 = EDGE_CURVE('',#1292,#1299,#1301,.T.);
#1299 = VERTEX_POINT('',#1300);
#1300 = CARTESIAN_POINT('',(-16.11596622381,8.717572853024,
    -11.95999998577));
#1301 = CIRCLE('',#1302,1.7);
#1302 = AXIS2_PLACEMENT_3D('',#1303,#1304,#1305);
#1303 = CARTESIAN_POINT('',(-15.,10.,-11.95999998577));
#1304 = DIRECTION('',(0.,-6.E-17,-1.));
#1305 = DIRECTION('',(0.,1.,-6.E-17));
#1306 = ORIENTED_EDGE('',*,*,#1307,.T.);
#1307 = EDGE_CURVE('',#1299,#1292,#1308,.T.);
#1308 = CIRCLE('',#1309,1.7);
#1309 = AXIS2_PLACEMENT_3D('',#1310,#1311,#1312);
#1310 = CARTESIAN_POINT('',(-15.,10.,-11.95999998577));
#1311 = DIRECTION('',(0.,-6.E-17,-1.));
#1312 = DIRECTION('',(0.,1.,-6.E-17));
#1313 = ORIENTED_EDGE('',*,*,#1291,.T.);
#1314 = CYLINDRICAL_SURFACE('',#1315,1.7);
#1315 = AXIS2_PLACEMENT_3D('',#1316,#1317,#1318);
#1316 = CARTESIAN_POINT('',(-15.,10.,-10.29999998577));
#1317 = DIRECTION('',(0.,-6.E-17,-1.));
#1318 = DIRECTION('',(0.,1.,-6.E-17));
#1319 = ADVANCED_FACE('',(#1320),#1332,.F.);
#1320 = FACE_BOUND('',#1321,.F.);
#1321 = EDGE_LOOP('',(#1322,#1323,#1328,#1329,#1330,#1331));
#1322 = ORIENTED_EDGE('',*,*,#1307,.F.);
#1323 = ORIENTED_EDGE('',*,*,#1324,.T.);
#1324 = EDGE_CURVE('',#1299,#231,#1325,.T.);
#1325 = B_SPLINE_CURVE_WITH_KNOTS('',1,(#1326,#1327),.UNSPECIFIED.,.F.,
  .F.,(2,2),(-2.347594513539,-5.02777642E-09),.PIECEWISE_BEZIER_KNOTS.);
#1326 = CARTESIAN_POINT('',(-16.11596622381,8.717572853024,
    -11.95999998577));
#1327 = CARTESIAN_POINT('',(-17.2056744165,7.46532046513,-10.29999998933
    ));
#1328 = ORIENTED_EDGE('',*,*,#239,.F.);
#1329 = ORIENTED_EDGE('',*,*,#1272,.T.);
#1330 = ORIENTED_EDGE('',*,*,#1324,.F.);
#1331 = ORIENTED_EDGE('',*,*,#1298,.F.);
#1332 = CONICAL_SURFACE('',#1333,3.36,0.785398163397);
#1333 = AXIS2_PLACEMENT_3D('',#1334,#1335,#1336);
#1334 = CARTESIAN_POINT('',(-15.,10.,-10.29999998577));
#1335 = DIRECTION('',(0.,6.E-17,1.));
#1336 = DIRECTION('',(0.,-1.,6.E-17));
#1337 = ADVANCED_FACE('',(#1338),#1350,.F.);
#1338 = FACE_BOUND('',#1339,.F.);
#1339 = EDGE_LOOP('',(#1340,#1347,#1348,#1349));
#1340 = ORIENTED_EDGE('',*,*,#1341,.F.);
#1341 = EDGE_CURVE('',#153,#180,#1342,.T.);
#1342 = CIRCLE('',#1343,3.36);
#1343 = AXIS2_PLACEMENT_3D('',#1344,#1345,#1346);
#1344 = CARTESIAN_POINT('',(15.,10.,-10.3));
#1345 = DIRECTION('',(0.,-6.E-17,-1.));
#1346 = DIRECTION('',(0.,1.,-6.E-17));
#1347 = ORIENTED_EDGE('',*,*,#276,.F.);
#1348 = ORIENTED_EDGE('',*,*,#632,.T.);
#1349 = ORIENTED_EDGE('',*,*,#419,.F.);
#1350 = CYLINDRICAL_SURFACE('',#1351,3.36);
#1351 = AXIS2_PLACEMENT_3D('',#1352,#1353,#1354);
#1352 = CARTESIAN_POINT('',(15.,10.,-10.3));
#1353 = DIRECTION('',(0.,-6.E-17,-1.));
#1354 = DIRECTION('',(0.,1.,-6.E-17));
#1355 = ADVANCED_FACE('',(#1356),#1383,.F.);
#1356 = FACE_BOUND('',#1357,.F.);
#1357 = EDGE_LOOP('',(#1358,#1359,#1366,#1375,#1382));
#1358 = ORIENTED_EDGE('',*,*,#1127,.F.);
#1359 = ORIENTED_EDGE('',*,*,#1360,.F.);
#1360 = EDGE_CURVE('',#1361,#1128,#1363,.T.);
#1361 = VERTEX_POINT('',#1362);
#1362 = CARTESIAN_POINT('',(15.,11.7,-11.96));
#1363 = B_SPLINE_CURVE_WITH_KNOTS('',1,(#1364,#1365),.UNSPECIFIED.,.F.,
  .F.,(2,2),(1.66,3.),.PIECEWISE_BEZIER_KNOTS.);
#1364 = CARTESIAN_POINT('',(15.,11.7,-11.96));
#1365 = CARTESIAN_POINT('',(15.,11.7,-13.3));
#1366 = ORIENTED_EDGE('',*,*,#1367,.T.);
#1367 = EDGE_CURVE('',#1361,#1368,#1370,.T.);
#1368 = VERTEX_POINT('',#1369);
#1369 = CARTESIAN_POINT('',(16.115966221249,8.71757285079,-11.96));
#1370 = CIRCLE('',#1371,1.7);
#1371 = AXIS2_PLACEMENT_3D('',#1372,#1373,#1374);
#1372 = CARTESIAN_POINT('',(15.,10.,-11.96));
#1373 = DIRECTION('',(0.,-6.E-17,-1.));
#1374 = DIRECTION('',(0.,1.,-6.E-17));
#1375 = ORIENTED_EDGE('',*,*,#1376,.T.);
#1376 = EDGE_CURVE('',#1368,#1361,#1377,.T.);
#1377 = CIRCLE('',#1378,1.7);
#1378 = AXIS2_PLACEMENT_3D('',#1379,#1380,#1381);
#1379 = CARTESIAN_POINT('',(15.,10.,-11.96));
#1380 = DIRECTION('',(0.,-6.E-17,-1.));
#1381 = DIRECTION('',(0.,1.,-6.E-17));
#1382 = ORIENTED_EDGE('',*,*,#1360,.T.);
#1383 = CYLINDRICAL_SURFACE('',#1384,1.7);
#1384 = AXIS2_PLACEMENT_3D('',#1385,#1386,#1387);
#1385 = CARTESIAN_POINT('',(15.,10.,-10.3));
#1386 = DIRECTION('',(0.,-6.E-17,-1.));
#1387 = DIRECTION('',(0.,1.,-6.E-17));
#1388 = ADVANCED_FACE('',(#1389),#1401,.F.);
#1389 = FACE_BOUND('',#1390,.F.);
#1390 = EDGE_LOOP('',(#1391,#1392,#1397,#1398,#1399,#1400));
#1391 = ORIENTED_EDGE('',*,*,#1376,.F.);
#1392 = ORIENTED_EDGE('',*,*,#1393,.T.);
#1393 = EDGE_CURVE('',#1368,#153,#1394,.T.);
#1394 = B_SPLINE_CURVE_WITH_KNOTS('',1,(#1395,#1396),.UNSPECIFIED.,.F.,
  .F.,(2,2),(-2.347594513539,0.),.PIECEWISE_BEZIER_KNOTS.);
#1395 = CARTESIAN_POINT('',(16.115966221249,8.71757285079,-11.96));
#1396 = CARTESIAN_POINT('',(17.205674413763,7.465320458032,-10.3));
#1397 = ORIENTED_EDGE('',*,*,#1341,.T.);
#1398 = ORIENTED_EDGE('',*,*,#188,.F.);
#1399 = ORIENTED_EDGE('',*,*,#1393,.F.);
#1400 = ORIENTED_EDGE('',*,*,#1367,.F.);
#1401 = CONICAL_SURFACE('',#1402,3.36,0.785398163397);
#1402 = AXIS2_PLACEMENT_3D('',#1403,#1404,#1405);
#1403 = CARTESIAN_POINT('',(15.,10.,-10.3));
#1404 = DIRECTION('',(0.,6.E-17,1.));
#1405 = DIRECTION('',(0.,-1.,6.E-17));
#1406 = ADVANCED_FACE('',(#1407),#1419,.F.);
#1407 = FACE_BOUND('',#1408,.F.);
#1408 = EDGE_LOOP('',(#1409,#1416,#1417,#1418));
#1409 = ORIENTED_EDGE('',*,*,#1410,.F.);
#1410 = EDGE_CURVE('',#102,#129,#1411,.T.);
#1411 = CIRCLE('',#1412,3.36);
#1412 = AXIS2_PLACEMENT_3D('',#1413,#1414,#1415);
#1413 = CARTESIAN_POINT('',(15.,-10.,-10.29999998577));
#1414 = DIRECTION('',(0.,-6.E-17,-1.));
#1415 = DIRECTION('',(0.,1.,-6.E-17));
#1416 = ORIENTED_EDGE('',*,*,#362,.F.);
#1417 = ORIENTED_EDGE('',*,*,#615,.T.);
#1418 = ORIENTED_EDGE('',*,*,#254,.F.);
#1419 = CYLINDRICAL_SURFACE('',#1420,3.36);
#1420 = AXIS2_PLACEMENT_3D('',#1421,#1422,#1423);
#1421 = CARTESIAN_POINT('',(15.,-10.,-10.29999998577));
#1422 = DIRECTION('',(0.,-6.E-17,-1.));
#1423 = DIRECTION('',(0.,1.,-6.E-17));
#1424 = ADVANCED_FACE('',(#1425),#1452,.F.);
#1425 = FACE_BOUND('',#1426,.F.);
#1426 = EDGE_LOOP('',(#1427,#1428,#1435,#1444,#1451));
#1427 = ORIENTED_EDGE('',*,*,#1116,.F.);
#1428 = ORIENTED_EDGE('',*,*,#1429,.F.);
#1429 = EDGE_CURVE('',#1430,#1117,#1432,.T.);
#1430 = VERTEX_POINT('',#1431);
#1431 = CARTESIAN_POINT('',(15.,-8.3,-11.95999998577));
#1432 = B_SPLINE_CURVE_WITH_KNOTS('',1,(#1433,#1434),.UNSPECIFIED.,.F.,
  .F.,(2,2),(1.66,3.),.PIECEWISE_BEZIER_KNOTS.);
#1433 = CARTESIAN_POINT('',(15.,-8.3,-11.95999998577));
#1434 = CARTESIAN_POINT('',(15.,-8.3,-13.29999998577));
#1435 = ORIENTED_EDGE('',*,*,#1436,.T.);
#1436 = EDGE_CURVE('',#1430,#1437,#1439,.T.);
#1437 = VERTEX_POINT('',#1438);
#1438 = CARTESIAN_POINT('',(13.608152049539,-10.97609389035,
    -11.95999998577));
#1439 = CIRCLE('',#1440,1.7);
#1440 = AXIS2_PLACEMENT_3D('',#1441,#1442,#1443);
#1441 = CARTESIAN_POINT('',(15.,-10.,-11.95999998577));
#1442 = DIRECTION('',(0.,-6.E-17,-1.));
#1443 = DIRECTION('',(0.,1.,-6.E-17));
#1444 = ORIENTED_EDGE('',*,*,#1445,.T.);
#1445 = EDGE_CURVE('',#1437,#1430,#1446,.T.);
#1446 = CIRCLE('',#1447,1.7);
#1447 = AXIS2_PLACEMENT_3D('',#1448,#1449,#1450);
#1448 = CARTESIAN_POINT('',(15.,-10.,-11.95999998577));
#1449 = DIRECTION('',(0.,-6.E-17,-1.));
#1450 = DIRECTION('',(0.,1.,-6.E-17));
#1451 = ORIENTED_EDGE('',*,*,#1429,.T.);
#1452 = CYLINDRICAL_SURFACE('',#1453,1.7);
#1453 = AXIS2_PLACEMENT_3D('',#1454,#1455,#1456);
#1454 = CARTESIAN_POINT('',(15.,-10.,-10.29999998577));
#1455 = DIRECTION('',(0.,-6.E-17,-1.));
#1456 = DIRECTION('',(0.,1.,-6.E-17));
#1457 = ADVANCED_FACE('',(#1458),#1470,.F.);
#1458 = FACE_BOUND('',#1459,.F.);
#1459 = EDGE_LOOP('',(#1460,#1461,#1466,#1467,#1468,#1469));
#1460 = ORIENTED_EDGE('',*,*,#1445,.F.);
#1461 = ORIENTED_EDGE('',*,*,#1462,.T.);
#1462 = EDGE_CURVE('',#1437,#102,#1463,.T.);
#1463 = B_SPLINE_CURVE_WITH_KNOTS('',1,(#1464,#1465),.UNSPECIFIED.,.F.,
  .F.,(2,2),(-2.347594513539,4.4E-16),.PIECEWISE_BEZIER_KNOTS.);
#1464 = CARTESIAN_POINT('',(13.608152049539,-10.97609389035,
    -11.95999998577));
#1465 = CARTESIAN_POINT('',(12.249053462618,-11.92922086565,
    -10.29999998577));
#1466 = ORIENTED_EDGE('',*,*,#1410,.T.);
#1467 = ORIENTED_EDGE('',*,*,#137,.T.);
#1468 = ORIENTED_EDGE('',*,*,#1462,.F.);
#1469 = ORIENTED_EDGE('',*,*,#1436,.F.);
#1470 = CONICAL_SURFACE('',#1471,3.36,0.785398163397);
#1471 = AXIS2_PLACEMENT_3D('',#1472,#1473,#1474);
#1472 = CARTESIAN_POINT('',(15.,-10.,-10.29999998577));
#1473 = DIRECTION('',(0.,6.E-17,1.));
#1474 = DIRECTION('',(0.,-1.,6.E-17));
#1475 = ADVANCED_FACE('',(#1476),#1495,.F.);
#1476 = FACE_BOUND('',#1477,.F.);
#1477 = EDGE_LOOP('',(#1478,#1479,#1493,#1494));
#1478 = ORIENTED_EDGE('',*,*,#888,.T.);
#1479 = ORIENTED_EDGE('',*,*,#1480,.T.);
#1480 = EDGE_CURVE('',#891,#1481,#1483,.T.);
#1481 = VERTEX_POINT('',#1482);
#1482 = CARTESIAN_POINT('',(0.,0.,-10.3));
#1483 = B_SPLINE_CURVE_WITH_KNOTS('',8,(#1484,#1485,#1486,#1487,#1488,
    #1489,#1490,#1491,#1492),.UNSPECIFIED.,.F.,.F.,(9,9),(
    -0.747233109585,1.570796326795),.PIECEWISE_BEZIER_KNOTS.);
#1484 = CARTESIAN_POINT('',(7.555792479945,0.,7.));
#1485 = CARTESIAN_POINT('',(9.584068236778,0.,4.810681327038));
#1486 = CARTESIAN_POINT('',(10.887348674991,0.,1.949678865048));
#1487 = CARTESIAN_POINT('',(11.206213178283,0.,-1.302706365813));
#1488 = CARTESIAN_POINT('',(10.410794637293,0.,-4.54692507692));
#1489 = CARTESIAN_POINT('',(8.571502059259,0.,-7.335230747616));
#1490 = CARTESIAN_POINT('',(5.968939011466,0.,-9.311679543726));
#1491 = CARTESIAN_POINT('',(2.98446289934,0.,-10.3));
#1492 = CARTESIAN_POINT('',(-1.78E-15,0.,-10.3));
#1493 = ORIENTED_EDGE('',*,*,#1480,.F.);
#1494 = ORIENTED_EDGE('',*,*,#899,.T.);
#1495 = SPHERICAL_SURFACE('',#1496,10.3);
#1496 = AXIS2_PLACEMENT_3D('',#1497,#1498,#1499);
#1497 = CARTESIAN_POINT('',(-6.3E-16,0.,0.));
#1498 = DIRECTION('',(0.,0.,-1.));
#1499 = DIRECTION('',(1.,0.,0.));
#1500 = ADVANCED_FACE('',(#1501),#1519,.T.);
#1501 = FACE_BOUND('',#1502,.T.);
#1502 = EDGE_LOOP('',(#1503,#1510,#1511,#1518));
#1503 = ORIENTED_EDGE('',*,*,#1504,.F.);
#1504 = EDGE_CURVE('',#215,#981,#1505,.T.);
#1505 = ELLIPSE('',#1506,1.414213562373,1.);
#1506 = AXIS2_PLACEMENT_3D('',#1507,#1508,#1509);
#1507 = CARTESIAN_POINT('',(-19.,14.,-11.3));
#1508 = DIRECTION('',(-0.707106781187,-0.707106781187,4.E-17));
#1509 = DIRECTION('',(0.707106781187,-0.707106781187,4.E-17));
#1510 = ORIENTED_EDGE('',*,*,#214,.F.);
#1511 = ORIENTED_EDGE('',*,*,#1512,.F.);
#1512 = EDGE_CURVE('',#989,#206,#1513,.T.);
#1513 = CIRCLE('',#1514,1.);
#1514 = AXIS2_PLACEMENT_3D('',#1515,#1516,#1517);
#1515 = CARTESIAN_POINT('',(-7.374225186593,14.,-11.3));
#1516 = DIRECTION('',(1.,0.,0.));
#1517 = DIRECTION('',(0.,0.,-1.));
#1518 = ORIENTED_EDGE('',*,*,#988,.T.);
#1519 = CYLINDRICAL_SURFACE('',#1520,1.);
#1520 = AXIS2_PLACEMENT_3D('',#1521,#1522,#1523);
#1521 = CARTESIAN_POINT('',(0.,14.,-11.3));
#1522 = DIRECTION('',(-1.,0.,0.));
#1523 = DIRECTION('',(0.,0.,1.));
#1524 = ADVANCED_FACE('',(#1525),#1537,.T.);
#1525 = FACE_BOUND('',#1526,.T.);
#1526 = EDGE_LOOP('',(#1527,#1528,#1529,#1536));
#1527 = ORIENTED_EDGE('',*,*,#1512,.T.);
#1528 = ORIENTED_EDGE('',*,*,#453,.F.);
#1529 = ORIENTED_EDGE('',*,*,#1530,.F.);
#1530 = EDGE_CURVE('',#997,#172,#1531,.T.);
#1531 = CIRCLE('',#1532,1.);
#1532 = AXIS2_PLACEMENT_3D('',#1533,#1534,#1535);
#1533 = CARTESIAN_POINT('',(7.374225262875,14.,-11.3));
#1534 = DIRECTION('',(1.,0.,0.));
#1535 = DIRECTION('',(0.,0.,-1.));
#1536 = ORIENTED_EDGE('',*,*,#996,.F.);
#1537 = ( BOUNDED_SURFACE() B_SPLINE_SURFACE(3,2,(
    (#1538,#1539,#1540)
    ,(#1541,#1542,#1543)
    ,(#1544,#1545,#1546)
    ,(#1547,#1548,#1549)
    ,(#1550,#1551,#1552)
    ,(#1553,#1554,#1555)
    ,(#1556,#1557,#1558
)),.UNSPECIFIED.,.F.,.F.,.F.) B_SPLINE_SURFACE_WITH_KNOTS((4,1,1,1,4),(3
    ,3),(-1.E-17,3.68797512742E-03,7.375950254841E-03,1.106392538226E-02
    ,1.475190050968E-02),(0.,1.),.UNSPECIFIED.) 
GEOMETRIC_REPRESENTATION_ITEM() RATIONAL_B_SPLINE_SURFACE((
    (1.,0.707106781187,1.)
    ,(1.,0.739898691655,1.)
    ,(1.,0.786079453242,1.)
    ,(1.,0.807071278992,1.)
    ,(1.,0.786073811254,1.)
    ,(1.,0.739894098407,1.)
,(1.,0.707106781186,1.))) REPRESENTATION_ITEM('') SURFACE() );
#1538 = CARTESIAN_POINT('',(-7.374225186593,14.,-10.3));
#1539 = CARTESIAN_POINT('',(-7.374225186593,15.,-10.3));
#1540 = CARTESIAN_POINT('',(-7.374225186593,15.,-11.3));
#1541 = CARTESIAN_POINT('',(-6.171139559301,14.092749529604,-10.3));
#1542 = CARTESIAN_POINT('',(-6.224459656842,14.999999999997,
    -10.38863891791));
#1543 = CARTESIAN_POINT('',(-6.144655887667,15.,-11.29999999611));
#1544 = CARTESIAN_POINT('',(-3.723779080623,14.234847595506,
    -10.23589569446));
#1545 = CARTESIAN_POINT('',(-3.784254027015,15.000000000001,
    -10.42590161909));
#1546 = CARTESIAN_POINT('',(-3.687476062259,15.,-11.21025397418));
#1547 = CARTESIAN_POINT('',(4.903312348055E-04,14.302931451888,
    -10.18179314545));
#1548 = CARTESIAN_POINT('',(4.922220872024E-04,15.,-10.40218323688));
#1549 = CARTESIAN_POINT('',(4.8525069342E-04,15.,-11.13451040266));
#1550 = CARTESIAN_POINT('',(3.724050283435,14.234829478484,
    -10.23590832569));
#1551 = CARTESIAN_POINT('',(3.784527339209,15.,-10.4259041812));
#1552 = CARTESIAN_POINT('',(3.687746692861,15.,-11.21027165791));
#1553 = CARTESIAN_POINT('',(6.171308170648,14.092736537938,-10.3));
#1554 = CARTESIAN_POINT('',(6.224613662085,15.,-10.38862705221));
#1555 = CARTESIAN_POINT('',(6.144828207396,15.,-11.2999999961));
#1556 = CARTESIAN_POINT('',(7.374225262875,13.999999999999,-10.3));
#1557 = CARTESIAN_POINT('',(7.374225262875,15.,-10.29999999999));
#1558 = CARTESIAN_POINT('',(7.374225262876,15.,-11.3));
#1559 = ADVANCED_FACE('',(#1560),#1572,.T.);
#1560 = FACE_BOUND('',#1561,.T.);
#1561 = EDGE_LOOP('',(#1562,#1563,#1564,#1571));
#1562 = ORIENTED_EDGE('',*,*,#1504,.T.);
#1563 = ORIENTED_EDGE('',*,*,#1055,.T.);
#1564 = ORIENTED_EDGE('',*,*,#1565,.F.);
#1565 = EDGE_CURVE('',#223,#1046,#1566,.T.);
#1566 = CIRCLE('',#1567,1.);
#1567 = AXIS2_PLACEMENT_3D('',#1568,#1569,#1570);
#1568 = CARTESIAN_POINT('',(-19.,4.004794282406,-11.3));
#1569 = DIRECTION('',(0.,-1.,0.));
#1570 = DIRECTION('',(0.,0.,-1.));
#1571 = ORIENTED_EDGE('',*,*,#222,.F.);
#1572 = CYLINDRICAL_SURFACE('',#1573,1.);
#1573 = AXIS2_PLACEMENT_3D('',#1574,#1575,#1576);
#1574 = CARTESIAN_POINT('',(-19.,-6.9E-16,-11.3));
#1575 = DIRECTION('',(0.,-1.,6.E-17));
#1576 = DIRECTION('',(0.,-6.E-17,-1.));
#1577 = ADVANCED_FACE('',(#1578),#1590,.T.);
#1578 = FACE_BOUND('',#1579,.T.);
#1579 = EDGE_LOOP('',(#1580,#1581,#1582,#1589));
#1580 = ORIENTED_EDGE('',*,*,#1530,.T.);
#1581 = ORIENTED_EDGE('',*,*,#171,.F.);
#1582 = ORIENTED_EDGE('',*,*,#1583,.T.);
#1583 = EDGE_CURVE('',#164,#923,#1584,.T.);
#1584 = ELLIPSE('',#1585,1.414213562373,1.);
#1585 = AXIS2_PLACEMENT_3D('',#1586,#1587,#1588);
#1586 = CARTESIAN_POINT('',(19.,14.,-11.3));
#1587 = DIRECTION('',(-0.707106781187,0.707106781187,-4.E-17));
#1588 = DIRECTION('',(-0.707106781187,-0.707106781187,4.E-17));
#1589 = ORIENTED_EDGE('',*,*,#1006,.T.);
#1590 = CYLINDRICAL_SURFACE('',#1591,1.);
#1591 = AXIS2_PLACEMENT_3D('',#1592,#1593,#1594);
#1592 = CARTESIAN_POINT('',(0.,14.,-11.3));
#1593 = DIRECTION('',(-1.,0.,0.));
#1594 = DIRECTION('',(0.,0.,1.));
#1595 = ADVANCED_FACE('',(#1596),#1608,.T.);
#1596 = FACE_BOUND('',#1597,.T.);
#1597 = EDGE_LOOP('',(#1598,#1599,#1600,#1607));
#1598 = ORIENTED_EDGE('',*,*,#1565,.T.);
#1599 = ORIENTED_EDGE('',*,*,#1045,.F.);
#1600 = ORIENTED_EDGE('',*,*,#1601,.F.);
#1601 = EDGE_CURVE('',#529,#1038,#1602,.T.);
#1602 = CIRCLE('',#1603,1.);
#1603 = AXIS2_PLACEMENT_3D('',#1604,#1605,#1606);
#1604 = CARTESIAN_POINT('',(-19.,-4.004794274899,-11.3));
#1605 = DIRECTION('',(-1.041E-14,-1.,1.041E-14));
#1606 = DIRECTION('',(0.,-1.041E-14,-1.));
#1607 = ORIENTED_EDGE('',*,*,#537,.F.);
#1608 = ( BOUNDED_SURFACE() B_SPLINE_SURFACE(3,2,(
    (#1609,#1610,#1611)
    ,(#1612,#1613,#1614)
    ,(#1615,#1616,#1617)
    ,(#1618,#1619,#1620)
    ,(#1621,#1622,#1623
)),.UNSPECIFIED.,.F.,.F.,.F.) B_SPLINE_SURFACE_WITH_KNOTS((4,1,4),(3,3),
  (-1.E-17,4.00472775141E-03,8.009455502821E-03),(0.,1.),.UNSPECIFIED.) 
GEOMETRIC_REPRESENTATION_ITEM() RATIONAL_B_SPLINE_SURFACE((
    (1.,0.707106781187,1.)
    ,(1.,0.748424459561,1.)
    ,(1.,0.795286922897,1.)
    ,(1.,0.748436133587,1.)
,(1.,0.707106781187,1.))) REPRESENTATION_ITEM('') SURFACE() );
#1609 = CARTESIAN_POINT('',(-19.,-4.004794274899,-10.3));
#1610 = CARTESIAN_POINT('',(-20.,-4.004794274899,-10.3));
#1611 = CARTESIAN_POINT('',(-20.,-4.004794274899,-11.3));
#1612 = CARTESIAN_POINT('',(-19.11686404332,-2.709886622605,-10.3));
#1613 = CARTESIAN_POINT('',(-19.99999999999,-2.78137355406,
    -10.41041241635));
#1614 = CARTESIAN_POINT('',(-20.,-2.66988305357,-11.29999999131));
#1615 = CARTESIAN_POINT('',(-19.2661823008,-1.66668939622E-04,
    -10.20743240534));
#1616 = CARTESIAN_POINT('',(-19.99999999999,-2.051596835166E-04,
    -10.41247893387));
#1617 = CARTESIAN_POINT('',(-20.,-1.553324721301E-04,-11.17040537618));
#1618 = CARTESIAN_POINT('',(-19.11689706245,2.709520759793,-10.3));
#1619 = CARTESIAN_POINT('',(-20.,2.781046977702,-10.41044188991));
#1620 = CARTESIAN_POINT('',(-20.,2.669505888091,-11.29999999129));
#1621 = CARTESIAN_POINT('',(-19.,4.004794282406,-10.3));
#1622 = CARTESIAN_POINT('',(-20.,4.004794282406,-10.3));
#1623 = CARTESIAN_POINT('',(-20.,4.004794282406,-11.3));
#1624 = ADVANCED_FACE('',(#1625),#1637,.T.);
#1625 = FACE_BOUND('',#1626,.T.);
#1626 = EDGE_LOOP('',(#1627,#1628,#1629,#1636));
#1627 = ORIENTED_EDGE('',*,*,#1583,.F.);
#1628 = ORIENTED_EDGE('',*,*,#163,.T.);
#1629 = ORIENTED_EDGE('',*,*,#1630,.F.);
#1630 = EDGE_CURVE('',#931,#155,#1631,.T.);
#1631 = CIRCLE('',#1632,1.);
#1632 = AXIS2_PLACEMENT_3D('',#1633,#1634,#1635);
#1633 = CARTESIAN_POINT('',(19.,4.004794274929,-11.3));
#1634 = DIRECTION('',(0.,-1.,-1.73E-15));
#1635 = DIRECTION('',(0.,1.73E-15,-1.));
#1636 = ORIENTED_EDGE('',*,*,#930,.F.);
#1637 = CYLINDRICAL_SURFACE('',#1638,1.);
#1638 = AXIS2_PLACEMENT_3D('',#1639,#1640,#1641);
#1639 = CARTESIAN_POINT('',(19.,-6.E-17,-11.3));
#1640 = DIRECTION('',(0.,1.,-6.E-17));
#1641 = DIRECTION('',(0.,6.E-17,1.));
#1642 = ADVANCED_FACE('',(#1643),#1655,.T.);
#1643 = FACE_BOUND('',#1644,.T.);
#1644 = EDGE_LOOP('',(#1645,#1646,#1647,#1654));
#1645 = ORIENTED_EDGE('',*,*,#1601,.T.);
#1646 = ORIENTED_EDGE('',*,*,#1037,.T.);
#1647 = ORIENTED_EDGE('',*,*,#1648,.F.);
#1648 = EDGE_CURVE('',#1173,#1030,#1649,.T.);
#1649 = ELLIPSE('',#1650,1.414213562373,1.);
#1650 = AXIS2_PLACEMENT_3D('',#1651,#1652,#1653);
#1651 = CARTESIAN_POINT('',(-19.,-14.,-11.3));
#1652 = DIRECTION('',(0.707106781187,-0.707106781187,4.E-17));
#1653 = DIRECTION('',(-0.707106781187,-0.707106781187,4.E-17));
#1654 = ORIENTED_EDGE('',*,*,#1172,.F.);
#1655 = CYLINDRICAL_SURFACE('',#1656,1.);
#1656 = AXIS2_PLACEMENT_3D('',#1657,#1658,#1659);
#1657 = CARTESIAN_POINT('',(-19.,-6.9E-16,-11.3));
#1658 = DIRECTION('',(0.,-1.,6.E-17));
#1659 = DIRECTION('',(0.,-6.E-17,-1.));
#1660 = ADVANCED_FACE('',(#1661),#1673,.T.);
#1661 = FACE_BOUND('',#1662,.T.);
#1662 = EDGE_LOOP('',(#1663,#1664,#1665,#1672));
#1663 = ORIENTED_EDGE('',*,*,#1630,.T.);
#1664 = ORIENTED_EDGE('',*,*,#285,.F.);
#1665 = ORIENTED_EDGE('',*,*,#1666,.F.);
#1666 = EDGE_CURVE('',#939,#121,#1667,.T.);
#1667 = CIRCLE('',#1668,1.);
#1668 = AXIS2_PLACEMENT_3D('',#1669,#1670,#1671);
#1669 = CARTESIAN_POINT('',(19.,-4.004794282406,-11.3));
#1670 = DIRECTION('',(0.,-1.,0.));
#1671 = DIRECTION('',(0.,0.,-1.));
#1672 = ORIENTED_EDGE('',*,*,#938,.F.);
#1673 = ( BOUNDED_SURFACE() B_SPLINE_SURFACE(3,2,(
    (#1674,#1675,#1676)
    ,(#1677,#1678,#1679)
    ,(#1680,#1681,#1682)
    ,(#1683,#1684,#1685)
    ,(#1686,#1687,#1688
)),.UNSPECIFIED.,.F.,.F.,.F.) B_SPLINE_SURFACE_WITH_KNOTS((4,1,4),(3,3),
  (-0.,4.00459386573E-03,8.00918773146E-03),(0.,1.),.UNSPECIFIED.) 
GEOMETRIC_REPRESENTATION_ITEM() RATIONAL_B_SPLINE_SURFACE((
    (1.,0.707106781186,1.)
    ,(1.,0.748423498855,1.)
    ,(1.,0.795282519479,1.)
    ,(1.,0.74844589795,1.)
,(1.,0.707106781187,1.))) REPRESENTATION_ITEM('') SURFACE() );
#1674 = CARTESIAN_POINT('',(18.999999999997,4.004794274929,-10.3));
#1675 = CARTESIAN_POINT('',(20.,4.004794274929,-10.29999999999));
#1676 = CARTESIAN_POINT('',(20.,4.004794274931,-11.3));
#1677 = CARTESIAN_POINT('',(19.116861326038,2.70991672947,-10.3));
#1678 = CARTESIAN_POINT('',(20.000000000012,2.781400428441,
    -10.41040999079));
#1679 = CARTESIAN_POINT('',(20.,2.669914089855,-11.2999999913));
#1680 = CARTESIAN_POINT('',(19.266169845644,5.976704927867E-04,
    -10.20743240761));
#1681 = CARTESIAN_POINT('',(19.999999999998,6.626356677036E-04,
    -10.41246848564));
#1682 = CARTESIAN_POINT('',(20.,5.714005427918E-04,-11.17040537935));
#1683 = CARTESIAN_POINT('',(19.11692468024,-2.709214742033,-10.3));
#1684 = CARTESIAN_POINT('',(19.999999999993,-2.780773827516,
    -10.41046654142));
#1685 = CARTESIAN_POINT('',(20.,-2.669190416572,-11.29999999128));
#1686 = CARTESIAN_POINT('',(19.,-4.004794282406,-10.3));
#1687 = CARTESIAN_POINT('',(20.,-4.004794282406,-10.3));
#1688 = CARTESIAN_POINT('',(20.,-4.004794282406,-11.3));
#1689 = ADVANCED_FACE('',(#1690),#1702,.T.);
#1690 = FACE_BOUND('',#1691,.T.);
#1691 = EDGE_LOOP('',(#1692,#1693,#1694,#1701));
#1692 = ORIENTED_EDGE('',*,*,#1648,.T.);
#1693 = ORIENTED_EDGE('',*,*,#1095,.F.);
#1694 = ORIENTED_EDGE('',*,*,#1695,.F.);
#1695 = EDGE_CURVE('',#372,#1086,#1696,.T.);
#1696 = CIRCLE('',#1697,1.);
#1697 = AXIS2_PLACEMENT_3D('',#1698,#1699,#1700);
#1698 = CARTESIAN_POINT('',(-7.374225262876,-14.,-11.3));
#1699 = DIRECTION('',(1.,0.,0.));
#1700 = DIRECTION('',(0.,0.,-1.));
#1701 = ORIENTED_EDGE('',*,*,#1180,.T.);
#1702 = CYLINDRICAL_SURFACE('',#1703,1.);
#1703 = AXIS2_PLACEMENT_3D('',#1704,#1705,#1706);
#1704 = CARTESIAN_POINT('',(9.E-17,-14.,-11.3));
#1705 = DIRECTION('',(1.,-9.E-17,0.));
#1706 = DIRECTION('',(9.E-17,1.,0.));
#1707 = ADVANCED_FACE('',(#1708),#1720,.T.);
#1708 = FACE_BOUND('',#1709,.T.);
#1709 = EDGE_LOOP('',(#1710,#1711,#1712,#1719));
#1710 = ORIENTED_EDGE('',*,*,#1666,.T.);
#1711 = ORIENTED_EDGE('',*,*,#120,.T.);
#1712 = ORIENTED_EDGE('',*,*,#1713,.T.);
#1713 = EDGE_CURVE('',#113,#949,#1714,.T.);
#1714 = ELLIPSE('',#1715,1.414213562373,1.);
#1715 = AXIS2_PLACEMENT_3D('',#1716,#1717,#1718);
#1716 = CARTESIAN_POINT('',(19.,-14.,-11.3));
#1717 = DIRECTION('',(0.707106781187,0.707106781187,-4.E-17));
#1718 = DIRECTION('',(-0.707106781187,0.707106781187,-4.E-17));
#1719 = ORIENTED_EDGE('',*,*,#948,.F.);
#1720 = CYLINDRICAL_SURFACE('',#1721,1.);
#1721 = AXIS2_PLACEMENT_3D('',#1722,#1723,#1724);
#1722 = CARTESIAN_POINT('',(19.,-6.E-17,-11.3));
#1723 = DIRECTION('',(0.,1.,-6.E-17));
#1724 = DIRECTION('',(0.,6.E-17,1.));
#1725 = ADVANCED_FACE('',(#1726),#1738,.T.);
#1726 = FACE_BOUND('',#1727,.T.);
#1727 = EDGE_LOOP('',(#1728,#1729,#1730,#1737));
#1728 = ORIENTED_EDGE('',*,*,#1695,.T.);
#1729 = ORIENTED_EDGE('',*,*,#1085,.F.);
#1730 = ORIENTED_EDGE('',*,*,#1731,.F.);
#1731 = EDGE_CURVE('',#104,#1078,#1732,.T.);
#1732 = CIRCLE('',#1733,1.);
#1733 = AXIS2_PLACEMENT_3D('',#1734,#1735,#1736);
#1734 = CARTESIAN_POINT('',(7.374225186593,-14.,-11.3));
#1735 = DIRECTION('',(1.,-3.036E-14,3.036E-14));
#1736 = DIRECTION('',(3.036E-14,1.,0.));
#1737 = ORIENTED_EDGE('',*,*,#371,.F.);
#1738 = ( BOUNDED_SURFACE() B_SPLINE_SURFACE(3,2,(
    (#1739,#1740,#1741)
    ,(#1742,#1743,#1744)
    ,(#1745,#1746,#1747)
    ,(#1748,#1749,#1750)
    ,(#1751,#1752,#1753)
    ,(#1754,#1755,#1756)
    ,(#1757,#1758,#1759
)),.UNSPECIFIED.,.F.,.F.,.F.) B_SPLINE_SURFACE_WITH_KNOTS((4,1,1,1,4),(3
    ,3),(1.E-17,3.687975127421E-03,7.375950254841E-03,1.106392538226E-02
    ,1.475190050968E-02),(0.,1.),.UNSPECIFIED.) 
GEOMETRIC_REPRESENTATION_ITEM() RATIONAL_B_SPLINE_SURFACE((
    (1.,0.707106781187,1.)
    ,(1.,0.739898691658,1.)
    ,(1.,0.78607945324,1.)
    ,(1.,0.807071278992,1.)
    ,(1.,0.786073811254,1.)
    ,(1.,0.739894098407,1.)
,(1.,0.707106781186,1.))) REPRESENTATION_ITEM('') SURFACE() );
#1739 = CARTESIAN_POINT('',(7.374225186593,-14.,-10.3));
#1740 = CARTESIAN_POINT('',(7.374225186593,-15.,-10.3));
#1741 = CARTESIAN_POINT('',(7.374225186593,-15.,-11.3));
#1742 = CARTESIAN_POINT('',(6.171139559369,-14.09274952961,-10.3));
#1743 = CARTESIAN_POINT('',(6.22445965691,-15.,-10.38863891791));
#1744 = CARTESIAN_POINT('',(6.144655887667,-15.,-11.2999999961));
#1745 = CARTESIAN_POINT('',(3.723779080591,-14.2348475955,
    -10.23589569446));
#1746 = CARTESIAN_POINT('',(3.784254026979,-14.99999999999,
    -10.42590161909));
#1747 = CARTESIAN_POINT('',(3.687476062259,-15.,-11.21025397419));
#1748 = CARTESIAN_POINT('',(-4.903312267422E-04,-14.30293145188,
    -10.18179314545));
#1749 = CARTESIAN_POINT('',(-4.922220761518E-04,-15.,-10.40218323688));
#1750 = CARTESIAN_POINT('',(-4.852506928818E-04,-15.,-11.13451040266));
#1751 = CARTESIAN_POINT('',(-3.724050283437,-14.23482947848,
    -10.23590832569));
#1752 = CARTESIAN_POINT('',(-3.784527339212,-14.99999999999,
    -10.4259041812));
#1753 = CARTESIAN_POINT('',(-3.687746692864,-15.,-11.21027165792));
#1754 = CARTESIAN_POINT('',(-6.17130817065,-14.09273653793,-10.3));
#1755 = CARTESIAN_POINT('',(-6.224613662092,-15.,-10.3886270522));
#1756 = CARTESIAN_POINT('',(-6.14482820739,-15.,-11.29999999609));
#1757 = CARTESIAN_POINT('',(-7.374225262876,-13.99999999999,-10.3));
#1758 = CARTESIAN_POINT('',(-7.374225262876,-15.,-10.29999999999));
#1759 = CARTESIAN_POINT('',(-7.374225262876,-15.,-11.3));
#1760 = ADVANCED_FACE('',(#1761),#1767,.T.);
#1761 = FACE_BOUND('',#1762,.T.);
#1762 = EDGE_LOOP('',(#1763,#1764,#1765,#1766));
#1763 = ORIENTED_EDGE('',*,*,#1713,.F.);
#1764 = ORIENTED_EDGE('',*,*,#112,.T.);
#1765 = ORIENTED_EDGE('',*,*,#1731,.T.);
#1766 = ORIENTED_EDGE('',*,*,#1077,.F.);
#1767 = CYLINDRICAL_SURFACE('',#1768,1.);
#1768 = AXIS2_PLACEMENT_3D('',#1769,#1770,#1771);
#1769 = CARTESIAN_POINT('',(9.E-17,-14.,-11.3));
#1770 = DIRECTION('',(1.,-9.E-17,0.));
#1771 = DIRECTION('',(9.E-17,1.,0.));
#1772 = ( GEOMETRIC_REPRESENTATION_CONTEXT(3) 
GLOBAL_UNCERTAINTY_ASSIGNED_CONTEXT((#1776)) 
GLOBAL_UNIT_ASSIGNED_CONTEXT((#1773,#1774,#1775)) REPRESENTATION_CONTEXT
('Context #1','3D Context with UNIT and UNCERTAINTY') );
#1773 = ( LENGTH_UNIT() NAMED_UNIT(*) SI_UNIT(.MILLI.,.METRE.) );
#1774 = ( NAMED_UNIT(*) PLANE_ANGLE_UNIT() SI_UNIT($,.RADIAN.) );
#1775 = ( NAMED_UNIT(*) SI_UNIT($,.STERADIAN.) SOLID_ANGLE_UNIT() );
#1776 = UNCERTAINTY_MEASURE_WITH_UNIT(LENGTH_MEASURE(2.E-03),#1773,
  'distance_accuracy_value','confusion accuracy');
#1777 = CONTEXT_DEPENDENT_SHAPE_REPRESENTATION(#1778,#1780);
#1778 = ( REPRESENTATION_RELATIONSHIP('','',#94,#36) 
REPRESENTATION_RELATIONSHIP_WITH_TRANSFORMATION(#1779) 
SHAPE_REPRESENTATION_RELATIONSHIP() );
#1779 = ITEM_DEFINED_TRANSFORMATION('','',#11,#41);
#1780 = PRODUCT_DEFINITION_SHAPE('Placement','Placement of an item',
  #1781);
#1781 = NEXT_ASSEMBLY_USAGE_OCCURRENCE('2','Roller_Housing','',#31,#89,$
  );
#1782 = PRODUCT_RELATED_PRODUCT_CATEGORY('part',$,(#91));
#1783 = SHAPE_DEFINITION_REPRESENTATION(#1784,#1790);
#1784 = PRODUCT_DEFINITION_SHAPE('','',#1785);
#1785 = PRODUCT_DEFINITION('design','',#1786,#1789);
#1786 = PRODUCT_DEFINITION_FORMATION('','',#1787);
#1787 = PRODUCT('LiftPad','LiftPad','',(#1788));
#1788 = PRODUCT_CONTEXT('',#2,'mechanical');
#1789 = PRODUCT_DEFINITION_CONTEXT('part definition',#2,'design');
#1790 = ADVANCED_BREP_SHAPE_REPRESENTATION('',(#11,#1791),#2097);
#1791 = MANIFOLD_SOLID_BREP('',#1792);
#1792 = CLOSED_SHELL('',(#1793,#1833,#1864,#1895,#1956,#2017,#2029,#2046
    ,#2063,#2080));
#1793 = ADVANCED_FACE('',(#1794),#1828,.F.);
#1794 = FACE_BOUND('',#1795,.F.);
#1795 = EDGE_LOOP('',(#1796,#1806,#1814,#1822));
#1796 = ORIENTED_EDGE('',*,*,#1797,.T.);
#1797 = EDGE_CURVE('',#1798,#1800,#1802,.T.);
#1798 = VERTEX_POINT('',#1799);
#1799 = CARTESIAN_POINT('',(-37.65870316444,-17.55184364505,
    -8.228636714619));
#1800 = VERTEX_POINT('',#1801);
#1801 = CARTESIAN_POINT('',(-37.65870316444,-17.55184364505,
    -15.22863671461));
#1802 = LINE('',#1803,#1804);
#1803 = CARTESIAN_POINT('',(-37.65870316444,-17.55184364505,
    -8.228636714619));
#1804 = VECTOR('',#1805,1.);
#1805 = DIRECTION('',(0.,0.,-1.));
#1806 = ORIENTED_EDGE('',*,*,#1807,.T.);
#1807 = EDGE_CURVE('',#1800,#1808,#1810,.T.);
#1808 = VERTEX_POINT('',#1809);
#1809 = CARTESIAN_POINT('',(-37.65870316444,12.44815635495,
    -15.22863671461));
#1810 = LINE('',#1811,#1812);
#1811 = CARTESIAN_POINT('',(-37.65870316444,-17.55184364505,
    -15.22863671461));
#1812 = VECTOR('',#1813,1.);
#1813 = DIRECTION('',(0.,1.,0.));
#1814 = ORIENTED_EDGE('',*,*,#1815,.F.);
#1815 = EDGE_CURVE('',#1816,#1808,#1818,.T.);
#1816 = VERTEX_POINT('',#1817);
#1817 = CARTESIAN_POINT('',(-37.65870316444,12.44815635495,
    -8.228636714619));
#1818 = LINE('',#1819,#1820);
#1819 = CARTESIAN_POINT('',(-37.65870316444,12.44815635495,
    -8.228636714619));
#1820 = VECTOR('',#1821,1.);
#1821 = DIRECTION('',(0.,0.,-1.));
#1822 = ORIENTED_EDGE('',*,*,#1823,.F.);
#1823 = EDGE_CURVE('',#1798,#1816,#1824,.T.);
#1824 = LINE('',#1825,#1826);
#1825 = CARTESIAN_POINT('',(-37.65870316444,-17.55184364505,
    -8.228636714619));
#1826 = VECTOR('',#1827,1.);
#1827 = DIRECTION('',(0.,1.,0.));
#1828 = PLANE('',#1829);
#1829 = AXIS2_PLACEMENT_3D('',#1830,#1831,#1832);
#1830 = CARTESIAN_POINT('',(-37.65870316444,-17.55184364505,
    -8.228636714619));
#1831 = DIRECTION('',(1.,0.,0.));
#1832 = DIRECTION('',(-0.,1.,0.));
#1833 = ADVANCED_FACE('',(#1834),#1859,.F.);
#1834 = FACE_BOUND('',#1835,.F.);
#1835 = EDGE_LOOP('',(#1836,#1846,#1852,#1853));
#1836 = ORIENTED_EDGE('',*,*,#1837,.T.);
#1837 = EDGE_CURVE('',#1838,#1840,#1842,.T.);
#1838 = VERTEX_POINT('',#1839);
#1839 = CARTESIAN_POINT('',(2.341296835556,-17.55184364505,
    -8.228636714619));
#1840 = VERTEX_POINT('',#1841);
#1841 = CARTESIAN_POINT('',(2.341296835556,-17.55184364505,
    -15.22863671461));
#1842 = LINE('',#1843,#1844);
#1843 = CARTESIAN_POINT('',(2.341296835556,-17.55184364505,
    -8.228636714619));
#1844 = VECTOR('',#1845,1.);
#1845 = DIRECTION('',(0.,0.,-1.));
#1846 = ORIENTED_EDGE('',*,*,#1847,.T.);
#1847 = EDGE_CURVE('',#1840,#1800,#1848,.T.);
#1848 = LINE('',#1849,#1850);
#1849 = CARTESIAN_POINT('',(2.341296835556,-17.55184364505,
    -15.22863671461));
#1850 = VECTOR('',#1851,1.);
#1851 = DIRECTION('',(-1.,0.,0.));
#1852 = ORIENTED_EDGE('',*,*,#1797,.F.);
#1853 = ORIENTED_EDGE('',*,*,#1854,.F.);
#1854 = EDGE_CURVE('',#1838,#1798,#1855,.T.);
#1855 = LINE('',#1856,#1857);
#1856 = CARTESIAN_POINT('',(2.341296835556,-17.55184364505,
    -8.228636714619));
#1857 = VECTOR('',#1858,1.);
#1858 = DIRECTION('',(-1.,0.,0.));
#1859 = PLANE('',#1860);
#1860 = AXIS2_PLACEMENT_3D('',#1861,#1862,#1863);
#1861 = CARTESIAN_POINT('',(2.341296835556,-17.55184364505,
    -8.228636714619));
#1862 = DIRECTION('',(0.,1.,0.));
#1863 = DIRECTION('',(-1.,0.,0.));
#1864 = ADVANCED_FACE('',(#1865),#1890,.F.);
#1865 = FACE_BOUND('',#1866,.F.);
#1866 = EDGE_LOOP('',(#1867,#1868,#1876,#1884));
#1867 = ORIENTED_EDGE('',*,*,#1815,.T.);
#1868 = ORIENTED_EDGE('',*,*,#1869,.T.);
#1869 = EDGE_CURVE('',#1808,#1870,#1872,.T.);
#1870 = VERTEX_POINT('',#1871);
#1871 = CARTESIAN_POINT('',(2.341296835556,12.44815635495,
    -15.22863671461));
#1872 = LINE('',#1873,#1874);
#1873 = CARTESIAN_POINT('',(-37.65870316444,12.44815635495,
    -15.22863671461));
#1874 = VECTOR('',#1875,1.);
#1875 = DIRECTION('',(1.,0.,0.));
#1876 = ORIENTED_EDGE('',*,*,#1877,.F.);
#1877 = EDGE_CURVE('',#1878,#1870,#1880,.T.);
#1878 = VERTEX_POINT('',#1879);
#1879 = CARTESIAN_POINT('',(2.341296835556,12.44815635495,
    -8.228636714619));
#1880 = LINE('',#1881,#1882);
#1881 = CARTESIAN_POINT('',(2.341296835556,12.44815635495,
    -8.228636714619));
#1882 = VECTOR('',#1883,1.);
#1883 = DIRECTION('',(0.,0.,-1.));
#1884 = ORIENTED_EDGE('',*,*,#1885,.F.);
#1885 = EDGE_CURVE('',#1816,#1878,#1886,.T.);
#1886 = LINE('',#1887,#1888);
#1887 = CARTESIAN_POINT('',(-37.65870316444,12.44815635495,
    -8.228636714619));
#1888 = VECTOR('',#1889,1.);
#1889 = DIRECTION('',(1.,0.,0.));
#1890 = PLANE('',#1891);
#1891 = AXIS2_PLACEMENT_3D('',#1892,#1893,#1894);
#1892 = CARTESIAN_POINT('',(-37.65870316444,12.44815635495,
    -8.228636714619));
#1893 = DIRECTION('',(0.,-1.,0.));
#1894 = DIRECTION('',(1.,0.,0.));
#1895 = ADVANCED_FACE('',(#1896,#1907,#1918,#1929,#1940),#1951,.T.);
#1896 = FACE_BOUND('',#1897,.T.);
#1897 = EDGE_LOOP('',(#1898,#1899,#1900,#1906));
#1898 = ORIENTED_EDGE('',*,*,#1823,.F.);
#1899 = ORIENTED_EDGE('',*,*,#1854,.F.);
#1900 = ORIENTED_EDGE('',*,*,#1901,.F.);
#1901 = EDGE_CURVE('',#1878,#1838,#1902,.T.);
#1902 = LINE('',#1903,#1904);
#1903 = CARTESIAN_POINT('',(2.341296835556,12.44815635495,
    -8.228636714619));
#1904 = VECTOR('',#1905,1.);
#1905 = DIRECTION('',(0.,-1.,0.));
#1906 = ORIENTED_EDGE('',*,*,#1885,.F.);
#1907 = FACE_BOUND('',#1908,.T.);
#1908 = EDGE_LOOP('',(#1909));
#1909 = ORIENTED_EDGE('',*,*,#1910,.F.);
#1910 = EDGE_CURVE('',#1911,#1911,#1913,.T.);
#1911 = VERTEX_POINT('',#1912);
#1912 = CARTESIAN_POINT('',(-30.95870316444,-12.55184364505,
    -8.228636714619));
#1913 = CIRCLE('',#1914,1.7);
#1914 = AXIS2_PLACEMENT_3D('',#1915,#1916,#1917);
#1915 = CARTESIAN_POINT('',(-32.65870316444,-12.55184364505,
    -8.228636714619));
#1916 = DIRECTION('',(0.,0.,1.));
#1917 = DIRECTION('',(1.,0.,-0.));
#1918 = FACE_BOUND('',#1919,.T.);
#1919 = EDGE_LOOP('',(#1920));
#1920 = ORIENTED_EDGE('',*,*,#1921,.F.);
#1921 = EDGE_CURVE('',#1922,#1922,#1924,.T.);
#1922 = VERTEX_POINT('',#1923);
#1923 = CARTESIAN_POINT('',(-0.958703164444,-12.55184364505,
    -8.228636714619));
#1924 = CIRCLE('',#1925,1.7);
#1925 = AXIS2_PLACEMENT_3D('',#1926,#1927,#1928);
#1926 = CARTESIAN_POINT('',(-2.658703164444,-12.55184364505,
    -8.228636714619));
#1927 = DIRECTION('',(0.,0.,1.));
#1928 = DIRECTION('',(1.,0.,-0.));
#1929 = FACE_BOUND('',#1930,.T.);
#1930 = EDGE_LOOP('',(#1931));
#1931 = ORIENTED_EDGE('',*,*,#1932,.F.);
#1932 = EDGE_CURVE('',#1933,#1933,#1935,.T.);
#1933 = VERTEX_POINT('',#1934);
#1934 = CARTESIAN_POINT('',(-30.95870316444,7.44815635495,
    -8.228636714619));
#1935 = CIRCLE('',#1936,1.7);
#1936 = AXIS2_PLACEMENT_3D('',#1937,#1938,#1939);
#1937 = CARTESIAN_POINT('',(-32.65870316444,7.44815635495,
    -8.228636714619));
#1938 = DIRECTION('',(0.,0.,1.));
#1939 = DIRECTION('',(1.,0.,-0.));
#1940 = FACE_BOUND('',#1941,.T.);
#1941 = EDGE_LOOP('',(#1942));
#1942 = ORIENTED_EDGE('',*,*,#1943,.F.);
#1943 = EDGE_CURVE('',#1944,#1944,#1946,.T.);
#1944 = VERTEX_POINT('',#1945);
#1945 = CARTESIAN_POINT('',(-0.958703164444,7.44815635495,
    -8.228636714619));
#1946 = CIRCLE('',#1947,1.7);
#1947 = AXIS2_PLACEMENT_3D('',#1948,#1949,#1950);
#1948 = CARTESIAN_POINT('',(-2.658703164444,7.44815635495,
    -8.228636714619));
#1949 = DIRECTION('',(0.,0.,1.));
#1950 = DIRECTION('',(1.,0.,-0.));
#1951 = PLANE('',#1952);
#1952 = AXIS2_PLACEMENT_3D('',#1953,#1954,#1955);
#1953 = CARTESIAN_POINT('',(-17.65870316444,-2.55184364505,
    -8.228636714619));
#1954 = DIRECTION('',(0.,0.,1.));
#1955 = DIRECTION('',(1.,0.,-0.));
#1956 = ADVANCED_FACE('',(#1957,#1968,#1979,#1990,#2001),#2012,.F.);
#1957 = FACE_BOUND('',#1958,.F.);
#1958 = EDGE_LOOP('',(#1959,#1960,#1961,#1967));
#1959 = ORIENTED_EDGE('',*,*,#1807,.F.);
#1960 = ORIENTED_EDGE('',*,*,#1847,.F.);
#1961 = ORIENTED_EDGE('',*,*,#1962,.F.);
#1962 = EDGE_CURVE('',#1870,#1840,#1963,.T.);
#1963 = LINE('',#1964,#1965);
#1964 = CARTESIAN_POINT('',(2.341296835556,12.44815635495,
    -15.22863671461));
#1965 = VECTOR('',#1966,1.);
#1966 = DIRECTION('',(0.,-1.,0.));
#1967 = ORIENTED_EDGE('',*,*,#1869,.F.);
#1968 = FACE_BOUND('',#1969,.F.);
#1969 = EDGE_LOOP('',(#1970));
#1970 = ORIENTED_EDGE('',*,*,#1971,.F.);
#1971 = EDGE_CURVE('',#1972,#1972,#1974,.T.);
#1972 = VERTEX_POINT('',#1973);
#1973 = CARTESIAN_POINT('',(-30.95870316444,-12.55184364505,
    -15.22863671461));
#1974 = CIRCLE('',#1975,1.7);
#1975 = AXIS2_PLACEMENT_3D('',#1976,#1977,#1978);
#1976 = CARTESIAN_POINT('',(-32.65870316444,-12.55184364505,
    -15.22863671461));
#1977 = DIRECTION('',(0.,0.,1.));
#1978 = DIRECTION('',(1.,0.,-0.));
#1979 = FACE_BOUND('',#1980,.F.);
#1980 = EDGE_LOOP('',(#1981));
#1981 = ORIENTED_EDGE('',*,*,#1982,.F.);
#1982 = EDGE_CURVE('',#1983,#1983,#1985,.T.);
#1983 = VERTEX_POINT('',#1984);
#1984 = CARTESIAN_POINT('',(-0.958703164444,-12.55184364505,
    -15.22863671461));
#1985 = CIRCLE('',#1986,1.7);
#1986 = AXIS2_PLACEMENT_3D('',#1987,#1988,#1989);
#1987 = CARTESIAN_POINT('',(-2.658703164444,-12.55184364505,
    -15.22863671461));
#1988 = DIRECTION('',(0.,0.,1.));
#1989 = DIRECTION('',(1.,0.,-0.));
#1990 = FACE_BOUND('',#1991,.F.);
#1991 = EDGE_LOOP('',(#1992));
#1992 = ORIENTED_EDGE('',*,*,#1993,.F.);
#1993 = EDGE_CURVE('',#1994,#1994,#1996,.T.);
#1994 = VERTEX_POINT('',#1995);
#1995 = CARTESIAN_POINT('',(-30.95870316444,7.44815635495,
    -15.22863671461));
#1996 = CIRCLE('',#1997,1.7);
#1997 = AXIS2_PLACEMENT_3D('',#1998,#1999,#2000);
#1998 = CARTESIAN_POINT('',(-32.65870316444,7.44815635495,
    -15.22863671461));
#1999 = DIRECTION('',(0.,0.,1.));
#2000 = DIRECTION('',(1.,0.,-0.));
#2001 = FACE_BOUND('',#2002,.F.);
#2002 = EDGE_LOOP('',(#2003));
#2003 = ORIENTED_EDGE('',*,*,#2004,.F.);
#2004 = EDGE_CURVE('',#2005,#2005,#2007,.T.);
#2005 = VERTEX_POINT('',#2006);
#2006 = CARTESIAN_POINT('',(-0.958703164444,7.44815635495,
    -15.22863671461));
#2007 = CIRCLE('',#2008,1.7);
#2008 = AXIS2_PLACEMENT_3D('',#2009,#2010,#2011);
#2009 = CARTESIAN_POINT('',(-2.658703164444,7.44815635495,
    -15.22863671461));
#2010 = DIRECTION('',(0.,0.,1.));
#2011 = DIRECTION('',(1.,0.,-0.));
#2012 = PLANE('',#2013);
#2013 = AXIS2_PLACEMENT_3D('',#2014,#2015,#2016);
#2014 = CARTESIAN_POINT('',(-17.65870316444,-2.55184364505,
    -15.22863671461));
#2015 = DIRECTION('',(0.,0.,1.));
#2016 = DIRECTION('',(1.,0.,-0.));
#2017 = ADVANCED_FACE('',(#2018),#2024,.F.);
#2018 = FACE_BOUND('',#2019,.F.);
#2019 = EDGE_LOOP('',(#2020,#2021,#2022,#2023));
#2020 = ORIENTED_EDGE('',*,*,#1877,.T.);
#2021 = ORIENTED_EDGE('',*,*,#1962,.T.);
#2022 = ORIENTED_EDGE('',*,*,#1837,.F.);
#2023 = ORIENTED_EDGE('',*,*,#1901,.F.);
#2024 = PLANE('',#2025);
#2025 = AXIS2_PLACEMENT_3D('',#2026,#2027,#2028);
#2026 = CARTESIAN_POINT('',(2.341296835556,12.44815635495,
    -8.228636714619));
#2027 = DIRECTION('',(-1.,-0.,-0.));
#2028 = DIRECTION('',(0.,-1.,0.));
#2029 = ADVANCED_FACE('',(#2030),#2041,.F.);
#2030 = FACE_BOUND('',#2031,.F.);
#2031 = EDGE_LOOP('',(#2032,#2033,#2039,#2040));
#2032 = ORIENTED_EDGE('',*,*,#1910,.F.);
#2033 = ORIENTED_EDGE('',*,*,#2034,.T.);
#2034 = EDGE_CURVE('',#1911,#1972,#2035,.T.);
#2035 = LINE('',#2036,#2037);
#2036 = CARTESIAN_POINT('',(-30.95870316444,-12.55184364505,
    -8.228636714619));
#2037 = VECTOR('',#2038,1.);
#2038 = DIRECTION('',(-0.,-0.,-1.));
#2039 = ORIENTED_EDGE('',*,*,#1971,.T.);
#2040 = ORIENTED_EDGE('',*,*,#2034,.F.);
#2041 = CYLINDRICAL_SURFACE('',#2042,1.7);
#2042 = AXIS2_PLACEMENT_3D('',#2043,#2044,#2045);
#2043 = CARTESIAN_POINT('',(-32.65870316444,-12.55184364505,
    -8.228636714619));
#2044 = DIRECTION('',(0.,0.,1.));
#2045 = DIRECTION('',(1.,0.,-0.));
#2046 = ADVANCED_FACE('',(#2047),#2058,.F.);
#2047 = FACE_BOUND('',#2048,.F.);
#2048 = EDGE_LOOP('',(#2049,#2050,#2056,#2057));
#2049 = ORIENTED_EDGE('',*,*,#1921,.F.);
#2050 = ORIENTED_EDGE('',*,*,#2051,.T.);
#2051 = EDGE_CURVE('',#1922,#1983,#2052,.T.);
#2052 = LINE('',#2053,#2054);
#2053 = CARTESIAN_POINT('',(-0.958703164444,-12.55184364505,
    -8.228636714619));
#2054 = VECTOR('',#2055,1.);
#2055 = DIRECTION('',(-0.,-0.,-1.));
#2056 = ORIENTED_EDGE('',*,*,#1982,.T.);
#2057 = ORIENTED_EDGE('',*,*,#2051,.F.);
#2058 = CYLINDRICAL_SURFACE('',#2059,1.7);
#2059 = AXIS2_PLACEMENT_3D('',#2060,#2061,#2062);
#2060 = CARTESIAN_POINT('',(-2.658703164444,-12.55184364505,
    -8.228636714619));
#2061 = DIRECTION('',(0.,0.,1.));
#2062 = DIRECTION('',(1.,0.,-0.));
#2063 = ADVANCED_FACE('',(#2064),#2075,.F.);
#2064 = FACE_BOUND('',#2065,.F.);
#2065 = EDGE_LOOP('',(#2066,#2067,#2073,#2074));
#2066 = ORIENTED_EDGE('',*,*,#1932,.F.);
#2067 = ORIENTED_EDGE('',*,*,#2068,.T.);
#2068 = EDGE_CURVE('',#1933,#1994,#2069,.T.);
#2069 = LINE('',#2070,#2071);
#2070 = CARTESIAN_POINT('',(-30.95870316444,7.44815635495,
    -8.228636714619));
#2071 = VECTOR('',#2072,1.);
#2072 = DIRECTION('',(-0.,-0.,-1.));
#2073 = ORIENTED_EDGE('',*,*,#1993,.T.);
#2074 = ORIENTED_EDGE('',*,*,#2068,.F.);
#2075 = CYLINDRICAL_SURFACE('',#2076,1.7);
#2076 = AXIS2_PLACEMENT_3D('',#2077,#2078,#2079);
#2077 = CARTESIAN_POINT('',(-32.65870316444,7.44815635495,
    -8.228636714619));
#2078 = DIRECTION('',(0.,0.,1.));
#2079 = DIRECTION('',(1.,0.,-0.));
#2080 = ADVANCED_FACE('',(#2081),#2092,.F.);
#2081 = FACE_BOUND('',#2082,.F.);
#2082 = EDGE_LOOP('',(#2083,#2084,#2090,#2091));
#2083 = ORIENTED_EDGE('',*,*,#1943,.F.);
#2084 = ORIENTED_EDGE('',*,*,#2085,.T.);
#2085 = EDGE_CURVE('',#1944,#2005,#2086,.T.);
#2086 = LINE('',#2087,#2088);
#2087 = CARTESIAN_POINT('',(-0.958703164444,7.44815635495,
    -8.228636714619));
#2088 = VECTOR('',#2089,1.);
#2089 = DIRECTION('',(-0.,-0.,-1.));
#2090 = ORIENTED_EDGE('',*,*,#2004,.T.);
#2091 = ORIENTED_EDGE('',*,*,#2085,.F.);
#2092 = CYLINDRICAL_SURFACE('',#2093,1.7);
#2093 = AXIS2_PLACEMENT_3D('',#2094,#2095,#2096);
#2094 = CARTESIAN_POINT('',(-2.658703164444,7.44815635495,
    -8.228636714619));
#2095 = DIRECTION('',(0.,0.,1.));
#2096 = DIRECTION('',(1.,0.,-0.));
#2097 = ( GEOMETRIC_REPRESENTATION_CONTEXT(3) 
GLOBAL_UNCERTAINTY_ASSIGNED_CONTEXT((#2101)) 
GLOBAL_UNIT_ASSIGNED_CONTEXT((#2098,#2099,#2100)) REPRESENTATION_CONTEXT
('Context #1','3D Context with UNIT and UNCERTAINTY') );
#2098 = ( LENGTH_UNIT() NAMED_UNIT(*) SI_UNIT(.MILLI.,.METRE.) );
#2099 = ( NAMED_UNIT(*) PLANE_ANGLE_UNIT() SI_UNIT($,.RADIAN.) );
#2100 = ( NAMED_UNIT(*) SI_UNIT($,.STERADIAN.) SOLID_ANGLE_UNIT() );
#2101 = UNCERTAINTY_MEASURE_WITH_UNIT(LENGTH_MEASURE(1.E-07),#2098,
  'distance_accuracy_value','confusion accuracy');
#2102 = CONTEXT_DEPENDENT_SHAPE_REPRESENTATION(#2103,#2105);
#2103 = ( REPRESENTATION_RELATIONSHIP('','',#1790,#10) 
REPRESENTATION_RELATIONSHIP_WITH_TRANSFORMATION(#2104) 
SHAPE_REPRESENTATION_RELATIONSHIP() );
#2104 = ITEM_DEFINED_TRANSFORMATION('','',#11,#19);
#2105 = PRODUCT_DEFINITION_SHAPE('Placement','Placement of an item',
  #2106);
#2106 = NEXT_ASSEMBLY_USAGE_OCCURRENCE('4','LiftPad','',#5,#1785,$);
#2107 = PRODUCT_RELATED_PRODUCT_CATEGORY('part',$,(#1787));
#2108 = MECHANICAL_DESIGN_GEOMETRIC_PRESENTATION_REPRESENTATION('',(
    #2109),#76);
#2109 = STYLED_ITEM('color',(#2110),#64);
#2110 = PRESENTATION_STYLE_ASSIGNMENT((#2111,#2117));
#2111 = SURFACE_STYLE_USAGE(.BOTH.,#2112);
#2112 = SURFACE_SIDE_STYLE('',(#2113));
#2113 = SURFACE_STYLE_FILL_AREA(#2114);
#2114 = FILL_AREA_STYLE('',(#2115));
#2115 = FILL_AREA_STYLE_COLOUR('',#2116);
#2116 = COLOUR_RGB('',0.615686309239,0.811764731185,0.929411760963);
#2117 = CURVE_STYLE('',#2118,POSITIVE_LENGTH_MEASURE(0.1),#2119);
#2118 = DRAUGHTING_PRE_DEFINED_CURVE_FONT('continuous');
#2119 = COLOUR_RGB('',9.803921802644E-02,9.803921802644E-02,
  9.803921802644E-02);
#2120 = MECHANICAL_DESIGN_GEOMETRIC_PRESENTATION_REPRESENTATION('',(
    #2121),#2097);
#2121 = STYLED_ITEM('color',(#2122),#1791);
#2122 = PRESENTATION_STYLE_ASSIGNMENT((#2123,#2129));
#2123 = SURFACE_STYLE_USAGE(.BOTH.,#2124);
#2124 = SURFACE_SIDE_STYLE('',(#2125));
#2125 = SURFACE_STYLE_FILL_AREA(#2126);
#2126 = FILL_AREA_STYLE('',(#2127));
#2127 = FILL_AREA_STYLE_COLOUR('',#2128);
#2128 = COLOUR_RGB('',0.,0.525490220889,0.839215683236);
#2129 = CURVE_STYLE('',#2130,POSITIVE_LENGTH_MEASURE(0.1),#2119);
#2130 = DRAUGHTING_PRE_DEFINED_CURVE_FONT('continuous');
#2131 = MECHANICAL_DESIGN_GEOMETRIC_PRESENTATION_REPRESENTATION('',(
    #2132),#1772);
#2132 = STYLED_ITEM('color',(#2133),#95);
#2133 = PRESENTATION_STYLE_ASSIGNMENT((#2134,#2140));
#2134 = SURFACE_STYLE_USAGE(.BOTH.,#2135);
#2135 = SURFACE_SIDE_STYLE('',(#2136));
#2136 = SURFACE_STYLE_FILL_AREA(#2137);
#2137 = FILL_AREA_STYLE('',(#2138));
#2138 = FILL_AREA_STYLE_COLOUR('',#2139);
#2139 = COLOUR_RGB('',0.23137255388,0.380392165758,0.705882360366);
#2140 = CURVE_STYLE('',#2141,POSITIVE_LENGTH_MEASURE(0.1),#2119);
#2141 = DRAUGHTING_PRE_DEFINED_CURVE_FONT('continuous');
ENDSEC;
END-ISO-10303-21;
