ISO-10303-21;
HEADER;
FILE_DESCRIPTION(('FreeCAD Model'),'2;1');
FILE_NAME('Open CASCADE Shape Model','2025-11-25T09:22:06',('Author'),(
    ''),'Open CASCADE STEP processor 7.8','FreeCAD','Unknown');
FILE_SCHEMA(('AUTOMOTIVE_DESIGN { 1 0 10303 214 1 1 1 1 }'));
ENDSEC;
DATA;
#1 = APPLICATION_PROTOCOL_DEFINITION('international standard',
  'automotive_design',2000,#2);
#2 = APPLICATION_CONTEXT(
  'core data for automotive mechanical design processes');
#3 = SHAPE_DEFINITION_REPRESENTATION(#4,#10);
#4 = PRODUCT_DEFINITION_SHAPE('','',#5);
#5 = PRODUCT_DEFINITION('design','',#6,#9);
#6 = PRODUCT_DEFINITION_FORMATION('','',#7);
#7 = PRODUCT('Base','Base','',(#8));
#8 = PRODUCT_CONTEXT('',#2,'mechanical');
#9 = PRODUCT_DEFINITION_CONTEXT('part definition',#2,'design');
#10 = ADVANCED_BREP_SHAPE_REPRESENTATION('',(#11,#15),#5237);
#11 = AXIS2_PLACEMENT_3D('',#12,#13,#14);
#12 = CARTESIAN_POINT('',(0.,0.,0.));
#13 = DIRECTION('',(0.,0.,1.));
#14 = DIRECTION('',(1.,0.,-0.));
#15 = MANIFOLD_SOLID_BREP('',#16);
#16 = CLOSED_SHELL('',(#17,#57,#90,#123,#916,#1865,#1882,#1899,#1916,
    #1933,#1945,#1967,#1984,#2001,#2013,#2035,#2052,#2069,#2081,#2112,
    #2136,#2160,#2184,#2208,#2225,#2250,#2275,#2300,#2325,#2347,#2364,
    #2381,#2398,#2415,#2432,#2449,#2461,#2486,#2517,#2541,#2565,#2589,
    #2613,#2630,#2652,#2669,#2686,#2698,#2723,#2748,#2773,#2798,#2820,
    #2837,#2854,#2866,#2897,#2921,#2945,#2969,#2993,#3010,#3032,#3049,
    #3066,#3078,#3103,#3125,#3142,#3159,#3176,#3193,#3210,#3227,#3239,
    #3264,#3295,#3319,#3343,#3367,#3391,#3408,#3430,#3447,#3464,#3476,
    #3501,#3523,#3540,#3557,#3574,#3591,#3608,#3625,#3637,#3662,#3693,
    #3717,#3741,#3765,#3789,#3806,#3837,#3861,#3885,#3909,#3933,#3950,
    #3981,#4005,#4029,#4053,#4077,#4094,#4118,#4142,#4167,#4198,#4222,
    #4246,#4270,#4294,#4311,#4342,#4366,#4390,#4414,#4438,#4455,#4486,
    #4510,#4534,#4558,#4582,#4599,#4630,#4654,#4678,#4702,#4726,#4743,
    #4768,#4799,#4823,#4847,#4871,#4895,#4912,#4936,#4961,#4985,#5002,
    #5019,#5036,#5053,#5065,#5077,#5094,#5111,#5128,#5145,#5162,#5179,
    #5196,#5208,#5225));
#17 = ADVANCED_FACE('',(#18),#52,.F.);
#18 = FACE_BOUND('',#19,.F.);
#19 = EDGE_LOOP('',(#20,#30,#38,#46));
#20 = ORIENTED_EDGE('',*,*,#21,.T.);
#21 = EDGE_CURVE('',#22,#24,#26,.T.);
#22 = VERTEX_POINT('',#23);
#23 = CARTESIAN_POINT('',(-89.,43.,5.));
#24 = VERTEX_POINT('',#25);
#25 = CARTESIAN_POINT('',(-89.,43.,10.));
#26 = LINE('',#27,#28);
#27 = CARTESIAN_POINT('',(-89.,43.,5.));
#28 = VECTOR('',#29,1.);
#29 = DIRECTION('',(0.,0.,1.));
#30 = ORIENTED_EDGE('',*,*,#31,.T.);
#31 = EDGE_CURVE('',#24,#32,#34,.T.);
#32 = VERTEX_POINT('',#33);
#33 = CARTESIAN_POINT('',(-89.,-43.,10.));
#34 = LINE('',#35,#36);
#35 = CARTESIAN_POINT('',(-89.,43.,10.));
#36 = VECTOR('',#37,1.);
#37 = DIRECTION('',(0.,-1.,0.));
#38 = ORIENTED_EDGE('',*,*,#39,.F.);
#39 = EDGE_CURVE('',#40,#32,#42,.T.);
#40 = VERTEX_POINT('',#41);
#41 = CARTESIAN_POINT('',(-89.,-43.,5.));
#42 = LINE('',#43,#44);
#43 = CARTESIAN_POINT('',(-89.,-43.,5.));
#44 = VECTOR('',#45,1.);
#45 = DIRECTION('',(0.,0.,1.));
#46 = ORIENTED_EDGE('',*,*,#47,.F.);
#47 = EDGE_CURVE('',#22,#40,#48,.T.);
#48 = LINE('',#49,#50);
#49 = CARTESIAN_POINT('',(-89.,43.,5.));
#50 = VECTOR('',#51,1.);
#51 = DIRECTION('',(0.,-1.,0.));
#52 = PLANE('',#53);
#53 = AXIS2_PLACEMENT_3D('',#54,#55,#56);
#54 = CARTESIAN_POINT('',(-89.,43.,5.));
#55 = DIRECTION('',(1.,0.,0.));
#56 = DIRECTION('',(0.,-1.,0.));
#57 = ADVANCED_FACE('',(#58),#85,.T.);
#58 = FACE_BOUND('',#59,.F.);
#59 = EDGE_LOOP('',(#60,#70,#77,#78));
#60 = ORIENTED_EDGE('',*,*,#61,.T.);
#61 = EDGE_CURVE('',#62,#64,#66,.T.);
#62 = VERTEX_POINT('',#63);
#63 = CARTESIAN_POINT('',(-84.,48.,5.));
#64 = VERTEX_POINT('',#65);
#65 = CARTESIAN_POINT('',(-84.,48.,10.));
#66 = LINE('',#67,#68);
#67 = CARTESIAN_POINT('',(-84.,48.,5.));
#68 = VECTOR('',#69,1.);
#69 = DIRECTION('',(0.,0.,1.));
#70 = ORIENTED_EDGE('',*,*,#71,.T.);
#71 = EDGE_CURVE('',#64,#24,#72,.T.);
#72 = CIRCLE('',#73,5.);
#73 = AXIS2_PLACEMENT_3D('',#74,#75,#76);
#74 = CARTESIAN_POINT('',(-84.,43.,10.));
#75 = DIRECTION('',(0.,0.,1.));
#76 = DIRECTION('',(1.,0.,0.));
#77 = ORIENTED_EDGE('',*,*,#21,.F.);
#78 = ORIENTED_EDGE('',*,*,#79,.F.);
#79 = EDGE_CURVE('',#62,#22,#80,.T.);
#80 = CIRCLE('',#81,5.);
#81 = AXIS2_PLACEMENT_3D('',#82,#83,#84);
#82 = CARTESIAN_POINT('',(-84.,43.,5.));
#83 = DIRECTION('',(0.,0.,1.));
#84 = DIRECTION('',(1.,0.,0.));
#85 = CYLINDRICAL_SURFACE('',#86,5.);
#86 = AXIS2_PLACEMENT_3D('',#87,#88,#89);
#87 = CARTESIAN_POINT('',(-84.,43.,5.));
#88 = DIRECTION('',(-0.,-0.,-1.));
#89 = DIRECTION('',(1.,0.,0.));
#90 = ADVANCED_FACE('',(#91),#118,.T.);
#91 = FACE_BOUND('',#92,.F.);
#92 = EDGE_LOOP('',(#93,#94,#103,#111));
#93 = ORIENTED_EDGE('',*,*,#39,.T.);
#94 = ORIENTED_EDGE('',*,*,#95,.T.);
#95 = EDGE_CURVE('',#32,#96,#98,.T.);
#96 = VERTEX_POINT('',#97);
#97 = CARTESIAN_POINT('',(-84.,-48.,10.));
#98 = CIRCLE('',#99,5.);
#99 = AXIS2_PLACEMENT_3D('',#100,#101,#102);
#100 = CARTESIAN_POINT('',(-84.,-43.,10.));
#101 = DIRECTION('',(0.,0.,1.));
#102 = DIRECTION('',(1.,0.,0.));
#103 = ORIENTED_EDGE('',*,*,#104,.F.);
#104 = EDGE_CURVE('',#105,#96,#107,.T.);
#105 = VERTEX_POINT('',#106);
#106 = CARTESIAN_POINT('',(-84.,-48.,5.));
#107 = LINE('',#108,#109);
#108 = CARTESIAN_POINT('',(-84.,-48.,5.));
#109 = VECTOR('',#110,1.);
#110 = DIRECTION('',(0.,0.,1.));
#111 = ORIENTED_EDGE('',*,*,#112,.F.);
#112 = EDGE_CURVE('',#40,#105,#113,.T.);
#113 = CIRCLE('',#114,5.);
#114 = AXIS2_PLACEMENT_3D('',#115,#116,#117);
#115 = CARTESIAN_POINT('',(-84.,-43.,5.));
#116 = DIRECTION('',(0.,0.,1.));
#117 = DIRECTION('',(1.,0.,0.));
#118 = CYLINDRICAL_SURFACE('',#119,5.);
#119 = AXIS2_PLACEMENT_3D('',#120,#121,#122);
#120 = CARTESIAN_POINT('',(-84.,-43.,5.));
#121 = DIRECTION('',(-0.,-0.,-1.));
#122 = DIRECTION('',(1.,0.,0.));
#123 = ADVANCED_FACE('',(#124,#169,#203,#237,#287,#298,#309,#320,#331,
    #401,#412,#462,#496,#507,#518,#529,#540,#574,#624,#658,#669,#739,
    #750,#800,#834,#845),#911,.F.);
#124 = FACE_BOUND('',#125,.F.);
#125 = EDGE_LOOP('',(#126,#127,#128,#136,#145,#153,#162,#168));
#126 = ORIENTED_EDGE('',*,*,#47,.T.);
#127 = ORIENTED_EDGE('',*,*,#112,.T.);
#128 = ORIENTED_EDGE('',*,*,#129,.T.);
#129 = EDGE_CURVE('',#105,#130,#132,.T.);
#130 = VERTEX_POINT('',#131);
#131 = CARTESIAN_POINT('',(31.,-48.,5.));
#132 = LINE('',#133,#134);
#133 = CARTESIAN_POINT('',(-84.,-48.,5.));
#134 = VECTOR('',#135,1.);
#135 = DIRECTION('',(1.,0.,0.));
#136 = ORIENTED_EDGE('',*,*,#137,.T.);
#137 = EDGE_CURVE('',#130,#138,#140,.T.);
#138 = VERTEX_POINT('',#139);
#139 = CARTESIAN_POINT('',(36.,-43.,5.));
#140 = CIRCLE('',#141,5.);
#141 = AXIS2_PLACEMENT_3D('',#142,#143,#144);
#142 = CARTESIAN_POINT('',(31.,-43.,5.));
#143 = DIRECTION('',(0.,0.,1.));
#144 = DIRECTION('',(1.,0.,0.));
#145 = ORIENTED_EDGE('',*,*,#146,.T.);
#146 = EDGE_CURVE('',#138,#147,#149,.T.);
#147 = VERTEX_POINT('',#148);
#148 = CARTESIAN_POINT('',(36.,43.,5.));
#149 = LINE('',#150,#151);
#150 = CARTESIAN_POINT('',(36.,-43.,5.));
#151 = VECTOR('',#152,1.);
#152 = DIRECTION('',(0.,1.,0.));
#153 = ORIENTED_EDGE('',*,*,#154,.T.);
#154 = EDGE_CURVE('',#147,#155,#157,.T.);
#155 = VERTEX_POINT('',#156);
#156 = CARTESIAN_POINT('',(31.,48.,5.));
#157 = CIRCLE('',#158,5.);
#158 = AXIS2_PLACEMENT_3D('',#159,#160,#161);
#159 = CARTESIAN_POINT('',(31.,43.,5.));
#160 = DIRECTION('',(0.,0.,1.));
#161 = DIRECTION('',(1.,0.,0.));
#162 = ORIENTED_EDGE('',*,*,#163,.T.);
#163 = EDGE_CURVE('',#155,#62,#164,.T.);
#164 = LINE('',#165,#166);
#165 = CARTESIAN_POINT('',(31.,48.,5.));
#166 = VECTOR('',#167,1.);
#167 = DIRECTION('',(-1.,0.,0.));
#168 = ORIENTED_EDGE('',*,*,#79,.T.);
#169 = FACE_BOUND('',#170,.F.);
#170 = EDGE_LOOP('',(#171,#181,#189,#197));
#171 = ORIENTED_EDGE('',*,*,#172,.F.);
#172 = EDGE_CURVE('',#173,#175,#177,.T.);
#173 = VERTEX_POINT('',#174);
#174 = CARTESIAN_POINT('',(-87.,-25.,5.));
#175 = VERTEX_POINT('',#176);
#176 = CARTESIAN_POINT('',(-87.,-33.,5.));
#177 = LINE('',#178,#179);
#178 = CARTESIAN_POINT('',(-87.,-25.,5.));
#179 = VECTOR('',#180,1.);
#180 = DIRECTION('',(0.,-1.,0.));
#181 = ORIENTED_EDGE('',*,*,#182,.F.);
#182 = EDGE_CURVE('',#183,#173,#185,.T.);
#183 = VERTEX_POINT('',#184);
#184 = CARTESIAN_POINT('',(-83.,-25.,5.));
#185 = LINE('',#186,#187);
#186 = CARTESIAN_POINT('',(-83.,-25.,5.));
#187 = VECTOR('',#188,1.);
#188 = DIRECTION('',(-1.,0.,0.));
#189 = ORIENTED_EDGE('',*,*,#190,.F.);
#190 = EDGE_CURVE('',#191,#183,#193,.T.);
#191 = VERTEX_POINT('',#192);
#192 = CARTESIAN_POINT('',(-83.,-33.,5.));
#193 = LINE('',#194,#195);
#194 = CARTESIAN_POINT('',(-83.,-33.,5.));
#195 = VECTOR('',#196,1.);
#196 = DIRECTION('',(0.,1.,0.));
#197 = ORIENTED_EDGE('',*,*,#198,.F.);
#198 = EDGE_CURVE('',#175,#191,#199,.T.);
#199 = LINE('',#200,#201);
#200 = CARTESIAN_POINT('',(-87.,-33.,5.));
#201 = VECTOR('',#202,1.);
#202 = DIRECTION('',(1.,0.,0.));
#203 = FACE_BOUND('',#204,.F.);
#204 = EDGE_LOOP('',(#205,#215,#223,#231));
#205 = ORIENTED_EDGE('',*,*,#206,.F.);
#206 = EDGE_CURVE('',#207,#209,#211,.T.);
#207 = VERTEX_POINT('',#208);
#208 = CARTESIAN_POINT('',(-33.,-42.,5.));
#209 = VERTEX_POINT('',#210);
#210 = CARTESIAN_POINT('',(-33.,-46.,5.));
#211 = LINE('',#212,#213);
#212 = CARTESIAN_POINT('',(-33.,-42.,5.));
#213 = VECTOR('',#214,1.);
#214 = DIRECTION('',(0.,-1.,0.));
#215 = ORIENTED_EDGE('',*,*,#216,.F.);
#216 = EDGE_CURVE('',#217,#207,#219,.T.);
#217 = VERTEX_POINT('',#218);
#218 = CARTESIAN_POINT('',(-25.,-42.,5.));
#219 = LINE('',#220,#221);
#220 = CARTESIAN_POINT('',(-25.,-42.,5.));
#221 = VECTOR('',#222,1.);
#222 = DIRECTION('',(-1.,0.,0.));
#223 = ORIENTED_EDGE('',*,*,#224,.F.);
#224 = EDGE_CURVE('',#225,#217,#227,.T.);
#225 = VERTEX_POINT('',#226);
#226 = CARTESIAN_POINT('',(-25.,-46.,5.));
#227 = LINE('',#228,#229);
#228 = CARTESIAN_POINT('',(-25.,-46.,5.));
#229 = VECTOR('',#230,1.);
#230 = DIRECTION('',(0.,1.,0.));
#231 = ORIENTED_EDGE('',*,*,#232,.F.);
#232 = EDGE_CURVE('',#209,#225,#233,.T.);
#233 = LINE('',#234,#235);
#234 = CARTESIAN_POINT('',(-33.,-46.,5.));
#235 = VECTOR('',#236,1.);
#236 = DIRECTION('',(1.,0.,0.));
#237 = FACE_BOUND('',#238,.F.);
#238 = EDGE_LOOP('',(#239,#249,#257,#265,#273,#281));
#239 = ORIENTED_EDGE('',*,*,#240,.T.);
#240 = EDGE_CURVE('',#241,#243,#245,.T.);
#241 = VERTEX_POINT('',#242);
#242 = CARTESIAN_POINT('',(-43.90192378864,-26.,5.));
#243 = VERTEX_POINT('',#244);
#244 = CARTESIAN_POINT('',(-46.5,-27.5,5.));
#245 = LINE('',#246,#247);
#246 = CARTESIAN_POINT('',(-43.90192378864,-26.,5.));
#247 = VECTOR('',#248,1.);
#248 = DIRECTION('',(-0.866025403784,-0.5,0.));
#249 = ORIENTED_EDGE('',*,*,#250,.T.);
#250 = EDGE_CURVE('',#243,#251,#253,.T.);
#251 = VERTEX_POINT('',#252);
#252 = CARTESIAN_POINT('',(-49.09807621135,-26.,5.));
#253 = LINE('',#254,#255);
#254 = CARTESIAN_POINT('',(-46.5,-27.5,5.));
#255 = VECTOR('',#256,1.);
#256 = DIRECTION('',(-0.866025403784,0.5,-0.));
#257 = ORIENTED_EDGE('',*,*,#258,.T.);
#258 = EDGE_CURVE('',#251,#259,#261,.T.);
#259 = VERTEX_POINT('',#260);
#260 = CARTESIAN_POINT('',(-49.09807621135,-23.,5.));
#261 = LINE('',#262,#263);
#262 = CARTESIAN_POINT('',(-49.09807621135,-26.,5.));
#263 = VECTOR('',#264,1.);
#264 = DIRECTION('',(0.,1.,0.));
#265 = ORIENTED_EDGE('',*,*,#266,.T.);
#266 = EDGE_CURVE('',#259,#267,#269,.T.);
#267 = VERTEX_POINT('',#268);
#268 = CARTESIAN_POINT('',(-46.5,-21.5,5.));
#269 = LINE('',#270,#271);
#270 = CARTESIAN_POINT('',(-49.09807621135,-23.,5.));
#271 = VECTOR('',#272,1.);
#272 = DIRECTION('',(0.866025403784,0.5,0.));
#273 = ORIENTED_EDGE('',*,*,#274,.T.);
#274 = EDGE_CURVE('',#267,#275,#277,.T.);
#275 = VERTEX_POINT('',#276);
#276 = CARTESIAN_POINT('',(-43.90192378864,-23.,5.));
#277 = LINE('',#278,#279);
#278 = CARTESIAN_POINT('',(-46.5,-21.5,5.));
#279 = VECTOR('',#280,1.);
#280 = DIRECTION('',(0.866025403784,-0.5,0.));
#281 = ORIENTED_EDGE('',*,*,#282,.T.);
#282 = EDGE_CURVE('',#275,#241,#283,.T.);
#283 = LINE('',#284,#285);
#284 = CARTESIAN_POINT('',(-43.90192378864,-23.,5.));
#285 = VECTOR('',#286,1.);
#286 = DIRECTION('',(0.,-1.,0.));
#287 = FACE_BOUND('',#288,.F.);
#288 = EDGE_LOOP('',(#289));
#289 = ORIENTED_EDGE('',*,*,#290,.F.);
#290 = EDGE_CURVE('',#291,#291,#293,.T.);
#291 = VERTEX_POINT('',#292);
#292 = CARTESIAN_POINT('',(-82.1,-15.,5.));
#293 = CIRCLE('',#294,1.4);
#294 = AXIS2_PLACEMENT_3D('',#295,#296,#297);
#295 = CARTESIAN_POINT('',(-83.5,-15.,5.));
#296 = DIRECTION('',(0.,0.,1.));
#297 = DIRECTION('',(1.,0.,0.));
#298 = FACE_BOUND('',#299,.F.);
#299 = EDGE_LOOP('',(#300));
#300 = ORIENTED_EDGE('',*,*,#301,.F.);
#301 = EDGE_CURVE('',#302,#302,#304,.T.);
#302 = VERTEX_POINT('',#303);
#303 = CARTESIAN_POINT('',(-62.1,-15.,5.));
#304 = CIRCLE('',#305,1.4);
#305 = AXIS2_PLACEMENT_3D('',#306,#307,#308);
#306 = CARTESIAN_POINT('',(-63.5,-15.,5.));
#307 = DIRECTION('',(0.,0.,1.));
#308 = DIRECTION('',(1.,0.,0.));
#309 = FACE_BOUND('',#310,.F.);
#310 = EDGE_LOOP('',(#311));
#311 = ORIENTED_EDGE('',*,*,#312,.F.);
#312 = EDGE_CURVE('',#313,#313,#315,.T.);
#313 = VERTEX_POINT('',#314);
#314 = CARTESIAN_POINT('',(-36.1,-12.,5.));
#315 = CIRCLE('',#316,1.4);
#316 = AXIS2_PLACEMENT_3D('',#317,#318,#319);
#317 = CARTESIAN_POINT('',(-37.5,-12.,5.));
#318 = DIRECTION('',(0.,0.,1.));
#319 = DIRECTION('',(1.,0.,0.));
#320 = FACE_BOUND('',#321,.F.);
#321 = EDGE_LOOP('',(#322));
#322 = ORIENTED_EDGE('',*,*,#323,.F.);
#323 = EDGE_CURVE('',#324,#324,#326,.T.);
#324 = VERTEX_POINT('',#325);
#325 = CARTESIAN_POINT('',(-7.6,-43.,5.));
#326 = CIRCLE('',#327,1.4);
#327 = AXIS2_PLACEMENT_3D('',#328,#329,#330);
#328 = CARTESIAN_POINT('',(-9.,-43.,5.));
#329 = DIRECTION('',(0.,0.,1.));
#330 = DIRECTION('',(1.,0.,0.));
#331 = FACE_BOUND('',#332,.F.);
#332 = EDGE_LOOP('',(#333,#343,#352,#360,#369,#377,#386,#394));
#333 = ORIENTED_EDGE('',*,*,#334,.F.);
#334 = EDGE_CURVE('',#335,#337,#339,.T.);
#335 = VERTEX_POINT('',#336);
#336 = CARTESIAN_POINT('',(-9.,-29.,5.));
#337 = VERTEX_POINT('',#338);
#338 = CARTESIAN_POINT('',(-9.,-35.,5.));
#339 = LINE('',#340,#341);
#340 = CARTESIAN_POINT('',(-9.,-29.,5.));
#341 = VECTOR('',#342,1.);
#342 = DIRECTION('',(0.,-1.,0.));
#343 = ORIENTED_EDGE('',*,*,#344,.F.);
#344 = EDGE_CURVE('',#345,#335,#347,.T.);
#345 = VERTEX_POINT('',#346);
#346 = CARTESIAN_POINT('',(-8.,-28.,5.));
#347 = CIRCLE('',#348,1.);
#348 = AXIS2_PLACEMENT_3D('',#349,#350,#351);
#349 = CARTESIAN_POINT('',(-8.,-29.,5.));
#350 = DIRECTION('',(0.,0.,1.));
#351 = DIRECTION('',(1.,0.,0.));
#352 = ORIENTED_EDGE('',*,*,#353,.F.);
#353 = EDGE_CURVE('',#354,#345,#356,.T.);
#354 = VERTEX_POINT('',#355);
#355 = CARTESIAN_POINT('',(8.,-28.,5.));
#356 = LINE('',#357,#358);
#357 = CARTESIAN_POINT('',(8.,-28.,5.));
#358 = VECTOR('',#359,1.);
#359 = DIRECTION('',(-1.,0.,0.));
#360 = ORIENTED_EDGE('',*,*,#361,.F.);
#361 = EDGE_CURVE('',#362,#354,#364,.T.);
#362 = VERTEX_POINT('',#363);
#363 = CARTESIAN_POINT('',(9.,-29.,5.));
#364 = CIRCLE('',#365,1.);
#365 = AXIS2_PLACEMENT_3D('',#366,#367,#368);
#366 = CARTESIAN_POINT('',(8.,-29.,5.));
#367 = DIRECTION('',(0.,0.,1.));
#368 = DIRECTION('',(1.,0.,0.));
#369 = ORIENTED_EDGE('',*,*,#370,.F.);
#370 = EDGE_CURVE('',#371,#362,#373,.T.);
#371 = VERTEX_POINT('',#372);
#372 = CARTESIAN_POINT('',(9.,-35.,5.));
#373 = LINE('',#374,#375);
#374 = CARTESIAN_POINT('',(9.,-35.,5.));
#375 = VECTOR('',#376,1.);
#376 = DIRECTION('',(0.,1.,0.));
#377 = ORIENTED_EDGE('',*,*,#378,.F.);
#378 = EDGE_CURVE('',#379,#371,#381,.T.);
#379 = VERTEX_POINT('',#380);
#380 = CARTESIAN_POINT('',(8.,-36.,5.));
#381 = CIRCLE('',#382,1.);
#382 = AXIS2_PLACEMENT_3D('',#383,#384,#385);
#383 = CARTESIAN_POINT('',(8.,-35.,5.));
#384 = DIRECTION('',(0.,0.,1.));
#385 = DIRECTION('',(1.,0.,0.));
#386 = ORIENTED_EDGE('',*,*,#387,.F.);
#387 = EDGE_CURVE('',#388,#379,#390,.T.);
#388 = VERTEX_POINT('',#389);
#389 = CARTESIAN_POINT('',(-8.,-36.,5.));
#390 = LINE('',#391,#392);
#391 = CARTESIAN_POINT('',(-8.,-36.,5.));
#392 = VECTOR('',#393,1.);
#393 = DIRECTION('',(1.,0.,0.));
#394 = ORIENTED_EDGE('',*,*,#395,.F.);
#395 = EDGE_CURVE('',#337,#388,#396,.T.);
#396 = CIRCLE('',#397,1.);
#397 = AXIS2_PLACEMENT_3D('',#398,#399,#400);
#398 = CARTESIAN_POINT('',(-8.,-35.,5.));
#399 = DIRECTION('',(0.,0.,1.));
#400 = DIRECTION('',(1.,0.,0.));
#401 = FACE_BOUND('',#402,.F.);
#402 = EDGE_LOOP('',(#403));
#403 = ORIENTED_EDGE('',*,*,#404,.F.);
#404 = EDGE_CURVE('',#405,#405,#407,.T.);
#405 = VERTEX_POINT('',#406);
#406 = CARTESIAN_POINT('',(10.4,-43.,5.));
#407 = CIRCLE('',#408,1.4);
#408 = AXIS2_PLACEMENT_3D('',#409,#410,#411);
#409 = CARTESIAN_POINT('',(9.,-43.,5.));
#410 = DIRECTION('',(0.,0.,1.));
#411 = DIRECTION('',(1.,0.,0.));
#412 = FACE_BOUND('',#413,.F.);
#413 = EDGE_LOOP('',(#414,#424,#432,#440,#448,#456));
#414 = ORIENTED_EDGE('',*,*,#415,.T.);
#415 = EDGE_CURVE('',#416,#418,#420,.T.);
#416 = VERTEX_POINT('',#417);
#417 = CARTESIAN_POINT('',(14.098076211353,-26.,5.));
#418 = VERTEX_POINT('',#419);
#419 = CARTESIAN_POINT('',(11.5,-27.5,5.));
#420 = LINE('',#421,#422);
#421 = CARTESIAN_POINT('',(14.098076211353,-26.,5.));
#422 = VECTOR('',#423,1.);
#423 = DIRECTION('',(-0.866025403784,-0.5,0.));
#424 = ORIENTED_EDGE('',*,*,#425,.T.);
#425 = EDGE_CURVE('',#418,#426,#428,.T.);
#426 = VERTEX_POINT('',#427);
#427 = CARTESIAN_POINT('',(8.901923788647,-26.,5.));
#428 = LINE('',#429,#430);
#429 = CARTESIAN_POINT('',(11.5,-27.5,5.));
#430 = VECTOR('',#431,1.);
#431 = DIRECTION('',(-0.866025403784,0.5,-0.));
#432 = ORIENTED_EDGE('',*,*,#433,.T.);
#433 = EDGE_CURVE('',#426,#434,#436,.T.);
#434 = VERTEX_POINT('',#435);
#435 = CARTESIAN_POINT('',(8.901923788647,-23.,5.));
#436 = LINE('',#437,#438);
#437 = CARTESIAN_POINT('',(8.901923788647,-26.,5.));
#438 = VECTOR('',#439,1.);
#439 = DIRECTION('',(0.,1.,0.));
#440 = ORIENTED_EDGE('',*,*,#441,.T.);
#441 = EDGE_CURVE('',#434,#442,#444,.T.);
#442 = VERTEX_POINT('',#443);
#443 = CARTESIAN_POINT('',(11.5,-21.5,5.));
#444 = LINE('',#445,#446);
#445 = CARTESIAN_POINT('',(8.901923788647,-23.,5.));
#446 = VECTOR('',#447,1.);
#447 = DIRECTION('',(0.866025403784,0.5,0.));
#448 = ORIENTED_EDGE('',*,*,#449,.T.);
#449 = EDGE_CURVE('',#442,#450,#452,.T.);
#450 = VERTEX_POINT('',#451);
#451 = CARTESIAN_POINT('',(14.098076211353,-23.,5.));
#452 = LINE('',#453,#454);
#453 = CARTESIAN_POINT('',(11.5,-21.5,5.));
#454 = VECTOR('',#455,1.);
#455 = DIRECTION('',(0.866025403784,-0.5,0.));
#456 = ORIENTED_EDGE('',*,*,#457,.T.);
#457 = EDGE_CURVE('',#450,#416,#458,.T.);
#458 = LINE('',#459,#460);
#459 = CARTESIAN_POINT('',(14.098076211353,-23.,5.));
#460 = VECTOR('',#461,1.);
#461 = DIRECTION('',(0.,-1.,0.));
#462 = FACE_BOUND('',#463,.F.);
#463 = EDGE_LOOP('',(#464,#474,#482,#490));
#464 = ORIENTED_EDGE('',*,*,#465,.F.);
#465 = EDGE_CURVE('',#466,#468,#470,.T.);
#466 = VERTEX_POINT('',#467);
#467 = CARTESIAN_POINT('',(30.,-25.,5.));
#468 = VERTEX_POINT('',#469);
#469 = CARTESIAN_POINT('',(30.,-33.,5.));
#470 = LINE('',#471,#472);
#471 = CARTESIAN_POINT('',(30.,-25.,5.));
#472 = VECTOR('',#473,1.);
#473 = DIRECTION('',(0.,-1.,0.));
#474 = ORIENTED_EDGE('',*,*,#475,.F.);
#475 = EDGE_CURVE('',#476,#466,#478,.T.);
#476 = VERTEX_POINT('',#477);
#477 = CARTESIAN_POINT('',(34.,-25.,5.));
#478 = LINE('',#479,#480);
#479 = CARTESIAN_POINT('',(34.,-25.,5.));
#480 = VECTOR('',#481,1.);
#481 = DIRECTION('',(-1.,0.,0.));
#482 = ORIENTED_EDGE('',*,*,#483,.F.);
#483 = EDGE_CURVE('',#484,#476,#486,.T.);
#484 = VERTEX_POINT('',#485);
#485 = CARTESIAN_POINT('',(34.,-33.,5.));
#486 = LINE('',#487,#488);
#487 = CARTESIAN_POINT('',(34.,-33.,5.));
#488 = VECTOR('',#489,1.);
#489 = DIRECTION('',(0.,1.,0.));
#490 = ORIENTED_EDGE('',*,*,#491,.F.);
#491 = EDGE_CURVE('',#468,#484,#492,.T.);
#492 = LINE('',#493,#494);
#493 = CARTESIAN_POINT('',(30.,-33.,5.));
#494 = VECTOR('',#495,1.);
#495 = DIRECTION('',(1.,0.,0.));
#496 = FACE_BOUND('',#497,.F.);
#497 = EDGE_LOOP('',(#498));
#498 = ORIENTED_EDGE('',*,*,#499,.F.);
#499 = EDGE_CURVE('',#500,#500,#502,.T.);
#500 = VERTEX_POINT('',#501);
#501 = CARTESIAN_POINT('',(3.9,-12.,5.));
#502 = CIRCLE('',#503,1.4);
#503 = AXIS2_PLACEMENT_3D('',#504,#505,#506);
#504 = CARTESIAN_POINT('',(2.5,-12.,5.));
#505 = DIRECTION('',(0.,0.,1.));
#506 = DIRECTION('',(1.,0.,0.));
#507 = FACE_BOUND('',#508,.F.);
#508 = EDGE_LOOP('',(#509));
#509 = ORIENTED_EDGE('',*,*,#510,.F.);
#510 = EDGE_CURVE('',#511,#511,#513,.T.);
#511 = VERTEX_POINT('',#512);
#512 = CARTESIAN_POINT('',(-82.1,15.,5.));
#513 = CIRCLE('',#514,1.4);
#514 = AXIS2_PLACEMENT_3D('',#515,#516,#517);
#515 = CARTESIAN_POINT('',(-83.5,15.,5.));
#516 = DIRECTION('',(0.,0.,1.));
#517 = DIRECTION('',(1.,0.,0.));
#518 = FACE_BOUND('',#519,.F.);
#519 = EDGE_LOOP('',(#520));
#520 = ORIENTED_EDGE('',*,*,#521,.F.);
#521 = EDGE_CURVE('',#522,#522,#524,.T.);
#522 = VERTEX_POINT('',#523);
#523 = CARTESIAN_POINT('',(-62.1,15.,5.));
#524 = CIRCLE('',#525,1.4);
#525 = AXIS2_PLACEMENT_3D('',#526,#527,#528);
#526 = CARTESIAN_POINT('',(-63.5,15.,5.));
#527 = DIRECTION('',(0.,0.,1.));
#528 = DIRECTION('',(1.,0.,0.));
#529 = FACE_BOUND('',#530,.F.);
#530 = EDGE_LOOP('',(#531));
#531 = ORIENTED_EDGE('',*,*,#532,.F.);
#532 = EDGE_CURVE('',#533,#533,#535,.T.);
#533 = VERTEX_POINT('',#534);
#534 = CARTESIAN_POINT('',(-36.1,12.,5.));
#535 = CIRCLE('',#536,1.4);
#536 = AXIS2_PLACEMENT_3D('',#537,#538,#539);
#537 = CARTESIAN_POINT('',(-37.5,12.,5.));
#538 = DIRECTION('',(0.,0.,1.));
#539 = DIRECTION('',(1.,0.,0.));
#540 = FACE_BOUND('',#541,.F.);
#541 = EDGE_LOOP('',(#542,#552,#560,#568));
#542 = ORIENTED_EDGE('',*,*,#543,.F.);
#543 = EDGE_CURVE('',#544,#546,#548,.T.);
#544 = VERTEX_POINT('',#545);
#545 = CARTESIAN_POINT('',(-87.,33.,5.));
#546 = VERTEX_POINT('',#547);
#547 = CARTESIAN_POINT('',(-87.,25.,5.));
#548 = LINE('',#549,#550);
#549 = CARTESIAN_POINT('',(-87.,33.,5.));
#550 = VECTOR('',#551,1.);
#551 = DIRECTION('',(0.,-1.,0.));
#552 = ORIENTED_EDGE('',*,*,#553,.F.);
#553 = EDGE_CURVE('',#554,#544,#556,.T.);
#554 = VERTEX_POINT('',#555);
#555 = CARTESIAN_POINT('',(-83.,33.,5.));
#556 = LINE('',#557,#558);
#557 = CARTESIAN_POINT('',(-83.,33.,5.));
#558 = VECTOR('',#559,1.);
#559 = DIRECTION('',(-1.,0.,0.));
#560 = ORIENTED_EDGE('',*,*,#561,.F.);
#561 = EDGE_CURVE('',#562,#554,#564,.T.);
#562 = VERTEX_POINT('',#563);
#563 = CARTESIAN_POINT('',(-83.,25.,5.));
#564 = LINE('',#565,#566);
#565 = CARTESIAN_POINT('',(-83.,25.,5.));
#566 = VECTOR('',#567,1.);
#567 = DIRECTION('',(0.,1.,0.));
#568 = ORIENTED_EDGE('',*,*,#569,.F.);
#569 = EDGE_CURVE('',#546,#562,#570,.T.);
#570 = LINE('',#571,#572);
#571 = CARTESIAN_POINT('',(-87.,25.,5.));
#572 = VECTOR('',#573,1.);
#573 = DIRECTION('',(1.,0.,0.));
#574 = FACE_BOUND('',#575,.F.);
#575 = EDGE_LOOP('',(#576,#586,#594,#602,#610,#618));
#576 = ORIENTED_EDGE('',*,*,#577,.T.);
#577 = EDGE_CURVE('',#578,#580,#582,.T.);
#578 = VERTEX_POINT('',#579);
#579 = CARTESIAN_POINT('',(-49.09807621135,26.,5.));
#580 = VERTEX_POINT('',#581);
#581 = CARTESIAN_POINT('',(-46.5,27.5,5.));
#582 = LINE('',#583,#584);
#583 = CARTESIAN_POINT('',(-49.09807621135,26.,5.));
#584 = VECTOR('',#585,1.);
#585 = DIRECTION('',(0.866025403784,0.5,0.));
#586 = ORIENTED_EDGE('',*,*,#587,.T.);
#587 = EDGE_CURVE('',#580,#588,#590,.T.);
#588 = VERTEX_POINT('',#589);
#589 = CARTESIAN_POINT('',(-43.90192378864,26.,5.));
#590 = LINE('',#591,#592);
#591 = CARTESIAN_POINT('',(-46.5,27.5,5.));
#592 = VECTOR('',#593,1.);
#593 = DIRECTION('',(0.866025403784,-0.5,0.));
#594 = ORIENTED_EDGE('',*,*,#595,.T.);
#595 = EDGE_CURVE('',#588,#596,#598,.T.);
#596 = VERTEX_POINT('',#597);
#597 = CARTESIAN_POINT('',(-43.90192378864,23.,5.));
#598 = LINE('',#599,#600);
#599 = CARTESIAN_POINT('',(-43.90192378864,26.,5.));
#600 = VECTOR('',#601,1.);
#601 = DIRECTION('',(0.,-1.,0.));
#602 = ORIENTED_EDGE('',*,*,#603,.T.);
#603 = EDGE_CURVE('',#596,#604,#606,.T.);
#604 = VERTEX_POINT('',#605);
#605 = CARTESIAN_POINT('',(-46.5,21.5,5.));
#606 = LINE('',#607,#608);
#607 = CARTESIAN_POINT('',(-43.90192378864,23.,5.));
#608 = VECTOR('',#609,1.);
#609 = DIRECTION('',(-0.866025403784,-0.5,0.));
#610 = ORIENTED_EDGE('',*,*,#611,.T.);
#611 = EDGE_CURVE('',#604,#612,#614,.T.);
#612 = VERTEX_POINT('',#613);
#613 = CARTESIAN_POINT('',(-49.09807621135,23.,5.));
#614 = LINE('',#615,#616);
#615 = CARTESIAN_POINT('',(-46.5,21.5,5.));
#616 = VECTOR('',#617,1.);
#617 = DIRECTION('',(-0.866025403784,0.5,-0.));
#618 = ORIENTED_EDGE('',*,*,#619,.T.);
#619 = EDGE_CURVE('',#612,#578,#620,.T.);
#620 = LINE('',#621,#622);
#621 = CARTESIAN_POINT('',(-49.09807621135,23.,5.));
#622 = VECTOR('',#623,1.);
#623 = DIRECTION('',(0.,1.,0.));
#624 = FACE_BOUND('',#625,.F.);
#625 = EDGE_LOOP('',(#626,#636,#644,#652));
#626 = ORIENTED_EDGE('',*,*,#627,.F.);
#627 = EDGE_CURVE('',#628,#630,#632,.T.);
#628 = VERTEX_POINT('',#629);
#629 = CARTESIAN_POINT('',(-33.,46.,5.));
#630 = VERTEX_POINT('',#631);
#631 = CARTESIAN_POINT('',(-33.,42.,5.));
#632 = LINE('',#633,#634);
#633 = CARTESIAN_POINT('',(-33.,46.,5.));
#634 = VECTOR('',#635,1.);
#635 = DIRECTION('',(0.,-1.,0.));
#636 = ORIENTED_EDGE('',*,*,#637,.F.);
#637 = EDGE_CURVE('',#638,#628,#640,.T.);
#638 = VERTEX_POINT('',#639);
#639 = CARTESIAN_POINT('',(-25.,46.,5.));
#640 = LINE('',#641,#642);
#641 = CARTESIAN_POINT('',(-25.,46.,5.));
#642 = VECTOR('',#643,1.);
#643 = DIRECTION('',(-1.,0.,0.));
#644 = ORIENTED_EDGE('',*,*,#645,.F.);
#645 = EDGE_CURVE('',#646,#638,#648,.T.);
#646 = VERTEX_POINT('',#647);
#647 = CARTESIAN_POINT('',(-25.,42.,5.));
#648 = LINE('',#649,#650);
#649 = CARTESIAN_POINT('',(-25.,42.,5.));
#650 = VECTOR('',#651,1.);
#651 = DIRECTION('',(0.,1.,0.));
#652 = ORIENTED_EDGE('',*,*,#653,.F.);
#653 = EDGE_CURVE('',#630,#646,#654,.T.);
#654 = LINE('',#655,#656);
#655 = CARTESIAN_POINT('',(-33.,42.,5.));
#656 = VECTOR('',#657,1.);
#657 = DIRECTION('',(1.,0.,0.));
#658 = FACE_BOUND('',#659,.F.);
#659 = EDGE_LOOP('',(#660));
#660 = ORIENTED_EDGE('',*,*,#661,.F.);
#661 = EDGE_CURVE('',#662,#662,#664,.T.);
#662 = VERTEX_POINT('',#663);
#663 = CARTESIAN_POINT('',(3.9,12.,5.));
#664 = CIRCLE('',#665,1.4);
#665 = AXIS2_PLACEMENT_3D('',#666,#667,#668);
#666 = CARTESIAN_POINT('',(2.5,12.,5.));
#667 = DIRECTION('',(0.,0.,1.));
#668 = DIRECTION('',(1.,0.,0.));
#669 = FACE_BOUND('',#670,.F.);
#670 = EDGE_LOOP('',(#671,#681,#690,#698,#707,#715,#724,#732));
#671 = ORIENTED_EDGE('',*,*,#672,.F.);
#672 = EDGE_CURVE('',#673,#675,#677,.T.);
#673 = VERTEX_POINT('',#674);
#674 = CARTESIAN_POINT('',(-9.,35.,5.));
#675 = VERTEX_POINT('',#676);
#676 = CARTESIAN_POINT('',(-9.,29.,5.));
#677 = LINE('',#678,#679);
#678 = CARTESIAN_POINT('',(-9.,35.,5.));
#679 = VECTOR('',#680,1.);
#680 = DIRECTION('',(0.,-1.,0.));
#681 = ORIENTED_EDGE('',*,*,#682,.F.);
#682 = EDGE_CURVE('',#683,#673,#685,.T.);
#683 = VERTEX_POINT('',#684);
#684 = CARTESIAN_POINT('',(-8.,36.,5.));
#685 = CIRCLE('',#686,1.);
#686 = AXIS2_PLACEMENT_3D('',#687,#688,#689);
#687 = CARTESIAN_POINT('',(-8.,35.,5.));
#688 = DIRECTION('',(0.,0.,1.));
#689 = DIRECTION('',(1.,0.,0.));
#690 = ORIENTED_EDGE('',*,*,#691,.F.);
#691 = EDGE_CURVE('',#692,#683,#694,.T.);
#692 = VERTEX_POINT('',#693);
#693 = CARTESIAN_POINT('',(8.,36.,5.));
#694 = LINE('',#695,#696);
#695 = CARTESIAN_POINT('',(8.,36.,5.));
#696 = VECTOR('',#697,1.);
#697 = DIRECTION('',(-1.,0.,0.));
#698 = ORIENTED_EDGE('',*,*,#699,.F.);
#699 = EDGE_CURVE('',#700,#692,#702,.T.);
#700 = VERTEX_POINT('',#701);
#701 = CARTESIAN_POINT('',(9.,35.,5.));
#702 = CIRCLE('',#703,1.);
#703 = AXIS2_PLACEMENT_3D('',#704,#705,#706);
#704 = CARTESIAN_POINT('',(8.,35.,5.));
#705 = DIRECTION('',(0.,0.,1.));
#706 = DIRECTION('',(1.,0.,0.));
#707 = ORIENTED_EDGE('',*,*,#708,.F.);
#708 = EDGE_CURVE('',#709,#700,#711,.T.);
#709 = VERTEX_POINT('',#710);
#710 = CARTESIAN_POINT('',(9.,29.,5.));
#711 = LINE('',#712,#713);
#712 = CARTESIAN_POINT('',(9.,29.,5.));
#713 = VECTOR('',#714,1.);
#714 = DIRECTION('',(0.,1.,0.));
#715 = ORIENTED_EDGE('',*,*,#716,.F.);
#716 = EDGE_CURVE('',#717,#709,#719,.T.);
#717 = VERTEX_POINT('',#718);
#718 = CARTESIAN_POINT('',(8.,28.,5.));
#719 = CIRCLE('',#720,1.);
#720 = AXIS2_PLACEMENT_3D('',#721,#722,#723);
#721 = CARTESIAN_POINT('',(8.,29.,5.));
#722 = DIRECTION('',(0.,0.,1.));
#723 = DIRECTION('',(1.,0.,0.));
#724 = ORIENTED_EDGE('',*,*,#725,.F.);
#725 = EDGE_CURVE('',#726,#717,#728,.T.);
#726 = VERTEX_POINT('',#727);
#727 = CARTESIAN_POINT('',(-8.,28.,5.));
#728 = LINE('',#729,#730);
#729 = CARTESIAN_POINT('',(-8.,28.,5.));
#730 = VECTOR('',#731,1.);
#731 = DIRECTION('',(1.,0.,0.));
#732 = ORIENTED_EDGE('',*,*,#733,.F.);
#733 = EDGE_CURVE('',#675,#726,#734,.T.);
#734 = CIRCLE('',#735,1.);
#735 = AXIS2_PLACEMENT_3D('',#736,#737,#738);
#736 = CARTESIAN_POINT('',(-8.,29.,5.));
#737 = DIRECTION('',(0.,0.,1.));
#738 = DIRECTION('',(1.,0.,0.));
#739 = FACE_BOUND('',#740,.F.);
#740 = EDGE_LOOP('',(#741));
#741 = ORIENTED_EDGE('',*,*,#742,.F.);
#742 = EDGE_CURVE('',#743,#743,#745,.T.);
#743 = VERTEX_POINT('',#744);
#744 = CARTESIAN_POINT('',(-7.6,43.,5.));
#745 = CIRCLE('',#746,1.4);
#746 = AXIS2_PLACEMENT_3D('',#747,#748,#749);
#747 = CARTESIAN_POINT('',(-9.,43.,5.));
#748 = DIRECTION('',(0.,0.,1.));
#749 = DIRECTION('',(1.,0.,0.));
#750 = FACE_BOUND('',#751,.F.);
#751 = EDGE_LOOP('',(#752,#762,#770,#778,#786,#794));
#752 = ORIENTED_EDGE('',*,*,#753,.T.);
#753 = EDGE_CURVE('',#754,#756,#758,.T.);
#754 = VERTEX_POINT('',#755);
#755 = CARTESIAN_POINT('',(8.901923788647,26.,5.));
#756 = VERTEX_POINT('',#757);
#757 = CARTESIAN_POINT('',(11.5,27.5,5.));
#758 = LINE('',#759,#760);
#759 = CARTESIAN_POINT('',(8.901923788647,26.,5.));
#760 = VECTOR('',#761,1.);
#761 = DIRECTION('',(0.866025403784,0.5,0.));
#762 = ORIENTED_EDGE('',*,*,#763,.T.);
#763 = EDGE_CURVE('',#756,#764,#766,.T.);
#764 = VERTEX_POINT('',#765);
#765 = CARTESIAN_POINT('',(14.098076211353,26.,5.));
#766 = LINE('',#767,#768);
#767 = CARTESIAN_POINT('',(11.5,27.5,5.));
#768 = VECTOR('',#769,1.);
#769 = DIRECTION('',(0.866025403784,-0.5,0.));
#770 = ORIENTED_EDGE('',*,*,#771,.T.);
#771 = EDGE_CURVE('',#764,#772,#774,.T.);
#772 = VERTEX_POINT('',#773);
#773 = CARTESIAN_POINT('',(14.098076211353,23.,5.));
#774 = LINE('',#775,#776);
#775 = CARTESIAN_POINT('',(14.098076211353,26.,5.));
#776 = VECTOR('',#777,1.);
#777 = DIRECTION('',(0.,-1.,0.));
#778 = ORIENTED_EDGE('',*,*,#779,.T.);
#779 = EDGE_CURVE('',#772,#780,#782,.T.);
#780 = VERTEX_POINT('',#781);
#781 = CARTESIAN_POINT('',(11.5,21.5,5.));
#782 = LINE('',#783,#784);
#783 = CARTESIAN_POINT('',(14.098076211353,23.,5.));
#784 = VECTOR('',#785,1.);
#785 = DIRECTION('',(-0.866025403784,-0.5,0.));
#786 = ORIENTED_EDGE('',*,*,#787,.T.);
#787 = EDGE_CURVE('',#780,#788,#790,.T.);
#788 = VERTEX_POINT('',#789);
#789 = CARTESIAN_POINT('',(8.901923788647,23.,5.));
#790 = LINE('',#791,#792);
#791 = CARTESIAN_POINT('',(11.5,21.5,5.));
#792 = VECTOR('',#793,1.);
#793 = DIRECTION('',(-0.866025403784,0.5,-0.));
#794 = ORIENTED_EDGE('',*,*,#795,.T.);
#795 = EDGE_CURVE('',#788,#754,#796,.T.);
#796 = LINE('',#797,#798);
#797 = CARTESIAN_POINT('',(8.901923788647,23.,5.));
#798 = VECTOR('',#799,1.);
#799 = DIRECTION('',(0.,1.,0.));
#800 = FACE_BOUND('',#801,.F.);
#801 = EDGE_LOOP('',(#802,#812,#820,#828));
#802 = ORIENTED_EDGE('',*,*,#803,.F.);
#803 = EDGE_CURVE('',#804,#806,#808,.T.);
#804 = VERTEX_POINT('',#805);
#805 = CARTESIAN_POINT('',(30.,33.,5.));
#806 = VERTEX_POINT('',#807);
#807 = CARTESIAN_POINT('',(30.,25.,5.));
#808 = LINE('',#809,#810);
#809 = CARTESIAN_POINT('',(30.,33.,5.));
#810 = VECTOR('',#811,1.);
#811 = DIRECTION('',(0.,-1.,0.));
#812 = ORIENTED_EDGE('',*,*,#813,.F.);
#813 = EDGE_CURVE('',#814,#804,#816,.T.);
#814 = VERTEX_POINT('',#815);
#815 = CARTESIAN_POINT('',(34.,33.,5.));
#816 = LINE('',#817,#818);
#817 = CARTESIAN_POINT('',(34.,33.,5.));
#818 = VECTOR('',#819,1.);
#819 = DIRECTION('',(-1.,0.,0.));
#820 = ORIENTED_EDGE('',*,*,#821,.F.);
#821 = EDGE_CURVE('',#822,#814,#824,.T.);
#822 = VERTEX_POINT('',#823);
#823 = CARTESIAN_POINT('',(34.,25.,5.));
#824 = LINE('',#825,#826);
#825 = CARTESIAN_POINT('',(34.,25.,5.));
#826 = VECTOR('',#827,1.);
#827 = DIRECTION('',(0.,1.,0.));
#828 = ORIENTED_EDGE('',*,*,#829,.F.);
#829 = EDGE_CURVE('',#806,#822,#830,.T.);
#830 = LINE('',#831,#832);
#831 = CARTESIAN_POINT('',(30.,25.,5.));
#832 = VECTOR('',#833,1.);
#833 = DIRECTION('',(1.,0.,0.));
#834 = FACE_BOUND('',#835,.F.);
#835 = EDGE_LOOP('',(#836));
#836 = ORIENTED_EDGE('',*,*,#837,.F.);
#837 = EDGE_CURVE('',#838,#838,#840,.T.);
#838 = VERTEX_POINT('',#839);
#839 = CARTESIAN_POINT('',(10.4,43.,5.));
#840 = CIRCLE('',#841,1.4);
#841 = AXIS2_PLACEMENT_3D('',#842,#843,#844);
#842 = CARTESIAN_POINT('',(9.,43.,5.));
#843 = DIRECTION('',(0.,0.,1.));
#844 = DIRECTION('',(1.,0.,0.));
#845 = FACE_BOUND('',#846,.F.);
#846 = EDGE_LOOP('',(#847,#857,#865,#873,#881,#889,#897,#905));
#847 = ORIENTED_EDGE('',*,*,#848,.T.);
#848 = EDGE_CURVE('',#849,#851,#853,.T.);
#849 = VERTEX_POINT('',#850);
#850 = CARTESIAN_POINT('',(28.8,45.,5.));
#851 = VERTEX_POINT('',#852);
#852 = CARTESIAN_POINT('',(28.8,37.,5.));
#853 = LINE('',#854,#855);
#854 = CARTESIAN_POINT('',(28.8,45.,5.));
#855 = VECTOR('',#856,1.);
#856 = DIRECTION('',(0.,-1.,0.));
#857 = ORIENTED_EDGE('',*,*,#858,.T.);
#858 = EDGE_CURVE('',#851,#859,#861,.T.);
#859 = VERTEX_POINT('',#860);
#860 = CARTESIAN_POINT('',(21.9,37.,5.));
#861 = LINE('',#862,#863);
#862 = CARTESIAN_POINT('',(28.8,37.,5.));
#863 = VECTOR('',#864,1.);
#864 = DIRECTION('',(-1.,0.,0.));
#865 = ORIENTED_EDGE('',*,*,#866,.T.);
#866 = EDGE_CURVE('',#859,#867,#869,.T.);
#867 = VERTEX_POINT('',#868);
#868 = CARTESIAN_POINT('',(21.9,37.6,5.));
#869 = LINE('',#870,#871);
#870 = CARTESIAN_POINT('',(21.9,37.,5.));
#871 = VECTOR('',#872,1.);
#872 = DIRECTION('',(0.,1.,0.));
#873 = ORIENTED_EDGE('',*,*,#874,.T.);
#874 = EDGE_CURVE('',#867,#875,#877,.T.);
#875 = VERTEX_POINT('',#876);
#876 = CARTESIAN_POINT('',(15.,37.6,5.));
#877 = LINE('',#878,#879);
#878 = CARTESIAN_POINT('',(21.9,37.6,5.));
#879 = VECTOR('',#880,1.);
#880 = DIRECTION('',(-1.,0.,0.));
#881 = ORIENTED_EDGE('',*,*,#882,.T.);
#882 = EDGE_CURVE('',#875,#883,#885,.T.);
#883 = VERTEX_POINT('',#884);
#884 = CARTESIAN_POINT('',(15.,44.4,5.));
#885 = LINE('',#886,#887);
#886 = CARTESIAN_POINT('',(15.,37.6,5.));
#887 = VECTOR('',#888,1.);
#888 = DIRECTION('',(0.,1.,0.));
#889 = ORIENTED_EDGE('',*,*,#890,.T.);
#890 = EDGE_CURVE('',#883,#891,#893,.T.);
#891 = VERTEX_POINT('',#892);
#892 = CARTESIAN_POINT('',(21.9,44.4,5.));
#893 = LINE('',#894,#895);
#894 = CARTESIAN_POINT('',(15.,44.4,5.));
#895 = VECTOR('',#896,1.);
#896 = DIRECTION('',(1.,0.,0.));
#897 = ORIENTED_EDGE('',*,*,#898,.T.);
#898 = EDGE_CURVE('',#891,#899,#901,.T.);
#899 = VERTEX_POINT('',#900);
#900 = CARTESIAN_POINT('',(21.9,45.,5.));
#901 = LINE('',#902,#903);
#902 = CARTESIAN_POINT('',(21.9,44.4,5.));
#903 = VECTOR('',#904,1.);
#904 = DIRECTION('',(0.,1.,0.));
#905 = ORIENTED_EDGE('',*,*,#906,.T.);
#906 = EDGE_CURVE('',#899,#849,#907,.T.);
#907 = LINE('',#908,#909);
#908 = CARTESIAN_POINT('',(21.9,45.,5.));
#909 = VECTOR('',#910,1.);
#910 = DIRECTION('',(1.,0.,0.));
#911 = PLANE('',#912);
#912 = AXIS2_PLACEMENT_3D('',#913,#914,#915);
#913 = CARTESIAN_POINT('',(-21.0228342043,2.134510423167,5.));
#914 = DIRECTION('',(0.,0.,1.));
#915 = DIRECTION('',(1.,0.,0.));
#916 = ADVANCED_FACE('',(#917,#962,#996,#1030,#1041,#1091,#1141,#1191,
    #1202,#1272,#1283,#1294,#1328,#1378,#1428,#1478,#1528,#1562,#1573,
    #1607,#1657,#1727,#1738,#1749,#1783,#1794),#1860,.T.);
#917 = FACE_BOUND('',#918,.T.);
#918 = EDGE_LOOP('',(#919,#920,#921,#929,#938,#946,#955,#961));
#919 = ORIENTED_EDGE('',*,*,#31,.T.);
#920 = ORIENTED_EDGE('',*,*,#95,.T.);
#921 = ORIENTED_EDGE('',*,*,#922,.T.);
#922 = EDGE_CURVE('',#96,#923,#925,.T.);
#923 = VERTEX_POINT('',#924);
#924 = CARTESIAN_POINT('',(31.,-48.,10.));
#925 = LINE('',#926,#927);
#926 = CARTESIAN_POINT('',(-84.,-48.,10.));
#927 = VECTOR('',#928,1.);
#928 = DIRECTION('',(1.,0.,0.));
#929 = ORIENTED_EDGE('',*,*,#930,.T.);
#930 = EDGE_CURVE('',#923,#931,#933,.T.);
#931 = VERTEX_POINT('',#932);
#932 = CARTESIAN_POINT('',(36.,-43.,10.));
#933 = CIRCLE('',#934,5.);
#934 = AXIS2_PLACEMENT_3D('',#935,#936,#937);
#935 = CARTESIAN_POINT('',(31.,-43.,10.));
#936 = DIRECTION('',(0.,0.,1.));
#937 = DIRECTION('',(1.,0.,0.));
#938 = ORIENTED_EDGE('',*,*,#939,.T.);
#939 = EDGE_CURVE('',#931,#940,#942,.T.);
#940 = VERTEX_POINT('',#941);
#941 = CARTESIAN_POINT('',(36.,43.,10.));
#942 = LINE('',#943,#944);
#943 = CARTESIAN_POINT('',(36.,-43.,10.));
#944 = VECTOR('',#945,1.);
#945 = DIRECTION('',(0.,1.,0.));
#946 = ORIENTED_EDGE('',*,*,#947,.T.);
#947 = EDGE_CURVE('',#940,#948,#950,.T.);
#948 = VERTEX_POINT('',#949);
#949 = CARTESIAN_POINT('',(31.,48.,10.));
#950 = CIRCLE('',#951,5.);
#951 = AXIS2_PLACEMENT_3D('',#952,#953,#954);
#952 = CARTESIAN_POINT('',(31.,43.,10.));
#953 = DIRECTION('',(0.,0.,1.));
#954 = DIRECTION('',(1.,0.,0.));
#955 = ORIENTED_EDGE('',*,*,#956,.T.);
#956 = EDGE_CURVE('',#948,#64,#957,.T.);
#957 = LINE('',#958,#959);
#958 = CARTESIAN_POINT('',(31.,48.,10.));
#959 = VECTOR('',#960,1.);
#960 = DIRECTION('',(-1.,0.,0.));
#961 = ORIENTED_EDGE('',*,*,#71,.T.);
#962 = FACE_BOUND('',#963,.T.);
#963 = EDGE_LOOP('',(#964,#974,#982,#990));
#964 = ORIENTED_EDGE('',*,*,#965,.F.);
#965 = EDGE_CURVE('',#966,#968,#970,.T.);
#966 = VERTEX_POINT('',#967);
#967 = CARTESIAN_POINT('',(-87.,-25.,10.));
#968 = VERTEX_POINT('',#969);
#969 = CARTESIAN_POINT('',(-87.,-33.,10.));
#970 = LINE('',#971,#972);
#971 = CARTESIAN_POINT('',(-87.,-25.,10.));
#972 = VECTOR('',#973,1.);
#973 = DIRECTION('',(0.,-1.,0.));
#974 = ORIENTED_EDGE('',*,*,#975,.F.);
#975 = EDGE_CURVE('',#976,#966,#978,.T.);
#976 = VERTEX_POINT('',#977);
#977 = CARTESIAN_POINT('',(-83.,-25.,10.));
#978 = LINE('',#979,#980);
#979 = CARTESIAN_POINT('',(-83.,-25.,10.));
#980 = VECTOR('',#981,1.);
#981 = DIRECTION('',(-1.,0.,0.));
#982 = ORIENTED_EDGE('',*,*,#983,.F.);
#983 = EDGE_CURVE('',#984,#976,#986,.T.);
#984 = VERTEX_POINT('',#985);
#985 = CARTESIAN_POINT('',(-83.,-33.,10.));
#986 = LINE('',#987,#988);
#987 = CARTESIAN_POINT('',(-83.,-33.,10.));
#988 = VECTOR('',#989,1.);
#989 = DIRECTION('',(0.,1.,0.));
#990 = ORIENTED_EDGE('',*,*,#991,.F.);
#991 = EDGE_CURVE('',#968,#984,#992,.T.);
#992 = LINE('',#993,#994);
#993 = CARTESIAN_POINT('',(-87.,-33.,10.));
#994 = VECTOR('',#995,1.);
#995 = DIRECTION('',(1.,0.,0.));
#996 = FACE_BOUND('',#997,.T.);
#997 = EDGE_LOOP('',(#998,#1008,#1016,#1024));
#998 = ORIENTED_EDGE('',*,*,#999,.F.);
#999 = EDGE_CURVE('',#1000,#1002,#1004,.T.);
#1000 = VERTEX_POINT('',#1001);
#1001 = CARTESIAN_POINT('',(-33.,-42.,10.));
#1002 = VERTEX_POINT('',#1003);
#1003 = CARTESIAN_POINT('',(-33.,-46.,10.));
#1004 = LINE('',#1005,#1006);
#1005 = CARTESIAN_POINT('',(-33.,-42.,10.));
#1006 = VECTOR('',#1007,1.);
#1007 = DIRECTION('',(0.,-1.,0.));
#1008 = ORIENTED_EDGE('',*,*,#1009,.F.);
#1009 = EDGE_CURVE('',#1010,#1000,#1012,.T.);
#1010 = VERTEX_POINT('',#1011);
#1011 = CARTESIAN_POINT('',(-25.,-42.,10.));
#1012 = LINE('',#1013,#1014);
#1013 = CARTESIAN_POINT('',(-25.,-42.,10.));
#1014 = VECTOR('',#1015,1.);
#1015 = DIRECTION('',(-1.,0.,0.));
#1016 = ORIENTED_EDGE('',*,*,#1017,.F.);
#1017 = EDGE_CURVE('',#1018,#1010,#1020,.T.);
#1018 = VERTEX_POINT('',#1019);
#1019 = CARTESIAN_POINT('',(-25.,-46.,10.));
#1020 = LINE('',#1021,#1022);
#1021 = CARTESIAN_POINT('',(-25.,-46.,10.));
#1022 = VECTOR('',#1023,1.);
#1023 = DIRECTION('',(0.,1.,0.));
#1024 = ORIENTED_EDGE('',*,*,#1025,.F.);
#1025 = EDGE_CURVE('',#1002,#1018,#1026,.T.);
#1026 = LINE('',#1027,#1028);
#1027 = CARTESIAN_POINT('',(-33.,-46.,10.));
#1028 = VECTOR('',#1029,1.);
#1029 = DIRECTION('',(1.,0.,0.));
#1030 = FACE_BOUND('',#1031,.T.);
#1031 = EDGE_LOOP('',(#1032));
#1032 = ORIENTED_EDGE('',*,*,#1033,.F.);
#1033 = EDGE_CURVE('',#1034,#1034,#1036,.T.);
#1034 = VERTEX_POINT('',#1035);
#1035 = CARTESIAN_POINT('',(-45.1,-24.5,10.));
#1036 = CIRCLE('',#1037,1.4);
#1037 = AXIS2_PLACEMENT_3D('',#1038,#1039,#1040);
#1038 = CARTESIAN_POINT('',(-46.5,-24.5,10.));
#1039 = DIRECTION('',(0.,0.,1.));
#1040 = DIRECTION('',(1.,0.,0.));
#1041 = FACE_BOUND('',#1042,.T.);
#1042 = EDGE_LOOP('',(#1043,#1053,#1061,#1069,#1077,#1085));
#1043 = ORIENTED_EDGE('',*,*,#1044,.F.);
#1044 = EDGE_CURVE('',#1045,#1047,#1049,.T.);
#1045 = VERTEX_POINT('',#1046);
#1046 = CARTESIAN_POINT('',(-83.5,-18.,10.));
#1047 = VERTEX_POINT('',#1048);
#1048 = CARTESIAN_POINT('',(-80.90192378864,-16.5,10.));
#1049 = LINE('',#1050,#1051);
#1050 = CARTESIAN_POINT('',(-83.5,-18.,10.));
#1051 = VECTOR('',#1052,1.);
#1052 = DIRECTION('',(0.866025403784,0.5,0.));
#1053 = ORIENTED_EDGE('',*,*,#1054,.F.);
#1054 = EDGE_CURVE('',#1055,#1045,#1057,.T.);
#1055 = VERTEX_POINT('',#1056);
#1056 = CARTESIAN_POINT('',(-86.09807621135,-16.5,10.));
#1057 = LINE('',#1058,#1059);
#1058 = CARTESIAN_POINT('',(-86.09807621135,-16.5,10.));
#1059 = VECTOR('',#1060,1.);
#1060 = DIRECTION('',(0.866025403784,-0.5,0.));
#1061 = ORIENTED_EDGE('',*,*,#1062,.F.);
#1062 = EDGE_CURVE('',#1063,#1055,#1065,.T.);
#1063 = VERTEX_POINT('',#1064);
#1064 = CARTESIAN_POINT('',(-86.09807621135,-13.5,10.));
#1065 = LINE('',#1066,#1067);
#1066 = CARTESIAN_POINT('',(-86.09807621135,-13.5,10.));
#1067 = VECTOR('',#1068,1.);
#1068 = DIRECTION('',(0.,-1.,0.));
#1069 = ORIENTED_EDGE('',*,*,#1070,.F.);
#1070 = EDGE_CURVE('',#1071,#1063,#1073,.T.);
#1071 = VERTEX_POINT('',#1072);
#1072 = CARTESIAN_POINT('',(-83.5,-12.,10.));
#1073 = LINE('',#1074,#1075);
#1074 = CARTESIAN_POINT('',(-83.5,-12.,10.));
#1075 = VECTOR('',#1076,1.);
#1076 = DIRECTION('',(-0.866025403784,-0.5,0.));
#1077 = ORIENTED_EDGE('',*,*,#1078,.F.);
#1078 = EDGE_CURVE('',#1079,#1071,#1081,.T.);
#1079 = VERTEX_POINT('',#1080);
#1080 = CARTESIAN_POINT('',(-80.90192378864,-13.5,10.));
#1081 = LINE('',#1082,#1083);
#1082 = CARTESIAN_POINT('',(-80.90192378864,-13.5,10.));
#1083 = VECTOR('',#1084,1.);
#1084 = DIRECTION('',(-0.866025403784,0.5,0.));
#1085 = ORIENTED_EDGE('',*,*,#1086,.F.);
#1086 = EDGE_CURVE('',#1047,#1079,#1087,.T.);
#1087 = LINE('',#1088,#1089);
#1088 = CARTESIAN_POINT('',(-80.90192378864,-16.5,10.));
#1089 = VECTOR('',#1090,1.);
#1090 = DIRECTION('',(0.,1.,0.));
#1091 = FACE_BOUND('',#1092,.T.);
#1092 = EDGE_LOOP('',(#1093,#1103,#1111,#1119,#1127,#1135));
#1093 = ORIENTED_EDGE('',*,*,#1094,.F.);
#1094 = EDGE_CURVE('',#1095,#1097,#1099,.T.);
#1095 = VERTEX_POINT('',#1096);
#1096 = CARTESIAN_POINT('',(-63.5,-12.,10.));
#1097 = VERTEX_POINT('',#1098);
#1098 = CARTESIAN_POINT('',(-66.09807621135,-13.5,10.));
#1099 = LINE('',#1100,#1101);
#1100 = CARTESIAN_POINT('',(-63.5,-12.,10.));
#1101 = VECTOR('',#1102,1.);
#1102 = DIRECTION('',(-0.866025403784,-0.5,0.));
#1103 = ORIENTED_EDGE('',*,*,#1104,.F.);
#1104 = EDGE_CURVE('',#1105,#1095,#1107,.T.);
#1105 = VERTEX_POINT('',#1106);
#1106 = CARTESIAN_POINT('',(-60.90192378864,-13.5,10.));
#1107 = LINE('',#1108,#1109);
#1108 = CARTESIAN_POINT('',(-60.90192378864,-13.5,10.));
#1109 = VECTOR('',#1110,1.);
#1110 = DIRECTION('',(-0.866025403784,0.5,0.));
#1111 = ORIENTED_EDGE('',*,*,#1112,.F.);
#1112 = EDGE_CURVE('',#1113,#1105,#1115,.T.);
#1113 = VERTEX_POINT('',#1114);
#1114 = CARTESIAN_POINT('',(-60.90192378864,-16.5,10.));
#1115 = LINE('',#1116,#1117);
#1116 = CARTESIAN_POINT('',(-60.90192378864,-16.5,10.));
#1117 = VECTOR('',#1118,1.);
#1118 = DIRECTION('',(0.,1.,0.));
#1119 = ORIENTED_EDGE('',*,*,#1120,.F.);
#1120 = EDGE_CURVE('',#1121,#1113,#1123,.T.);
#1121 = VERTEX_POINT('',#1122);
#1122 = CARTESIAN_POINT('',(-63.5,-18.,10.));
#1123 = LINE('',#1124,#1125);
#1124 = CARTESIAN_POINT('',(-63.5,-18.,10.));
#1125 = VECTOR('',#1126,1.);
#1126 = DIRECTION('',(0.866025403784,0.5,0.));
#1127 = ORIENTED_EDGE('',*,*,#1128,.F.);
#1128 = EDGE_CURVE('',#1129,#1121,#1131,.T.);
#1129 = VERTEX_POINT('',#1130);
#1130 = CARTESIAN_POINT('',(-66.09807621135,-16.5,10.));
#1131 = LINE('',#1132,#1133);
#1132 = CARTESIAN_POINT('',(-66.09807621135,-16.5,10.));
#1133 = VECTOR('',#1134,1.);
#1134 = DIRECTION('',(0.866025403784,-0.5,0.));
#1135 = ORIENTED_EDGE('',*,*,#1136,.F.);
#1136 = EDGE_CURVE('',#1097,#1129,#1137,.T.);
#1137 = LINE('',#1138,#1139);
#1138 = CARTESIAN_POINT('',(-66.09807621135,-13.5,10.));
#1139 = VECTOR('',#1140,1.);
#1140 = DIRECTION('',(0.,-1.,0.));
#1141 = FACE_BOUND('',#1142,.T.);
#1142 = EDGE_LOOP('',(#1143,#1153,#1161,#1169,#1177,#1185));
#1143 = ORIENTED_EDGE('',*,*,#1144,.F.);
#1144 = EDGE_CURVE('',#1145,#1147,#1149,.T.);
#1145 = VERTEX_POINT('',#1146);
#1146 = CARTESIAN_POINT('',(-37.49999999999,-15.,10.));
#1147 = VERTEX_POINT('',#1148);
#1148 = CARTESIAN_POINT('',(-34.90192378864,-13.49999999999,10.));
#1149 = LINE('',#1150,#1151);
#1150 = CARTESIAN_POINT('',(-37.49999999999,-15.,10.));
#1151 = VECTOR('',#1152,1.);
#1152 = DIRECTION('',(0.866025403784,0.5,0.));
#1153 = ORIENTED_EDGE('',*,*,#1154,.F.);
#1154 = EDGE_CURVE('',#1155,#1145,#1157,.T.);
#1155 = VERTEX_POINT('',#1156);
#1156 = CARTESIAN_POINT('',(-40.09807621135,-13.5,10.));
#1157 = LINE('',#1158,#1159);
#1158 = CARTESIAN_POINT('',(-40.09807621135,-13.5,10.));
#1159 = VECTOR('',#1160,1.);
#1160 = DIRECTION('',(0.866025403785,-0.499999999999,0.));
#1161 = ORIENTED_EDGE('',*,*,#1162,.F.);
#1162 = EDGE_CURVE('',#1163,#1155,#1165,.T.);
#1163 = VERTEX_POINT('',#1164);
#1164 = CARTESIAN_POINT('',(-40.09807621135,-10.49999999999,10.));
#1165 = LINE('',#1166,#1167);
#1166 = CARTESIAN_POINT('',(-40.09807621135,-10.49999999999,10.));
#1167 = VECTOR('',#1168,1.);
#1168 = DIRECTION('',(4.3106E-13,-1.,0.));
#1169 = ORIENTED_EDGE('',*,*,#1170,.F.);
#1170 = EDGE_CURVE('',#1171,#1163,#1173,.T.);
#1171 = VERTEX_POINT('',#1172);
#1172 = CARTESIAN_POINT('',(-37.49999999999,-9.,10.));
#1173 = LINE('',#1174,#1175);
#1174 = CARTESIAN_POINT('',(-37.49999999999,-9.,10.));
#1175 = VECTOR('',#1176,1.);
#1176 = DIRECTION('',(-0.866025403785,-0.499999999998,0.));
#1177 = ORIENTED_EDGE('',*,*,#1178,.F.);
#1178 = EDGE_CURVE('',#1179,#1171,#1181,.T.);
#1179 = VERTEX_POINT('',#1180);
#1180 = CARTESIAN_POINT('',(-34.90192378863,-10.49999999999,10.));
#1181 = LINE('',#1182,#1183);
#1182 = CARTESIAN_POINT('',(-34.90192378863,-10.49999999999,10.));
#1183 = VECTOR('',#1184,1.);
#1184 = DIRECTION('',(-0.866025403786,0.499999999997,0.));
#1185 = ORIENTED_EDGE('',*,*,#1186,.F.);
#1186 = EDGE_CURVE('',#1147,#1179,#1187,.T.);
#1187 = LINE('',#1188,#1189);
#1188 = CARTESIAN_POINT('',(-34.90192378864,-13.49999999999,10.));
#1189 = VECTOR('',#1190,1.);
#1190 = DIRECTION('',(2.87296E-12,1.,0.));
#1191 = FACE_BOUND('',#1192,.T.);
#1192 = EDGE_LOOP('',(#1193));
#1193 = ORIENTED_EDGE('',*,*,#1194,.F.);
#1194 = EDGE_CURVE('',#1195,#1195,#1197,.T.);
#1195 = VERTEX_POINT('',#1196);
#1196 = CARTESIAN_POINT('',(-6.5,-43.,10.));
#1197 = CIRCLE('',#1198,2.5);
#1198 = AXIS2_PLACEMENT_3D('',#1199,#1200,#1201);
#1199 = CARTESIAN_POINT('',(-9.,-43.,10.));
#1200 = DIRECTION('',(0.,0.,1.));
#1201 = DIRECTION('',(1.,0.,0.));
#1202 = FACE_BOUND('',#1203,.T.);
#1203 = EDGE_LOOP('',(#1204,#1214,#1223,#1231,#1240,#1248,#1257,#1265));
#1204 = ORIENTED_EDGE('',*,*,#1205,.F.);
#1205 = EDGE_CURVE('',#1206,#1208,#1210,.T.);
#1206 = VERTEX_POINT('',#1207);
#1207 = CARTESIAN_POINT('',(-9.,-29.,10.));
#1208 = VERTEX_POINT('',#1209);
#1209 = CARTESIAN_POINT('',(-9.,-35.,10.));
#1210 = LINE('',#1211,#1212);
#1211 = CARTESIAN_POINT('',(-9.,-29.,10.));
#1212 = VECTOR('',#1213,1.);
#1213 = DIRECTION('',(0.,-1.,0.));
#1214 = ORIENTED_EDGE('',*,*,#1215,.F.);
#1215 = EDGE_CURVE('',#1216,#1206,#1218,.T.);
#1216 = VERTEX_POINT('',#1217);
#1217 = CARTESIAN_POINT('',(-8.,-28.,10.));
#1218 = CIRCLE('',#1219,1.);
#1219 = AXIS2_PLACEMENT_3D('',#1220,#1221,#1222);
#1220 = CARTESIAN_POINT('',(-8.,-29.,10.));
#1221 = DIRECTION('',(0.,0.,1.));
#1222 = DIRECTION('',(1.,0.,0.));
#1223 = ORIENTED_EDGE('',*,*,#1224,.F.);
#1224 = EDGE_CURVE('',#1225,#1216,#1227,.T.);
#1225 = VERTEX_POINT('',#1226);
#1226 = CARTESIAN_POINT('',(8.,-28.,10.));
#1227 = LINE('',#1228,#1229);
#1228 = CARTESIAN_POINT('',(8.,-28.,10.));
#1229 = VECTOR('',#1230,1.);
#1230 = DIRECTION('',(-1.,0.,0.));
#1231 = ORIENTED_EDGE('',*,*,#1232,.F.);
#1232 = EDGE_CURVE('',#1233,#1225,#1235,.T.);
#1233 = VERTEX_POINT('',#1234);
#1234 = CARTESIAN_POINT('',(9.,-29.,10.));
#1235 = CIRCLE('',#1236,1.);
#1236 = AXIS2_PLACEMENT_3D('',#1237,#1238,#1239);
#1237 = CARTESIAN_POINT('',(8.,-29.,10.));
#1238 = DIRECTION('',(0.,0.,1.));
#1239 = DIRECTION('',(1.,0.,0.));
#1240 = ORIENTED_EDGE('',*,*,#1241,.F.);
#1241 = EDGE_CURVE('',#1242,#1233,#1244,.T.);
#1242 = VERTEX_POINT('',#1243);
#1243 = CARTESIAN_POINT('',(9.,-35.,10.));
#1244 = LINE('',#1245,#1246);
#1245 = CARTESIAN_POINT('',(9.,-35.,10.));
#1246 = VECTOR('',#1247,1.);
#1247 = DIRECTION('',(0.,1.,0.));
#1248 = ORIENTED_EDGE('',*,*,#1249,.F.);
#1249 = EDGE_CURVE('',#1250,#1242,#1252,.T.);
#1250 = VERTEX_POINT('',#1251);
#1251 = CARTESIAN_POINT('',(8.,-36.,10.));
#1252 = CIRCLE('',#1253,1.);
#1253 = AXIS2_PLACEMENT_3D('',#1254,#1255,#1256);
#1254 = CARTESIAN_POINT('',(8.,-35.,10.));
#1255 = DIRECTION('',(0.,0.,1.));
#1256 = DIRECTION('',(1.,0.,0.));
#1257 = ORIENTED_EDGE('',*,*,#1258,.F.);
#1258 = EDGE_CURVE('',#1259,#1250,#1261,.T.);
#1259 = VERTEX_POINT('',#1260);
#1260 = CARTESIAN_POINT('',(-8.,-36.,10.));
#1261 = LINE('',#1262,#1263);
#1262 = CARTESIAN_POINT('',(-8.,-36.,10.));
#1263 = VECTOR('',#1264,1.);
#1264 = DIRECTION('',(1.,0.,0.));
#1265 = ORIENTED_EDGE('',*,*,#1266,.F.);
#1266 = EDGE_CURVE('',#1208,#1259,#1267,.T.);
#1267 = CIRCLE('',#1268,1.);
#1268 = AXIS2_PLACEMENT_3D('',#1269,#1270,#1271);
#1269 = CARTESIAN_POINT('',(-8.,-35.,10.));
#1270 = DIRECTION('',(0.,0.,1.));
#1271 = DIRECTION('',(1.,0.,0.));
#1272 = FACE_BOUND('',#1273,.T.);
#1273 = EDGE_LOOP('',(#1274));
#1274 = ORIENTED_EDGE('',*,*,#1275,.F.);
#1275 = EDGE_CURVE('',#1276,#1276,#1278,.T.);
#1276 = VERTEX_POINT('',#1277);
#1277 = CARTESIAN_POINT('',(11.5,-43.,10.));
#1278 = CIRCLE('',#1279,2.5);
#1279 = AXIS2_PLACEMENT_3D('',#1280,#1281,#1282);
#1280 = CARTESIAN_POINT('',(9.,-43.,10.));
#1281 = DIRECTION('',(0.,0.,1.));
#1282 = DIRECTION('',(1.,0.,0.));
#1283 = FACE_BOUND('',#1284,.T.);
#1284 = EDGE_LOOP('',(#1285));
#1285 = ORIENTED_EDGE('',*,*,#1286,.F.);
#1286 = EDGE_CURVE('',#1287,#1287,#1289,.T.);
#1287 = VERTEX_POINT('',#1288);
#1288 = CARTESIAN_POINT('',(12.9,-24.5,10.));
#1289 = CIRCLE('',#1290,1.4);
#1290 = AXIS2_PLACEMENT_3D('',#1291,#1292,#1293);
#1291 = CARTESIAN_POINT('',(11.5,-24.5,10.));
#1292 = DIRECTION('',(0.,0.,1.));
#1293 = DIRECTION('',(1.,0.,0.));
#1294 = FACE_BOUND('',#1295,.T.);
#1295 = EDGE_LOOP('',(#1296,#1306,#1314,#1322));
#1296 = ORIENTED_EDGE('',*,*,#1297,.F.);
#1297 = EDGE_CURVE('',#1298,#1300,#1302,.T.);
#1298 = VERTEX_POINT('',#1299);
#1299 = CARTESIAN_POINT('',(30.,-25.,10.));
#1300 = VERTEX_POINT('',#1301);
#1301 = CARTESIAN_POINT('',(30.,-33.,10.));
#1302 = LINE('',#1303,#1304);
#1303 = CARTESIAN_POINT('',(30.,-25.,10.));
#1304 = VECTOR('',#1305,1.);
#1305 = DIRECTION('',(0.,-1.,0.));
#1306 = ORIENTED_EDGE('',*,*,#1307,.F.);
#1307 = EDGE_CURVE('',#1308,#1298,#1310,.T.);
#1308 = VERTEX_POINT('',#1309);
#1309 = CARTESIAN_POINT('',(34.,-25.,10.));
#1310 = LINE('',#1311,#1312);
#1311 = CARTESIAN_POINT('',(34.,-25.,10.));
#1312 = VECTOR('',#1313,1.);
#1313 = DIRECTION('',(-1.,0.,0.));
#1314 = ORIENTED_EDGE('',*,*,#1315,.F.);
#1315 = EDGE_CURVE('',#1316,#1308,#1318,.T.);
#1316 = VERTEX_POINT('',#1317);
#1317 = CARTESIAN_POINT('',(34.,-33.,10.));
#1318 = LINE('',#1319,#1320);
#1319 = CARTESIAN_POINT('',(34.,-33.,10.));
#1320 = VECTOR('',#1321,1.);
#1321 = DIRECTION('',(0.,1.,0.));
#1322 = ORIENTED_EDGE('',*,*,#1323,.F.);
#1323 = EDGE_CURVE('',#1300,#1316,#1324,.T.);
#1324 = LINE('',#1325,#1326);
#1325 = CARTESIAN_POINT('',(30.,-33.,10.));
#1326 = VECTOR('',#1327,1.);
#1327 = DIRECTION('',(1.,0.,0.));
#1328 = FACE_BOUND('',#1329,.T.);
#1329 = EDGE_LOOP('',(#1330,#1340,#1348,#1356,#1364,#1372));
#1330 = ORIENTED_EDGE('',*,*,#1331,.F.);
#1331 = EDGE_CURVE('',#1332,#1334,#1336,.T.);
#1332 = VERTEX_POINT('',#1333);
#1333 = CARTESIAN_POINT('',(2.500000000001,-15.,10.));
#1334 = VERTEX_POINT('',#1335);
#1335 = CARTESIAN_POINT('',(5.098076211357,-13.49999999999,10.));
#1336 = LINE('',#1337,#1338);
#1337 = CARTESIAN_POINT('',(2.500000000001,-15.,10.));
#1338 = VECTOR('',#1339,1.);
#1339 = DIRECTION('',(0.866025403784,0.5,0.));
#1340 = ORIENTED_EDGE('',*,*,#1341,.F.);
#1341 = EDGE_CURVE('',#1342,#1332,#1344,.T.);
#1342 = VERTEX_POINT('',#1343);
#1343 = CARTESIAN_POINT('',(-9.807621135814E-02,-13.5,10.));
#1344 = LINE('',#1345,#1346);
#1345 = CARTESIAN_POINT('',(-9.807621135814E-02,-13.5,10.));
#1346 = VECTOR('',#1347,1.);
#1347 = DIRECTION('',(0.866025403785,-0.499999999999,0.));
#1348 = ORIENTED_EDGE('',*,*,#1349,.F.);
#1349 = EDGE_CURVE('',#1350,#1342,#1352,.T.);
#1350 = VERTEX_POINT('',#1351);
#1351 = CARTESIAN_POINT('',(-9.807621135943E-02,-10.49999999999,10.));
#1352 = LINE('',#1353,#1354);
#1353 = CARTESIAN_POINT('',(-9.807621135943E-02,-10.49999999999,10.));
#1354 = VECTOR('',#1355,1.);
#1355 = DIRECTION('',(4.312E-13,-1.,0.));
#1356 = ORIENTED_EDGE('',*,*,#1357,.F.);
#1357 = EDGE_CURVE('',#1358,#1350,#1360,.T.);
#1358 = VERTEX_POINT('',#1359);
#1359 = CARTESIAN_POINT('',(2.500000000001,-9.,10.));
#1360 = LINE('',#1361,#1362);
#1361 = CARTESIAN_POINT('',(2.500000000001,-9.,10.));
#1362 = VECTOR('',#1363,1.);
#1363 = DIRECTION('',(-0.866025403785,-0.499999999998,0.));
#1364 = ORIENTED_EDGE('',*,*,#1365,.F.);
#1365 = EDGE_CURVE('',#1366,#1358,#1368,.T.);
#1366 = VERTEX_POINT('',#1367);
#1367 = CARTESIAN_POINT('',(5.098076211365,-10.49999999999,10.));
#1368 = LINE('',#1369,#1370);
#1369 = CARTESIAN_POINT('',(5.098076211365,-10.49999999999,10.));
#1370 = VECTOR('',#1371,1.);
#1371 = DIRECTION('',(-0.866025403786,0.499999999997,0.));
#1372 = ORIENTED_EDGE('',*,*,#1373,.F.);
#1373 = EDGE_CURVE('',#1334,#1366,#1374,.T.);
#1374 = LINE('',#1375,#1376);
#1375 = CARTESIAN_POINT('',(5.098076211357,-13.49999999999,10.));
#1376 = VECTOR('',#1377,1.);
#1377 = DIRECTION('',(2.87326E-12,1.,0.));
#1378 = FACE_BOUND('',#1379,.T.);
#1379 = EDGE_LOOP('',(#1380,#1390,#1398,#1406,#1414,#1422));
#1380 = ORIENTED_EDGE('',*,*,#1381,.F.);
#1381 = EDGE_CURVE('',#1382,#1384,#1386,.T.);
#1382 = VERTEX_POINT('',#1383);
#1383 = CARTESIAN_POINT('',(-83.5,12.,10.));
#1384 = VERTEX_POINT('',#1385);
#1385 = CARTESIAN_POINT('',(-80.90192378864,13.5,10.));
#1386 = LINE('',#1387,#1388);
#1387 = CARTESIAN_POINT('',(-83.5,12.,10.));
#1388 = VECTOR('',#1389,1.);
#1389 = DIRECTION('',(0.866025403784,0.5,0.));
#1390 = ORIENTED_EDGE('',*,*,#1391,.F.);
#1391 = EDGE_CURVE('',#1392,#1382,#1394,.T.);
#1392 = VERTEX_POINT('',#1393);
#1393 = CARTESIAN_POINT('',(-86.09807621135,13.5,10.));
#1394 = LINE('',#1395,#1396);
#1395 = CARTESIAN_POINT('',(-86.09807621135,13.5,10.));
#1396 = VECTOR('',#1397,1.);
#1397 = DIRECTION('',(0.866025403784,-0.5,0.));
#1398 = ORIENTED_EDGE('',*,*,#1399,.F.);
#1399 = EDGE_CURVE('',#1400,#1392,#1402,.T.);
#1400 = VERTEX_POINT('',#1401);
#1401 = CARTESIAN_POINT('',(-86.09807621135,16.5,10.));
#1402 = LINE('',#1403,#1404);
#1403 = CARTESIAN_POINT('',(-86.09807621135,16.5,10.));
#1404 = VECTOR('',#1405,1.);
#1405 = DIRECTION('',(0.,-1.,0.));
#1406 = ORIENTED_EDGE('',*,*,#1407,.F.);
#1407 = EDGE_CURVE('',#1408,#1400,#1410,.T.);
#1408 = VERTEX_POINT('',#1409);
#1409 = CARTESIAN_POINT('',(-83.5,18.,10.));
#1410 = LINE('',#1411,#1412);
#1411 = CARTESIAN_POINT('',(-83.5,18.,10.));
#1412 = VECTOR('',#1413,1.);
#1413 = DIRECTION('',(-0.866025403784,-0.5,0.));
#1414 = ORIENTED_EDGE('',*,*,#1415,.F.);
#1415 = EDGE_CURVE('',#1416,#1408,#1418,.T.);
#1416 = VERTEX_POINT('',#1417);
#1417 = CARTESIAN_POINT('',(-80.90192378864,16.5,10.));
#1418 = LINE('',#1419,#1420);
#1419 = CARTESIAN_POINT('',(-80.90192378864,16.5,10.));
#1420 = VECTOR('',#1421,1.);
#1421 = DIRECTION('',(-0.866025403784,0.5,0.));
#1422 = ORIENTED_EDGE('',*,*,#1423,.F.);
#1423 = EDGE_CURVE('',#1384,#1416,#1424,.T.);
#1424 = LINE('',#1425,#1426);
#1425 = CARTESIAN_POINT('',(-80.90192378864,13.5,10.));
#1426 = VECTOR('',#1427,1.);
#1427 = DIRECTION('',(0.,1.,0.));
#1428 = FACE_BOUND('',#1429,.T.);
#1429 = EDGE_LOOP('',(#1430,#1440,#1448,#1456,#1464,#1472));
#1430 = ORIENTED_EDGE('',*,*,#1431,.F.);
#1431 = EDGE_CURVE('',#1432,#1434,#1436,.T.);
#1432 = VERTEX_POINT('',#1433);
#1433 = CARTESIAN_POINT('',(-63.5,12.,10.));
#1434 = VERTEX_POINT('',#1435);
#1435 = CARTESIAN_POINT('',(-60.90192378864,13.5,10.));
#1436 = LINE('',#1437,#1438);
#1437 = CARTESIAN_POINT('',(-63.5,12.,10.));
#1438 = VECTOR('',#1439,1.);
#1439 = DIRECTION('',(0.866025403784,0.5,0.));
#1440 = ORIENTED_EDGE('',*,*,#1441,.F.);
#1441 = EDGE_CURVE('',#1442,#1432,#1444,.T.);
#1442 = VERTEX_POINT('',#1443);
#1443 = CARTESIAN_POINT('',(-66.09807621135,13.5,10.));
#1444 = LINE('',#1445,#1446);
#1445 = CARTESIAN_POINT('',(-66.09807621135,13.5,10.));
#1446 = VECTOR('',#1447,1.);
#1447 = DIRECTION('',(0.866025403784,-0.5,0.));
#1448 = ORIENTED_EDGE('',*,*,#1449,.F.);
#1449 = EDGE_CURVE('',#1450,#1442,#1452,.T.);
#1450 = VERTEX_POINT('',#1451);
#1451 = CARTESIAN_POINT('',(-66.09807621135,16.5,10.));
#1452 = LINE('',#1453,#1454);
#1453 = CARTESIAN_POINT('',(-66.09807621135,16.5,10.));
#1454 = VECTOR('',#1455,1.);
#1455 = DIRECTION('',(0.,-1.,0.));
#1456 = ORIENTED_EDGE('',*,*,#1457,.F.);
#1457 = EDGE_CURVE('',#1458,#1450,#1460,.T.);
#1458 = VERTEX_POINT('',#1459);
#1459 = CARTESIAN_POINT('',(-63.5,18.,10.));
#1460 = LINE('',#1461,#1462);
#1461 = CARTESIAN_POINT('',(-63.5,18.,10.));
#1462 = VECTOR('',#1463,1.);
#1463 = DIRECTION('',(-0.866025403784,-0.5,0.));
#1464 = ORIENTED_EDGE('',*,*,#1465,.F.);
#1465 = EDGE_CURVE('',#1466,#1458,#1468,.T.);
#1466 = VERTEX_POINT('',#1467);
#1467 = CARTESIAN_POINT('',(-60.90192378864,16.5,10.));
#1468 = LINE('',#1469,#1470);
#1469 = CARTESIAN_POINT('',(-60.90192378864,16.5,10.));
#1470 = VECTOR('',#1471,1.);
#1471 = DIRECTION('',(-0.866025403784,0.5,0.));
#1472 = ORIENTED_EDGE('',*,*,#1473,.F.);
#1473 = EDGE_CURVE('',#1434,#1466,#1474,.T.);
#1474 = LINE('',#1475,#1476);
#1475 = CARTESIAN_POINT('',(-60.90192378864,13.5,10.));
#1476 = VECTOR('',#1477,1.);
#1477 = DIRECTION('',(0.,1.,0.));
#1478 = FACE_BOUND('',#1479,.T.);
#1479 = EDGE_LOOP('',(#1480,#1490,#1498,#1506,#1514,#1522));
#1480 = ORIENTED_EDGE('',*,*,#1481,.F.);
#1481 = EDGE_CURVE('',#1482,#1484,#1486,.T.);
#1482 = VERTEX_POINT('',#1483);
#1483 = CARTESIAN_POINT('',(-37.49999999999,15.,10.));
#1484 = VERTEX_POINT('',#1485);
#1485 = CARTESIAN_POINT('',(-40.09807621136,13.500000000005,10.));
#1486 = LINE('',#1487,#1488);
#1487 = CARTESIAN_POINT('',(-37.49999999999,15.,10.));
#1488 = VECTOR('',#1489,1.);
#1489 = DIRECTION('',(-0.866025403786,-0.499999999997,0.));
#1490 = ORIENTED_EDGE('',*,*,#1491,.F.);
#1491 = EDGE_CURVE('',#1492,#1482,#1494,.T.);
#1492 = VERTEX_POINT('',#1493);
#1493 = CARTESIAN_POINT('',(-34.90192378863,13.500000000002,10.));
#1494 = LINE('',#1495,#1496);
#1495 = CARTESIAN_POINT('',(-34.90192378863,13.500000000002,10.));
#1496 = VECTOR('',#1497,1.);
#1497 = DIRECTION('',(-0.866025403785,0.499999999998,0.));
#1498 = ORIENTED_EDGE('',*,*,#1499,.F.);
#1499 = EDGE_CURVE('',#1500,#1492,#1502,.T.);
#1500 = VERTEX_POINT('',#1501);
#1501 = CARTESIAN_POINT('',(-34.90192378863,10.499999999997,10.));
#1502 = LINE('',#1503,#1504);
#1503 = CARTESIAN_POINT('',(-34.90192378863,10.499999999997,10.));
#1504 = VECTOR('',#1505,1.);
#1505 = DIRECTION('',(-2.9843E-13,1.,0.));
#1506 = ORIENTED_EDGE('',*,*,#1507,.F.);
#1507 = EDGE_CURVE('',#1508,#1500,#1510,.T.);
#1508 = VERTEX_POINT('',#1509);
#1509 = CARTESIAN_POINT('',(-37.49999999999,9.,10.));
#1510 = LINE('',#1511,#1512);
#1511 = CARTESIAN_POINT('',(-37.49999999999,9.,10.));
#1512 = VECTOR('',#1513,1.);
#1513 = DIRECTION('',(0.866025403786,0.499999999998,0.));
#1514 = ORIENTED_EDGE('',*,*,#1515,.F.);
#1515 = EDGE_CURVE('',#1516,#1508,#1518,.T.);
#1516 = VERTEX_POINT('',#1517);
#1517 = CARTESIAN_POINT('',(-40.09807621135,10.5,10.));
#1518 = LINE('',#1519,#1520);
#1519 = CARTESIAN_POINT('',(-40.09807621135,10.5,10.));
#1520 = VECTOR('',#1521,1.);
#1521 = DIRECTION('',(0.866025403785,-0.499999999999,0.));
#1522 = ORIENTED_EDGE('',*,*,#1523,.F.);
#1523 = EDGE_CURVE('',#1484,#1516,#1524,.T.);
#1524 = LINE('',#1525,#1526);
#1525 = CARTESIAN_POINT('',(-40.09807621136,13.500000000005,10.));
#1526 = VECTOR('',#1527,1.);
#1527 = DIRECTION('',(1.3903E-12,-1.,0.));
#1528 = FACE_BOUND('',#1529,.T.);
#1529 = EDGE_LOOP('',(#1530,#1540,#1548,#1556));
#1530 = ORIENTED_EDGE('',*,*,#1531,.F.);
#1531 = EDGE_CURVE('',#1532,#1534,#1536,.T.);
#1532 = VERTEX_POINT('',#1533);
#1533 = CARTESIAN_POINT('',(-87.,33.,10.));
#1534 = VERTEX_POINT('',#1535);
#1535 = CARTESIAN_POINT('',(-87.,25.,10.));
#1536 = LINE('',#1537,#1538);
#1537 = CARTESIAN_POINT('',(-87.,33.,10.));
#1538 = VECTOR('',#1539,1.);
#1539 = DIRECTION('',(0.,-1.,0.));
#1540 = ORIENTED_EDGE('',*,*,#1541,.F.);
#1541 = EDGE_CURVE('',#1542,#1532,#1544,.T.);
#1542 = VERTEX_POINT('',#1543);
#1543 = CARTESIAN_POINT('',(-83.,33.,10.));
#1544 = LINE('',#1545,#1546);
#1545 = CARTESIAN_POINT('',(-83.,33.,10.));
#1546 = VECTOR('',#1547,1.);
#1547 = DIRECTION('',(-1.,0.,0.));
#1548 = ORIENTED_EDGE('',*,*,#1549,.F.);
#1549 = EDGE_CURVE('',#1550,#1542,#1552,.T.);
#1550 = VERTEX_POINT('',#1551);
#1551 = CARTESIAN_POINT('',(-83.,25.,10.));
#1552 = LINE('',#1553,#1554);
#1553 = CARTESIAN_POINT('',(-83.,25.,10.));
#1554 = VECTOR('',#1555,1.);
#1555 = DIRECTION('',(0.,1.,0.));
#1556 = ORIENTED_EDGE('',*,*,#1557,.F.);
#1557 = EDGE_CURVE('',#1534,#1550,#1558,.T.);
#1558 = LINE('',#1559,#1560);
#1559 = CARTESIAN_POINT('',(-87.,25.,10.));
#1560 = VECTOR('',#1561,1.);
#1561 = DIRECTION('',(1.,0.,0.));
#1562 = FACE_BOUND('',#1563,.T.);
#1563 = EDGE_LOOP('',(#1564));
#1564 = ORIENTED_EDGE('',*,*,#1565,.F.);
#1565 = EDGE_CURVE('',#1566,#1566,#1568,.T.);
#1566 = VERTEX_POINT('',#1567);
#1567 = CARTESIAN_POINT('',(-45.1,24.5,10.));
#1568 = CIRCLE('',#1569,1.4);
#1569 = AXIS2_PLACEMENT_3D('',#1570,#1571,#1572);
#1570 = CARTESIAN_POINT('',(-46.5,24.5,10.));
#1571 = DIRECTION('',(0.,0.,1.));
#1572 = DIRECTION('',(1.,0.,0.));
#1573 = FACE_BOUND('',#1574,.T.);
#1574 = EDGE_LOOP('',(#1575,#1585,#1593,#1601));
#1575 = ORIENTED_EDGE('',*,*,#1576,.F.);
#1576 = EDGE_CURVE('',#1577,#1579,#1581,.T.);
#1577 = VERTEX_POINT('',#1578);
#1578 = CARTESIAN_POINT('',(-33.,46.,10.));
#1579 = VERTEX_POINT('',#1580);
#1580 = CARTESIAN_POINT('',(-33.,42.,10.));
#1581 = LINE('',#1582,#1583);
#1582 = CARTESIAN_POINT('',(-33.,46.,10.));
#1583 = VECTOR('',#1584,1.);
#1584 = DIRECTION('',(0.,-1.,0.));
#1585 = ORIENTED_EDGE('',*,*,#1586,.F.);
#1586 = EDGE_CURVE('',#1587,#1577,#1589,.T.);
#1587 = VERTEX_POINT('',#1588);
#1588 = CARTESIAN_POINT('',(-25.,46.,10.));
#1589 = LINE('',#1590,#1591);
#1590 = CARTESIAN_POINT('',(-25.,46.,10.));
#1591 = VECTOR('',#1592,1.);
#1592 = DIRECTION('',(-1.,0.,0.));
#1593 = ORIENTED_EDGE('',*,*,#1594,.F.);
#1594 = EDGE_CURVE('',#1595,#1587,#1597,.T.);
#1595 = VERTEX_POINT('',#1596);
#1596 = CARTESIAN_POINT('',(-25.,42.,10.));
#1597 = LINE('',#1598,#1599);
#1598 = CARTESIAN_POINT('',(-25.,42.,10.));
#1599 = VECTOR('',#1600,1.);
#1600 = DIRECTION('',(0.,1.,0.));
#1601 = ORIENTED_EDGE('',*,*,#1602,.F.);
#1602 = EDGE_CURVE('',#1579,#1595,#1603,.T.);
#1603 = LINE('',#1604,#1605);
#1604 = CARTESIAN_POINT('',(-33.,42.,10.));
#1605 = VECTOR('',#1606,1.);
#1606 = DIRECTION('',(1.,0.,0.));
#1607 = FACE_BOUND('',#1608,.T.);
#1608 = EDGE_LOOP('',(#1609,#1619,#1627,#1635,#1643,#1651));
#1609 = ORIENTED_EDGE('',*,*,#1610,.F.);
#1610 = EDGE_CURVE('',#1611,#1613,#1615,.T.);
#1611 = VERTEX_POINT('',#1612);
#1612 = CARTESIAN_POINT('',(2.500000000003,15.,10.));
#1613 = VERTEX_POINT('',#1614);
#1614 = CARTESIAN_POINT('',(-9.807621136299E-02,13.500000000005,10.));
#1615 = LINE('',#1616,#1617);
#1616 = CARTESIAN_POINT('',(2.500000000003,15.,10.));
#1617 = VECTOR('',#1618,1.);
#1618 = DIRECTION('',(-0.866025403786,-0.499999999997,0.));
#1619 = ORIENTED_EDGE('',*,*,#1620,.F.);
#1620 = EDGE_CURVE('',#1621,#1611,#1623,.T.);
#1621 = VERTEX_POINT('',#1622);
#1622 = CARTESIAN_POINT('',(5.098076211363,13.500000000002,10.));
#1623 = LINE('',#1624,#1625);
#1624 = CARTESIAN_POINT('',(5.098076211363,13.500000000002,10.));
#1625 = VECTOR('',#1626,1.);
#1626 = DIRECTION('',(-0.866025403785,0.499999999998,0.));
#1627 = ORIENTED_EDGE('',*,*,#1628,.F.);
#1628 = EDGE_CURVE('',#1629,#1621,#1631,.T.);
#1629 = VERTEX_POINT('',#1630);
#1630 = CARTESIAN_POINT('',(5.098076211364,10.499999999997,10.));
#1631 = LINE('',#1632,#1633);
#1632 = CARTESIAN_POINT('',(5.098076211364,10.499999999997,10.));
#1633 = VECTOR('',#1634,1.);
#1634 = DIRECTION('',(-2.9872E-13,1.,0.));
#1635 = ORIENTED_EDGE('',*,*,#1636,.F.);
#1636 = EDGE_CURVE('',#1637,#1629,#1639,.T.);
#1637 = VERTEX_POINT('',#1638);
#1638 = CARTESIAN_POINT('',(2.500000000001,9.,10.));
#1639 = LINE('',#1640,#1641);
#1640 = CARTESIAN_POINT('',(2.500000000001,9.,10.));
#1641 = VECTOR('',#1642,1.);
#1642 = DIRECTION('',(0.866025403786,0.499999999998,0.));
#1643 = ORIENTED_EDGE('',*,*,#1644,.F.);
#1644 = EDGE_CURVE('',#1645,#1637,#1647,.T.);
#1645 = VERTEX_POINT('',#1646);
#1646 = CARTESIAN_POINT('',(-9.807621135882E-02,10.5,10.));
#1647 = LINE('',#1648,#1649);
#1648 = CARTESIAN_POINT('',(-9.807621135882E-02,10.5,10.));
#1649 = VECTOR('',#1650,1.);
#1650 = DIRECTION('',(0.866025403785,-0.499999999999,0.));
#1651 = ORIENTED_EDGE('',*,*,#1652,.F.);
#1652 = EDGE_CURVE('',#1613,#1645,#1653,.T.);
#1653 = LINE('',#1654,#1655);
#1654 = CARTESIAN_POINT('',(-9.807621136299E-02,13.500000000005,10.));
#1655 = VECTOR('',#1656,1.);
#1656 = DIRECTION('',(1.39071E-12,-1.,0.));
#1657 = FACE_BOUND('',#1658,.T.);
#1658 = EDGE_LOOP('',(#1659,#1669,#1678,#1686,#1695,#1703,#1712,#1720));
#1659 = ORIENTED_EDGE('',*,*,#1660,.F.);
#1660 = EDGE_CURVE('',#1661,#1663,#1665,.T.);
#1661 = VERTEX_POINT('',#1662);
#1662 = CARTESIAN_POINT('',(-9.,35.,10.));
#1663 = VERTEX_POINT('',#1664);
#1664 = CARTESIAN_POINT('',(-9.,29.,10.));
#1665 = LINE('',#1666,#1667);
#1666 = CARTESIAN_POINT('',(-9.,35.,10.));
#1667 = VECTOR('',#1668,1.);
#1668 = DIRECTION('',(0.,-1.,0.));
#1669 = ORIENTED_EDGE('',*,*,#1670,.F.);
#1670 = EDGE_CURVE('',#1671,#1661,#1673,.T.);
#1671 = VERTEX_POINT('',#1672);
#1672 = CARTESIAN_POINT('',(-8.,36.,10.));
#1673 = CIRCLE('',#1674,1.);
#1674 = AXIS2_PLACEMENT_3D('',#1675,#1676,#1677);
#1675 = CARTESIAN_POINT('',(-8.,35.,10.));
#1676 = DIRECTION('',(0.,0.,1.));
#1677 = DIRECTION('',(1.,0.,0.));
#1678 = ORIENTED_EDGE('',*,*,#1679,.F.);
#1679 = EDGE_CURVE('',#1680,#1671,#1682,.T.);
#1680 = VERTEX_POINT('',#1681);
#1681 = CARTESIAN_POINT('',(8.,36.,10.));
#1682 = LINE('',#1683,#1684);
#1683 = CARTESIAN_POINT('',(8.,36.,10.));
#1684 = VECTOR('',#1685,1.);
#1685 = DIRECTION('',(-1.,0.,0.));
#1686 = ORIENTED_EDGE('',*,*,#1687,.F.);
#1687 = EDGE_CURVE('',#1688,#1680,#1690,.T.);
#1688 = VERTEX_POINT('',#1689);
#1689 = CARTESIAN_POINT('',(9.,35.,10.));
#1690 = CIRCLE('',#1691,1.);
#1691 = AXIS2_PLACEMENT_3D('',#1692,#1693,#1694);
#1692 = CARTESIAN_POINT('',(8.,35.,10.));
#1693 = DIRECTION('',(0.,0.,1.));
#1694 = DIRECTION('',(1.,0.,0.));
#1695 = ORIENTED_EDGE('',*,*,#1696,.F.);
#1696 = EDGE_CURVE('',#1697,#1688,#1699,.T.);
#1697 = VERTEX_POINT('',#1698);
#1698 = CARTESIAN_POINT('',(9.,29.,10.));
#1699 = LINE('',#1700,#1701);
#1700 = CARTESIAN_POINT('',(9.,29.,10.));
#1701 = VECTOR('',#1702,1.);
#1702 = DIRECTION('',(0.,1.,0.));
#1703 = ORIENTED_EDGE('',*,*,#1704,.F.);
#1704 = EDGE_CURVE('',#1705,#1697,#1707,.T.);
#1705 = VERTEX_POINT('',#1706);
#1706 = CARTESIAN_POINT('',(8.,28.,10.));
#1707 = CIRCLE('',#1708,1.);
#1708 = AXIS2_PLACEMENT_3D('',#1709,#1710,#1711);
#1709 = CARTESIAN_POINT('',(8.,29.,10.));
#1710 = DIRECTION('',(0.,0.,1.));
#1711 = DIRECTION('',(1.,0.,0.));
#1712 = ORIENTED_EDGE('',*,*,#1713,.F.);
#1713 = EDGE_CURVE('',#1714,#1705,#1716,.T.);
#1714 = VERTEX_POINT('',#1715);
#1715 = CARTESIAN_POINT('',(-8.,28.,10.));
#1716 = LINE('',#1717,#1718);
#1717 = CARTESIAN_POINT('',(-8.,28.,10.));
#1718 = VECTOR('',#1719,1.);
#1719 = DIRECTION('',(1.,0.,0.));
#1720 = ORIENTED_EDGE('',*,*,#1721,.F.);
#1721 = EDGE_CURVE('',#1663,#1714,#1722,.T.);
#1722 = CIRCLE('',#1723,1.);
#1723 = AXIS2_PLACEMENT_3D('',#1724,#1725,#1726);
#1724 = CARTESIAN_POINT('',(-8.,29.,10.));
#1725 = DIRECTION('',(0.,0.,1.));
#1726 = DIRECTION('',(1.,0.,0.));
#1727 = FACE_BOUND('',#1728,.T.);
#1728 = EDGE_LOOP('',(#1729));
#1729 = ORIENTED_EDGE('',*,*,#1730,.F.);
#1730 = EDGE_CURVE('',#1731,#1731,#1733,.T.);
#1731 = VERTEX_POINT('',#1732);
#1732 = CARTESIAN_POINT('',(-6.5,43.,10.));
#1733 = CIRCLE('',#1734,2.5);
#1734 = AXIS2_PLACEMENT_3D('',#1735,#1736,#1737);
#1735 = CARTESIAN_POINT('',(-9.,43.,10.));
#1736 = DIRECTION('',(0.,0.,1.));
#1737 = DIRECTION('',(1.,0.,0.));
#1738 = FACE_BOUND('',#1739,.T.);
#1739 = EDGE_LOOP('',(#1740));
#1740 = ORIENTED_EDGE('',*,*,#1741,.F.);
#1741 = EDGE_CURVE('',#1742,#1742,#1744,.T.);
#1742 = VERTEX_POINT('',#1743);
#1743 = CARTESIAN_POINT('',(12.9,24.5,10.));
#1744 = CIRCLE('',#1745,1.4);
#1745 = AXIS2_PLACEMENT_3D('',#1746,#1747,#1748);
#1746 = CARTESIAN_POINT('',(11.5,24.5,10.));
#1747 = DIRECTION('',(0.,0.,1.));
#1748 = DIRECTION('',(1.,0.,0.));
#1749 = FACE_BOUND('',#1750,.T.);
#1750 = EDGE_LOOP('',(#1751,#1761,#1769,#1777));
#1751 = ORIENTED_EDGE('',*,*,#1752,.F.);
#1752 = EDGE_CURVE('',#1753,#1755,#1757,.T.);
#1753 = VERTEX_POINT('',#1754);
#1754 = CARTESIAN_POINT('',(30.,33.,10.));
#1755 = VERTEX_POINT('',#1756);
#1756 = CARTESIAN_POINT('',(30.,25.,10.));
#1757 = LINE('',#1758,#1759);
#1758 = CARTESIAN_POINT('',(30.,33.,10.));
#1759 = VECTOR('',#1760,1.);
#1760 = DIRECTION('',(0.,-1.,0.));
#1761 = ORIENTED_EDGE('',*,*,#1762,.F.);
#1762 = EDGE_CURVE('',#1763,#1753,#1765,.T.);
#1763 = VERTEX_POINT('',#1764);
#1764 = CARTESIAN_POINT('',(34.,33.,10.));
#1765 = LINE('',#1766,#1767);
#1766 = CARTESIAN_POINT('',(34.,33.,10.));
#1767 = VECTOR('',#1768,1.);
#1768 = DIRECTION('',(-1.,0.,0.));
#1769 = ORIENTED_EDGE('',*,*,#1770,.F.);
#1770 = EDGE_CURVE('',#1771,#1763,#1773,.T.);
#1771 = VERTEX_POINT('',#1772);
#1772 = CARTESIAN_POINT('',(34.,25.,10.));
#1773 = LINE('',#1774,#1775);
#1774 = CARTESIAN_POINT('',(34.,25.,10.));
#1775 = VECTOR('',#1776,1.);
#1776 = DIRECTION('',(0.,1.,0.));
#1777 = ORIENTED_EDGE('',*,*,#1778,.F.);
#1778 = EDGE_CURVE('',#1755,#1771,#1779,.T.);
#1779 = LINE('',#1780,#1781);
#1780 = CARTESIAN_POINT('',(30.,25.,10.));
#1781 = VECTOR('',#1782,1.);
#1782 = DIRECTION('',(1.,0.,0.));
#1783 = FACE_BOUND('',#1784,.T.);
#1784 = EDGE_LOOP('',(#1785));
#1785 = ORIENTED_EDGE('',*,*,#1786,.F.);
#1786 = EDGE_CURVE('',#1787,#1787,#1789,.T.);
#1787 = VERTEX_POINT('',#1788);
#1788 = CARTESIAN_POINT('',(11.5,43.,10.));
#1789 = CIRCLE('',#1790,2.5);
#1790 = AXIS2_PLACEMENT_3D('',#1791,#1792,#1793);
#1791 = CARTESIAN_POINT('',(9.,43.,10.));
#1792 = DIRECTION('',(0.,0.,1.));
#1793 = DIRECTION('',(1.,0.,0.));
#1794 = FACE_BOUND('',#1795,.T.);
#1795 = EDGE_LOOP('',(#1796,#1806,#1814,#1822,#1830,#1838,#1846,#1854));
#1796 = ORIENTED_EDGE('',*,*,#1797,.T.);
#1797 = EDGE_CURVE('',#1798,#1800,#1802,.T.);
#1798 = VERTEX_POINT('',#1799);
#1799 = CARTESIAN_POINT('',(28.8,45.,10.));
#1800 = VERTEX_POINT('',#1801);
#1801 = CARTESIAN_POINT('',(28.8,37.,10.));
#1802 = LINE('',#1803,#1804);
#1803 = CARTESIAN_POINT('',(28.8,45.,10.));
#1804 = VECTOR('',#1805,1.);
#1805 = DIRECTION('',(0.,-1.,0.));
#1806 = ORIENTED_EDGE('',*,*,#1807,.T.);
#1807 = EDGE_CURVE('',#1800,#1808,#1810,.T.);
#1808 = VERTEX_POINT('',#1809);
#1809 = CARTESIAN_POINT('',(21.9,37.,10.));
#1810 = LINE('',#1811,#1812);
#1811 = CARTESIAN_POINT('',(28.8,37.,10.));
#1812 = VECTOR('',#1813,1.);
#1813 = DIRECTION('',(-1.,0.,0.));
#1814 = ORIENTED_EDGE('',*,*,#1815,.T.);
#1815 = EDGE_CURVE('',#1808,#1816,#1818,.T.);
#1816 = VERTEX_POINT('',#1817);
#1817 = CARTESIAN_POINT('',(21.9,37.6,10.));
#1818 = LINE('',#1819,#1820);
#1819 = CARTESIAN_POINT('',(21.9,37.,10.));
#1820 = VECTOR('',#1821,1.);
#1821 = DIRECTION('',(0.,1.,0.));
#1822 = ORIENTED_EDGE('',*,*,#1823,.T.);
#1823 = EDGE_CURVE('',#1816,#1824,#1826,.T.);
#1824 = VERTEX_POINT('',#1825);
#1825 = CARTESIAN_POINT('',(15.,37.6,10.));
#1826 = LINE('',#1827,#1828);
#1827 = CARTESIAN_POINT('',(21.9,37.6,10.));
#1828 = VECTOR('',#1829,1.);
#1829 = DIRECTION('',(-1.,0.,0.));
#1830 = ORIENTED_EDGE('',*,*,#1831,.T.);
#1831 = EDGE_CURVE('',#1824,#1832,#1834,.T.);
#1832 = VERTEX_POINT('',#1833);
#1833 = CARTESIAN_POINT('',(15.,44.4,10.));
#1834 = LINE('',#1835,#1836);
#1835 = CARTESIAN_POINT('',(15.,37.6,10.));
#1836 = VECTOR('',#1837,1.);
#1837 = DIRECTION('',(0.,1.,0.));
#1838 = ORIENTED_EDGE('',*,*,#1839,.T.);
#1839 = EDGE_CURVE('',#1832,#1840,#1842,.T.);
#1840 = VERTEX_POINT('',#1841);
#1841 = CARTESIAN_POINT('',(21.9,44.4,10.));
#1842 = LINE('',#1843,#1844);
#1843 = CARTESIAN_POINT('',(15.,44.4,10.));
#1844 = VECTOR('',#1845,1.);
#1845 = DIRECTION('',(1.,0.,0.));
#1846 = ORIENTED_EDGE('',*,*,#1847,.T.);
#1847 = EDGE_CURVE('',#1840,#1848,#1850,.T.);
#1848 = VERTEX_POINT('',#1849);
#1849 = CARTESIAN_POINT('',(21.9,45.,10.));
#1850 = LINE('',#1851,#1852);
#1851 = CARTESIAN_POINT('',(21.9,44.4,10.));
#1852 = VECTOR('',#1853,1.);
#1853 = DIRECTION('',(0.,1.,0.));
#1854 = ORIENTED_EDGE('',*,*,#1855,.T.);
#1855 = EDGE_CURVE('',#1848,#1798,#1856,.T.);
#1856 = LINE('',#1857,#1858);
#1857 = CARTESIAN_POINT('',(21.9,45.,10.));
#1858 = VECTOR('',#1859,1.);
#1859 = DIRECTION('',(1.,0.,0.));
#1860 = PLANE('',#1861);
#1861 = AXIS2_PLACEMENT_3D('',#1862,#1863,#1864);
#1862 = CARTESIAN_POINT('',(-21.0228342043,2.134510423167,10.));
#1863 = DIRECTION('',(0.,0.,1.));
#1864 = DIRECTION('',(1.,0.,0.));
#1865 = ADVANCED_FACE('',(#1866),#1877,.F.);
#1866 = FACE_BOUND('',#1867,.F.);
#1867 = EDGE_LOOP('',(#1868,#1874,#1875,#1876));
#1868 = ORIENTED_EDGE('',*,*,#1869,.T.);
#1869 = EDGE_CURVE('',#155,#948,#1870,.T.);
#1870 = LINE('',#1871,#1872);
#1871 = CARTESIAN_POINT('',(31.,48.,5.));
#1872 = VECTOR('',#1873,1.);
#1873 = DIRECTION('',(0.,0.,1.));
#1874 = ORIENTED_EDGE('',*,*,#956,.T.);
#1875 = ORIENTED_EDGE('',*,*,#61,.F.);
#1876 = ORIENTED_EDGE('',*,*,#163,.F.);
#1877 = PLANE('',#1878);
#1878 = AXIS2_PLACEMENT_3D('',#1879,#1880,#1881);
#1879 = CARTESIAN_POINT('',(31.,48.,5.));
#1880 = DIRECTION('',(0.,-1.,0.));
#1881 = DIRECTION('',(-1.,0.,0.));
#1882 = ADVANCED_FACE('',(#1883),#1894,.F.);
#1883 = FACE_BOUND('',#1884,.F.);
#1884 = EDGE_LOOP('',(#1885,#1886,#1887,#1893));
#1885 = ORIENTED_EDGE('',*,*,#104,.T.);
#1886 = ORIENTED_EDGE('',*,*,#922,.T.);
#1887 = ORIENTED_EDGE('',*,*,#1888,.F.);
#1888 = EDGE_CURVE('',#130,#923,#1889,.T.);
#1889 = LINE('',#1890,#1891);
#1890 = CARTESIAN_POINT('',(31.,-48.,5.));
#1891 = VECTOR('',#1892,1.);
#1892 = DIRECTION('',(0.,0.,1.));
#1893 = ORIENTED_EDGE('',*,*,#129,.F.);
#1894 = PLANE('',#1895);
#1895 = AXIS2_PLACEMENT_3D('',#1896,#1897,#1898);
#1896 = CARTESIAN_POINT('',(-84.,-48.,5.));
#1897 = DIRECTION('',(0.,1.,0.));
#1898 = DIRECTION('',(1.,0.,0.));
#1899 = ADVANCED_FACE('',(#1900),#1911,.T.);
#1900 = FACE_BOUND('',#1901,.F.);
#1901 = EDGE_LOOP('',(#1902,#1908,#1909,#1910));
#1902 = ORIENTED_EDGE('',*,*,#1903,.T.);
#1903 = EDGE_CURVE('',#147,#940,#1904,.T.);
#1904 = LINE('',#1905,#1906);
#1905 = CARTESIAN_POINT('',(36.,43.,5.));
#1906 = VECTOR('',#1907,1.);
#1907 = DIRECTION('',(0.,0.,1.));
#1908 = ORIENTED_EDGE('',*,*,#947,.T.);
#1909 = ORIENTED_EDGE('',*,*,#1869,.F.);
#1910 = ORIENTED_EDGE('',*,*,#154,.F.);
#1911 = CYLINDRICAL_SURFACE('',#1912,5.);
#1912 = AXIS2_PLACEMENT_3D('',#1913,#1914,#1915);
#1913 = CARTESIAN_POINT('',(31.,43.,5.));
#1914 = DIRECTION('',(-0.,-0.,-1.));
#1915 = DIRECTION('',(1.,0.,0.));
#1916 = ADVANCED_FACE('',(#1917),#1928,.T.);
#1917 = FACE_BOUND('',#1918,.F.);
#1918 = EDGE_LOOP('',(#1919,#1920,#1921,#1927));
#1919 = ORIENTED_EDGE('',*,*,#1888,.T.);
#1920 = ORIENTED_EDGE('',*,*,#930,.T.);
#1921 = ORIENTED_EDGE('',*,*,#1922,.F.);
#1922 = EDGE_CURVE('',#138,#931,#1923,.T.);
#1923 = LINE('',#1924,#1925);
#1924 = CARTESIAN_POINT('',(36.,-43.,5.));
#1925 = VECTOR('',#1926,1.);
#1926 = DIRECTION('',(0.,0.,1.));
#1927 = ORIENTED_EDGE('',*,*,#137,.F.);
#1928 = CYLINDRICAL_SURFACE('',#1929,5.);
#1929 = AXIS2_PLACEMENT_3D('',#1930,#1931,#1932);
#1930 = CARTESIAN_POINT('',(31.,-43.,5.));
#1931 = DIRECTION('',(-0.,-0.,-1.));
#1932 = DIRECTION('',(1.,0.,0.));
#1933 = ADVANCED_FACE('',(#1934),#1940,.F.);
#1934 = FACE_BOUND('',#1935,.F.);
#1935 = EDGE_LOOP('',(#1936,#1937,#1938,#1939));
#1936 = ORIENTED_EDGE('',*,*,#1922,.T.);
#1937 = ORIENTED_EDGE('',*,*,#939,.T.);
#1938 = ORIENTED_EDGE('',*,*,#1903,.F.);
#1939 = ORIENTED_EDGE('',*,*,#146,.F.);
#1940 = PLANE('',#1941);
#1941 = AXIS2_PLACEMENT_3D('',#1942,#1943,#1944);
#1942 = CARTESIAN_POINT('',(36.,-43.,5.));
#1943 = DIRECTION('',(-1.,0.,0.));
#1944 = DIRECTION('',(0.,1.,0.));
#1945 = ADVANCED_FACE('',(#1946),#1962,.T.);
#1946 = FACE_BOUND('',#1947,.T.);
#1947 = EDGE_LOOP('',(#1948,#1954,#1955,#1961));
#1948 = ORIENTED_EDGE('',*,*,#1949,.T.);
#1949 = EDGE_CURVE('',#173,#966,#1950,.T.);
#1950 = LINE('',#1951,#1952);
#1951 = CARTESIAN_POINT('',(-87.,-25.,5.));
#1952 = VECTOR('',#1953,1.);
#1953 = DIRECTION('',(0.,0.,1.));
#1954 = ORIENTED_EDGE('',*,*,#965,.T.);
#1955 = ORIENTED_EDGE('',*,*,#1956,.F.);
#1956 = EDGE_CURVE('',#175,#968,#1957,.T.);
#1957 = LINE('',#1958,#1959);
#1958 = CARTESIAN_POINT('',(-87.,-33.,5.));
#1959 = VECTOR('',#1960,1.);
#1960 = DIRECTION('',(0.,0.,1.));
#1961 = ORIENTED_EDGE('',*,*,#172,.F.);
#1962 = PLANE('',#1963);
#1963 = AXIS2_PLACEMENT_3D('',#1964,#1965,#1966);
#1964 = CARTESIAN_POINT('',(-87.,-25.,5.));
#1965 = DIRECTION('',(1.,0.,0.));
#1966 = DIRECTION('',(0.,-1.,0.));
#1967 = ADVANCED_FACE('',(#1968),#1979,.T.);
#1968 = FACE_BOUND('',#1969,.T.);
#1969 = EDGE_LOOP('',(#1970,#1976,#1977,#1978));
#1970 = ORIENTED_EDGE('',*,*,#1971,.T.);
#1971 = EDGE_CURVE('',#183,#976,#1972,.T.);
#1972 = LINE('',#1973,#1974);
#1973 = CARTESIAN_POINT('',(-83.,-25.,5.));
#1974 = VECTOR('',#1975,1.);
#1975 = DIRECTION('',(0.,0.,1.));
#1976 = ORIENTED_EDGE('',*,*,#975,.T.);
#1977 = ORIENTED_EDGE('',*,*,#1949,.F.);
#1978 = ORIENTED_EDGE('',*,*,#182,.F.);
#1979 = PLANE('',#1980);
#1980 = AXIS2_PLACEMENT_3D('',#1981,#1982,#1983);
#1981 = CARTESIAN_POINT('',(-83.,-25.,5.));
#1982 = DIRECTION('',(0.,-1.,0.));
#1983 = DIRECTION('',(-1.,0.,0.));
#1984 = ADVANCED_FACE('',(#1985),#1996,.T.);
#1985 = FACE_BOUND('',#1986,.T.);
#1986 = EDGE_LOOP('',(#1987,#1988,#1989,#1995));
#1987 = ORIENTED_EDGE('',*,*,#1956,.T.);
#1988 = ORIENTED_EDGE('',*,*,#991,.T.);
#1989 = ORIENTED_EDGE('',*,*,#1990,.F.);
#1990 = EDGE_CURVE('',#191,#984,#1991,.T.);
#1991 = LINE('',#1992,#1993);
#1992 = CARTESIAN_POINT('',(-83.,-33.,5.));
#1993 = VECTOR('',#1994,1.);
#1994 = DIRECTION('',(0.,0.,1.));
#1995 = ORIENTED_EDGE('',*,*,#198,.F.);
#1996 = PLANE('',#1997);
#1997 = AXIS2_PLACEMENT_3D('',#1998,#1999,#2000);
#1998 = CARTESIAN_POINT('',(-87.,-33.,5.));
#1999 = DIRECTION('',(0.,1.,0.));
#2000 = DIRECTION('',(1.,0.,0.));
#2001 = ADVANCED_FACE('',(#2002),#2008,.T.);
#2002 = FACE_BOUND('',#2003,.T.);
#2003 = EDGE_LOOP('',(#2004,#2005,#2006,#2007));
#2004 = ORIENTED_EDGE('',*,*,#1990,.T.);
#2005 = ORIENTED_EDGE('',*,*,#983,.T.);
#2006 = ORIENTED_EDGE('',*,*,#1971,.F.);
#2007 = ORIENTED_EDGE('',*,*,#190,.F.);
#2008 = PLANE('',#2009);
#2009 = AXIS2_PLACEMENT_3D('',#2010,#2011,#2012);
#2010 = CARTESIAN_POINT('',(-83.,-33.,5.));
#2011 = DIRECTION('',(-1.,0.,0.));
#2012 = DIRECTION('',(0.,1.,0.));
#2013 = ADVANCED_FACE('',(#2014),#2030,.T.);
#2014 = FACE_BOUND('',#2015,.T.);
#2015 = EDGE_LOOP('',(#2016,#2022,#2023,#2029));
#2016 = ORIENTED_EDGE('',*,*,#2017,.T.);
#2017 = EDGE_CURVE('',#207,#1000,#2018,.T.);
#2018 = LINE('',#2019,#2020);
#2019 = CARTESIAN_POINT('',(-33.,-42.,5.));
#2020 = VECTOR('',#2021,1.);
#2021 = DIRECTION('',(0.,0.,1.));
#2022 = ORIENTED_EDGE('',*,*,#999,.T.);
#2023 = ORIENTED_EDGE('',*,*,#2024,.F.);
#2024 = EDGE_CURVE('',#209,#1002,#2025,.T.);
#2025 = LINE('',#2026,#2027);
#2026 = CARTESIAN_POINT('',(-33.,-46.,5.));
#2027 = VECTOR('',#2028,1.);
#2028 = DIRECTION('',(0.,0.,1.));
#2029 = ORIENTED_EDGE('',*,*,#206,.F.);
#2030 = PLANE('',#2031);
#2031 = AXIS2_PLACEMENT_3D('',#2032,#2033,#2034);
#2032 = CARTESIAN_POINT('',(-33.,-42.,5.));
#2033 = DIRECTION('',(1.,0.,0.));
#2034 = DIRECTION('',(0.,-1.,0.));
#2035 = ADVANCED_FACE('',(#2036),#2047,.T.);
#2036 = FACE_BOUND('',#2037,.T.);
#2037 = EDGE_LOOP('',(#2038,#2044,#2045,#2046));
#2038 = ORIENTED_EDGE('',*,*,#2039,.T.);
#2039 = EDGE_CURVE('',#217,#1010,#2040,.T.);
#2040 = LINE('',#2041,#2042);
#2041 = CARTESIAN_POINT('',(-25.,-42.,5.));
#2042 = VECTOR('',#2043,1.);
#2043 = DIRECTION('',(0.,0.,1.));
#2044 = ORIENTED_EDGE('',*,*,#1009,.T.);
#2045 = ORIENTED_EDGE('',*,*,#2017,.F.);
#2046 = ORIENTED_EDGE('',*,*,#216,.F.);
#2047 = PLANE('',#2048);
#2048 = AXIS2_PLACEMENT_3D('',#2049,#2050,#2051);
#2049 = CARTESIAN_POINT('',(-25.,-42.,5.));
#2050 = DIRECTION('',(0.,-1.,0.));
#2051 = DIRECTION('',(-1.,0.,0.));
#2052 = ADVANCED_FACE('',(#2053),#2064,.T.);
#2053 = FACE_BOUND('',#2054,.T.);
#2054 = EDGE_LOOP('',(#2055,#2056,#2057,#2063));
#2055 = ORIENTED_EDGE('',*,*,#2024,.T.);
#2056 = ORIENTED_EDGE('',*,*,#1025,.T.);
#2057 = ORIENTED_EDGE('',*,*,#2058,.F.);
#2058 = EDGE_CURVE('',#225,#1018,#2059,.T.);
#2059 = LINE('',#2060,#2061);
#2060 = CARTESIAN_POINT('',(-25.,-46.,5.));
#2061 = VECTOR('',#2062,1.);
#2062 = DIRECTION('',(0.,0.,1.));
#2063 = ORIENTED_EDGE('',*,*,#232,.F.);
#2064 = PLANE('',#2065);
#2065 = AXIS2_PLACEMENT_3D('',#2066,#2067,#2068);
#2066 = CARTESIAN_POINT('',(-33.,-46.,5.));
#2067 = DIRECTION('',(0.,1.,0.));
#2068 = DIRECTION('',(1.,0.,0.));
#2069 = ADVANCED_FACE('',(#2070),#2076,.T.);
#2070 = FACE_BOUND('',#2071,.T.);
#2071 = EDGE_LOOP('',(#2072,#2073,#2074,#2075));
#2072 = ORIENTED_EDGE('',*,*,#2058,.T.);
#2073 = ORIENTED_EDGE('',*,*,#1017,.T.);
#2074 = ORIENTED_EDGE('',*,*,#2039,.F.);
#2075 = ORIENTED_EDGE('',*,*,#224,.F.);
#2076 = PLANE('',#2077);
#2077 = AXIS2_PLACEMENT_3D('',#2078,#2079,#2080);
#2078 = CARTESIAN_POINT('',(-25.,-46.,5.));
#2079 = DIRECTION('',(-1.,0.,0.));
#2080 = DIRECTION('',(0.,1.,0.));
#2081 = ADVANCED_FACE('',(#2082),#2107,.F.);
#2082 = FACE_BOUND('',#2083,.F.);
#2083 = EDGE_LOOP('',(#2084,#2092,#2100,#2106));
#2084 = ORIENTED_EDGE('',*,*,#2085,.T.);
#2085 = EDGE_CURVE('',#241,#2086,#2088,.T.);
#2086 = VERTEX_POINT('',#2087);
#2087 = CARTESIAN_POINT('',(-43.90192378864,-26.,7.5));
#2088 = LINE('',#2089,#2090);
#2089 = CARTESIAN_POINT('',(-43.90192378864,-26.,5.));
#2090 = VECTOR('',#2091,1.);
#2091 = DIRECTION('',(0.,0.,1.));
#2092 = ORIENTED_EDGE('',*,*,#2093,.T.);
#2093 = EDGE_CURVE('',#2086,#2094,#2096,.T.);
#2094 = VERTEX_POINT('',#2095);
#2095 = CARTESIAN_POINT('',(-46.5,-27.5,7.5));
#2096 = LINE('',#2097,#2098);
#2097 = CARTESIAN_POINT('',(-43.90192378864,-26.,7.5));
#2098 = VECTOR('',#2099,1.);
#2099 = DIRECTION('',(-0.866025403784,-0.5,0.));
#2100 = ORIENTED_EDGE('',*,*,#2101,.F.);
#2101 = EDGE_CURVE('',#243,#2094,#2102,.T.);
#2102 = LINE('',#2103,#2104);
#2103 = CARTESIAN_POINT('',(-46.5,-27.5,5.));
#2104 = VECTOR('',#2105,1.);
#2105 = DIRECTION('',(0.,0.,1.));
#2106 = ORIENTED_EDGE('',*,*,#240,.F.);
#2107 = PLANE('',#2108);
#2108 = AXIS2_PLACEMENT_3D('',#2109,#2110,#2111);
#2109 = CARTESIAN_POINT('',(-43.90192378864,-26.,5.));
#2110 = DIRECTION('',(0.5,-0.866025403784,0.));
#2111 = DIRECTION('',(-0.866025403784,-0.5,0.));
#2112 = ADVANCED_FACE('',(#2113),#2131,.F.);
#2113 = FACE_BOUND('',#2114,.F.);
#2114 = EDGE_LOOP('',(#2115,#2123,#2129,#2130));
#2115 = ORIENTED_EDGE('',*,*,#2116,.T.);
#2116 = EDGE_CURVE('',#275,#2117,#2119,.T.);
#2117 = VERTEX_POINT('',#2118);
#2118 = CARTESIAN_POINT('',(-43.90192378864,-23.,7.5));
#2119 = LINE('',#2120,#2121);
#2120 = CARTESIAN_POINT('',(-43.90192378864,-23.,5.));
#2121 = VECTOR('',#2122,1.);
#2122 = DIRECTION('',(0.,0.,1.));
#2123 = ORIENTED_EDGE('',*,*,#2124,.T.);
#2124 = EDGE_CURVE('',#2117,#2086,#2125,.T.);
#2125 = LINE('',#2126,#2127);
#2126 = CARTESIAN_POINT('',(-43.90192378864,-23.,7.5));
#2127 = VECTOR('',#2128,1.);
#2128 = DIRECTION('',(0.,-1.,0.));
#2129 = ORIENTED_EDGE('',*,*,#2085,.F.);
#2130 = ORIENTED_EDGE('',*,*,#282,.F.);
#2131 = PLANE('',#2132);
#2132 = AXIS2_PLACEMENT_3D('',#2133,#2134,#2135);
#2133 = CARTESIAN_POINT('',(-43.90192378864,-23.,5.));
#2134 = DIRECTION('',(1.,0.,0.));
#2135 = DIRECTION('',(0.,-1.,0.));
#2136 = ADVANCED_FACE('',(#2137),#2155,.F.);
#2137 = FACE_BOUND('',#2138,.F.);
#2138 = EDGE_LOOP('',(#2139,#2147,#2153,#2154));
#2139 = ORIENTED_EDGE('',*,*,#2140,.T.);
#2140 = EDGE_CURVE('',#267,#2141,#2143,.T.);
#2141 = VERTEX_POINT('',#2142);
#2142 = CARTESIAN_POINT('',(-46.5,-21.5,7.5));
#2143 = LINE('',#2144,#2145);
#2144 = CARTESIAN_POINT('',(-46.5,-21.5,5.));
#2145 = VECTOR('',#2146,1.);
#2146 = DIRECTION('',(0.,0.,1.));
#2147 = ORIENTED_EDGE('',*,*,#2148,.T.);
#2148 = EDGE_CURVE('',#2141,#2117,#2149,.T.);
#2149 = LINE('',#2150,#2151);
#2150 = CARTESIAN_POINT('',(-46.5,-21.5,7.5));
#2151 = VECTOR('',#2152,1.);
#2152 = DIRECTION('',(0.866025403784,-0.5,0.));
#2153 = ORIENTED_EDGE('',*,*,#2116,.F.);
#2154 = ORIENTED_EDGE('',*,*,#274,.F.);
#2155 = PLANE('',#2156);
#2156 = AXIS2_PLACEMENT_3D('',#2157,#2158,#2159);
#2157 = CARTESIAN_POINT('',(-46.5,-21.5,5.));
#2158 = DIRECTION('',(0.5,0.866025403784,0.));
#2159 = DIRECTION('',(0.866025403784,-0.5,0.));
#2160 = ADVANCED_FACE('',(#2161),#2179,.F.);
#2161 = FACE_BOUND('',#2162,.F.);
#2162 = EDGE_LOOP('',(#2163,#2171,#2177,#2178));
#2163 = ORIENTED_EDGE('',*,*,#2164,.T.);
#2164 = EDGE_CURVE('',#259,#2165,#2167,.T.);
#2165 = VERTEX_POINT('',#2166);
#2166 = CARTESIAN_POINT('',(-49.09807621135,-23.,7.5));
#2167 = LINE('',#2168,#2169);
#2168 = CARTESIAN_POINT('',(-49.09807621135,-23.,5.));
#2169 = VECTOR('',#2170,1.);
#2170 = DIRECTION('',(0.,0.,1.));
#2171 = ORIENTED_EDGE('',*,*,#2172,.T.);
#2172 = EDGE_CURVE('',#2165,#2141,#2173,.T.);
#2173 = LINE('',#2174,#2175);
#2174 = CARTESIAN_POINT('',(-49.09807621135,-23.,7.5));
#2175 = VECTOR('',#2176,1.);
#2176 = DIRECTION('',(0.866025403784,0.5,0.));
#2177 = ORIENTED_EDGE('',*,*,#2140,.F.);
#2178 = ORIENTED_EDGE('',*,*,#266,.F.);
#2179 = PLANE('',#2180);
#2180 = AXIS2_PLACEMENT_3D('',#2181,#2182,#2183);
#2181 = CARTESIAN_POINT('',(-49.09807621135,-23.,5.));
#2182 = DIRECTION('',(-0.5,0.866025403784,0.));
#2183 = DIRECTION('',(0.866025403784,0.5,0.));
#2184 = ADVANCED_FACE('',(#2185),#2203,.F.);
#2185 = FACE_BOUND('',#2186,.F.);
#2186 = EDGE_LOOP('',(#2187,#2195,#2201,#2202));
#2187 = ORIENTED_EDGE('',*,*,#2188,.T.);
#2188 = EDGE_CURVE('',#251,#2189,#2191,.T.);
#2189 = VERTEX_POINT('',#2190);
#2190 = CARTESIAN_POINT('',(-49.09807621135,-26.,7.5));
#2191 = LINE('',#2192,#2193);
#2192 = CARTESIAN_POINT('',(-49.09807621135,-26.,5.));
#2193 = VECTOR('',#2194,1.);
#2194 = DIRECTION('',(0.,0.,1.));
#2195 = ORIENTED_EDGE('',*,*,#2196,.T.);
#2196 = EDGE_CURVE('',#2189,#2165,#2197,.T.);
#2197 = LINE('',#2198,#2199);
#2198 = CARTESIAN_POINT('',(-49.09807621135,-26.,7.5));
#2199 = VECTOR('',#2200,1.);
#2200 = DIRECTION('',(0.,1.,0.));
#2201 = ORIENTED_EDGE('',*,*,#2164,.F.);
#2202 = ORIENTED_EDGE('',*,*,#258,.F.);
#2203 = PLANE('',#2204);
#2204 = AXIS2_PLACEMENT_3D('',#2205,#2206,#2207);
#2205 = CARTESIAN_POINT('',(-49.09807621135,-26.,5.));
#2206 = DIRECTION('',(-1.,0.,0.));
#2207 = DIRECTION('',(0.,1.,0.));
#2208 = ADVANCED_FACE('',(#2209),#2220,.F.);
#2209 = FACE_BOUND('',#2210,.F.);
#2210 = EDGE_LOOP('',(#2211,#2212,#2218,#2219));
#2211 = ORIENTED_EDGE('',*,*,#2101,.T.);
#2212 = ORIENTED_EDGE('',*,*,#2213,.T.);
#2213 = EDGE_CURVE('',#2094,#2189,#2214,.T.);
#2214 = LINE('',#2215,#2216);
#2215 = CARTESIAN_POINT('',(-46.5,-27.5,7.5));
#2216 = VECTOR('',#2217,1.);
#2217 = DIRECTION('',(-0.866025403784,0.5,-0.));
#2218 = ORIENTED_EDGE('',*,*,#2188,.F.);
#2219 = ORIENTED_EDGE('',*,*,#250,.F.);
#2220 = PLANE('',#2221);
#2221 = AXIS2_PLACEMENT_3D('',#2222,#2223,#2224);
#2222 = CARTESIAN_POINT('',(-46.5,-27.5,5.));
#2223 = DIRECTION('',(-0.5,-0.866025403784,0.));
#2224 = DIRECTION('',(-0.866025403784,0.5,0.));
#2225 = ADVANCED_FACE('',(#2226),#2245,.F.);
#2226 = FACE_BOUND('',#2227,.T.);
#2227 = EDGE_LOOP('',(#2228,#2229,#2237,#2244));
#2228 = ORIENTED_EDGE('',*,*,#290,.F.);
#2229 = ORIENTED_EDGE('',*,*,#2230,.T.);
#2230 = EDGE_CURVE('',#291,#2231,#2233,.T.);
#2231 = VERTEX_POINT('',#2232);
#2232 = CARTESIAN_POINT('',(-82.1,-15.,7.));
#2233 = LINE('',#2234,#2235);
#2234 = CARTESIAN_POINT('',(-82.1,-15.,5.));
#2235 = VECTOR('',#2236,1.);
#2236 = DIRECTION('',(0.,0.,1.));
#2237 = ORIENTED_EDGE('',*,*,#2238,.F.);
#2238 = EDGE_CURVE('',#2231,#2231,#2239,.T.);
#2239 = CIRCLE('',#2240,1.4);
#2240 = AXIS2_PLACEMENT_3D('',#2241,#2242,#2243);
#2241 = CARTESIAN_POINT('',(-83.5,-15.,7.));
#2242 = DIRECTION('',(0.,0.,-1.));
#2243 = DIRECTION('',(1.,0.,0.));
#2244 = ORIENTED_EDGE('',*,*,#2230,.F.);
#2245 = CYLINDRICAL_SURFACE('',#2246,1.4);
#2246 = AXIS2_PLACEMENT_3D('',#2247,#2248,#2249);
#2247 = CARTESIAN_POINT('',(-83.5,-15.,5.));
#2248 = DIRECTION('',(-0.,-0.,-1.));
#2249 = DIRECTION('',(1.,0.,0.));
#2250 = ADVANCED_FACE('',(#2251),#2270,.F.);
#2251 = FACE_BOUND('',#2252,.T.);
#2252 = EDGE_LOOP('',(#2253,#2254,#2262,#2269));
#2253 = ORIENTED_EDGE('',*,*,#301,.F.);
#2254 = ORIENTED_EDGE('',*,*,#2255,.T.);
#2255 = EDGE_CURVE('',#302,#2256,#2258,.T.);
#2256 = VERTEX_POINT('',#2257);
#2257 = CARTESIAN_POINT('',(-62.1,-15.,7.));
#2258 = LINE('',#2259,#2260);
#2259 = CARTESIAN_POINT('',(-62.1,-15.,5.));
#2260 = VECTOR('',#2261,1.);
#2261 = DIRECTION('',(0.,0.,1.));
#2262 = ORIENTED_EDGE('',*,*,#2263,.F.);
#2263 = EDGE_CURVE('',#2256,#2256,#2264,.T.);
#2264 = CIRCLE('',#2265,1.4);
#2265 = AXIS2_PLACEMENT_3D('',#2266,#2267,#2268);
#2266 = CARTESIAN_POINT('',(-63.5,-15.,7.));
#2267 = DIRECTION('',(0.,0.,-1.));
#2268 = DIRECTION('',(1.,0.,0.));
#2269 = ORIENTED_EDGE('',*,*,#2255,.F.);
#2270 = CYLINDRICAL_SURFACE('',#2271,1.4);
#2271 = AXIS2_PLACEMENT_3D('',#2272,#2273,#2274);
#2272 = CARTESIAN_POINT('',(-63.5,-15.,5.));
#2273 = DIRECTION('',(-0.,-0.,-1.));
#2274 = DIRECTION('',(1.,0.,0.));
#2275 = ADVANCED_FACE('',(#2276),#2295,.F.);
#2276 = FACE_BOUND('',#2277,.T.);
#2277 = EDGE_LOOP('',(#2278,#2279,#2287,#2294));
#2278 = ORIENTED_EDGE('',*,*,#312,.F.);
#2279 = ORIENTED_EDGE('',*,*,#2280,.T.);
#2280 = EDGE_CURVE('',#313,#2281,#2283,.T.);
#2281 = VERTEX_POINT('',#2282);
#2282 = CARTESIAN_POINT('',(-36.1,-12.,7.));
#2283 = LINE('',#2284,#2285);
#2284 = CARTESIAN_POINT('',(-36.1,-12.,5.));
#2285 = VECTOR('',#2286,1.);
#2286 = DIRECTION('',(0.,0.,1.));
#2287 = ORIENTED_EDGE('',*,*,#2288,.F.);
#2288 = EDGE_CURVE('',#2281,#2281,#2289,.T.);
#2289 = CIRCLE('',#2290,1.4);
#2290 = AXIS2_PLACEMENT_3D('',#2291,#2292,#2293);
#2291 = CARTESIAN_POINT('',(-37.5,-12.,7.));
#2292 = DIRECTION('',(0.,0.,-1.));
#2293 = DIRECTION('',(1.,0.,0.));
#2294 = ORIENTED_EDGE('',*,*,#2280,.F.);
#2295 = CYLINDRICAL_SURFACE('',#2296,1.4);
#2296 = AXIS2_PLACEMENT_3D('',#2297,#2298,#2299);
#2297 = CARTESIAN_POINT('',(-37.5,-12.,5.));
#2298 = DIRECTION('',(-0.,-0.,-1.));
#2299 = DIRECTION('',(1.,0.,0.));
#2300 = ADVANCED_FACE('',(#2301),#2320,.F.);
#2301 = FACE_BOUND('',#2302,.T.);
#2302 = EDGE_LOOP('',(#2303,#2304,#2312,#2319));
#2303 = ORIENTED_EDGE('',*,*,#323,.F.);
#2304 = ORIENTED_EDGE('',*,*,#2305,.T.);
#2305 = EDGE_CURVE('',#324,#2306,#2308,.T.);
#2306 = VERTEX_POINT('',#2307);
#2307 = CARTESIAN_POINT('',(-7.6,-43.,9.));
#2308 = LINE('',#2309,#2310);
#2309 = CARTESIAN_POINT('',(-7.6,-43.,5.));
#2310 = VECTOR('',#2311,1.);
#2311 = DIRECTION('',(0.,0.,1.));
#2312 = ORIENTED_EDGE('',*,*,#2313,.F.);
#2313 = EDGE_CURVE('',#2306,#2306,#2314,.T.);
#2314 = CIRCLE('',#2315,1.4);
#2315 = AXIS2_PLACEMENT_3D('',#2316,#2317,#2318);
#2316 = CARTESIAN_POINT('',(-9.,-43.,9.));
#2317 = DIRECTION('',(0.,0.,-1.));
#2318 = DIRECTION('',(1.,0.,0.));
#2319 = ORIENTED_EDGE('',*,*,#2305,.F.);
#2320 = CYLINDRICAL_SURFACE('',#2321,1.4);
#2321 = AXIS2_PLACEMENT_3D('',#2322,#2323,#2324);
#2322 = CARTESIAN_POINT('',(-9.,-43.,5.));
#2323 = DIRECTION('',(-0.,-0.,-1.));
#2324 = DIRECTION('',(1.,0.,0.));
#2325 = ADVANCED_FACE('',(#2326),#2342,.T.);
#2326 = FACE_BOUND('',#2327,.T.);
#2327 = EDGE_LOOP('',(#2328,#2334,#2335,#2341));
#2328 = ORIENTED_EDGE('',*,*,#2329,.T.);
#2329 = EDGE_CURVE('',#335,#1206,#2330,.T.);
#2330 = LINE('',#2331,#2332);
#2331 = CARTESIAN_POINT('',(-9.,-29.,5.));
#2332 = VECTOR('',#2333,1.);
#2333 = DIRECTION('',(0.,0.,1.));
#2334 = ORIENTED_EDGE('',*,*,#1205,.T.);
#2335 = ORIENTED_EDGE('',*,*,#2336,.F.);
#2336 = EDGE_CURVE('',#337,#1208,#2337,.T.);
#2337 = LINE('',#2338,#2339);
#2338 = CARTESIAN_POINT('',(-9.,-35.,5.));
#2339 = VECTOR('',#2340,1.);
#2340 = DIRECTION('',(0.,0.,1.));
#2341 = ORIENTED_EDGE('',*,*,#334,.F.);
#2342 = PLANE('',#2343);
#2343 = AXIS2_PLACEMENT_3D('',#2344,#2345,#2346);
#2344 = CARTESIAN_POINT('',(-9.,-29.,5.));
#2345 = DIRECTION('',(1.,0.,0.));
#2346 = DIRECTION('',(0.,-1.,0.));
#2347 = ADVANCED_FACE('',(#2348),#2359,.F.);
#2348 = FACE_BOUND('',#2349,.T.);
#2349 = EDGE_LOOP('',(#2350,#2356,#2357,#2358));
#2350 = ORIENTED_EDGE('',*,*,#2351,.T.);
#2351 = EDGE_CURVE('',#345,#1216,#2352,.T.);
#2352 = LINE('',#2353,#2354);
#2353 = CARTESIAN_POINT('',(-8.,-28.,5.));
#2354 = VECTOR('',#2355,1.);
#2355 = DIRECTION('',(0.,0.,1.));
#2356 = ORIENTED_EDGE('',*,*,#1215,.T.);
#2357 = ORIENTED_EDGE('',*,*,#2329,.F.);
#2358 = ORIENTED_EDGE('',*,*,#344,.F.);
#2359 = CYLINDRICAL_SURFACE('',#2360,1.);
#2360 = AXIS2_PLACEMENT_3D('',#2361,#2362,#2363);
#2361 = CARTESIAN_POINT('',(-8.,-29.,5.));
#2362 = DIRECTION('',(-0.,-0.,-1.));
#2363 = DIRECTION('',(1.,0.,0.));
#2364 = ADVANCED_FACE('',(#2365),#2376,.F.);
#2365 = FACE_BOUND('',#2366,.T.);
#2366 = EDGE_LOOP('',(#2367,#2368,#2369,#2375));
#2367 = ORIENTED_EDGE('',*,*,#2336,.T.);
#2368 = ORIENTED_EDGE('',*,*,#1266,.T.);
#2369 = ORIENTED_EDGE('',*,*,#2370,.F.);
#2370 = EDGE_CURVE('',#388,#1259,#2371,.T.);
#2371 = LINE('',#2372,#2373);
#2372 = CARTESIAN_POINT('',(-8.,-36.,5.));
#2373 = VECTOR('',#2374,1.);
#2374 = DIRECTION('',(0.,0.,1.));
#2375 = ORIENTED_EDGE('',*,*,#395,.F.);
#2376 = CYLINDRICAL_SURFACE('',#2377,1.);
#2377 = AXIS2_PLACEMENT_3D('',#2378,#2379,#2380);
#2378 = CARTESIAN_POINT('',(-8.,-35.,5.));
#2379 = DIRECTION('',(-0.,-0.,-1.));
#2380 = DIRECTION('',(1.,0.,0.));
#2381 = ADVANCED_FACE('',(#2382),#2393,.T.);
#2382 = FACE_BOUND('',#2383,.T.);
#2383 = EDGE_LOOP('',(#2384,#2390,#2391,#2392));
#2384 = ORIENTED_EDGE('',*,*,#2385,.T.);
#2385 = EDGE_CURVE('',#354,#1225,#2386,.T.);
#2386 = LINE('',#2387,#2388);
#2387 = CARTESIAN_POINT('',(8.,-28.,5.));
#2388 = VECTOR('',#2389,1.);
#2389 = DIRECTION('',(0.,0.,1.));
#2390 = ORIENTED_EDGE('',*,*,#1224,.T.);
#2391 = ORIENTED_EDGE('',*,*,#2351,.F.);
#2392 = ORIENTED_EDGE('',*,*,#353,.F.);
#2393 = PLANE('',#2394);
#2394 = AXIS2_PLACEMENT_3D('',#2395,#2396,#2397);
#2395 = CARTESIAN_POINT('',(8.,-28.,5.));
#2396 = DIRECTION('',(0.,-1.,0.));
#2397 = DIRECTION('',(-1.,0.,0.));
#2398 = ADVANCED_FACE('',(#2399),#2410,.T.);
#2399 = FACE_BOUND('',#2400,.T.);
#2400 = EDGE_LOOP('',(#2401,#2402,#2403,#2409));
#2401 = ORIENTED_EDGE('',*,*,#2370,.T.);
#2402 = ORIENTED_EDGE('',*,*,#1258,.T.);
#2403 = ORIENTED_EDGE('',*,*,#2404,.F.);
#2404 = EDGE_CURVE('',#379,#1250,#2405,.T.);
#2405 = LINE('',#2406,#2407);
#2406 = CARTESIAN_POINT('',(8.,-36.,5.));
#2407 = VECTOR('',#2408,1.);
#2408 = DIRECTION('',(0.,0.,1.));
#2409 = ORIENTED_EDGE('',*,*,#387,.F.);
#2410 = PLANE('',#2411);
#2411 = AXIS2_PLACEMENT_3D('',#2412,#2413,#2414);
#2412 = CARTESIAN_POINT('',(-8.,-36.,5.));
#2413 = DIRECTION('',(0.,1.,0.));
#2414 = DIRECTION('',(1.,0.,0.));
#2415 = ADVANCED_FACE('',(#2416),#2427,.F.);
#2416 = FACE_BOUND('',#2417,.T.);
#2417 = EDGE_LOOP('',(#2418,#2424,#2425,#2426));
#2418 = ORIENTED_EDGE('',*,*,#2419,.T.);
#2419 = EDGE_CURVE('',#362,#1233,#2420,.T.);
#2420 = LINE('',#2421,#2422);
#2421 = CARTESIAN_POINT('',(9.,-29.,5.));
#2422 = VECTOR('',#2423,1.);
#2423 = DIRECTION('',(0.,0.,1.));
#2424 = ORIENTED_EDGE('',*,*,#1232,.T.);
#2425 = ORIENTED_EDGE('',*,*,#2385,.F.);
#2426 = ORIENTED_EDGE('',*,*,#361,.F.);
#2427 = CYLINDRICAL_SURFACE('',#2428,1.);
#2428 = AXIS2_PLACEMENT_3D('',#2429,#2430,#2431);
#2429 = CARTESIAN_POINT('',(8.,-29.,5.));
#2430 = DIRECTION('',(-0.,-0.,-1.));
#2431 = DIRECTION('',(1.,0.,0.));
#2432 = ADVANCED_FACE('',(#2433),#2444,.F.);
#2433 = FACE_BOUND('',#2434,.T.);
#2434 = EDGE_LOOP('',(#2435,#2436,#2437,#2443));
#2435 = ORIENTED_EDGE('',*,*,#2404,.T.);
#2436 = ORIENTED_EDGE('',*,*,#1249,.T.);
#2437 = ORIENTED_EDGE('',*,*,#2438,.F.);
#2438 = EDGE_CURVE('',#371,#1242,#2439,.T.);
#2439 = LINE('',#2440,#2441);
#2440 = CARTESIAN_POINT('',(9.,-35.,5.));
#2441 = VECTOR('',#2442,1.);
#2442 = DIRECTION('',(0.,0.,1.));
#2443 = ORIENTED_EDGE('',*,*,#378,.F.);
#2444 = CYLINDRICAL_SURFACE('',#2445,1.);
#2445 = AXIS2_PLACEMENT_3D('',#2446,#2447,#2448);
#2446 = CARTESIAN_POINT('',(8.,-35.,5.));
#2447 = DIRECTION('',(-0.,-0.,-1.));
#2448 = DIRECTION('',(1.,0.,0.));
#2449 = ADVANCED_FACE('',(#2450),#2456,.T.);
#2450 = FACE_BOUND('',#2451,.T.);
#2451 = EDGE_LOOP('',(#2452,#2453,#2454,#2455));
#2452 = ORIENTED_EDGE('',*,*,#2438,.T.);
#2453 = ORIENTED_EDGE('',*,*,#1241,.T.);
#2454 = ORIENTED_EDGE('',*,*,#2419,.F.);
#2455 = ORIENTED_EDGE('',*,*,#370,.F.);
#2456 = PLANE('',#2457);
#2457 = AXIS2_PLACEMENT_3D('',#2458,#2459,#2460);
#2458 = CARTESIAN_POINT('',(9.,-35.,5.));
#2459 = DIRECTION('',(-1.,0.,0.));
#2460 = DIRECTION('',(0.,1.,0.));
#2461 = ADVANCED_FACE('',(#2462),#2481,.F.);
#2462 = FACE_BOUND('',#2463,.T.);
#2463 = EDGE_LOOP('',(#2464,#2465,#2473,#2480));
#2464 = ORIENTED_EDGE('',*,*,#404,.F.);
#2465 = ORIENTED_EDGE('',*,*,#2466,.T.);
#2466 = EDGE_CURVE('',#405,#2467,#2469,.T.);
#2467 = VERTEX_POINT('',#2468);
#2468 = CARTESIAN_POINT('',(10.4,-43.,9.));
#2469 = LINE('',#2470,#2471);
#2470 = CARTESIAN_POINT('',(10.4,-43.,5.));
#2471 = VECTOR('',#2472,1.);
#2472 = DIRECTION('',(0.,0.,1.));
#2473 = ORIENTED_EDGE('',*,*,#2474,.F.);
#2474 = EDGE_CURVE('',#2467,#2467,#2475,.T.);
#2475 = CIRCLE('',#2476,1.4);
#2476 = AXIS2_PLACEMENT_3D('',#2477,#2478,#2479);
#2477 = CARTESIAN_POINT('',(9.,-43.,9.));
#2478 = DIRECTION('',(0.,0.,-1.));
#2479 = DIRECTION('',(1.,0.,0.));
#2480 = ORIENTED_EDGE('',*,*,#2466,.F.);
#2481 = CYLINDRICAL_SURFACE('',#2482,1.4);
#2482 = AXIS2_PLACEMENT_3D('',#2483,#2484,#2485);
#2483 = CARTESIAN_POINT('',(9.,-43.,5.));
#2484 = DIRECTION('',(-0.,-0.,-1.));
#2485 = DIRECTION('',(1.,0.,0.));
#2486 = ADVANCED_FACE('',(#2487),#2512,.F.);
#2487 = FACE_BOUND('',#2488,.F.);
#2488 = EDGE_LOOP('',(#2489,#2497,#2505,#2511));
#2489 = ORIENTED_EDGE('',*,*,#2490,.T.);
#2490 = EDGE_CURVE('',#416,#2491,#2493,.T.);
#2491 = VERTEX_POINT('',#2492);
#2492 = CARTESIAN_POINT('',(14.098076211353,-26.,7.5));
#2493 = LINE('',#2494,#2495);
#2494 = CARTESIAN_POINT('',(14.098076211353,-26.,5.));
#2495 = VECTOR('',#2496,1.);
#2496 = DIRECTION('',(0.,0.,1.));
#2497 = ORIENTED_EDGE('',*,*,#2498,.T.);
#2498 = EDGE_CURVE('',#2491,#2499,#2501,.T.);
#2499 = VERTEX_POINT('',#2500);
#2500 = CARTESIAN_POINT('',(11.5,-27.5,7.5));
#2501 = LINE('',#2502,#2503);
#2502 = CARTESIAN_POINT('',(14.098076211353,-26.,7.5));
#2503 = VECTOR('',#2504,1.);
#2504 = DIRECTION('',(-0.866025403784,-0.5,0.));
#2505 = ORIENTED_EDGE('',*,*,#2506,.F.);
#2506 = EDGE_CURVE('',#418,#2499,#2507,.T.);
#2507 = LINE('',#2508,#2509);
#2508 = CARTESIAN_POINT('',(11.5,-27.5,5.));
#2509 = VECTOR('',#2510,1.);
#2510 = DIRECTION('',(0.,0.,1.));
#2511 = ORIENTED_EDGE('',*,*,#415,.F.);
#2512 = PLANE('',#2513);
#2513 = AXIS2_PLACEMENT_3D('',#2514,#2515,#2516);
#2514 = CARTESIAN_POINT('',(14.098076211353,-26.,5.));
#2515 = DIRECTION('',(0.5,-0.866025403784,0.));
#2516 = DIRECTION('',(-0.866025403784,-0.5,0.));
#2517 = ADVANCED_FACE('',(#2518),#2536,.F.);
#2518 = FACE_BOUND('',#2519,.F.);
#2519 = EDGE_LOOP('',(#2520,#2528,#2534,#2535));
#2520 = ORIENTED_EDGE('',*,*,#2521,.T.);
#2521 = EDGE_CURVE('',#450,#2522,#2524,.T.);
#2522 = VERTEX_POINT('',#2523);
#2523 = CARTESIAN_POINT('',(14.098076211353,-23.,7.5));
#2524 = LINE('',#2525,#2526);
#2525 = CARTESIAN_POINT('',(14.098076211353,-23.,5.));
#2526 = VECTOR('',#2527,1.);
#2527 = DIRECTION('',(0.,0.,1.));
#2528 = ORIENTED_EDGE('',*,*,#2529,.T.);
#2529 = EDGE_CURVE('',#2522,#2491,#2530,.T.);
#2530 = LINE('',#2531,#2532);
#2531 = CARTESIAN_POINT('',(14.098076211353,-23.,7.5));
#2532 = VECTOR('',#2533,1.);
#2533 = DIRECTION('',(0.,-1.,0.));
#2534 = ORIENTED_EDGE('',*,*,#2490,.F.);
#2535 = ORIENTED_EDGE('',*,*,#457,.F.);
#2536 = PLANE('',#2537);
#2537 = AXIS2_PLACEMENT_3D('',#2538,#2539,#2540);
#2538 = CARTESIAN_POINT('',(14.098076211353,-23.,5.));
#2539 = DIRECTION('',(1.,0.,0.));
#2540 = DIRECTION('',(0.,-1.,0.));
#2541 = ADVANCED_FACE('',(#2542),#2560,.F.);
#2542 = FACE_BOUND('',#2543,.F.);
#2543 = EDGE_LOOP('',(#2544,#2552,#2558,#2559));
#2544 = ORIENTED_EDGE('',*,*,#2545,.T.);
#2545 = EDGE_CURVE('',#442,#2546,#2548,.T.);
#2546 = VERTEX_POINT('',#2547);
#2547 = CARTESIAN_POINT('',(11.5,-21.5,7.5));
#2548 = LINE('',#2549,#2550);
#2549 = CARTESIAN_POINT('',(11.5,-21.5,5.));
#2550 = VECTOR('',#2551,1.);
#2551 = DIRECTION('',(0.,0.,1.));
#2552 = ORIENTED_EDGE('',*,*,#2553,.T.);
#2553 = EDGE_CURVE('',#2546,#2522,#2554,.T.);
#2554 = LINE('',#2555,#2556);
#2555 = CARTESIAN_POINT('',(11.5,-21.5,7.5));
#2556 = VECTOR('',#2557,1.);
#2557 = DIRECTION('',(0.866025403784,-0.5,0.));
#2558 = ORIENTED_EDGE('',*,*,#2521,.F.);
#2559 = ORIENTED_EDGE('',*,*,#449,.F.);
#2560 = PLANE('',#2561);
#2561 = AXIS2_PLACEMENT_3D('',#2562,#2563,#2564);
#2562 = CARTESIAN_POINT('',(11.5,-21.5,5.));
#2563 = DIRECTION('',(0.5,0.866025403784,0.));
#2564 = DIRECTION('',(0.866025403784,-0.5,0.));
#2565 = ADVANCED_FACE('',(#2566),#2584,.F.);
#2566 = FACE_BOUND('',#2567,.F.);
#2567 = EDGE_LOOP('',(#2568,#2576,#2582,#2583));
#2568 = ORIENTED_EDGE('',*,*,#2569,.T.);
#2569 = EDGE_CURVE('',#434,#2570,#2572,.T.);
#2570 = VERTEX_POINT('',#2571);
#2571 = CARTESIAN_POINT('',(8.901923788647,-23.,7.5));
#2572 = LINE('',#2573,#2574);
#2573 = CARTESIAN_POINT('',(8.901923788647,-23.,5.));
#2574 = VECTOR('',#2575,1.);
#2575 = DIRECTION('',(0.,0.,1.));
#2576 = ORIENTED_EDGE('',*,*,#2577,.T.);
#2577 = EDGE_CURVE('',#2570,#2546,#2578,.T.);
#2578 = LINE('',#2579,#2580);
#2579 = CARTESIAN_POINT('',(8.901923788647,-23.,7.5));
#2580 = VECTOR('',#2581,1.);
#2581 = DIRECTION('',(0.866025403784,0.5,0.));
#2582 = ORIENTED_EDGE('',*,*,#2545,.F.);
#2583 = ORIENTED_EDGE('',*,*,#441,.F.);
#2584 = PLANE('',#2585);
#2585 = AXIS2_PLACEMENT_3D('',#2586,#2587,#2588);
#2586 = CARTESIAN_POINT('',(8.901923788647,-23.,5.));
#2587 = DIRECTION('',(-0.5,0.866025403784,0.));
#2588 = DIRECTION('',(0.866025403784,0.5,0.));
#2589 = ADVANCED_FACE('',(#2590),#2608,.F.);
#2590 = FACE_BOUND('',#2591,.F.);
#2591 = EDGE_LOOP('',(#2592,#2600,#2606,#2607));
#2592 = ORIENTED_EDGE('',*,*,#2593,.T.);
#2593 = EDGE_CURVE('',#426,#2594,#2596,.T.);
#2594 = VERTEX_POINT('',#2595);
#2595 = CARTESIAN_POINT('',(8.901923788647,-26.,7.5));
#2596 = LINE('',#2597,#2598);
#2597 = CARTESIAN_POINT('',(8.901923788647,-26.,5.));
#2598 = VECTOR('',#2599,1.);
#2599 = DIRECTION('',(0.,0.,1.));
#2600 = ORIENTED_EDGE('',*,*,#2601,.T.);
#2601 = EDGE_CURVE('',#2594,#2570,#2602,.T.);
#2602 = LINE('',#2603,#2604);
#2603 = CARTESIAN_POINT('',(8.901923788647,-26.,7.5));
#2604 = VECTOR('',#2605,1.);
#2605 = DIRECTION('',(0.,1.,0.));
#2606 = ORIENTED_EDGE('',*,*,#2569,.F.);
#2607 = ORIENTED_EDGE('',*,*,#433,.F.);
#2608 = PLANE('',#2609);
#2609 = AXIS2_PLACEMENT_3D('',#2610,#2611,#2612);
#2610 = CARTESIAN_POINT('',(8.901923788647,-26.,5.));
#2611 = DIRECTION('',(-1.,0.,0.));
#2612 = DIRECTION('',(0.,1.,0.));
#2613 = ADVANCED_FACE('',(#2614),#2625,.F.);
#2614 = FACE_BOUND('',#2615,.F.);
#2615 = EDGE_LOOP('',(#2616,#2617,#2623,#2624));
#2616 = ORIENTED_EDGE('',*,*,#2506,.T.);
#2617 = ORIENTED_EDGE('',*,*,#2618,.T.);
#2618 = EDGE_CURVE('',#2499,#2594,#2619,.T.);
#2619 = LINE('',#2620,#2621);
#2620 = CARTESIAN_POINT('',(11.5,-27.5,7.5));
#2621 = VECTOR('',#2622,1.);
#2622 = DIRECTION('',(-0.866025403784,0.5,-0.));
#2623 = ORIENTED_EDGE('',*,*,#2593,.F.);
#2624 = ORIENTED_EDGE('',*,*,#425,.F.);
#2625 = PLANE('',#2626);
#2626 = AXIS2_PLACEMENT_3D('',#2627,#2628,#2629);
#2627 = CARTESIAN_POINT('',(11.5,-27.5,5.));
#2628 = DIRECTION('',(-0.5,-0.866025403784,0.));
#2629 = DIRECTION('',(-0.866025403784,0.5,0.));
#2630 = ADVANCED_FACE('',(#2631),#2647,.T.);
#2631 = FACE_BOUND('',#2632,.T.);
#2632 = EDGE_LOOP('',(#2633,#2639,#2640,#2646));
#2633 = ORIENTED_EDGE('',*,*,#2634,.T.);
#2634 = EDGE_CURVE('',#466,#1298,#2635,.T.);
#2635 = LINE('',#2636,#2637);
#2636 = CARTESIAN_POINT('',(30.,-25.,5.));
#2637 = VECTOR('',#2638,1.);
#2638 = DIRECTION('',(0.,0.,1.));
#2639 = ORIENTED_EDGE('',*,*,#1297,.T.);
#2640 = ORIENTED_EDGE('',*,*,#2641,.F.);
#2641 = EDGE_CURVE('',#468,#1300,#2642,.T.);
#2642 = LINE('',#2643,#2644);
#2643 = CARTESIAN_POINT('',(30.,-33.,5.));
#2644 = VECTOR('',#2645,1.);
#2645 = DIRECTION('',(0.,0.,1.));
#2646 = ORIENTED_EDGE('',*,*,#465,.F.);
#2647 = PLANE('',#2648);
#2648 = AXIS2_PLACEMENT_3D('',#2649,#2650,#2651);
#2649 = CARTESIAN_POINT('',(30.,-25.,5.));
#2650 = DIRECTION('',(1.,0.,0.));
#2651 = DIRECTION('',(0.,-1.,0.));
#2652 = ADVANCED_FACE('',(#2653),#2664,.T.);
#2653 = FACE_BOUND('',#2654,.T.);
#2654 = EDGE_LOOP('',(#2655,#2661,#2662,#2663));
#2655 = ORIENTED_EDGE('',*,*,#2656,.T.);
#2656 = EDGE_CURVE('',#476,#1308,#2657,.T.);
#2657 = LINE('',#2658,#2659);
#2658 = CARTESIAN_POINT('',(34.,-25.,5.));
#2659 = VECTOR('',#2660,1.);
#2660 = DIRECTION('',(0.,0.,1.));
#2661 = ORIENTED_EDGE('',*,*,#1307,.T.);
#2662 = ORIENTED_EDGE('',*,*,#2634,.F.);
#2663 = ORIENTED_EDGE('',*,*,#475,.F.);
#2664 = PLANE('',#2665);
#2665 = AXIS2_PLACEMENT_3D('',#2666,#2667,#2668);
#2666 = CARTESIAN_POINT('',(34.,-25.,5.));
#2667 = DIRECTION('',(0.,-1.,0.));
#2668 = DIRECTION('',(-1.,0.,0.));
#2669 = ADVANCED_FACE('',(#2670),#2681,.T.);
#2670 = FACE_BOUND('',#2671,.T.);
#2671 = EDGE_LOOP('',(#2672,#2673,#2674,#2680));
#2672 = ORIENTED_EDGE('',*,*,#2641,.T.);
#2673 = ORIENTED_EDGE('',*,*,#1323,.T.);
#2674 = ORIENTED_EDGE('',*,*,#2675,.F.);
#2675 = EDGE_CURVE('',#484,#1316,#2676,.T.);
#2676 = LINE('',#2677,#2678);
#2677 = CARTESIAN_POINT('',(34.,-33.,5.));
#2678 = VECTOR('',#2679,1.);
#2679 = DIRECTION('',(0.,0.,1.));
#2680 = ORIENTED_EDGE('',*,*,#491,.F.);
#2681 = PLANE('',#2682);
#2682 = AXIS2_PLACEMENT_3D('',#2683,#2684,#2685);
#2683 = CARTESIAN_POINT('',(30.,-33.,5.));
#2684 = DIRECTION('',(0.,1.,0.));
#2685 = DIRECTION('',(1.,0.,0.));
#2686 = ADVANCED_FACE('',(#2687),#2693,.T.);
#2687 = FACE_BOUND('',#2688,.T.);
#2688 = EDGE_LOOP('',(#2689,#2690,#2691,#2692));
#2689 = ORIENTED_EDGE('',*,*,#2675,.T.);
#2690 = ORIENTED_EDGE('',*,*,#1315,.T.);
#2691 = ORIENTED_EDGE('',*,*,#2656,.F.);
#2692 = ORIENTED_EDGE('',*,*,#483,.F.);
#2693 = PLANE('',#2694);
#2694 = AXIS2_PLACEMENT_3D('',#2695,#2696,#2697);
#2695 = CARTESIAN_POINT('',(34.,-33.,5.));
#2696 = DIRECTION('',(-1.,0.,0.));
#2697 = DIRECTION('',(0.,1.,0.));
#2698 = ADVANCED_FACE('',(#2699),#2718,.F.);
#2699 = FACE_BOUND('',#2700,.T.);
#2700 = EDGE_LOOP('',(#2701,#2702,#2710,#2717));
#2701 = ORIENTED_EDGE('',*,*,#499,.F.);
#2702 = ORIENTED_EDGE('',*,*,#2703,.T.);
#2703 = EDGE_CURVE('',#500,#2704,#2706,.T.);
#2704 = VERTEX_POINT('',#2705);
#2705 = CARTESIAN_POINT('',(3.9,-12.,7.));
#2706 = LINE('',#2707,#2708);
#2707 = CARTESIAN_POINT('',(3.9,-12.,5.));
#2708 = VECTOR('',#2709,1.);
#2709 = DIRECTION('',(0.,0.,1.));
#2710 = ORIENTED_EDGE('',*,*,#2711,.F.);
#2711 = EDGE_CURVE('',#2704,#2704,#2712,.T.);
#2712 = CIRCLE('',#2713,1.4);
#2713 = AXIS2_PLACEMENT_3D('',#2714,#2715,#2716);
#2714 = CARTESIAN_POINT('',(2.5,-12.,7.));
#2715 = DIRECTION('',(0.,0.,-1.));
#2716 = DIRECTION('',(1.,0.,0.));
#2717 = ORIENTED_EDGE('',*,*,#2703,.F.);
#2718 = CYLINDRICAL_SURFACE('',#2719,1.4);
#2719 = AXIS2_PLACEMENT_3D('',#2720,#2721,#2722);
#2720 = CARTESIAN_POINT('',(2.5,-12.,5.));
#2721 = DIRECTION('',(-0.,-0.,-1.));
#2722 = DIRECTION('',(1.,0.,0.));
#2723 = ADVANCED_FACE('',(#2724),#2743,.F.);
#2724 = FACE_BOUND('',#2725,.T.);
#2725 = EDGE_LOOP('',(#2726,#2727,#2735,#2742));
#2726 = ORIENTED_EDGE('',*,*,#510,.F.);
#2727 = ORIENTED_EDGE('',*,*,#2728,.T.);
#2728 = EDGE_CURVE('',#511,#2729,#2731,.T.);
#2729 = VERTEX_POINT('',#2730);
#2730 = CARTESIAN_POINT('',(-82.1,15.,7.));
#2731 = LINE('',#2732,#2733);
#2732 = CARTESIAN_POINT('',(-82.1,15.,5.));
#2733 = VECTOR('',#2734,1.);
#2734 = DIRECTION('',(0.,0.,1.));
#2735 = ORIENTED_EDGE('',*,*,#2736,.F.);
#2736 = EDGE_CURVE('',#2729,#2729,#2737,.T.);
#2737 = CIRCLE('',#2738,1.4);
#2738 = AXIS2_PLACEMENT_3D('',#2739,#2740,#2741);
#2739 = CARTESIAN_POINT('',(-83.5,15.,7.));
#2740 = DIRECTION('',(0.,0.,-1.));
#2741 = DIRECTION('',(1.,0.,0.));
#2742 = ORIENTED_EDGE('',*,*,#2728,.F.);
#2743 = CYLINDRICAL_SURFACE('',#2744,1.4);
#2744 = AXIS2_PLACEMENT_3D('',#2745,#2746,#2747);
#2745 = CARTESIAN_POINT('',(-83.5,15.,5.));
#2746 = DIRECTION('',(-0.,-0.,-1.));
#2747 = DIRECTION('',(1.,0.,0.));
#2748 = ADVANCED_FACE('',(#2749),#2768,.F.);
#2749 = FACE_BOUND('',#2750,.T.);
#2750 = EDGE_LOOP('',(#2751,#2752,#2760,#2767));
#2751 = ORIENTED_EDGE('',*,*,#521,.F.);
#2752 = ORIENTED_EDGE('',*,*,#2753,.T.);
#2753 = EDGE_CURVE('',#522,#2754,#2756,.T.);
#2754 = VERTEX_POINT('',#2755);
#2755 = CARTESIAN_POINT('',(-62.1,15.,7.));
#2756 = LINE('',#2757,#2758);
#2757 = CARTESIAN_POINT('',(-62.1,15.,5.));
#2758 = VECTOR('',#2759,1.);
#2759 = DIRECTION('',(0.,0.,1.));
#2760 = ORIENTED_EDGE('',*,*,#2761,.F.);
#2761 = EDGE_CURVE('',#2754,#2754,#2762,.T.);
#2762 = CIRCLE('',#2763,1.4);
#2763 = AXIS2_PLACEMENT_3D('',#2764,#2765,#2766);
#2764 = CARTESIAN_POINT('',(-63.5,15.,7.));
#2765 = DIRECTION('',(0.,0.,-1.));
#2766 = DIRECTION('',(1.,0.,0.));
#2767 = ORIENTED_EDGE('',*,*,#2753,.F.);
#2768 = CYLINDRICAL_SURFACE('',#2769,1.4);
#2769 = AXIS2_PLACEMENT_3D('',#2770,#2771,#2772);
#2770 = CARTESIAN_POINT('',(-63.5,15.,5.));
#2771 = DIRECTION('',(-0.,-0.,-1.));
#2772 = DIRECTION('',(1.,0.,0.));
#2773 = ADVANCED_FACE('',(#2774),#2793,.F.);
#2774 = FACE_BOUND('',#2775,.T.);
#2775 = EDGE_LOOP('',(#2776,#2777,#2785,#2792));
#2776 = ORIENTED_EDGE('',*,*,#532,.F.);
#2777 = ORIENTED_EDGE('',*,*,#2778,.T.);
#2778 = EDGE_CURVE('',#533,#2779,#2781,.T.);
#2779 = VERTEX_POINT('',#2780);
#2780 = CARTESIAN_POINT('',(-36.1,12.,7.));
#2781 = LINE('',#2782,#2783);
#2782 = CARTESIAN_POINT('',(-36.1,12.,5.));
#2783 = VECTOR('',#2784,1.);
#2784 = DIRECTION('',(0.,0.,1.));
#2785 = ORIENTED_EDGE('',*,*,#2786,.F.);
#2786 = EDGE_CURVE('',#2779,#2779,#2787,.T.);
#2787 = CIRCLE('',#2788,1.4);
#2788 = AXIS2_PLACEMENT_3D('',#2789,#2790,#2791);
#2789 = CARTESIAN_POINT('',(-37.5,12.,7.));
#2790 = DIRECTION('',(0.,0.,-1.));
#2791 = DIRECTION('',(1.,0.,0.));
#2792 = ORIENTED_EDGE('',*,*,#2778,.F.);
#2793 = CYLINDRICAL_SURFACE('',#2794,1.4);
#2794 = AXIS2_PLACEMENT_3D('',#2795,#2796,#2797);
#2795 = CARTESIAN_POINT('',(-37.5,12.,5.));
#2796 = DIRECTION('',(-0.,-0.,-1.));
#2797 = DIRECTION('',(1.,0.,0.));
#2798 = ADVANCED_FACE('',(#2799),#2815,.T.);
#2799 = FACE_BOUND('',#2800,.T.);
#2800 = EDGE_LOOP('',(#2801,#2807,#2808,#2814));
#2801 = ORIENTED_EDGE('',*,*,#2802,.T.);
#2802 = EDGE_CURVE('',#544,#1532,#2803,.T.);
#2803 = LINE('',#2804,#2805);
#2804 = CARTESIAN_POINT('',(-87.,33.,5.));
#2805 = VECTOR('',#2806,1.);
#2806 = DIRECTION('',(0.,0.,1.));
#2807 = ORIENTED_EDGE('',*,*,#1531,.T.);
#2808 = ORIENTED_EDGE('',*,*,#2809,.F.);
#2809 = EDGE_CURVE('',#546,#1534,#2810,.T.);
#2810 = LINE('',#2811,#2812);
#2811 = CARTESIAN_POINT('',(-87.,25.,5.));
#2812 = VECTOR('',#2813,1.);
#2813 = DIRECTION('',(0.,0.,1.));
#2814 = ORIENTED_EDGE('',*,*,#543,.F.);
#2815 = PLANE('',#2816);
#2816 = AXIS2_PLACEMENT_3D('',#2817,#2818,#2819);
#2817 = CARTESIAN_POINT('',(-87.,33.,5.));
#2818 = DIRECTION('',(1.,0.,0.));
#2819 = DIRECTION('',(0.,-1.,0.));
#2820 = ADVANCED_FACE('',(#2821),#2832,.T.);
#2821 = FACE_BOUND('',#2822,.T.);
#2822 = EDGE_LOOP('',(#2823,#2829,#2830,#2831));
#2823 = ORIENTED_EDGE('',*,*,#2824,.T.);
#2824 = EDGE_CURVE('',#554,#1542,#2825,.T.);
#2825 = LINE('',#2826,#2827);
#2826 = CARTESIAN_POINT('',(-83.,33.,5.));
#2827 = VECTOR('',#2828,1.);
#2828 = DIRECTION('',(0.,0.,1.));
#2829 = ORIENTED_EDGE('',*,*,#1541,.T.);
#2830 = ORIENTED_EDGE('',*,*,#2802,.F.);
#2831 = ORIENTED_EDGE('',*,*,#553,.F.);
#2832 = PLANE('',#2833);
#2833 = AXIS2_PLACEMENT_3D('',#2834,#2835,#2836);
#2834 = CARTESIAN_POINT('',(-83.,33.,5.));
#2835 = DIRECTION('',(0.,-1.,0.));
#2836 = DIRECTION('',(-1.,0.,0.));
#2837 = ADVANCED_FACE('',(#2838),#2849,.T.);
#2838 = FACE_BOUND('',#2839,.T.);
#2839 = EDGE_LOOP('',(#2840,#2841,#2842,#2848));
#2840 = ORIENTED_EDGE('',*,*,#2809,.T.);
#2841 = ORIENTED_EDGE('',*,*,#1557,.T.);
#2842 = ORIENTED_EDGE('',*,*,#2843,.F.);
#2843 = EDGE_CURVE('',#562,#1550,#2844,.T.);
#2844 = LINE('',#2845,#2846);
#2845 = CARTESIAN_POINT('',(-83.,25.,5.));
#2846 = VECTOR('',#2847,1.);
#2847 = DIRECTION('',(0.,0.,1.));
#2848 = ORIENTED_EDGE('',*,*,#569,.F.);
#2849 = PLANE('',#2850);
#2850 = AXIS2_PLACEMENT_3D('',#2851,#2852,#2853);
#2851 = CARTESIAN_POINT('',(-87.,25.,5.));
#2852 = DIRECTION('',(0.,1.,0.));
#2853 = DIRECTION('',(1.,0.,0.));
#2854 = ADVANCED_FACE('',(#2855),#2861,.T.);
#2855 = FACE_BOUND('',#2856,.T.);
#2856 = EDGE_LOOP('',(#2857,#2858,#2859,#2860));
#2857 = ORIENTED_EDGE('',*,*,#2843,.T.);
#2858 = ORIENTED_EDGE('',*,*,#1549,.T.);
#2859 = ORIENTED_EDGE('',*,*,#2824,.F.);
#2860 = ORIENTED_EDGE('',*,*,#561,.F.);
#2861 = PLANE('',#2862);
#2862 = AXIS2_PLACEMENT_3D('',#2863,#2864,#2865);
#2863 = CARTESIAN_POINT('',(-83.,25.,5.));
#2864 = DIRECTION('',(-1.,0.,0.));
#2865 = DIRECTION('',(0.,1.,0.));
#2866 = ADVANCED_FACE('',(#2867),#2892,.F.);
#2867 = FACE_BOUND('',#2868,.F.);
#2868 = EDGE_LOOP('',(#2869,#2877,#2885,#2891));
#2869 = ORIENTED_EDGE('',*,*,#2870,.T.);
#2870 = EDGE_CURVE('',#578,#2871,#2873,.T.);
#2871 = VERTEX_POINT('',#2872);
#2872 = CARTESIAN_POINT('',(-49.09807621135,26.,7.5));
#2873 = LINE('',#2874,#2875);
#2874 = CARTESIAN_POINT('',(-49.09807621135,26.,5.));
#2875 = VECTOR('',#2876,1.);
#2876 = DIRECTION('',(0.,0.,1.));
#2877 = ORIENTED_EDGE('',*,*,#2878,.T.);
#2878 = EDGE_CURVE('',#2871,#2879,#2881,.T.);
#2879 = VERTEX_POINT('',#2880);
#2880 = CARTESIAN_POINT('',(-46.5,27.5,7.5));
#2881 = LINE('',#2882,#2883);
#2882 = CARTESIAN_POINT('',(-49.09807621135,26.,7.5));
#2883 = VECTOR('',#2884,1.);
#2884 = DIRECTION('',(0.866025403784,0.5,0.));
#2885 = ORIENTED_EDGE('',*,*,#2886,.F.);
#2886 = EDGE_CURVE('',#580,#2879,#2887,.T.);
#2887 = LINE('',#2888,#2889);
#2888 = CARTESIAN_POINT('',(-46.5,27.5,5.));
#2889 = VECTOR('',#2890,1.);
#2890 = DIRECTION('',(0.,0.,1.));
#2891 = ORIENTED_EDGE('',*,*,#577,.F.);
#2892 = PLANE('',#2893);
#2893 = AXIS2_PLACEMENT_3D('',#2894,#2895,#2896);
#2894 = CARTESIAN_POINT('',(-49.09807621135,26.,5.));
#2895 = DIRECTION('',(-0.5,0.866025403784,0.));
#2896 = DIRECTION('',(0.866025403784,0.5,0.));
#2897 = ADVANCED_FACE('',(#2898),#2916,.F.);
#2898 = FACE_BOUND('',#2899,.F.);
#2899 = EDGE_LOOP('',(#2900,#2908,#2914,#2915));
#2900 = ORIENTED_EDGE('',*,*,#2901,.T.);
#2901 = EDGE_CURVE('',#612,#2902,#2904,.T.);
#2902 = VERTEX_POINT('',#2903);
#2903 = CARTESIAN_POINT('',(-49.09807621135,23.,7.5));
#2904 = LINE('',#2905,#2906);
#2905 = CARTESIAN_POINT('',(-49.09807621135,23.,5.));
#2906 = VECTOR('',#2907,1.);
#2907 = DIRECTION('',(0.,0.,1.));
#2908 = ORIENTED_EDGE('',*,*,#2909,.T.);
#2909 = EDGE_CURVE('',#2902,#2871,#2910,.T.);
#2910 = LINE('',#2911,#2912);
#2911 = CARTESIAN_POINT('',(-49.09807621135,23.,7.5));
#2912 = VECTOR('',#2913,1.);
#2913 = DIRECTION('',(0.,1.,0.));
#2914 = ORIENTED_EDGE('',*,*,#2870,.F.);
#2915 = ORIENTED_EDGE('',*,*,#619,.F.);
#2916 = PLANE('',#2917);
#2917 = AXIS2_PLACEMENT_3D('',#2918,#2919,#2920);
#2918 = CARTESIAN_POINT('',(-49.09807621135,23.,5.));
#2919 = DIRECTION('',(-1.,0.,0.));
#2920 = DIRECTION('',(0.,1.,0.));
#2921 = ADVANCED_FACE('',(#2922),#2940,.F.);
#2922 = FACE_BOUND('',#2923,.F.);
#2923 = EDGE_LOOP('',(#2924,#2932,#2938,#2939));
#2924 = ORIENTED_EDGE('',*,*,#2925,.T.);
#2925 = EDGE_CURVE('',#604,#2926,#2928,.T.);
#2926 = VERTEX_POINT('',#2927);
#2927 = CARTESIAN_POINT('',(-46.5,21.5,7.5));
#2928 = LINE('',#2929,#2930);
#2929 = CARTESIAN_POINT('',(-46.5,21.5,5.));
#2930 = VECTOR('',#2931,1.);
#2931 = DIRECTION('',(0.,0.,1.));
#2932 = ORIENTED_EDGE('',*,*,#2933,.T.);
#2933 = EDGE_CURVE('',#2926,#2902,#2934,.T.);
#2934 = LINE('',#2935,#2936);
#2935 = CARTESIAN_POINT('',(-46.5,21.5,7.5));
#2936 = VECTOR('',#2937,1.);
#2937 = DIRECTION('',(-0.866025403784,0.5,-0.));
#2938 = ORIENTED_EDGE('',*,*,#2901,.F.);
#2939 = ORIENTED_EDGE('',*,*,#611,.F.);
#2940 = PLANE('',#2941);
#2941 = AXIS2_PLACEMENT_3D('',#2942,#2943,#2944);
#2942 = CARTESIAN_POINT('',(-46.5,21.5,5.));
#2943 = DIRECTION('',(-0.5,-0.866025403784,0.));
#2944 = DIRECTION('',(-0.866025403784,0.5,0.));
#2945 = ADVANCED_FACE('',(#2946),#2964,.F.);
#2946 = FACE_BOUND('',#2947,.F.);
#2947 = EDGE_LOOP('',(#2948,#2956,#2962,#2963));
#2948 = ORIENTED_EDGE('',*,*,#2949,.T.);
#2949 = EDGE_CURVE('',#596,#2950,#2952,.T.);
#2950 = VERTEX_POINT('',#2951);
#2951 = CARTESIAN_POINT('',(-43.90192378864,23.,7.5));
#2952 = LINE('',#2953,#2954);
#2953 = CARTESIAN_POINT('',(-43.90192378864,23.,5.));
#2954 = VECTOR('',#2955,1.);
#2955 = DIRECTION('',(0.,0.,1.));
#2956 = ORIENTED_EDGE('',*,*,#2957,.T.);
#2957 = EDGE_CURVE('',#2950,#2926,#2958,.T.);
#2958 = LINE('',#2959,#2960);
#2959 = CARTESIAN_POINT('',(-43.90192378864,23.,7.5));
#2960 = VECTOR('',#2961,1.);
#2961 = DIRECTION('',(-0.866025403784,-0.5,0.));
#2962 = ORIENTED_EDGE('',*,*,#2925,.F.);
#2963 = ORIENTED_EDGE('',*,*,#603,.F.);
#2964 = PLANE('',#2965);
#2965 = AXIS2_PLACEMENT_3D('',#2966,#2967,#2968);
#2966 = CARTESIAN_POINT('',(-43.90192378864,23.,5.));
#2967 = DIRECTION('',(0.5,-0.866025403784,0.));
#2968 = DIRECTION('',(-0.866025403784,-0.5,0.));
#2969 = ADVANCED_FACE('',(#2970),#2988,.F.);
#2970 = FACE_BOUND('',#2971,.F.);
#2971 = EDGE_LOOP('',(#2972,#2980,#2986,#2987));
#2972 = ORIENTED_EDGE('',*,*,#2973,.T.);
#2973 = EDGE_CURVE('',#588,#2974,#2976,.T.);
#2974 = VERTEX_POINT('',#2975);
#2975 = CARTESIAN_POINT('',(-43.90192378864,26.,7.5));
#2976 = LINE('',#2977,#2978);
#2977 = CARTESIAN_POINT('',(-43.90192378864,26.,5.));
#2978 = VECTOR('',#2979,1.);
#2979 = DIRECTION('',(0.,0.,1.));
#2980 = ORIENTED_EDGE('',*,*,#2981,.T.);
#2981 = EDGE_CURVE('',#2974,#2950,#2982,.T.);
#2982 = LINE('',#2983,#2984);
#2983 = CARTESIAN_POINT('',(-43.90192378864,26.,7.5));
#2984 = VECTOR('',#2985,1.);
#2985 = DIRECTION('',(0.,-1.,0.));
#2986 = ORIENTED_EDGE('',*,*,#2949,.F.);
#2987 = ORIENTED_EDGE('',*,*,#595,.F.);
#2988 = PLANE('',#2989);
#2989 = AXIS2_PLACEMENT_3D('',#2990,#2991,#2992);
#2990 = CARTESIAN_POINT('',(-43.90192378864,26.,5.));
#2991 = DIRECTION('',(1.,0.,0.));
#2992 = DIRECTION('',(0.,-1.,0.));
#2993 = ADVANCED_FACE('',(#2994),#3005,.F.);
#2994 = FACE_BOUND('',#2995,.F.);
#2995 = EDGE_LOOP('',(#2996,#2997,#3003,#3004));
#2996 = ORIENTED_EDGE('',*,*,#2886,.T.);
#2997 = ORIENTED_EDGE('',*,*,#2998,.T.);
#2998 = EDGE_CURVE('',#2879,#2974,#2999,.T.);
#2999 = LINE('',#3000,#3001);
#3000 = CARTESIAN_POINT('',(-46.5,27.5,7.5));
#3001 = VECTOR('',#3002,1.);
#3002 = DIRECTION('',(0.866025403784,-0.5,0.));
#3003 = ORIENTED_EDGE('',*,*,#2973,.F.);
#3004 = ORIENTED_EDGE('',*,*,#587,.F.);
#3005 = PLANE('',#3006);
#3006 = AXIS2_PLACEMENT_3D('',#3007,#3008,#3009);
#3007 = CARTESIAN_POINT('',(-46.5,27.5,5.));
#3008 = DIRECTION('',(0.5,0.866025403784,0.));
#3009 = DIRECTION('',(0.866025403784,-0.5,0.));
#3010 = ADVANCED_FACE('',(#3011),#3027,.T.);
#3011 = FACE_BOUND('',#3012,.T.);
#3012 = EDGE_LOOP('',(#3013,#3019,#3020,#3026));
#3013 = ORIENTED_EDGE('',*,*,#3014,.T.);
#3014 = EDGE_CURVE('',#628,#1577,#3015,.T.);
#3015 = LINE('',#3016,#3017);
#3016 = CARTESIAN_POINT('',(-33.,46.,5.));
#3017 = VECTOR('',#3018,1.);
#3018 = DIRECTION('',(0.,0.,1.));
#3019 = ORIENTED_EDGE('',*,*,#1576,.T.);
#3020 = ORIENTED_EDGE('',*,*,#3021,.F.);
#3021 = EDGE_CURVE('',#630,#1579,#3022,.T.);
#3022 = LINE('',#3023,#3024);
#3023 = CARTESIAN_POINT('',(-33.,42.,5.));
#3024 = VECTOR('',#3025,1.);
#3025 = DIRECTION('',(0.,0.,1.));
#3026 = ORIENTED_EDGE('',*,*,#627,.F.);
#3027 = PLANE('',#3028);
#3028 = AXIS2_PLACEMENT_3D('',#3029,#3030,#3031);
#3029 = CARTESIAN_POINT('',(-33.,46.,5.));
#3030 = DIRECTION('',(1.,0.,0.));
#3031 = DIRECTION('',(0.,-1.,0.));
#3032 = ADVANCED_FACE('',(#3033),#3044,.T.);
#3033 = FACE_BOUND('',#3034,.T.);
#3034 = EDGE_LOOP('',(#3035,#3041,#3042,#3043));
#3035 = ORIENTED_EDGE('',*,*,#3036,.T.);
#3036 = EDGE_CURVE('',#638,#1587,#3037,.T.);
#3037 = LINE('',#3038,#3039);
#3038 = CARTESIAN_POINT('',(-25.,46.,5.));
#3039 = VECTOR('',#3040,1.);
#3040 = DIRECTION('',(0.,0.,1.));
#3041 = ORIENTED_EDGE('',*,*,#1586,.T.);
#3042 = ORIENTED_EDGE('',*,*,#3014,.F.);
#3043 = ORIENTED_EDGE('',*,*,#637,.F.);
#3044 = PLANE('',#3045);
#3045 = AXIS2_PLACEMENT_3D('',#3046,#3047,#3048);
#3046 = CARTESIAN_POINT('',(-25.,46.,5.));
#3047 = DIRECTION('',(0.,-1.,0.));
#3048 = DIRECTION('',(-1.,0.,0.));
#3049 = ADVANCED_FACE('',(#3050),#3061,.T.);
#3050 = FACE_BOUND('',#3051,.T.);
#3051 = EDGE_LOOP('',(#3052,#3053,#3054,#3060));
#3052 = ORIENTED_EDGE('',*,*,#3021,.T.);
#3053 = ORIENTED_EDGE('',*,*,#1602,.T.);
#3054 = ORIENTED_EDGE('',*,*,#3055,.F.);
#3055 = EDGE_CURVE('',#646,#1595,#3056,.T.);
#3056 = LINE('',#3057,#3058);
#3057 = CARTESIAN_POINT('',(-25.,42.,5.));
#3058 = VECTOR('',#3059,1.);
#3059 = DIRECTION('',(0.,0.,1.));
#3060 = ORIENTED_EDGE('',*,*,#653,.F.);
#3061 = PLANE('',#3062);
#3062 = AXIS2_PLACEMENT_3D('',#3063,#3064,#3065);
#3063 = CARTESIAN_POINT('',(-33.,42.,5.));
#3064 = DIRECTION('',(0.,1.,0.));
#3065 = DIRECTION('',(1.,0.,0.));
#3066 = ADVANCED_FACE('',(#3067),#3073,.T.);
#3067 = FACE_BOUND('',#3068,.T.);
#3068 = EDGE_LOOP('',(#3069,#3070,#3071,#3072));
#3069 = ORIENTED_EDGE('',*,*,#3055,.T.);
#3070 = ORIENTED_EDGE('',*,*,#1594,.T.);
#3071 = ORIENTED_EDGE('',*,*,#3036,.F.);
#3072 = ORIENTED_EDGE('',*,*,#645,.F.);
#3073 = PLANE('',#3074);
#3074 = AXIS2_PLACEMENT_3D('',#3075,#3076,#3077);
#3075 = CARTESIAN_POINT('',(-25.,42.,5.));
#3076 = DIRECTION('',(-1.,0.,0.));
#3077 = DIRECTION('',(0.,1.,0.));
#3078 = ADVANCED_FACE('',(#3079),#3098,.F.);
#3079 = FACE_BOUND('',#3080,.T.);
#3080 = EDGE_LOOP('',(#3081,#3082,#3090,#3097));
#3081 = ORIENTED_EDGE('',*,*,#661,.F.);
#3082 = ORIENTED_EDGE('',*,*,#3083,.T.);
#3083 = EDGE_CURVE('',#662,#3084,#3086,.T.);
#3084 = VERTEX_POINT('',#3085);
#3085 = CARTESIAN_POINT('',(3.9,12.,7.));
#3086 = LINE('',#3087,#3088);
#3087 = CARTESIAN_POINT('',(3.9,12.,5.));
#3088 = VECTOR('',#3089,1.);
#3089 = DIRECTION('',(0.,0.,1.));
#3090 = ORIENTED_EDGE('',*,*,#3091,.F.);
#3091 = EDGE_CURVE('',#3084,#3084,#3092,.T.);
#3092 = CIRCLE('',#3093,1.4);
#3093 = AXIS2_PLACEMENT_3D('',#3094,#3095,#3096);
#3094 = CARTESIAN_POINT('',(2.5,12.,7.));
#3095 = DIRECTION('',(0.,0.,-1.));
#3096 = DIRECTION('',(1.,0.,0.));
#3097 = ORIENTED_EDGE('',*,*,#3083,.F.);
#3098 = CYLINDRICAL_SURFACE('',#3099,1.4);
#3099 = AXIS2_PLACEMENT_3D('',#3100,#3101,#3102);
#3100 = CARTESIAN_POINT('',(2.5,12.,5.));
#3101 = DIRECTION('',(-0.,-0.,-1.));
#3102 = DIRECTION('',(1.,0.,0.));
#3103 = ADVANCED_FACE('',(#3104),#3120,.T.);
#3104 = FACE_BOUND('',#3105,.T.);
#3105 = EDGE_LOOP('',(#3106,#3112,#3113,#3119));
#3106 = ORIENTED_EDGE('',*,*,#3107,.T.);
#3107 = EDGE_CURVE('',#673,#1661,#3108,.T.);
#3108 = LINE('',#3109,#3110);
#3109 = CARTESIAN_POINT('',(-9.,35.,5.));
#3110 = VECTOR('',#3111,1.);
#3111 = DIRECTION('',(0.,0.,1.));
#3112 = ORIENTED_EDGE('',*,*,#1660,.T.);
#3113 = ORIENTED_EDGE('',*,*,#3114,.F.);
#3114 = EDGE_CURVE('',#675,#1663,#3115,.T.);
#3115 = LINE('',#3116,#3117);
#3116 = CARTESIAN_POINT('',(-9.,29.,5.));
#3117 = VECTOR('',#3118,1.);
#3118 = DIRECTION('',(0.,0.,1.));
#3119 = ORIENTED_EDGE('',*,*,#672,.F.);
#3120 = PLANE('',#3121);
#3121 = AXIS2_PLACEMENT_3D('',#3122,#3123,#3124);
#3122 = CARTESIAN_POINT('',(-9.,35.,5.));
#3123 = DIRECTION('',(1.,0.,0.));
#3124 = DIRECTION('',(0.,-1.,0.));
#3125 = ADVANCED_FACE('',(#3126),#3137,.F.);
#3126 = FACE_BOUND('',#3127,.T.);
#3127 = EDGE_LOOP('',(#3128,#3134,#3135,#3136));
#3128 = ORIENTED_EDGE('',*,*,#3129,.T.);
#3129 = EDGE_CURVE('',#683,#1671,#3130,.T.);
#3130 = LINE('',#3131,#3132);
#3131 = CARTESIAN_POINT('',(-8.,36.,5.));
#3132 = VECTOR('',#3133,1.);
#3133 = DIRECTION('',(0.,0.,1.));
#3134 = ORIENTED_EDGE('',*,*,#1670,.T.);
#3135 = ORIENTED_EDGE('',*,*,#3107,.F.);
#3136 = ORIENTED_EDGE('',*,*,#682,.F.);
#3137 = CYLINDRICAL_SURFACE('',#3138,1.);
#3138 = AXIS2_PLACEMENT_3D('',#3139,#3140,#3141);
#3139 = CARTESIAN_POINT('',(-8.,35.,5.));
#3140 = DIRECTION('',(-0.,-0.,-1.));
#3141 = DIRECTION('',(1.,0.,0.));
#3142 = ADVANCED_FACE('',(#3143),#3154,.F.);
#3143 = FACE_BOUND('',#3144,.T.);
#3144 = EDGE_LOOP('',(#3145,#3146,#3147,#3153));
#3145 = ORIENTED_EDGE('',*,*,#3114,.T.);
#3146 = ORIENTED_EDGE('',*,*,#1721,.T.);
#3147 = ORIENTED_EDGE('',*,*,#3148,.F.);
#3148 = EDGE_CURVE('',#726,#1714,#3149,.T.);
#3149 = LINE('',#3150,#3151);
#3150 = CARTESIAN_POINT('',(-8.,28.,5.));
#3151 = VECTOR('',#3152,1.);
#3152 = DIRECTION('',(0.,0.,1.));
#3153 = ORIENTED_EDGE('',*,*,#733,.F.);
#3154 = CYLINDRICAL_SURFACE('',#3155,1.);
#3155 = AXIS2_PLACEMENT_3D('',#3156,#3157,#3158);
#3156 = CARTESIAN_POINT('',(-8.,29.,5.));
#3157 = DIRECTION('',(-0.,-0.,-1.));
#3158 = DIRECTION('',(1.,0.,0.));
#3159 = ADVANCED_FACE('',(#3160),#3171,.T.);
#3160 = FACE_BOUND('',#3161,.T.);
#3161 = EDGE_LOOP('',(#3162,#3168,#3169,#3170));
#3162 = ORIENTED_EDGE('',*,*,#3163,.T.);
#3163 = EDGE_CURVE('',#692,#1680,#3164,.T.);
#3164 = LINE('',#3165,#3166);
#3165 = CARTESIAN_POINT('',(8.,36.,5.));
#3166 = VECTOR('',#3167,1.);
#3167 = DIRECTION('',(0.,0.,1.));
#3168 = ORIENTED_EDGE('',*,*,#1679,.T.);
#3169 = ORIENTED_EDGE('',*,*,#3129,.F.);
#3170 = ORIENTED_EDGE('',*,*,#691,.F.);
#3171 = PLANE('',#3172);
#3172 = AXIS2_PLACEMENT_3D('',#3173,#3174,#3175);
#3173 = CARTESIAN_POINT('',(8.,36.,5.));
#3174 = DIRECTION('',(0.,-1.,0.));
#3175 = DIRECTION('',(-1.,0.,0.));
#3176 = ADVANCED_FACE('',(#3177),#3188,.T.);
#3177 = FACE_BOUND('',#3178,.T.);
#3178 = EDGE_LOOP('',(#3179,#3180,#3181,#3187));
#3179 = ORIENTED_EDGE('',*,*,#3148,.T.);
#3180 = ORIENTED_EDGE('',*,*,#1713,.T.);
#3181 = ORIENTED_EDGE('',*,*,#3182,.F.);
#3182 = EDGE_CURVE('',#717,#1705,#3183,.T.);
#3183 = LINE('',#3184,#3185);
#3184 = CARTESIAN_POINT('',(8.,28.,5.));
#3185 = VECTOR('',#3186,1.);
#3186 = DIRECTION('',(0.,0.,1.));
#3187 = ORIENTED_EDGE('',*,*,#725,.F.);
#3188 = PLANE('',#3189);
#3189 = AXIS2_PLACEMENT_3D('',#3190,#3191,#3192);
#3190 = CARTESIAN_POINT('',(-8.,28.,5.));
#3191 = DIRECTION('',(0.,1.,0.));
#3192 = DIRECTION('',(1.,0.,0.));
#3193 = ADVANCED_FACE('',(#3194),#3205,.F.);
#3194 = FACE_BOUND('',#3195,.T.);
#3195 = EDGE_LOOP('',(#3196,#3202,#3203,#3204));
#3196 = ORIENTED_EDGE('',*,*,#3197,.T.);
#3197 = EDGE_CURVE('',#700,#1688,#3198,.T.);
#3198 = LINE('',#3199,#3200);
#3199 = CARTESIAN_POINT('',(9.,35.,5.));
#3200 = VECTOR('',#3201,1.);
#3201 = DIRECTION('',(0.,0.,1.));
#3202 = ORIENTED_EDGE('',*,*,#1687,.T.);
#3203 = ORIENTED_EDGE('',*,*,#3163,.F.);
#3204 = ORIENTED_EDGE('',*,*,#699,.F.);
#3205 = CYLINDRICAL_SURFACE('',#3206,1.);
#3206 = AXIS2_PLACEMENT_3D('',#3207,#3208,#3209);
#3207 = CARTESIAN_POINT('',(8.,35.,5.));
#3208 = DIRECTION('',(-0.,-0.,-1.));
#3209 = DIRECTION('',(1.,0.,0.));
#3210 = ADVANCED_FACE('',(#3211),#3222,.F.);
#3211 = FACE_BOUND('',#3212,.T.);
#3212 = EDGE_LOOP('',(#3213,#3214,#3215,#3221));
#3213 = ORIENTED_EDGE('',*,*,#3182,.T.);
#3214 = ORIENTED_EDGE('',*,*,#1704,.T.);
#3215 = ORIENTED_EDGE('',*,*,#3216,.F.);
#3216 = EDGE_CURVE('',#709,#1697,#3217,.T.);
#3217 = LINE('',#3218,#3219);
#3218 = CARTESIAN_POINT('',(9.,29.,5.));
#3219 = VECTOR('',#3220,1.);
#3220 = DIRECTION('',(0.,0.,1.));
#3221 = ORIENTED_EDGE('',*,*,#716,.F.);
#3222 = CYLINDRICAL_SURFACE('',#3223,1.);
#3223 = AXIS2_PLACEMENT_3D('',#3224,#3225,#3226);
#3224 = CARTESIAN_POINT('',(8.,29.,5.));
#3225 = DIRECTION('',(-0.,-0.,-1.));
#3226 = DIRECTION('',(1.,0.,0.));
#3227 = ADVANCED_FACE('',(#3228),#3234,.T.);
#3228 = FACE_BOUND('',#3229,.T.);
#3229 = EDGE_LOOP('',(#3230,#3231,#3232,#3233));
#3230 = ORIENTED_EDGE('',*,*,#3216,.T.);
#3231 = ORIENTED_EDGE('',*,*,#1696,.T.);
#3232 = ORIENTED_EDGE('',*,*,#3197,.F.);
#3233 = ORIENTED_EDGE('',*,*,#708,.F.);
#3234 = PLANE('',#3235);
#3235 = AXIS2_PLACEMENT_3D('',#3236,#3237,#3238);
#3236 = CARTESIAN_POINT('',(9.,29.,5.));
#3237 = DIRECTION('',(-1.,0.,0.));
#3238 = DIRECTION('',(0.,1.,0.));
#3239 = ADVANCED_FACE('',(#3240),#3259,.F.);
#3240 = FACE_BOUND('',#3241,.T.);
#3241 = EDGE_LOOP('',(#3242,#3243,#3251,#3258));
#3242 = ORIENTED_EDGE('',*,*,#742,.F.);
#3243 = ORIENTED_EDGE('',*,*,#3244,.T.);
#3244 = EDGE_CURVE('',#743,#3245,#3247,.T.);
#3245 = VERTEX_POINT('',#3246);
#3246 = CARTESIAN_POINT('',(-7.6,43.,9.));
#3247 = LINE('',#3248,#3249);
#3248 = CARTESIAN_POINT('',(-7.6,43.,5.));
#3249 = VECTOR('',#3250,1.);
#3250 = DIRECTION('',(0.,0.,1.));
#3251 = ORIENTED_EDGE('',*,*,#3252,.F.);
#3252 = EDGE_CURVE('',#3245,#3245,#3253,.T.);
#3253 = CIRCLE('',#3254,1.4);
#3254 = AXIS2_PLACEMENT_3D('',#3255,#3256,#3257);
#3255 = CARTESIAN_POINT('',(-9.,43.,9.));
#3256 = DIRECTION('',(0.,0.,-1.));
#3257 = DIRECTION('',(1.,0.,0.));
#3258 = ORIENTED_EDGE('',*,*,#3244,.F.);
#3259 = CYLINDRICAL_SURFACE('',#3260,1.4);
#3260 = AXIS2_PLACEMENT_3D('',#3261,#3262,#3263);
#3261 = CARTESIAN_POINT('',(-9.,43.,5.));
#3262 = DIRECTION('',(-0.,-0.,-1.));
#3263 = DIRECTION('',(1.,0.,0.));
#3264 = ADVANCED_FACE('',(#3265),#3290,.F.);
#3265 = FACE_BOUND('',#3266,.F.);
#3266 = EDGE_LOOP('',(#3267,#3275,#3283,#3289));
#3267 = ORIENTED_EDGE('',*,*,#3268,.T.);
#3268 = EDGE_CURVE('',#754,#3269,#3271,.T.);
#3269 = VERTEX_POINT('',#3270);
#3270 = CARTESIAN_POINT('',(8.901923788647,26.,7.5));
#3271 = LINE('',#3272,#3273);
#3272 = CARTESIAN_POINT('',(8.901923788647,26.,5.));
#3273 = VECTOR('',#3274,1.);
#3274 = DIRECTION('',(0.,0.,1.));
#3275 = ORIENTED_EDGE('',*,*,#3276,.T.);
#3276 = EDGE_CURVE('',#3269,#3277,#3279,.T.);
#3277 = VERTEX_POINT('',#3278);
#3278 = CARTESIAN_POINT('',(11.5,27.5,7.5));
#3279 = LINE('',#3280,#3281);
#3280 = CARTESIAN_POINT('',(8.901923788647,26.,7.5));
#3281 = VECTOR('',#3282,1.);
#3282 = DIRECTION('',(0.866025403784,0.5,0.));
#3283 = ORIENTED_EDGE('',*,*,#3284,.F.);
#3284 = EDGE_CURVE('',#756,#3277,#3285,.T.);
#3285 = LINE('',#3286,#3287);
#3286 = CARTESIAN_POINT('',(11.5,27.5,5.));
#3287 = VECTOR('',#3288,1.);
#3288 = DIRECTION('',(0.,0.,1.));
#3289 = ORIENTED_EDGE('',*,*,#753,.F.);
#3290 = PLANE('',#3291);
#3291 = AXIS2_PLACEMENT_3D('',#3292,#3293,#3294);
#3292 = CARTESIAN_POINT('',(8.901923788647,26.,5.));
#3293 = DIRECTION('',(-0.5,0.866025403784,0.));
#3294 = DIRECTION('',(0.866025403784,0.5,0.));
#3295 = ADVANCED_FACE('',(#3296),#3314,.F.);
#3296 = FACE_BOUND('',#3297,.F.);
#3297 = EDGE_LOOP('',(#3298,#3306,#3312,#3313));
#3298 = ORIENTED_EDGE('',*,*,#3299,.T.);
#3299 = EDGE_CURVE('',#788,#3300,#3302,.T.);
#3300 = VERTEX_POINT('',#3301);
#3301 = CARTESIAN_POINT('',(8.901923788647,23.,7.5));
#3302 = LINE('',#3303,#3304);
#3303 = CARTESIAN_POINT('',(8.901923788647,23.,5.));
#3304 = VECTOR('',#3305,1.);
#3305 = DIRECTION('',(0.,0.,1.));
#3306 = ORIENTED_EDGE('',*,*,#3307,.T.);
#3307 = EDGE_CURVE('',#3300,#3269,#3308,.T.);
#3308 = LINE('',#3309,#3310);
#3309 = CARTESIAN_POINT('',(8.901923788647,23.,7.5));
#3310 = VECTOR('',#3311,1.);
#3311 = DIRECTION('',(0.,1.,0.));
#3312 = ORIENTED_EDGE('',*,*,#3268,.F.);
#3313 = ORIENTED_EDGE('',*,*,#795,.F.);
#3314 = PLANE('',#3315);
#3315 = AXIS2_PLACEMENT_3D('',#3316,#3317,#3318);
#3316 = CARTESIAN_POINT('',(8.901923788647,23.,5.));
#3317 = DIRECTION('',(-1.,0.,0.));
#3318 = DIRECTION('',(0.,1.,0.));
#3319 = ADVANCED_FACE('',(#3320),#3338,.F.);
#3320 = FACE_BOUND('',#3321,.F.);
#3321 = EDGE_LOOP('',(#3322,#3330,#3336,#3337));
#3322 = ORIENTED_EDGE('',*,*,#3323,.T.);
#3323 = EDGE_CURVE('',#780,#3324,#3326,.T.);
#3324 = VERTEX_POINT('',#3325);
#3325 = CARTESIAN_POINT('',(11.5,21.5,7.5));
#3326 = LINE('',#3327,#3328);
#3327 = CARTESIAN_POINT('',(11.5,21.5,5.));
#3328 = VECTOR('',#3329,1.);
#3329 = DIRECTION('',(0.,0.,1.));
#3330 = ORIENTED_EDGE('',*,*,#3331,.T.);
#3331 = EDGE_CURVE('',#3324,#3300,#3332,.T.);
#3332 = LINE('',#3333,#3334);
#3333 = CARTESIAN_POINT('',(11.5,21.5,7.5));
#3334 = VECTOR('',#3335,1.);
#3335 = DIRECTION('',(-0.866025403784,0.5,-0.));
#3336 = ORIENTED_EDGE('',*,*,#3299,.F.);
#3337 = ORIENTED_EDGE('',*,*,#787,.F.);
#3338 = PLANE('',#3339);
#3339 = AXIS2_PLACEMENT_3D('',#3340,#3341,#3342);
#3340 = CARTESIAN_POINT('',(11.5,21.5,5.));
#3341 = DIRECTION('',(-0.5,-0.866025403784,0.));
#3342 = DIRECTION('',(-0.866025403784,0.5,0.));
#3343 = ADVANCED_FACE('',(#3344),#3362,.F.);
#3344 = FACE_BOUND('',#3345,.F.);
#3345 = EDGE_LOOP('',(#3346,#3354,#3360,#3361));
#3346 = ORIENTED_EDGE('',*,*,#3347,.T.);
#3347 = EDGE_CURVE('',#772,#3348,#3350,.T.);
#3348 = VERTEX_POINT('',#3349);
#3349 = CARTESIAN_POINT('',(14.098076211353,23.,7.5));
#3350 = LINE('',#3351,#3352);
#3351 = CARTESIAN_POINT('',(14.098076211353,23.,5.));
#3352 = VECTOR('',#3353,1.);
#3353 = DIRECTION('',(0.,0.,1.));
#3354 = ORIENTED_EDGE('',*,*,#3355,.T.);
#3355 = EDGE_CURVE('',#3348,#3324,#3356,.T.);
#3356 = LINE('',#3357,#3358);
#3357 = CARTESIAN_POINT('',(14.098076211353,23.,7.5));
#3358 = VECTOR('',#3359,1.);
#3359 = DIRECTION('',(-0.866025403784,-0.5,0.));
#3360 = ORIENTED_EDGE('',*,*,#3323,.F.);
#3361 = ORIENTED_EDGE('',*,*,#779,.F.);
#3362 = PLANE('',#3363);
#3363 = AXIS2_PLACEMENT_3D('',#3364,#3365,#3366);
#3364 = CARTESIAN_POINT('',(14.098076211353,23.,5.));
#3365 = DIRECTION('',(0.5,-0.866025403784,0.));
#3366 = DIRECTION('',(-0.866025403784,-0.5,0.));
#3367 = ADVANCED_FACE('',(#3368),#3386,.F.);
#3368 = FACE_BOUND('',#3369,.F.);
#3369 = EDGE_LOOP('',(#3370,#3378,#3384,#3385));
#3370 = ORIENTED_EDGE('',*,*,#3371,.T.);
#3371 = EDGE_CURVE('',#764,#3372,#3374,.T.);
#3372 = VERTEX_POINT('',#3373);
#3373 = CARTESIAN_POINT('',(14.098076211353,26.,7.5));
#3374 = LINE('',#3375,#3376);
#3375 = CARTESIAN_POINT('',(14.098076211353,26.,5.));
#3376 = VECTOR('',#3377,1.);
#3377 = DIRECTION('',(0.,0.,1.));
#3378 = ORIENTED_EDGE('',*,*,#3379,.T.);
#3379 = EDGE_CURVE('',#3372,#3348,#3380,.T.);
#3380 = LINE('',#3381,#3382);
#3381 = CARTESIAN_POINT('',(14.098076211353,26.,7.5));
#3382 = VECTOR('',#3383,1.);
#3383 = DIRECTION('',(0.,-1.,0.));
#3384 = ORIENTED_EDGE('',*,*,#3347,.F.);
#3385 = ORIENTED_EDGE('',*,*,#771,.F.);
#3386 = PLANE('',#3387);
#3387 = AXIS2_PLACEMENT_3D('',#3388,#3389,#3390);
#3388 = CARTESIAN_POINT('',(14.098076211353,26.,5.));
#3389 = DIRECTION('',(1.,0.,0.));
#3390 = DIRECTION('',(0.,-1.,0.));
#3391 = ADVANCED_FACE('',(#3392),#3403,.F.);
#3392 = FACE_BOUND('',#3393,.F.);
#3393 = EDGE_LOOP('',(#3394,#3395,#3401,#3402));
#3394 = ORIENTED_EDGE('',*,*,#3284,.T.);
#3395 = ORIENTED_EDGE('',*,*,#3396,.T.);
#3396 = EDGE_CURVE('',#3277,#3372,#3397,.T.);
#3397 = LINE('',#3398,#3399);
#3398 = CARTESIAN_POINT('',(11.5,27.5,7.5));
#3399 = VECTOR('',#3400,1.);
#3400 = DIRECTION('',(0.866025403784,-0.5,0.));
#3401 = ORIENTED_EDGE('',*,*,#3371,.F.);
#3402 = ORIENTED_EDGE('',*,*,#763,.F.);
#3403 = PLANE('',#3404);
#3404 = AXIS2_PLACEMENT_3D('',#3405,#3406,#3407);
#3405 = CARTESIAN_POINT('',(11.5,27.5,5.));
#3406 = DIRECTION('',(0.5,0.866025403784,0.));
#3407 = DIRECTION('',(0.866025403784,-0.5,0.));
#3408 = ADVANCED_FACE('',(#3409),#3425,.T.);
#3409 = FACE_BOUND('',#3410,.T.);
#3410 = EDGE_LOOP('',(#3411,#3417,#3418,#3424));
#3411 = ORIENTED_EDGE('',*,*,#3412,.T.);
#3412 = EDGE_CURVE('',#804,#1753,#3413,.T.);
#3413 = LINE('',#3414,#3415);
#3414 = CARTESIAN_POINT('',(30.,33.,5.));
#3415 = VECTOR('',#3416,1.);
#3416 = DIRECTION('',(0.,0.,1.));
#3417 = ORIENTED_EDGE('',*,*,#1752,.T.);
#3418 = ORIENTED_EDGE('',*,*,#3419,.F.);
#3419 = EDGE_CURVE('',#806,#1755,#3420,.T.);
#3420 = LINE('',#3421,#3422);
#3421 = CARTESIAN_POINT('',(30.,25.,5.));
#3422 = VECTOR('',#3423,1.);
#3423 = DIRECTION('',(0.,0.,1.));
#3424 = ORIENTED_EDGE('',*,*,#803,.F.);
#3425 = PLANE('',#3426);
#3426 = AXIS2_PLACEMENT_3D('',#3427,#3428,#3429);
#3427 = CARTESIAN_POINT('',(30.,33.,5.));
#3428 = DIRECTION('',(1.,0.,0.));
#3429 = DIRECTION('',(0.,-1.,0.));
#3430 = ADVANCED_FACE('',(#3431),#3442,.T.);
#3431 = FACE_BOUND('',#3432,.T.);
#3432 = EDGE_LOOP('',(#3433,#3439,#3440,#3441));
#3433 = ORIENTED_EDGE('',*,*,#3434,.T.);
#3434 = EDGE_CURVE('',#814,#1763,#3435,.T.);
#3435 = LINE('',#3436,#3437);
#3436 = CARTESIAN_POINT('',(34.,33.,5.));
#3437 = VECTOR('',#3438,1.);
#3438 = DIRECTION('',(0.,0.,1.));
#3439 = ORIENTED_EDGE('',*,*,#1762,.T.);
#3440 = ORIENTED_EDGE('',*,*,#3412,.F.);
#3441 = ORIENTED_EDGE('',*,*,#813,.F.);
#3442 = PLANE('',#3443);
#3443 = AXIS2_PLACEMENT_3D('',#3444,#3445,#3446);
#3444 = CARTESIAN_POINT('',(34.,33.,5.));
#3445 = DIRECTION('',(0.,-1.,0.));
#3446 = DIRECTION('',(-1.,0.,0.));
#3447 = ADVANCED_FACE('',(#3448),#3459,.T.);
#3448 = FACE_BOUND('',#3449,.T.);
#3449 = EDGE_LOOP('',(#3450,#3451,#3452,#3458));
#3450 = ORIENTED_EDGE('',*,*,#3419,.T.);
#3451 = ORIENTED_EDGE('',*,*,#1778,.T.);
#3452 = ORIENTED_EDGE('',*,*,#3453,.F.);
#3453 = EDGE_CURVE('',#822,#1771,#3454,.T.);
#3454 = LINE('',#3455,#3456);
#3455 = CARTESIAN_POINT('',(34.,25.,5.));
#3456 = VECTOR('',#3457,1.);
#3457 = DIRECTION('',(0.,0.,1.));
#3458 = ORIENTED_EDGE('',*,*,#829,.F.);
#3459 = PLANE('',#3460);
#3460 = AXIS2_PLACEMENT_3D('',#3461,#3462,#3463);
#3461 = CARTESIAN_POINT('',(30.,25.,5.));
#3462 = DIRECTION('',(0.,1.,0.));
#3463 = DIRECTION('',(1.,0.,0.));
#3464 = ADVANCED_FACE('',(#3465),#3471,.T.);
#3465 = FACE_BOUND('',#3466,.T.);
#3466 = EDGE_LOOP('',(#3467,#3468,#3469,#3470));
#3467 = ORIENTED_EDGE('',*,*,#3453,.T.);
#3468 = ORIENTED_EDGE('',*,*,#1770,.T.);
#3469 = ORIENTED_EDGE('',*,*,#3434,.F.);
#3470 = ORIENTED_EDGE('',*,*,#821,.F.);
#3471 = PLANE('',#3472);
#3472 = AXIS2_PLACEMENT_3D('',#3473,#3474,#3475);
#3473 = CARTESIAN_POINT('',(34.,25.,5.));
#3474 = DIRECTION('',(-1.,0.,0.));
#3475 = DIRECTION('',(0.,1.,0.));
#3476 = ADVANCED_FACE('',(#3477),#3496,.F.);
#3477 = FACE_BOUND('',#3478,.T.);
#3478 = EDGE_LOOP('',(#3479,#3480,#3488,#3495));
#3479 = ORIENTED_EDGE('',*,*,#837,.F.);
#3480 = ORIENTED_EDGE('',*,*,#3481,.T.);
#3481 = EDGE_CURVE('',#838,#3482,#3484,.T.);
#3482 = VERTEX_POINT('',#3483);
#3483 = CARTESIAN_POINT('',(10.4,43.,9.));
#3484 = LINE('',#3485,#3486);
#3485 = CARTESIAN_POINT('',(10.4,43.,5.));
#3486 = VECTOR('',#3487,1.);
#3487 = DIRECTION('',(0.,0.,1.));
#3488 = ORIENTED_EDGE('',*,*,#3489,.F.);
#3489 = EDGE_CURVE('',#3482,#3482,#3490,.T.);
#3490 = CIRCLE('',#3491,1.4);
#3491 = AXIS2_PLACEMENT_3D('',#3492,#3493,#3494);
#3492 = CARTESIAN_POINT('',(9.,43.,9.));
#3493 = DIRECTION('',(0.,0.,-1.));
#3494 = DIRECTION('',(1.,0.,0.));
#3495 = ORIENTED_EDGE('',*,*,#3481,.F.);
#3496 = CYLINDRICAL_SURFACE('',#3497,1.4);
#3497 = AXIS2_PLACEMENT_3D('',#3498,#3499,#3500);
#3498 = CARTESIAN_POINT('',(9.,43.,5.));
#3499 = DIRECTION('',(-0.,-0.,-1.));
#3500 = DIRECTION('',(1.,0.,0.));
#3501 = ADVANCED_FACE('',(#3502),#3518,.F.);
#3502 = FACE_BOUND('',#3503,.F.);
#3503 = EDGE_LOOP('',(#3504,#3510,#3511,#3517));
#3504 = ORIENTED_EDGE('',*,*,#3505,.T.);
#3505 = EDGE_CURVE('',#849,#1798,#3506,.T.);
#3506 = LINE('',#3507,#3508);
#3507 = CARTESIAN_POINT('',(28.8,45.,5.));
#3508 = VECTOR('',#3509,1.);
#3509 = DIRECTION('',(0.,0.,1.));
#3510 = ORIENTED_EDGE('',*,*,#1797,.T.);
#3511 = ORIENTED_EDGE('',*,*,#3512,.F.);
#3512 = EDGE_CURVE('',#851,#1800,#3513,.T.);
#3513 = LINE('',#3514,#3515);
#3514 = CARTESIAN_POINT('',(28.8,37.,5.));
#3515 = VECTOR('',#3516,1.);
#3516 = DIRECTION('',(0.,0.,1.));
#3517 = ORIENTED_EDGE('',*,*,#848,.F.);
#3518 = PLANE('',#3519);
#3519 = AXIS2_PLACEMENT_3D('',#3520,#3521,#3522);
#3520 = CARTESIAN_POINT('',(28.8,45.,5.));
#3521 = DIRECTION('',(1.,0.,0.));
#3522 = DIRECTION('',(0.,-1.,0.));
#3523 = ADVANCED_FACE('',(#3524),#3535,.F.);
#3524 = FACE_BOUND('',#3525,.F.);
#3525 = EDGE_LOOP('',(#3526,#3532,#3533,#3534));
#3526 = ORIENTED_EDGE('',*,*,#3527,.T.);
#3527 = EDGE_CURVE('',#899,#1848,#3528,.T.);
#3528 = LINE('',#3529,#3530);
#3529 = CARTESIAN_POINT('',(21.9,45.,5.));
#3530 = VECTOR('',#3531,1.);
#3531 = DIRECTION('',(0.,0.,1.));
#3532 = ORIENTED_EDGE('',*,*,#1855,.T.);
#3533 = ORIENTED_EDGE('',*,*,#3505,.F.);
#3534 = ORIENTED_EDGE('',*,*,#906,.F.);
#3535 = PLANE('',#3536);
#3536 = AXIS2_PLACEMENT_3D('',#3537,#3538,#3539);
#3537 = CARTESIAN_POINT('',(21.9,45.,5.));
#3538 = DIRECTION('',(0.,1.,0.));
#3539 = DIRECTION('',(1.,0.,0.));
#3540 = ADVANCED_FACE('',(#3541),#3552,.F.);
#3541 = FACE_BOUND('',#3542,.F.);
#3542 = EDGE_LOOP('',(#3543,#3544,#3545,#3551));
#3543 = ORIENTED_EDGE('',*,*,#3512,.T.);
#3544 = ORIENTED_EDGE('',*,*,#1807,.T.);
#3545 = ORIENTED_EDGE('',*,*,#3546,.F.);
#3546 = EDGE_CURVE('',#859,#1808,#3547,.T.);
#3547 = LINE('',#3548,#3549);
#3548 = CARTESIAN_POINT('',(21.9,37.,5.));
#3549 = VECTOR('',#3550,1.);
#3550 = DIRECTION('',(0.,0.,1.));
#3551 = ORIENTED_EDGE('',*,*,#858,.F.);
#3552 = PLANE('',#3553);
#3553 = AXIS2_PLACEMENT_3D('',#3554,#3555,#3556);
#3554 = CARTESIAN_POINT('',(28.8,37.,5.));
#3555 = DIRECTION('',(0.,-1.,0.));
#3556 = DIRECTION('',(-1.,0.,0.));
#3557 = ADVANCED_FACE('',(#3558),#3569,.F.);
#3558 = FACE_BOUND('',#3559,.F.);
#3559 = EDGE_LOOP('',(#3560,#3566,#3567,#3568));
#3560 = ORIENTED_EDGE('',*,*,#3561,.T.);
#3561 = EDGE_CURVE('',#891,#1840,#3562,.T.);
#3562 = LINE('',#3563,#3564);
#3563 = CARTESIAN_POINT('',(21.9,44.4,5.));
#3564 = VECTOR('',#3565,1.);
#3565 = DIRECTION('',(0.,0.,1.));
#3566 = ORIENTED_EDGE('',*,*,#1847,.T.);
#3567 = ORIENTED_EDGE('',*,*,#3527,.F.);
#3568 = ORIENTED_EDGE('',*,*,#898,.F.);
#3569 = PLANE('',#3570);
#3570 = AXIS2_PLACEMENT_3D('',#3571,#3572,#3573);
#3571 = CARTESIAN_POINT('',(21.9,44.4,5.));
#3572 = DIRECTION('',(-1.,0.,0.));
#3573 = DIRECTION('',(0.,1.,0.));
#3574 = ADVANCED_FACE('',(#3575),#3586,.F.);
#3575 = FACE_BOUND('',#3576,.F.);
#3576 = EDGE_LOOP('',(#3577,#3578,#3579,#3585));
#3577 = ORIENTED_EDGE('',*,*,#3546,.T.);
#3578 = ORIENTED_EDGE('',*,*,#1815,.T.);
#3579 = ORIENTED_EDGE('',*,*,#3580,.F.);
#3580 = EDGE_CURVE('',#867,#1816,#3581,.T.);
#3581 = LINE('',#3582,#3583);
#3582 = CARTESIAN_POINT('',(21.9,37.6,5.));
#3583 = VECTOR('',#3584,1.);
#3584 = DIRECTION('',(0.,0.,1.));
#3585 = ORIENTED_EDGE('',*,*,#866,.F.);
#3586 = PLANE('',#3587);
#3587 = AXIS2_PLACEMENT_3D('',#3588,#3589,#3590);
#3588 = CARTESIAN_POINT('',(21.9,37.,5.));
#3589 = DIRECTION('',(-1.,0.,0.));
#3590 = DIRECTION('',(0.,1.,0.));
#3591 = ADVANCED_FACE('',(#3592),#3603,.F.);
#3592 = FACE_BOUND('',#3593,.F.);
#3593 = EDGE_LOOP('',(#3594,#3600,#3601,#3602));
#3594 = ORIENTED_EDGE('',*,*,#3595,.T.);
#3595 = EDGE_CURVE('',#883,#1832,#3596,.T.);
#3596 = LINE('',#3597,#3598);
#3597 = CARTESIAN_POINT('',(15.,44.4,5.));
#3598 = VECTOR('',#3599,1.);
#3599 = DIRECTION('',(0.,0.,1.));
#3600 = ORIENTED_EDGE('',*,*,#1839,.T.);
#3601 = ORIENTED_EDGE('',*,*,#3561,.F.);
#3602 = ORIENTED_EDGE('',*,*,#890,.F.);
#3603 = PLANE('',#3604);
#3604 = AXIS2_PLACEMENT_3D('',#3605,#3606,#3607);
#3605 = CARTESIAN_POINT('',(15.,44.4,5.));
#3606 = DIRECTION('',(0.,1.,0.));
#3607 = DIRECTION('',(1.,0.,0.));
#3608 = ADVANCED_FACE('',(#3609),#3620,.F.);
#3609 = FACE_BOUND('',#3610,.F.);
#3610 = EDGE_LOOP('',(#3611,#3612,#3613,#3619));
#3611 = ORIENTED_EDGE('',*,*,#3580,.T.);
#3612 = ORIENTED_EDGE('',*,*,#1823,.T.);
#3613 = ORIENTED_EDGE('',*,*,#3614,.F.);
#3614 = EDGE_CURVE('',#875,#1824,#3615,.T.);
#3615 = LINE('',#3616,#3617);
#3616 = CARTESIAN_POINT('',(15.,37.6,5.));
#3617 = VECTOR('',#3618,1.);
#3618 = DIRECTION('',(0.,0.,1.));
#3619 = ORIENTED_EDGE('',*,*,#874,.F.);
#3620 = PLANE('',#3621);
#3621 = AXIS2_PLACEMENT_3D('',#3622,#3623,#3624);
#3622 = CARTESIAN_POINT('',(21.9,37.6,5.));
#3623 = DIRECTION('',(0.,-1.,0.));
#3624 = DIRECTION('',(-1.,0.,0.));
#3625 = ADVANCED_FACE('',(#3626),#3632,.F.);
#3626 = FACE_BOUND('',#3627,.F.);
#3627 = EDGE_LOOP('',(#3628,#3629,#3630,#3631));
#3628 = ORIENTED_EDGE('',*,*,#3614,.T.);
#3629 = ORIENTED_EDGE('',*,*,#1831,.T.);
#3630 = ORIENTED_EDGE('',*,*,#3595,.F.);
#3631 = ORIENTED_EDGE('',*,*,#882,.F.);
#3632 = PLANE('',#3633);
#3633 = AXIS2_PLACEMENT_3D('',#3634,#3635,#3636);
#3634 = CARTESIAN_POINT('',(15.,37.6,5.));
#3635 = DIRECTION('',(-1.,0.,0.));
#3636 = DIRECTION('',(0.,1.,0.));
#3637 = ADVANCED_FACE('',(#3638),#3657,.F.);
#3638 = FACE_BOUND('',#3639,.T.);
#3639 = EDGE_LOOP('',(#3640,#3649,#3655,#3656));
#3640 = ORIENTED_EDGE('',*,*,#3641,.T.);
#3641 = EDGE_CURVE('',#3642,#3642,#3644,.T.);
#3642 = VERTEX_POINT('',#3643);
#3643 = CARTESIAN_POINT('',(-45.1,-24.5,7.5));
#3644 = CIRCLE('',#3645,1.4);
#3645 = AXIS2_PLACEMENT_3D('',#3646,#3647,#3648);
#3646 = CARTESIAN_POINT('',(-46.5,-24.5,7.5));
#3647 = DIRECTION('',(0.,0.,-1.));
#3648 = DIRECTION('',(1.,0.,0.));
#3649 = ORIENTED_EDGE('',*,*,#3650,.T.);
#3650 = EDGE_CURVE('',#3642,#1034,#3651,.T.);
#3651 = LINE('',#3652,#3653);
#3652 = CARTESIAN_POINT('',(-45.1,-24.5,5.));
#3653 = VECTOR('',#3654,1.);
#3654 = DIRECTION('',(0.,0.,1.));
#3655 = ORIENTED_EDGE('',*,*,#1033,.T.);
#3656 = ORIENTED_EDGE('',*,*,#3650,.F.);
#3657 = CYLINDRICAL_SURFACE('',#3658,1.4);
#3658 = AXIS2_PLACEMENT_3D('',#3659,#3660,#3661);
#3659 = CARTESIAN_POINT('',(-46.5,-24.5,5.));
#3660 = DIRECTION('',(-0.,-0.,-1.));
#3661 = DIRECTION('',(1.,0.,0.));
#3662 = ADVANCED_FACE('',(#3663),#3688,.F.);
#3663 = FACE_BOUND('',#3664,.F.);
#3664 = EDGE_LOOP('',(#3665,#3673,#3681,#3687));
#3665 = ORIENTED_EDGE('',*,*,#3666,.T.);
#3666 = EDGE_CURVE('',#1045,#3667,#3669,.T.);
#3667 = VERTEX_POINT('',#3668);
#3668 = CARTESIAN_POINT('',(-83.5,-18.,7.));
#3669 = LINE('',#3670,#3671);
#3670 = CARTESIAN_POINT('',(-83.5,-18.,10.));
#3671 = VECTOR('',#3672,1.);
#3672 = DIRECTION('',(-0.,-0.,-1.));
#3673 = ORIENTED_EDGE('',*,*,#3674,.T.);
#3674 = EDGE_CURVE('',#3667,#3675,#3677,.T.);
#3675 = VERTEX_POINT('',#3676);
#3676 = CARTESIAN_POINT('',(-80.90192378864,-16.5,7.));
#3677 = LINE('',#3678,#3679);
#3678 = CARTESIAN_POINT('',(-83.5,-18.,7.));
#3679 = VECTOR('',#3680,1.);
#3680 = DIRECTION('',(0.866025403784,0.5,0.));
#3681 = ORIENTED_EDGE('',*,*,#3682,.F.);
#3682 = EDGE_CURVE('',#1047,#3675,#3683,.T.);
#3683 = LINE('',#3684,#3685);
#3684 = CARTESIAN_POINT('',(-80.90192378864,-16.5,10.));
#3685 = VECTOR('',#3686,1.);
#3686 = DIRECTION('',(-0.,-0.,-1.));
#3687 = ORIENTED_EDGE('',*,*,#1044,.F.);
#3688 = PLANE('',#3689);
#3689 = AXIS2_PLACEMENT_3D('',#3690,#3691,#3692);
#3690 = CARTESIAN_POINT('',(-83.5,-18.,10.));
#3691 = DIRECTION('',(0.5,-0.866025403784,0.));
#3692 = DIRECTION('',(0.866025403784,0.5,0.));
#3693 = ADVANCED_FACE('',(#3694),#3712,.F.);
#3694 = FACE_BOUND('',#3695,.F.);
#3695 = EDGE_LOOP('',(#3696,#3704,#3710,#3711));
#3696 = ORIENTED_EDGE('',*,*,#3697,.T.);
#3697 = EDGE_CURVE('',#1055,#3698,#3700,.T.);
#3698 = VERTEX_POINT('',#3699);
#3699 = CARTESIAN_POINT('',(-86.09807621135,-16.5,7.));
#3700 = LINE('',#3701,#3702);
#3701 = CARTESIAN_POINT('',(-86.09807621135,-16.5,10.));
#3702 = VECTOR('',#3703,1.);
#3703 = DIRECTION('',(-0.,-0.,-1.));
#3704 = ORIENTED_EDGE('',*,*,#3705,.T.);
#3705 = EDGE_CURVE('',#3698,#3667,#3706,.T.);
#3706 = LINE('',#3707,#3708);
#3707 = CARTESIAN_POINT('',(-86.09807621135,-16.5,7.));
#3708 = VECTOR('',#3709,1.);
#3709 = DIRECTION('',(0.866025403784,-0.5,0.));
#3710 = ORIENTED_EDGE('',*,*,#3666,.F.);
#3711 = ORIENTED_EDGE('',*,*,#1054,.F.);
#3712 = PLANE('',#3713);
#3713 = AXIS2_PLACEMENT_3D('',#3714,#3715,#3716);
#3714 = CARTESIAN_POINT('',(-86.09807621135,-16.5,10.));
#3715 = DIRECTION('',(-0.5,-0.866025403784,0.));
#3716 = DIRECTION('',(0.866025403784,-0.5,0.));
#3717 = ADVANCED_FACE('',(#3718),#3736,.F.);
#3718 = FACE_BOUND('',#3719,.F.);
#3719 = EDGE_LOOP('',(#3720,#3721,#3729,#3735));
#3720 = ORIENTED_EDGE('',*,*,#3682,.T.);
#3721 = ORIENTED_EDGE('',*,*,#3722,.T.);
#3722 = EDGE_CURVE('',#3675,#3723,#3725,.T.);
#3723 = VERTEX_POINT('',#3724);
#3724 = CARTESIAN_POINT('',(-80.90192378864,-13.5,7.));
#3725 = LINE('',#3726,#3727);
#3726 = CARTESIAN_POINT('',(-80.90192378864,-16.5,7.));
#3727 = VECTOR('',#3728,1.);
#3728 = DIRECTION('',(0.,1.,0.));
#3729 = ORIENTED_EDGE('',*,*,#3730,.F.);
#3730 = EDGE_CURVE('',#1079,#3723,#3731,.T.);
#3731 = LINE('',#3732,#3733);
#3732 = CARTESIAN_POINT('',(-80.90192378864,-13.5,10.));
#3733 = VECTOR('',#3734,1.);
#3734 = DIRECTION('',(-0.,-0.,-1.));
#3735 = ORIENTED_EDGE('',*,*,#1086,.F.);
#3736 = PLANE('',#3737);
#3737 = AXIS2_PLACEMENT_3D('',#3738,#3739,#3740);
#3738 = CARTESIAN_POINT('',(-80.90192378864,-16.5,10.));
#3739 = DIRECTION('',(1.,0.,0.));
#3740 = DIRECTION('',(0.,1.,0.));
#3741 = ADVANCED_FACE('',(#3742),#3760,.F.);
#3742 = FACE_BOUND('',#3743,.F.);
#3743 = EDGE_LOOP('',(#3744,#3752,#3758,#3759));
#3744 = ORIENTED_EDGE('',*,*,#3745,.T.);
#3745 = EDGE_CURVE('',#1063,#3746,#3748,.T.);
#3746 = VERTEX_POINT('',#3747);
#3747 = CARTESIAN_POINT('',(-86.09807621135,-13.5,7.));
#3748 = LINE('',#3749,#3750);
#3749 = CARTESIAN_POINT('',(-86.09807621135,-13.5,10.));
#3750 = VECTOR('',#3751,1.);
#3751 = DIRECTION('',(-0.,-0.,-1.));
#3752 = ORIENTED_EDGE('',*,*,#3753,.T.);
#3753 = EDGE_CURVE('',#3746,#3698,#3754,.T.);
#3754 = LINE('',#3755,#3756);
#3755 = CARTESIAN_POINT('',(-86.09807621135,-13.5,7.));
#3756 = VECTOR('',#3757,1.);
#3757 = DIRECTION('',(0.,-1.,0.));
#3758 = ORIENTED_EDGE('',*,*,#3697,.F.);
#3759 = ORIENTED_EDGE('',*,*,#1062,.F.);
#3760 = PLANE('',#3761);
#3761 = AXIS2_PLACEMENT_3D('',#3762,#3763,#3764);
#3762 = CARTESIAN_POINT('',(-86.09807621135,-13.5,10.));
#3763 = DIRECTION('',(-1.,0.,0.));
#3764 = DIRECTION('',(0.,-1.,0.));
#3765 = ADVANCED_FACE('',(#3766),#3784,.F.);
#3766 = FACE_BOUND('',#3767,.F.);
#3767 = EDGE_LOOP('',(#3768,#3769,#3777,#3783));
#3768 = ORIENTED_EDGE('',*,*,#3730,.T.);
#3769 = ORIENTED_EDGE('',*,*,#3770,.T.);
#3770 = EDGE_CURVE('',#3723,#3771,#3773,.T.);
#3771 = VERTEX_POINT('',#3772);
#3772 = CARTESIAN_POINT('',(-83.5,-12.,7.));
#3773 = LINE('',#3774,#3775);
#3774 = CARTESIAN_POINT('',(-80.90192378864,-13.5,7.));
#3775 = VECTOR('',#3776,1.);
#3776 = DIRECTION('',(-0.866025403784,0.5,0.));
#3777 = ORIENTED_EDGE('',*,*,#3778,.F.);
#3778 = EDGE_CURVE('',#1071,#3771,#3779,.T.);
#3779 = LINE('',#3780,#3781);
#3780 = CARTESIAN_POINT('',(-83.5,-12.,10.));
#3781 = VECTOR('',#3782,1.);
#3782 = DIRECTION('',(-0.,-0.,-1.));
#3783 = ORIENTED_EDGE('',*,*,#1078,.F.);
#3784 = PLANE('',#3785);
#3785 = AXIS2_PLACEMENT_3D('',#3786,#3787,#3788);
#3786 = CARTESIAN_POINT('',(-80.90192378864,-13.5,10.));
#3787 = DIRECTION('',(0.5,0.866025403784,0.));
#3788 = DIRECTION('',(-0.866025403784,0.5,0.));
#3789 = ADVANCED_FACE('',(#3790),#3801,.F.);
#3790 = FACE_BOUND('',#3791,.F.);
#3791 = EDGE_LOOP('',(#3792,#3793,#3799,#3800));
#3792 = ORIENTED_EDGE('',*,*,#3778,.T.);
#3793 = ORIENTED_EDGE('',*,*,#3794,.T.);
#3794 = EDGE_CURVE('',#3771,#3746,#3795,.T.);
#3795 = LINE('',#3796,#3797);
#3796 = CARTESIAN_POINT('',(-83.5,-12.,7.));
#3797 = VECTOR('',#3798,1.);
#3798 = DIRECTION('',(-0.866025403784,-0.5,0.));
#3799 = ORIENTED_EDGE('',*,*,#3745,.F.);
#3800 = ORIENTED_EDGE('',*,*,#1070,.F.);
#3801 = PLANE('',#3802);
#3802 = AXIS2_PLACEMENT_3D('',#3803,#3804,#3805);
#3803 = CARTESIAN_POINT('',(-83.5,-12.,10.));
#3804 = DIRECTION('',(-0.5,0.866025403784,0.));
#3805 = DIRECTION('',(-0.866025403784,-0.5,0.));
#3806 = ADVANCED_FACE('',(#3807),#3832,.F.);
#3807 = FACE_BOUND('',#3808,.F.);
#3808 = EDGE_LOOP('',(#3809,#3817,#3825,#3831));
#3809 = ORIENTED_EDGE('',*,*,#3810,.T.);
#3810 = EDGE_CURVE('',#1095,#3811,#3813,.T.);
#3811 = VERTEX_POINT('',#3812);
#3812 = CARTESIAN_POINT('',(-63.5,-12.,7.));
#3813 = LINE('',#3814,#3815);
#3814 = CARTESIAN_POINT('',(-63.5,-12.,10.));
#3815 = VECTOR('',#3816,1.);
#3816 = DIRECTION('',(-0.,-0.,-1.));
#3817 = ORIENTED_EDGE('',*,*,#3818,.T.);
#3818 = EDGE_CURVE('',#3811,#3819,#3821,.T.);
#3819 = VERTEX_POINT('',#3820);
#3820 = CARTESIAN_POINT('',(-66.09807621135,-13.5,7.));
#3821 = LINE('',#3822,#3823);
#3822 = CARTESIAN_POINT('',(-63.5,-12.,7.));
#3823 = VECTOR('',#3824,1.);
#3824 = DIRECTION('',(-0.866025403784,-0.5,0.));
#3825 = ORIENTED_EDGE('',*,*,#3826,.F.);
#3826 = EDGE_CURVE('',#1097,#3819,#3827,.T.);
#3827 = LINE('',#3828,#3829);
#3828 = CARTESIAN_POINT('',(-66.09807621135,-13.5,10.));
#3829 = VECTOR('',#3830,1.);
#3830 = DIRECTION('',(-0.,-0.,-1.));
#3831 = ORIENTED_EDGE('',*,*,#1094,.F.);
#3832 = PLANE('',#3833);
#3833 = AXIS2_PLACEMENT_3D('',#3834,#3835,#3836);
#3834 = CARTESIAN_POINT('',(-63.5,-12.,10.));
#3835 = DIRECTION('',(-0.5,0.866025403784,0.));
#3836 = DIRECTION('',(-0.866025403784,-0.5,0.));
#3837 = ADVANCED_FACE('',(#3838),#3856,.F.);
#3838 = FACE_BOUND('',#3839,.F.);
#3839 = EDGE_LOOP('',(#3840,#3848,#3854,#3855));
#3840 = ORIENTED_EDGE('',*,*,#3841,.T.);
#3841 = EDGE_CURVE('',#1105,#3842,#3844,.T.);
#3842 = VERTEX_POINT('',#3843);
#3843 = CARTESIAN_POINT('',(-60.90192378864,-13.5,7.));
#3844 = LINE('',#3845,#3846);
#3845 = CARTESIAN_POINT('',(-60.90192378864,-13.5,10.));
#3846 = VECTOR('',#3847,1.);
#3847 = DIRECTION('',(-0.,-0.,-1.));
#3848 = ORIENTED_EDGE('',*,*,#3849,.T.);
#3849 = EDGE_CURVE('',#3842,#3811,#3850,.T.);
#3850 = LINE('',#3851,#3852);
#3851 = CARTESIAN_POINT('',(-60.90192378864,-13.5,7.));
#3852 = VECTOR('',#3853,1.);
#3853 = DIRECTION('',(-0.866025403784,0.5,0.));
#3854 = ORIENTED_EDGE('',*,*,#3810,.F.);
#3855 = ORIENTED_EDGE('',*,*,#1104,.F.);
#3856 = PLANE('',#3857);
#3857 = AXIS2_PLACEMENT_3D('',#3858,#3859,#3860);
#3858 = CARTESIAN_POINT('',(-60.90192378864,-13.5,10.));
#3859 = DIRECTION('',(0.5,0.866025403784,0.));
#3860 = DIRECTION('',(-0.866025403784,0.5,0.));
#3861 = ADVANCED_FACE('',(#3862),#3880,.F.);
#3862 = FACE_BOUND('',#3863,.F.);
#3863 = EDGE_LOOP('',(#3864,#3865,#3873,#3879));
#3864 = ORIENTED_EDGE('',*,*,#3826,.T.);
#3865 = ORIENTED_EDGE('',*,*,#3866,.T.);
#3866 = EDGE_CURVE('',#3819,#3867,#3869,.T.);
#3867 = VERTEX_POINT('',#3868);
#3868 = CARTESIAN_POINT('',(-66.09807621135,-16.5,7.));
#3869 = LINE('',#3870,#3871);
#3870 = CARTESIAN_POINT('',(-66.09807621135,-13.5,7.));
#3871 = VECTOR('',#3872,1.);
#3872 = DIRECTION('',(0.,-1.,0.));
#3873 = ORIENTED_EDGE('',*,*,#3874,.F.);
#3874 = EDGE_CURVE('',#1129,#3867,#3875,.T.);
#3875 = LINE('',#3876,#3877);
#3876 = CARTESIAN_POINT('',(-66.09807621135,-16.5,10.));
#3877 = VECTOR('',#3878,1.);
#3878 = DIRECTION('',(-0.,-0.,-1.));
#3879 = ORIENTED_EDGE('',*,*,#1136,.F.);
#3880 = PLANE('',#3881);
#3881 = AXIS2_PLACEMENT_3D('',#3882,#3883,#3884);
#3882 = CARTESIAN_POINT('',(-66.09807621135,-13.5,10.));
#3883 = DIRECTION('',(-1.,0.,0.));
#3884 = DIRECTION('',(0.,-1.,0.));
#3885 = ADVANCED_FACE('',(#3886),#3904,.F.);
#3886 = FACE_BOUND('',#3887,.F.);
#3887 = EDGE_LOOP('',(#3888,#3896,#3902,#3903));
#3888 = ORIENTED_EDGE('',*,*,#3889,.T.);
#3889 = EDGE_CURVE('',#1113,#3890,#3892,.T.);
#3890 = VERTEX_POINT('',#3891);
#3891 = CARTESIAN_POINT('',(-60.90192378864,-16.5,7.));
#3892 = LINE('',#3893,#3894);
#3893 = CARTESIAN_POINT('',(-60.90192378864,-16.5,10.));
#3894 = VECTOR('',#3895,1.);
#3895 = DIRECTION('',(-0.,-0.,-1.));
#3896 = ORIENTED_EDGE('',*,*,#3897,.T.);
#3897 = EDGE_CURVE('',#3890,#3842,#3898,.T.);
#3898 = LINE('',#3899,#3900);
#3899 = CARTESIAN_POINT('',(-60.90192378864,-16.5,7.));
#3900 = VECTOR('',#3901,1.);
#3901 = DIRECTION('',(0.,1.,0.));
#3902 = ORIENTED_EDGE('',*,*,#3841,.F.);
#3903 = ORIENTED_EDGE('',*,*,#1112,.F.);
#3904 = PLANE('',#3905);
#3905 = AXIS2_PLACEMENT_3D('',#3906,#3907,#3908);
#3906 = CARTESIAN_POINT('',(-60.90192378864,-16.5,10.));
#3907 = DIRECTION('',(1.,0.,0.));
#3908 = DIRECTION('',(0.,1.,0.));
#3909 = ADVANCED_FACE('',(#3910),#3928,.F.);
#3910 = FACE_BOUND('',#3911,.F.);
#3911 = EDGE_LOOP('',(#3912,#3913,#3921,#3927));
#3912 = ORIENTED_EDGE('',*,*,#3874,.T.);
#3913 = ORIENTED_EDGE('',*,*,#3914,.T.);
#3914 = EDGE_CURVE('',#3867,#3915,#3917,.T.);
#3915 = VERTEX_POINT('',#3916);
#3916 = CARTESIAN_POINT('',(-63.5,-18.,7.));
#3917 = LINE('',#3918,#3919);
#3918 = CARTESIAN_POINT('',(-66.09807621135,-16.5,7.));
#3919 = VECTOR('',#3920,1.);
#3920 = DIRECTION('',(0.866025403784,-0.5,0.));
#3921 = ORIENTED_EDGE('',*,*,#3922,.F.);
#3922 = EDGE_CURVE('',#1121,#3915,#3923,.T.);
#3923 = LINE('',#3924,#3925);
#3924 = CARTESIAN_POINT('',(-63.5,-18.,10.));
#3925 = VECTOR('',#3926,1.);
#3926 = DIRECTION('',(-0.,-0.,-1.));
#3927 = ORIENTED_EDGE('',*,*,#1128,.F.);
#3928 = PLANE('',#3929);
#3929 = AXIS2_PLACEMENT_3D('',#3930,#3931,#3932);
#3930 = CARTESIAN_POINT('',(-66.09807621135,-16.5,10.));
#3931 = DIRECTION('',(-0.5,-0.866025403784,0.));
#3932 = DIRECTION('',(0.866025403784,-0.5,0.));
#3933 = ADVANCED_FACE('',(#3934),#3945,.F.);
#3934 = FACE_BOUND('',#3935,.F.);
#3935 = EDGE_LOOP('',(#3936,#3937,#3943,#3944));
#3936 = ORIENTED_EDGE('',*,*,#3922,.T.);
#3937 = ORIENTED_EDGE('',*,*,#3938,.T.);
#3938 = EDGE_CURVE('',#3915,#3890,#3939,.T.);
#3939 = LINE('',#3940,#3941);
#3940 = CARTESIAN_POINT('',(-63.5,-18.,7.));
#3941 = VECTOR('',#3942,1.);
#3942 = DIRECTION('',(0.866025403784,0.5,0.));
#3943 = ORIENTED_EDGE('',*,*,#3889,.F.);
#3944 = ORIENTED_EDGE('',*,*,#1120,.F.);
#3945 = PLANE('',#3946);
#3946 = AXIS2_PLACEMENT_3D('',#3947,#3948,#3949);
#3947 = CARTESIAN_POINT('',(-63.5,-18.,10.));
#3948 = DIRECTION('',(0.5,-0.866025403784,0.));
#3949 = DIRECTION('',(0.866025403784,0.5,0.));
#3950 = ADVANCED_FACE('',(#3951),#3976,.F.);
#3951 = FACE_BOUND('',#3952,.F.);
#3952 = EDGE_LOOP('',(#3953,#3961,#3969,#3975));
#3953 = ORIENTED_EDGE('',*,*,#3954,.T.);
#3954 = EDGE_CURVE('',#1145,#3955,#3957,.T.);
#3955 = VERTEX_POINT('',#3956);
#3956 = CARTESIAN_POINT('',(-37.49999999999,-15.,7.));
#3957 = LINE('',#3958,#3959);
#3958 = CARTESIAN_POINT('',(-37.49999999999,-15.,10.));
#3959 = VECTOR('',#3960,1.);
#3960 = DIRECTION('',(-0.,-0.,-1.));
#3961 = ORIENTED_EDGE('',*,*,#3962,.T.);
#3962 = EDGE_CURVE('',#3955,#3963,#3965,.T.);
#3963 = VERTEX_POINT('',#3964);
#3964 = CARTESIAN_POINT('',(-34.90192378864,-13.49999999999,7.));
#3965 = LINE('',#3966,#3967);
#3966 = CARTESIAN_POINT('',(-37.49999999999,-15.,7.));
#3967 = VECTOR('',#3968,1.);
#3968 = DIRECTION('',(0.866025403784,0.5,0.));
#3969 = ORIENTED_EDGE('',*,*,#3970,.F.);
#3970 = EDGE_CURVE('',#1147,#3963,#3971,.T.);
#3971 = LINE('',#3972,#3973);
#3972 = CARTESIAN_POINT('',(-34.90192378864,-13.49999999999,10.));
#3973 = VECTOR('',#3974,1.);
#3974 = DIRECTION('',(-0.,-0.,-1.));
#3975 = ORIENTED_EDGE('',*,*,#1144,.F.);
#3976 = PLANE('',#3977);
#3977 = AXIS2_PLACEMENT_3D('',#3978,#3979,#3980);
#3978 = CARTESIAN_POINT('',(-37.49999999999,-15.,10.));
#3979 = DIRECTION('',(0.5,-0.866025403784,0.));
#3980 = DIRECTION('',(0.866025403784,0.5,0.));
#3981 = ADVANCED_FACE('',(#3982),#4000,.F.);
#3982 = FACE_BOUND('',#3983,.F.);
#3983 = EDGE_LOOP('',(#3984,#3992,#3998,#3999));
#3984 = ORIENTED_EDGE('',*,*,#3985,.T.);
#3985 = EDGE_CURVE('',#1155,#3986,#3988,.T.);
#3986 = VERTEX_POINT('',#3987);
#3987 = CARTESIAN_POINT('',(-40.09807621135,-13.5,7.));
#3988 = LINE('',#3989,#3990);
#3989 = CARTESIAN_POINT('',(-40.09807621135,-13.5,10.));
#3990 = VECTOR('',#3991,1.);
#3991 = DIRECTION('',(-0.,-0.,-1.));
#3992 = ORIENTED_EDGE('',*,*,#3993,.T.);
#3993 = EDGE_CURVE('',#3986,#3955,#3994,.T.);
#3994 = LINE('',#3995,#3996);
#3995 = CARTESIAN_POINT('',(-40.09807621135,-13.5,7.));
#3996 = VECTOR('',#3997,1.);
#3997 = DIRECTION('',(0.866025403785,-0.499999999999,0.));
#3998 = ORIENTED_EDGE('',*,*,#3954,.F.);
#3999 = ORIENTED_EDGE('',*,*,#1154,.F.);
#4000 = PLANE('',#4001);
#4001 = AXIS2_PLACEMENT_3D('',#4002,#4003,#4004);
#4002 = CARTESIAN_POINT('',(-40.09807621135,-13.5,10.));
#4003 = DIRECTION('',(-0.499999999999,-0.866025403785,0.));
#4004 = DIRECTION('',(0.866025403785,-0.499999999999,0.));
#4005 = ADVANCED_FACE('',(#4006),#4024,.F.);
#4006 = FACE_BOUND('',#4007,.F.);
#4007 = EDGE_LOOP('',(#4008,#4009,#4017,#4023));
#4008 = ORIENTED_EDGE('',*,*,#3970,.T.);
#4009 = ORIENTED_EDGE('',*,*,#4010,.T.);
#4010 = EDGE_CURVE('',#3963,#4011,#4013,.T.);
#4011 = VERTEX_POINT('',#4012);
#4012 = CARTESIAN_POINT('',(-34.90192378863,-10.49999999999,7.));
#4013 = LINE('',#4014,#4015);
#4014 = CARTESIAN_POINT('',(-34.90192378864,-13.49999999999,7.));
#4015 = VECTOR('',#4016,1.);
#4016 = DIRECTION('',(2.87296E-12,1.,0.));
#4017 = ORIENTED_EDGE('',*,*,#4018,.F.);
#4018 = EDGE_CURVE('',#1179,#4011,#4019,.T.);
#4019 = LINE('',#4020,#4021);
#4020 = CARTESIAN_POINT('',(-34.90192378863,-10.49999999999,10.));
#4021 = VECTOR('',#4022,1.);
#4022 = DIRECTION('',(-0.,-0.,-1.));
#4023 = ORIENTED_EDGE('',*,*,#1186,.F.);
#4024 = PLANE('',#4025);
#4025 = AXIS2_PLACEMENT_3D('',#4026,#4027,#4028);
#4026 = CARTESIAN_POINT('',(-34.90192378864,-13.49999999999,10.));
#4027 = DIRECTION('',(1.,-2.87296E-12,0.));
#4028 = DIRECTION('',(2.87296E-12,1.,0.));
#4029 = ADVANCED_FACE('',(#4030),#4048,.F.);
#4030 = FACE_BOUND('',#4031,.F.);
#4031 = EDGE_LOOP('',(#4032,#4040,#4046,#4047));
#4032 = ORIENTED_EDGE('',*,*,#4033,.T.);
#4033 = EDGE_CURVE('',#1163,#4034,#4036,.T.);
#4034 = VERTEX_POINT('',#4035);
#4035 = CARTESIAN_POINT('',(-40.09807621135,-10.49999999999,7.));
#4036 = LINE('',#4037,#4038);
#4037 = CARTESIAN_POINT('',(-40.09807621135,-10.49999999999,10.));
#4038 = VECTOR('',#4039,1.);
#4039 = DIRECTION('',(-0.,-0.,-1.));
#4040 = ORIENTED_EDGE('',*,*,#4041,.T.);
#4041 = EDGE_CURVE('',#4034,#3986,#4042,.T.);
#4042 = LINE('',#4043,#4044);
#4043 = CARTESIAN_POINT('',(-40.09807621135,-10.49999999999,7.));
#4044 = VECTOR('',#4045,1.);
#4045 = DIRECTION('',(4.3106E-13,-1.,0.));
#4046 = ORIENTED_EDGE('',*,*,#3985,.F.);
#4047 = ORIENTED_EDGE('',*,*,#1162,.F.);
#4048 = PLANE('',#4049);
#4049 = AXIS2_PLACEMENT_3D('',#4050,#4051,#4052);
#4050 = CARTESIAN_POINT('',(-40.09807621135,-10.49999999999,10.));
#4051 = DIRECTION('',(-1.,-4.3106E-13,0.));
#4052 = DIRECTION('',(4.3106E-13,-1.,0.));
#4053 = ADVANCED_FACE('',(#4054),#4072,.F.);
#4054 = FACE_BOUND('',#4055,.F.);
#4055 = EDGE_LOOP('',(#4056,#4057,#4065,#4071));
#4056 = ORIENTED_EDGE('',*,*,#4018,.T.);
#4057 = ORIENTED_EDGE('',*,*,#4058,.T.);
#4058 = EDGE_CURVE('',#4011,#4059,#4061,.T.);
#4059 = VERTEX_POINT('',#4060);
#4060 = CARTESIAN_POINT('',(-37.49999999999,-9.,7.));
#4061 = LINE('',#4062,#4063);
#4062 = CARTESIAN_POINT('',(-34.90192378863,-10.49999999999,7.));
#4063 = VECTOR('',#4064,1.);
#4064 = DIRECTION('',(-0.866025403786,0.499999999997,0.));
#4065 = ORIENTED_EDGE('',*,*,#4066,.F.);
#4066 = EDGE_CURVE('',#1171,#4059,#4067,.T.);
#4067 = LINE('',#4068,#4069);
#4068 = CARTESIAN_POINT('',(-37.49999999999,-9.,10.));
#4069 = VECTOR('',#4070,1.);
#4070 = DIRECTION('',(-0.,-0.,-1.));
#4071 = ORIENTED_EDGE('',*,*,#1178,.F.);
#4072 = PLANE('',#4073);
#4073 = AXIS2_PLACEMENT_3D('',#4074,#4075,#4076);
#4074 = CARTESIAN_POINT('',(-34.90192378863,-10.49999999999,10.));
#4075 = DIRECTION('',(0.499999999997,0.866025403786,0.));
#4076 = DIRECTION('',(-0.866025403786,0.499999999997,0.));
#4077 = ADVANCED_FACE('',(#4078),#4089,.F.);
#4078 = FACE_BOUND('',#4079,.F.);
#4079 = EDGE_LOOP('',(#4080,#4081,#4087,#4088));
#4080 = ORIENTED_EDGE('',*,*,#4066,.T.);
#4081 = ORIENTED_EDGE('',*,*,#4082,.T.);
#4082 = EDGE_CURVE('',#4059,#4034,#4083,.T.);
#4083 = LINE('',#4084,#4085);
#4084 = CARTESIAN_POINT('',(-37.49999999999,-9.,7.));
#4085 = VECTOR('',#4086,1.);
#4086 = DIRECTION('',(-0.866025403785,-0.499999999998,0.));
#4087 = ORIENTED_EDGE('',*,*,#4033,.F.);
#4088 = ORIENTED_EDGE('',*,*,#1170,.F.);
#4089 = PLANE('',#4090);
#4090 = AXIS2_PLACEMENT_3D('',#4091,#4092,#4093);
#4091 = CARTESIAN_POINT('',(-37.49999999999,-9.,10.));
#4092 = DIRECTION('',(-0.499999999998,0.866025403785,0.));
#4093 = DIRECTION('',(-0.866025403785,-0.499999999998,0.));
#4094 = ADVANCED_FACE('',(#4095),#4113,.F.);
#4095 = FACE_BOUND('',#4096,.T.);
#4096 = EDGE_LOOP('',(#4097,#4098,#4105,#4112));
#4097 = ORIENTED_EDGE('',*,*,#1194,.T.);
#4098 = ORIENTED_EDGE('',*,*,#4099,.T.);
#4099 = EDGE_CURVE('',#1195,#4100,#4102,.T.);
#4100 = VERTEX_POINT('',#4101);
#4101 = CARTESIAN_POINT('',(-7.5,-43.,9.));
#4102 = B_SPLINE_CURVE_WITH_KNOTS('',1,(#4103,#4104),.UNSPECIFIED.,.F.,
  .F.,(2,2),(0.,1.),.PIECEWISE_BEZIER_KNOTS.);
#4103 = CARTESIAN_POINT('',(-6.5,-43.,10.));
#4104 = CARTESIAN_POINT('',(-7.5,-43.,9.));
#4105 = ORIENTED_EDGE('',*,*,#4106,.F.);
#4106 = EDGE_CURVE('',#4100,#4100,#4107,.T.);
#4107 = CIRCLE('',#4108,1.5);
#4108 = AXIS2_PLACEMENT_3D('',#4109,#4110,#4111);
#4109 = CARTESIAN_POINT('',(-9.,-43.,9.));
#4110 = DIRECTION('',(0.,0.,1.));
#4111 = DIRECTION('',(1.,0.,0.));
#4112 = ORIENTED_EDGE('',*,*,#4099,.F.);
#4113 = CONICAL_SURFACE('',#4114,2.5,0.785398163397);
#4114 = AXIS2_PLACEMENT_3D('',#4115,#4116,#4117);
#4115 = CARTESIAN_POINT('',(-9.,-43.,10.));
#4116 = DIRECTION('',(0.,0.,1.));
#4117 = DIRECTION('',(1.,0.,0.));
#4118 = ADVANCED_FACE('',(#4119),#4137,.F.);
#4119 = FACE_BOUND('',#4120,.T.);
#4120 = EDGE_LOOP('',(#4121,#4122,#4129,#4136));
#4121 = ORIENTED_EDGE('',*,*,#1275,.T.);
#4122 = ORIENTED_EDGE('',*,*,#4123,.T.);
#4123 = EDGE_CURVE('',#1276,#4124,#4126,.T.);
#4124 = VERTEX_POINT('',#4125);
#4125 = CARTESIAN_POINT('',(10.5,-43.,9.));
#4126 = B_SPLINE_CURVE_WITH_KNOTS('',1,(#4127,#4128),.UNSPECIFIED.,.F.,
  .F.,(2,2),(0.,1.),.PIECEWISE_BEZIER_KNOTS.);
#4127 = CARTESIAN_POINT('',(11.5,-43.,10.));
#4128 = CARTESIAN_POINT('',(10.5,-43.,9.));
#4129 = ORIENTED_EDGE('',*,*,#4130,.F.);
#4130 = EDGE_CURVE('',#4124,#4124,#4131,.T.);
#4131 = CIRCLE('',#4132,1.5);
#4132 = AXIS2_PLACEMENT_3D('',#4133,#4134,#4135);
#4133 = CARTESIAN_POINT('',(9.,-43.,9.));
#4134 = DIRECTION('',(0.,0.,1.));
#4135 = DIRECTION('',(1.,0.,0.));
#4136 = ORIENTED_EDGE('',*,*,#4123,.F.);
#4137 = CONICAL_SURFACE('',#4138,2.5,0.785398163397);
#4138 = AXIS2_PLACEMENT_3D('',#4139,#4140,#4141);
#4139 = CARTESIAN_POINT('',(9.,-43.,10.));
#4140 = DIRECTION('',(0.,0.,1.));
#4141 = DIRECTION('',(1.,0.,0.));
#4142 = ADVANCED_FACE('',(#4143),#4162,.F.);
#4143 = FACE_BOUND('',#4144,.T.);
#4144 = EDGE_LOOP('',(#4145,#4154,#4160,#4161));
#4145 = ORIENTED_EDGE('',*,*,#4146,.T.);
#4146 = EDGE_CURVE('',#4147,#4147,#4149,.T.);
#4147 = VERTEX_POINT('',#4148);
#4148 = CARTESIAN_POINT('',(12.9,-24.5,7.5));
#4149 = CIRCLE('',#4150,1.4);
#4150 = AXIS2_PLACEMENT_3D('',#4151,#4152,#4153);
#4151 = CARTESIAN_POINT('',(11.5,-24.5,7.5));
#4152 = DIRECTION('',(0.,0.,-1.));
#4153 = DIRECTION('',(1.,0.,0.));
#4154 = ORIENTED_EDGE('',*,*,#4155,.T.);
#4155 = EDGE_CURVE('',#4147,#1287,#4156,.T.);
#4156 = LINE('',#4157,#4158);
#4157 = CARTESIAN_POINT('',(12.9,-24.5,5.));
#4158 = VECTOR('',#4159,1.);
#4159 = DIRECTION('',(0.,0.,1.));
#4160 = ORIENTED_EDGE('',*,*,#1286,.T.);
#4161 = ORIENTED_EDGE('',*,*,#4155,.F.);
#4162 = CYLINDRICAL_SURFACE('',#4163,1.4);
#4163 = AXIS2_PLACEMENT_3D('',#4164,#4165,#4166);
#4164 = CARTESIAN_POINT('',(11.5,-24.5,5.));
#4165 = DIRECTION('',(-0.,-0.,-1.));
#4166 = DIRECTION('',(1.,0.,0.));
#4167 = ADVANCED_FACE('',(#4168),#4193,.F.);
#4168 = FACE_BOUND('',#4169,.F.);
#4169 = EDGE_LOOP('',(#4170,#4178,#4186,#4192));
#4170 = ORIENTED_EDGE('',*,*,#4171,.T.);
#4171 = EDGE_CURVE('',#1332,#4172,#4174,.T.);
#4172 = VERTEX_POINT('',#4173);
#4173 = CARTESIAN_POINT('',(2.500000000001,-15.,7.));
#4174 = LINE('',#4175,#4176);
#4175 = CARTESIAN_POINT('',(2.500000000001,-15.,10.));
#4176 = VECTOR('',#4177,1.);
#4177 = DIRECTION('',(-0.,-0.,-1.));
#4178 = ORIENTED_EDGE('',*,*,#4179,.T.);
#4179 = EDGE_CURVE('',#4172,#4180,#4182,.T.);
#4180 = VERTEX_POINT('',#4181);
#4181 = CARTESIAN_POINT('',(5.098076211357,-13.49999999999,7.));
#4182 = LINE('',#4183,#4184);
#4183 = CARTESIAN_POINT('',(2.500000000001,-15.,7.));
#4184 = VECTOR('',#4185,1.);
#4185 = DIRECTION('',(0.866025403784,0.5,0.));
#4186 = ORIENTED_EDGE('',*,*,#4187,.F.);
#4187 = EDGE_CURVE('',#1334,#4180,#4188,.T.);
#4188 = LINE('',#4189,#4190);
#4189 = CARTESIAN_POINT('',(5.098076211357,-13.49999999999,10.));
#4190 = VECTOR('',#4191,1.);
#4191 = DIRECTION('',(-0.,-0.,-1.));
#4192 = ORIENTED_EDGE('',*,*,#1331,.F.);
#4193 = PLANE('',#4194);
#4194 = AXIS2_PLACEMENT_3D('',#4195,#4196,#4197);
#4195 = CARTESIAN_POINT('',(2.500000000001,-15.,10.));
#4196 = DIRECTION('',(0.5,-0.866025403784,0.));
#4197 = DIRECTION('',(0.866025403784,0.5,0.));
#4198 = ADVANCED_FACE('',(#4199),#4217,.F.);
#4199 = FACE_BOUND('',#4200,.F.);
#4200 = EDGE_LOOP('',(#4201,#4209,#4215,#4216));
#4201 = ORIENTED_EDGE('',*,*,#4202,.T.);
#4202 = EDGE_CURVE('',#1342,#4203,#4205,.T.);
#4203 = VERTEX_POINT('',#4204);
#4204 = CARTESIAN_POINT('',(-9.807621135814E-02,-13.5,7.));
#4205 = LINE('',#4206,#4207);
#4206 = CARTESIAN_POINT('',(-9.807621135814E-02,-13.5,10.));
#4207 = VECTOR('',#4208,1.);
#4208 = DIRECTION('',(-0.,-0.,-1.));
#4209 = ORIENTED_EDGE('',*,*,#4210,.T.);
#4210 = EDGE_CURVE('',#4203,#4172,#4211,.T.);
#4211 = LINE('',#4212,#4213);
#4212 = CARTESIAN_POINT('',(-9.807621135814E-02,-13.5,7.));
#4213 = VECTOR('',#4214,1.);
#4214 = DIRECTION('',(0.866025403785,-0.499999999999,0.));
#4215 = ORIENTED_EDGE('',*,*,#4171,.F.);
#4216 = ORIENTED_EDGE('',*,*,#1341,.F.);
#4217 = PLANE('',#4218);
#4218 = AXIS2_PLACEMENT_3D('',#4219,#4220,#4221);
#4219 = CARTESIAN_POINT('',(-9.807621135814E-02,-13.5,10.));
#4220 = DIRECTION('',(-0.499999999999,-0.866025403785,0.));
#4221 = DIRECTION('',(0.866025403785,-0.499999999999,0.));
#4222 = ADVANCED_FACE('',(#4223),#4241,.F.);
#4223 = FACE_BOUND('',#4224,.F.);
#4224 = EDGE_LOOP('',(#4225,#4226,#4234,#4240));
#4225 = ORIENTED_EDGE('',*,*,#4187,.T.);
#4226 = ORIENTED_EDGE('',*,*,#4227,.T.);
#4227 = EDGE_CURVE('',#4180,#4228,#4230,.T.);
#4228 = VERTEX_POINT('',#4229);
#4229 = CARTESIAN_POINT('',(5.098076211365,-10.49999999999,7.));
#4230 = LINE('',#4231,#4232);
#4231 = CARTESIAN_POINT('',(5.098076211357,-13.49999999999,7.));
#4232 = VECTOR('',#4233,1.);
#4233 = DIRECTION('',(2.87326E-12,1.,0.));
#4234 = ORIENTED_EDGE('',*,*,#4235,.F.);
#4235 = EDGE_CURVE('',#1366,#4228,#4236,.T.);
#4236 = LINE('',#4237,#4238);
#4237 = CARTESIAN_POINT('',(5.098076211365,-10.49999999999,10.));
#4238 = VECTOR('',#4239,1.);
#4239 = DIRECTION('',(-0.,-0.,-1.));
#4240 = ORIENTED_EDGE('',*,*,#1373,.F.);
#4241 = PLANE('',#4242);
#4242 = AXIS2_PLACEMENT_3D('',#4243,#4244,#4245);
#4243 = CARTESIAN_POINT('',(5.098076211357,-13.49999999999,10.));
#4244 = DIRECTION('',(1.,-2.87326E-12,0.));
#4245 = DIRECTION('',(2.87326E-12,1.,0.));
#4246 = ADVANCED_FACE('',(#4247),#4265,.F.);
#4247 = FACE_BOUND('',#4248,.F.);
#4248 = EDGE_LOOP('',(#4249,#4257,#4263,#4264));
#4249 = ORIENTED_EDGE('',*,*,#4250,.T.);
#4250 = EDGE_CURVE('',#1350,#4251,#4253,.T.);
#4251 = VERTEX_POINT('',#4252);
#4252 = CARTESIAN_POINT('',(-9.807621135943E-02,-10.49999999999,7.));
#4253 = LINE('',#4254,#4255);
#4254 = CARTESIAN_POINT('',(-9.807621135943E-02,-10.49999999999,10.));
#4255 = VECTOR('',#4256,1.);
#4256 = DIRECTION('',(-0.,-0.,-1.));
#4257 = ORIENTED_EDGE('',*,*,#4258,.T.);
#4258 = EDGE_CURVE('',#4251,#4203,#4259,.T.);
#4259 = LINE('',#4260,#4261);
#4260 = CARTESIAN_POINT('',(-9.807621135943E-02,-10.49999999999,7.));
#4261 = VECTOR('',#4262,1.);
#4262 = DIRECTION('',(4.312E-13,-1.,0.));
#4263 = ORIENTED_EDGE('',*,*,#4202,.F.);
#4264 = ORIENTED_EDGE('',*,*,#1349,.F.);
#4265 = PLANE('',#4266);
#4266 = AXIS2_PLACEMENT_3D('',#4267,#4268,#4269);
#4267 = CARTESIAN_POINT('',(-9.807621135943E-02,-10.49999999999,10.));
#4268 = DIRECTION('',(-1.,-4.312E-13,0.));
#4269 = DIRECTION('',(4.312E-13,-1.,0.));
#4270 = ADVANCED_FACE('',(#4271),#4289,.F.);
#4271 = FACE_BOUND('',#4272,.F.);
#4272 = EDGE_LOOP('',(#4273,#4274,#4282,#4288));
#4273 = ORIENTED_EDGE('',*,*,#4235,.T.);
#4274 = ORIENTED_EDGE('',*,*,#4275,.T.);
#4275 = EDGE_CURVE('',#4228,#4276,#4278,.T.);
#4276 = VERTEX_POINT('',#4277);
#4277 = CARTESIAN_POINT('',(2.500000000001,-9.,7.));
#4278 = LINE('',#4279,#4280);
#4279 = CARTESIAN_POINT('',(5.098076211365,-10.49999999999,7.));
#4280 = VECTOR('',#4281,1.);
#4281 = DIRECTION('',(-0.866025403786,0.499999999997,0.));
#4282 = ORIENTED_EDGE('',*,*,#4283,.F.);
#4283 = EDGE_CURVE('',#1358,#4276,#4284,.T.);
#4284 = LINE('',#4285,#4286);
#4285 = CARTESIAN_POINT('',(2.500000000001,-9.,10.));
#4286 = VECTOR('',#4287,1.);
#4287 = DIRECTION('',(-0.,-0.,-1.));
#4288 = ORIENTED_EDGE('',*,*,#1365,.F.);
#4289 = PLANE('',#4290);
#4290 = AXIS2_PLACEMENT_3D('',#4291,#4292,#4293);
#4291 = CARTESIAN_POINT('',(5.098076211365,-10.49999999999,10.));
#4292 = DIRECTION('',(0.499999999997,0.866025403786,0.));
#4293 = DIRECTION('',(-0.866025403786,0.499999999997,0.));
#4294 = ADVANCED_FACE('',(#4295),#4306,.F.);
#4295 = FACE_BOUND('',#4296,.F.);
#4296 = EDGE_LOOP('',(#4297,#4298,#4304,#4305));
#4297 = ORIENTED_EDGE('',*,*,#4283,.T.);
#4298 = ORIENTED_EDGE('',*,*,#4299,.T.);
#4299 = EDGE_CURVE('',#4276,#4251,#4300,.T.);
#4300 = LINE('',#4301,#4302);
#4301 = CARTESIAN_POINT('',(2.500000000001,-9.,7.));
#4302 = VECTOR('',#4303,1.);
#4303 = DIRECTION('',(-0.866025403785,-0.499999999998,0.));
#4304 = ORIENTED_EDGE('',*,*,#4250,.F.);
#4305 = ORIENTED_EDGE('',*,*,#1357,.F.);
#4306 = PLANE('',#4307);
#4307 = AXIS2_PLACEMENT_3D('',#4308,#4309,#4310);
#4308 = CARTESIAN_POINT('',(2.500000000001,-9.,10.));
#4309 = DIRECTION('',(-0.499999999998,0.866025403785,0.));
#4310 = DIRECTION('',(-0.866025403785,-0.499999999998,0.));
#4311 = ADVANCED_FACE('',(#4312),#4337,.F.);
#4312 = FACE_BOUND('',#4313,.F.);
#4313 = EDGE_LOOP('',(#4314,#4322,#4330,#4336));
#4314 = ORIENTED_EDGE('',*,*,#4315,.T.);
#4315 = EDGE_CURVE('',#1382,#4316,#4318,.T.);
#4316 = VERTEX_POINT('',#4317);
#4317 = CARTESIAN_POINT('',(-83.5,12.,7.));
#4318 = LINE('',#4319,#4320);
#4319 = CARTESIAN_POINT('',(-83.5,12.,10.));
#4320 = VECTOR('',#4321,1.);
#4321 = DIRECTION('',(-0.,-0.,-1.));
#4322 = ORIENTED_EDGE('',*,*,#4323,.T.);
#4323 = EDGE_CURVE('',#4316,#4324,#4326,.T.);
#4324 = VERTEX_POINT('',#4325);
#4325 = CARTESIAN_POINT('',(-80.90192378864,13.5,7.));
#4326 = LINE('',#4327,#4328);
#4327 = CARTESIAN_POINT('',(-83.5,12.,7.));
#4328 = VECTOR('',#4329,1.);
#4329 = DIRECTION('',(0.866025403784,0.5,0.));
#4330 = ORIENTED_EDGE('',*,*,#4331,.F.);
#4331 = EDGE_CURVE('',#1384,#4324,#4332,.T.);
#4332 = LINE('',#4333,#4334);
#4333 = CARTESIAN_POINT('',(-80.90192378864,13.5,10.));
#4334 = VECTOR('',#4335,1.);
#4335 = DIRECTION('',(-0.,-0.,-1.));
#4336 = ORIENTED_EDGE('',*,*,#1381,.F.);
#4337 = PLANE('',#4338);
#4338 = AXIS2_PLACEMENT_3D('',#4339,#4340,#4341);
#4339 = CARTESIAN_POINT('',(-83.5,12.,10.));
#4340 = DIRECTION('',(0.5,-0.866025403784,0.));
#4341 = DIRECTION('',(0.866025403784,0.5,0.));
#4342 = ADVANCED_FACE('',(#4343),#4361,.F.);
#4343 = FACE_BOUND('',#4344,.F.);
#4344 = EDGE_LOOP('',(#4345,#4353,#4359,#4360));
#4345 = ORIENTED_EDGE('',*,*,#4346,.T.);
#4346 = EDGE_CURVE('',#1392,#4347,#4349,.T.);
#4347 = VERTEX_POINT('',#4348);
#4348 = CARTESIAN_POINT('',(-86.09807621135,13.5,7.));
#4349 = LINE('',#4350,#4351);
#4350 = CARTESIAN_POINT('',(-86.09807621135,13.5,10.));
#4351 = VECTOR('',#4352,1.);
#4352 = DIRECTION('',(-0.,-0.,-1.));
#4353 = ORIENTED_EDGE('',*,*,#4354,.T.);
#4354 = EDGE_CURVE('',#4347,#4316,#4355,.T.);
#4355 = LINE('',#4356,#4357);
#4356 = CARTESIAN_POINT('',(-86.09807621135,13.5,7.));
#4357 = VECTOR('',#4358,1.);
#4358 = DIRECTION('',(0.866025403784,-0.5,0.));
#4359 = ORIENTED_EDGE('',*,*,#4315,.F.);
#4360 = ORIENTED_EDGE('',*,*,#1391,.F.);
#4361 = PLANE('',#4362);
#4362 = AXIS2_PLACEMENT_3D('',#4363,#4364,#4365);
#4363 = CARTESIAN_POINT('',(-86.09807621135,13.5,10.));
#4364 = DIRECTION('',(-0.5,-0.866025403784,0.));
#4365 = DIRECTION('',(0.866025403784,-0.5,0.));
#4366 = ADVANCED_FACE('',(#4367),#4385,.F.);
#4367 = FACE_BOUND('',#4368,.F.);
#4368 = EDGE_LOOP('',(#4369,#4370,#4378,#4384));
#4369 = ORIENTED_EDGE('',*,*,#4331,.T.);
#4370 = ORIENTED_EDGE('',*,*,#4371,.T.);
#4371 = EDGE_CURVE('',#4324,#4372,#4374,.T.);
#4372 = VERTEX_POINT('',#4373);
#4373 = CARTESIAN_POINT('',(-80.90192378864,16.5,7.));
#4374 = LINE('',#4375,#4376);
#4375 = CARTESIAN_POINT('',(-80.90192378864,13.5,7.));
#4376 = VECTOR('',#4377,1.);
#4377 = DIRECTION('',(0.,1.,0.));
#4378 = ORIENTED_EDGE('',*,*,#4379,.F.);
#4379 = EDGE_CURVE('',#1416,#4372,#4380,.T.);
#4380 = LINE('',#4381,#4382);
#4381 = CARTESIAN_POINT('',(-80.90192378864,16.5,10.));
#4382 = VECTOR('',#4383,1.);
#4383 = DIRECTION('',(-0.,-0.,-1.));
#4384 = ORIENTED_EDGE('',*,*,#1423,.F.);
#4385 = PLANE('',#4386);
#4386 = AXIS2_PLACEMENT_3D('',#4387,#4388,#4389);
#4387 = CARTESIAN_POINT('',(-80.90192378864,13.5,10.));
#4388 = DIRECTION('',(1.,0.,0.));
#4389 = DIRECTION('',(0.,1.,0.));
#4390 = ADVANCED_FACE('',(#4391),#4409,.F.);
#4391 = FACE_BOUND('',#4392,.F.);
#4392 = EDGE_LOOP('',(#4393,#4401,#4407,#4408));
#4393 = ORIENTED_EDGE('',*,*,#4394,.T.);
#4394 = EDGE_CURVE('',#1400,#4395,#4397,.T.);
#4395 = VERTEX_POINT('',#4396);
#4396 = CARTESIAN_POINT('',(-86.09807621135,16.5,7.));
#4397 = LINE('',#4398,#4399);
#4398 = CARTESIAN_POINT('',(-86.09807621135,16.5,10.));
#4399 = VECTOR('',#4400,1.);
#4400 = DIRECTION('',(-0.,-0.,-1.));
#4401 = ORIENTED_EDGE('',*,*,#4402,.T.);
#4402 = EDGE_CURVE('',#4395,#4347,#4403,.T.);
#4403 = LINE('',#4404,#4405);
#4404 = CARTESIAN_POINT('',(-86.09807621135,16.5,7.));
#4405 = VECTOR('',#4406,1.);
#4406 = DIRECTION('',(0.,-1.,0.));
#4407 = ORIENTED_EDGE('',*,*,#4346,.F.);
#4408 = ORIENTED_EDGE('',*,*,#1399,.F.);
#4409 = PLANE('',#4410);
#4410 = AXIS2_PLACEMENT_3D('',#4411,#4412,#4413);
#4411 = CARTESIAN_POINT('',(-86.09807621135,16.5,10.));
#4412 = DIRECTION('',(-1.,0.,0.));
#4413 = DIRECTION('',(0.,-1.,0.));
#4414 = ADVANCED_FACE('',(#4415),#4433,.F.);
#4415 = FACE_BOUND('',#4416,.F.);
#4416 = EDGE_LOOP('',(#4417,#4418,#4426,#4432));
#4417 = ORIENTED_EDGE('',*,*,#4379,.T.);
#4418 = ORIENTED_EDGE('',*,*,#4419,.T.);
#4419 = EDGE_CURVE('',#4372,#4420,#4422,.T.);
#4420 = VERTEX_POINT('',#4421);
#4421 = CARTESIAN_POINT('',(-83.5,18.,7.));
#4422 = LINE('',#4423,#4424);
#4423 = CARTESIAN_POINT('',(-80.90192378864,16.5,7.));
#4424 = VECTOR('',#4425,1.);
#4425 = DIRECTION('',(-0.866025403784,0.5,0.));
#4426 = ORIENTED_EDGE('',*,*,#4427,.F.);
#4427 = EDGE_CURVE('',#1408,#4420,#4428,.T.);
#4428 = LINE('',#4429,#4430);
#4429 = CARTESIAN_POINT('',(-83.5,18.,10.));
#4430 = VECTOR('',#4431,1.);
#4431 = DIRECTION('',(-0.,-0.,-1.));
#4432 = ORIENTED_EDGE('',*,*,#1415,.F.);
#4433 = PLANE('',#4434);
#4434 = AXIS2_PLACEMENT_3D('',#4435,#4436,#4437);
#4435 = CARTESIAN_POINT('',(-80.90192378864,16.5,10.));
#4436 = DIRECTION('',(0.5,0.866025403784,0.));
#4437 = DIRECTION('',(-0.866025403784,0.5,0.));
#4438 = ADVANCED_FACE('',(#4439),#4450,.F.);
#4439 = FACE_BOUND('',#4440,.F.);
#4440 = EDGE_LOOP('',(#4441,#4442,#4448,#4449));
#4441 = ORIENTED_EDGE('',*,*,#4427,.T.);
#4442 = ORIENTED_EDGE('',*,*,#4443,.T.);
#4443 = EDGE_CURVE('',#4420,#4395,#4444,.T.);
#4444 = LINE('',#4445,#4446);
#4445 = CARTESIAN_POINT('',(-83.5,18.,7.));
#4446 = VECTOR('',#4447,1.);
#4447 = DIRECTION('',(-0.866025403784,-0.5,0.));
#4448 = ORIENTED_EDGE('',*,*,#4394,.F.);
#4449 = ORIENTED_EDGE('',*,*,#1407,.F.);
#4450 = PLANE('',#4451);
#4451 = AXIS2_PLACEMENT_3D('',#4452,#4453,#4454);
#4452 = CARTESIAN_POINT('',(-83.5,18.,10.));
#4453 = DIRECTION('',(-0.5,0.866025403784,0.));
#4454 = DIRECTION('',(-0.866025403784,-0.5,0.));
#4455 = ADVANCED_FACE('',(#4456),#4481,.F.);
#4456 = FACE_BOUND('',#4457,.F.);
#4457 = EDGE_LOOP('',(#4458,#4466,#4474,#4480));
#4458 = ORIENTED_EDGE('',*,*,#4459,.T.);
#4459 = EDGE_CURVE('',#1432,#4460,#4462,.T.);
#4460 = VERTEX_POINT('',#4461);
#4461 = CARTESIAN_POINT('',(-63.5,12.,7.));
#4462 = LINE('',#4463,#4464);
#4463 = CARTESIAN_POINT('',(-63.5,12.,10.));
#4464 = VECTOR('',#4465,1.);
#4465 = DIRECTION('',(-0.,-0.,-1.));
#4466 = ORIENTED_EDGE('',*,*,#4467,.T.);
#4467 = EDGE_CURVE('',#4460,#4468,#4470,.T.);
#4468 = VERTEX_POINT('',#4469);
#4469 = CARTESIAN_POINT('',(-60.90192378864,13.5,7.));
#4470 = LINE('',#4471,#4472);
#4471 = CARTESIAN_POINT('',(-63.5,12.,7.));
#4472 = VECTOR('',#4473,1.);
#4473 = DIRECTION('',(0.866025403784,0.5,0.));
#4474 = ORIENTED_EDGE('',*,*,#4475,.F.);
#4475 = EDGE_CURVE('',#1434,#4468,#4476,.T.);
#4476 = LINE('',#4477,#4478);
#4477 = CARTESIAN_POINT('',(-60.90192378864,13.5,10.));
#4478 = VECTOR('',#4479,1.);
#4479 = DIRECTION('',(-0.,-0.,-1.));
#4480 = ORIENTED_EDGE('',*,*,#1431,.F.);
#4481 = PLANE('',#4482);
#4482 = AXIS2_PLACEMENT_3D('',#4483,#4484,#4485);
#4483 = CARTESIAN_POINT('',(-63.5,12.,10.));
#4484 = DIRECTION('',(0.5,-0.866025403784,0.));
#4485 = DIRECTION('',(0.866025403784,0.5,0.));
#4486 = ADVANCED_FACE('',(#4487),#4505,.F.);
#4487 = FACE_BOUND('',#4488,.F.);
#4488 = EDGE_LOOP('',(#4489,#4497,#4503,#4504));
#4489 = ORIENTED_EDGE('',*,*,#4490,.T.);
#4490 = EDGE_CURVE('',#1442,#4491,#4493,.T.);
#4491 = VERTEX_POINT('',#4492);
#4492 = CARTESIAN_POINT('',(-66.09807621135,13.5,7.));
#4493 = LINE('',#4494,#4495);
#4494 = CARTESIAN_POINT('',(-66.09807621135,13.5,10.));
#4495 = VECTOR('',#4496,1.);
#4496 = DIRECTION('',(-0.,-0.,-1.));
#4497 = ORIENTED_EDGE('',*,*,#4498,.T.);
#4498 = EDGE_CURVE('',#4491,#4460,#4499,.T.);
#4499 = LINE('',#4500,#4501);
#4500 = CARTESIAN_POINT('',(-66.09807621135,13.5,7.));
#4501 = VECTOR('',#4502,1.);
#4502 = DIRECTION('',(0.866025403784,-0.5,0.));
#4503 = ORIENTED_EDGE('',*,*,#4459,.F.);
#4504 = ORIENTED_EDGE('',*,*,#1441,.F.);
#4505 = PLANE('',#4506);
#4506 = AXIS2_PLACEMENT_3D('',#4507,#4508,#4509);
#4507 = CARTESIAN_POINT('',(-66.09807621135,13.5,10.));
#4508 = DIRECTION('',(-0.5,-0.866025403784,0.));
#4509 = DIRECTION('',(0.866025403784,-0.5,0.));
#4510 = ADVANCED_FACE('',(#4511),#4529,.F.);
#4511 = FACE_BOUND('',#4512,.F.);
#4512 = EDGE_LOOP('',(#4513,#4514,#4522,#4528));
#4513 = ORIENTED_EDGE('',*,*,#4475,.T.);
#4514 = ORIENTED_EDGE('',*,*,#4515,.T.);
#4515 = EDGE_CURVE('',#4468,#4516,#4518,.T.);
#4516 = VERTEX_POINT('',#4517);
#4517 = CARTESIAN_POINT('',(-60.90192378864,16.5,7.));
#4518 = LINE('',#4519,#4520);
#4519 = CARTESIAN_POINT('',(-60.90192378864,13.5,7.));
#4520 = VECTOR('',#4521,1.);
#4521 = DIRECTION('',(0.,1.,0.));
#4522 = ORIENTED_EDGE('',*,*,#4523,.F.);
#4523 = EDGE_CURVE('',#1466,#4516,#4524,.T.);
#4524 = LINE('',#4525,#4526);
#4525 = CARTESIAN_POINT('',(-60.90192378864,16.5,10.));
#4526 = VECTOR('',#4527,1.);
#4527 = DIRECTION('',(-0.,-0.,-1.));
#4528 = ORIENTED_EDGE('',*,*,#1473,.F.);
#4529 = PLANE('',#4530);
#4530 = AXIS2_PLACEMENT_3D('',#4531,#4532,#4533);
#4531 = CARTESIAN_POINT('',(-60.90192378864,13.5,10.));
#4532 = DIRECTION('',(1.,0.,0.));
#4533 = DIRECTION('',(0.,1.,0.));
#4534 = ADVANCED_FACE('',(#4535),#4553,.F.);
#4535 = FACE_BOUND('',#4536,.F.);
#4536 = EDGE_LOOP('',(#4537,#4545,#4551,#4552));
#4537 = ORIENTED_EDGE('',*,*,#4538,.T.);
#4538 = EDGE_CURVE('',#1450,#4539,#4541,.T.);
#4539 = VERTEX_POINT('',#4540);
#4540 = CARTESIAN_POINT('',(-66.09807621135,16.5,7.));
#4541 = LINE('',#4542,#4543);
#4542 = CARTESIAN_POINT('',(-66.09807621135,16.5,10.));
#4543 = VECTOR('',#4544,1.);
#4544 = DIRECTION('',(-0.,-0.,-1.));
#4545 = ORIENTED_EDGE('',*,*,#4546,.T.);
#4546 = EDGE_CURVE('',#4539,#4491,#4547,.T.);
#4547 = LINE('',#4548,#4549);
#4548 = CARTESIAN_POINT('',(-66.09807621135,16.5,7.));
#4549 = VECTOR('',#4550,1.);
#4550 = DIRECTION('',(0.,-1.,0.));
#4551 = ORIENTED_EDGE('',*,*,#4490,.F.);
#4552 = ORIENTED_EDGE('',*,*,#1449,.F.);
#4553 = PLANE('',#4554);
#4554 = AXIS2_PLACEMENT_3D('',#4555,#4556,#4557);
#4555 = CARTESIAN_POINT('',(-66.09807621135,16.5,10.));
#4556 = DIRECTION('',(-1.,0.,0.));
#4557 = DIRECTION('',(0.,-1.,0.));
#4558 = ADVANCED_FACE('',(#4559),#4577,.F.);
#4559 = FACE_BOUND('',#4560,.F.);
#4560 = EDGE_LOOP('',(#4561,#4562,#4570,#4576));
#4561 = ORIENTED_EDGE('',*,*,#4523,.T.);
#4562 = ORIENTED_EDGE('',*,*,#4563,.T.);
#4563 = EDGE_CURVE('',#4516,#4564,#4566,.T.);
#4564 = VERTEX_POINT('',#4565);
#4565 = CARTESIAN_POINT('',(-63.5,18.,7.));
#4566 = LINE('',#4567,#4568);
#4567 = CARTESIAN_POINT('',(-60.90192378864,16.5,7.));
#4568 = VECTOR('',#4569,1.);
#4569 = DIRECTION('',(-0.866025403784,0.5,0.));
#4570 = ORIENTED_EDGE('',*,*,#4571,.F.);
#4571 = EDGE_CURVE('',#1458,#4564,#4572,.T.);
#4572 = LINE('',#4573,#4574);
#4573 = CARTESIAN_POINT('',(-63.5,18.,10.));
#4574 = VECTOR('',#4575,1.);
#4575 = DIRECTION('',(-0.,-0.,-1.));
#4576 = ORIENTED_EDGE('',*,*,#1465,.F.);
#4577 = PLANE('',#4578);
#4578 = AXIS2_PLACEMENT_3D('',#4579,#4580,#4581);
#4579 = CARTESIAN_POINT('',(-60.90192378864,16.5,10.));
#4580 = DIRECTION('',(0.5,0.866025403784,0.));
#4581 = DIRECTION('',(-0.866025403784,0.5,0.));
#4582 = ADVANCED_FACE('',(#4583),#4594,.F.);
#4583 = FACE_BOUND('',#4584,.F.);
#4584 = EDGE_LOOP('',(#4585,#4586,#4592,#4593));
#4585 = ORIENTED_EDGE('',*,*,#4571,.T.);
#4586 = ORIENTED_EDGE('',*,*,#4587,.T.);
#4587 = EDGE_CURVE('',#4564,#4539,#4588,.T.);
#4588 = LINE('',#4589,#4590);
#4589 = CARTESIAN_POINT('',(-63.5,18.,7.));
#4590 = VECTOR('',#4591,1.);
#4591 = DIRECTION('',(-0.866025403784,-0.5,0.));
#4592 = ORIENTED_EDGE('',*,*,#4538,.F.);
#4593 = ORIENTED_EDGE('',*,*,#1457,.F.);
#4594 = PLANE('',#4595);
#4595 = AXIS2_PLACEMENT_3D('',#4596,#4597,#4598);
#4596 = CARTESIAN_POINT('',(-63.5,18.,10.));
#4597 = DIRECTION('',(-0.5,0.866025403784,0.));
#4598 = DIRECTION('',(-0.866025403784,-0.5,0.));
#4599 = ADVANCED_FACE('',(#4600),#4625,.F.);
#4600 = FACE_BOUND('',#4601,.F.);
#4601 = EDGE_LOOP('',(#4602,#4610,#4618,#4624));
#4602 = ORIENTED_EDGE('',*,*,#4603,.T.);
#4603 = EDGE_CURVE('',#1482,#4604,#4606,.T.);
#4604 = VERTEX_POINT('',#4605);
#4605 = CARTESIAN_POINT('',(-37.49999999999,15.,7.));
#4606 = LINE('',#4607,#4608);
#4607 = CARTESIAN_POINT('',(-37.49999999999,15.,10.));
#4608 = VECTOR('',#4609,1.);
#4609 = DIRECTION('',(-0.,-0.,-1.));
#4610 = ORIENTED_EDGE('',*,*,#4611,.T.);
#4611 = EDGE_CURVE('',#4604,#4612,#4614,.T.);
#4612 = VERTEX_POINT('',#4613);
#4613 = CARTESIAN_POINT('',(-40.09807621136,13.500000000005,7.));
#4614 = LINE('',#4615,#4616);
#4615 = CARTESIAN_POINT('',(-37.49999999999,15.,7.));
#4616 = VECTOR('',#4617,1.);
#4617 = DIRECTION('',(-0.866025403786,-0.499999999997,0.));
#4618 = ORIENTED_EDGE('',*,*,#4619,.F.);
#4619 = EDGE_CURVE('',#1484,#4612,#4620,.T.);
#4620 = LINE('',#4621,#4622);
#4621 = CARTESIAN_POINT('',(-40.09807621136,13.500000000005,10.));
#4622 = VECTOR('',#4623,1.);
#4623 = DIRECTION('',(-0.,-0.,-1.));
#4624 = ORIENTED_EDGE('',*,*,#1481,.F.);
#4625 = PLANE('',#4626);
#4626 = AXIS2_PLACEMENT_3D('',#4627,#4628,#4629);
#4627 = CARTESIAN_POINT('',(-37.49999999999,15.,10.));
#4628 = DIRECTION('',(-0.499999999997,0.866025403786,0.));
#4629 = DIRECTION('',(-0.866025403786,-0.499999999997,0.));
#4630 = ADVANCED_FACE('',(#4631),#4649,.F.);
#4631 = FACE_BOUND('',#4632,.F.);
#4632 = EDGE_LOOP('',(#4633,#4641,#4647,#4648));
#4633 = ORIENTED_EDGE('',*,*,#4634,.T.);
#4634 = EDGE_CURVE('',#1492,#4635,#4637,.T.);
#4635 = VERTEX_POINT('',#4636);
#4636 = CARTESIAN_POINT('',(-34.90192378863,13.500000000002,7.));
#4637 = LINE('',#4638,#4639);
#4638 = CARTESIAN_POINT('',(-34.90192378863,13.500000000002,10.));
#4639 = VECTOR('',#4640,1.);
#4640 = DIRECTION('',(-0.,-0.,-1.));
#4641 = ORIENTED_EDGE('',*,*,#4642,.T.);
#4642 = EDGE_CURVE('',#4635,#4604,#4643,.T.);
#4643 = LINE('',#4644,#4645);
#4644 = CARTESIAN_POINT('',(-34.90192378863,13.500000000002,7.));
#4645 = VECTOR('',#4646,1.);
#4646 = DIRECTION('',(-0.866025403785,0.499999999998,0.));
#4647 = ORIENTED_EDGE('',*,*,#4603,.F.);
#4648 = ORIENTED_EDGE('',*,*,#1491,.F.);
#4649 = PLANE('',#4650);
#4650 = AXIS2_PLACEMENT_3D('',#4651,#4652,#4653);
#4651 = CARTESIAN_POINT('',(-34.90192378863,13.500000000002,10.));
#4652 = DIRECTION('',(0.499999999998,0.866025403785,0.));
#4653 = DIRECTION('',(-0.866025403785,0.499999999998,0.));
#4654 = ADVANCED_FACE('',(#4655),#4673,.F.);
#4655 = FACE_BOUND('',#4656,.F.);
#4656 = EDGE_LOOP('',(#4657,#4658,#4666,#4672));
#4657 = ORIENTED_EDGE('',*,*,#4619,.T.);
#4658 = ORIENTED_EDGE('',*,*,#4659,.T.);
#4659 = EDGE_CURVE('',#4612,#4660,#4662,.T.);
#4660 = VERTEX_POINT('',#4661);
#4661 = CARTESIAN_POINT('',(-40.09807621135,10.5,7.));
#4662 = LINE('',#4663,#4664);
#4663 = CARTESIAN_POINT('',(-40.09807621136,13.500000000005,7.));
#4664 = VECTOR('',#4665,1.);
#4665 = DIRECTION('',(1.3903E-12,-1.,0.));
#4666 = ORIENTED_EDGE('',*,*,#4667,.F.);
#4667 = EDGE_CURVE('',#1516,#4660,#4668,.T.);
#4668 = LINE('',#4669,#4670);
#4669 = CARTESIAN_POINT('',(-40.09807621135,10.5,10.));
#4670 = VECTOR('',#4671,1.);
#4671 = DIRECTION('',(-0.,-0.,-1.));
#4672 = ORIENTED_EDGE('',*,*,#1523,.F.);
#4673 = PLANE('',#4674);
#4674 = AXIS2_PLACEMENT_3D('',#4675,#4676,#4677);
#4675 = CARTESIAN_POINT('',(-40.09807621136,13.500000000005,10.));
#4676 = DIRECTION('',(-1.,-1.3903E-12,0.));
#4677 = DIRECTION('',(1.3903E-12,-1.,0.));
#4678 = ADVANCED_FACE('',(#4679),#4697,.F.);
#4679 = FACE_BOUND('',#4680,.F.);
#4680 = EDGE_LOOP('',(#4681,#4689,#4695,#4696));
#4681 = ORIENTED_EDGE('',*,*,#4682,.T.);
#4682 = EDGE_CURVE('',#1500,#4683,#4685,.T.);
#4683 = VERTEX_POINT('',#4684);
#4684 = CARTESIAN_POINT('',(-34.90192378863,10.499999999997,7.));
#4685 = LINE('',#4686,#4687);
#4686 = CARTESIAN_POINT('',(-34.90192378863,10.499999999997,10.));
#4687 = VECTOR('',#4688,1.);
#4688 = DIRECTION('',(-0.,-0.,-1.));
#4689 = ORIENTED_EDGE('',*,*,#4690,.T.);
#4690 = EDGE_CURVE('',#4683,#4635,#4691,.T.);
#4691 = LINE('',#4692,#4693);
#4692 = CARTESIAN_POINT('',(-34.90192378863,10.499999999997,7.));
#4693 = VECTOR('',#4694,1.);
#4694 = DIRECTION('',(-2.9843E-13,1.,0.));
#4695 = ORIENTED_EDGE('',*,*,#4634,.F.);
#4696 = ORIENTED_EDGE('',*,*,#1499,.F.);
#4697 = PLANE('',#4698);
#4698 = AXIS2_PLACEMENT_3D('',#4699,#4700,#4701);
#4699 = CARTESIAN_POINT('',(-34.90192378863,10.499999999997,10.));
#4700 = DIRECTION('',(1.,2.9843E-13,0.));
#4701 = DIRECTION('',(-2.9843E-13,1.,0.));
#4702 = ADVANCED_FACE('',(#4703),#4721,.F.);
#4703 = FACE_BOUND('',#4704,.F.);
#4704 = EDGE_LOOP('',(#4705,#4706,#4714,#4720));
#4705 = ORIENTED_EDGE('',*,*,#4667,.T.);
#4706 = ORIENTED_EDGE('',*,*,#4707,.T.);
#4707 = EDGE_CURVE('',#4660,#4708,#4710,.T.);
#4708 = VERTEX_POINT('',#4709);
#4709 = CARTESIAN_POINT('',(-37.49999999999,9.,7.));
#4710 = LINE('',#4711,#4712);
#4711 = CARTESIAN_POINT('',(-40.09807621135,10.5,7.));
#4712 = VECTOR('',#4713,1.);
#4713 = DIRECTION('',(0.866025403785,-0.499999999999,0.));
#4714 = ORIENTED_EDGE('',*,*,#4715,.F.);
#4715 = EDGE_CURVE('',#1508,#4708,#4716,.T.);
#4716 = LINE('',#4717,#4718);
#4717 = CARTESIAN_POINT('',(-37.49999999999,9.,10.));
#4718 = VECTOR('',#4719,1.);
#4719 = DIRECTION('',(-0.,-0.,-1.));
#4720 = ORIENTED_EDGE('',*,*,#1515,.F.);
#4721 = PLANE('',#4722);
#4722 = AXIS2_PLACEMENT_3D('',#4723,#4724,#4725);
#4723 = CARTESIAN_POINT('',(-40.09807621135,10.5,10.));
#4724 = DIRECTION('',(-0.499999999999,-0.866025403785,0.));
#4725 = DIRECTION('',(0.866025403785,-0.499999999999,0.));
#4726 = ADVANCED_FACE('',(#4727),#4738,.F.);
#4727 = FACE_BOUND('',#4728,.F.);
#4728 = EDGE_LOOP('',(#4729,#4730,#4736,#4737));
#4729 = ORIENTED_EDGE('',*,*,#4715,.T.);
#4730 = ORIENTED_EDGE('',*,*,#4731,.T.);
#4731 = EDGE_CURVE('',#4708,#4683,#4732,.T.);
#4732 = LINE('',#4733,#4734);
#4733 = CARTESIAN_POINT('',(-37.49999999999,9.,7.));
#4734 = VECTOR('',#4735,1.);
#4735 = DIRECTION('',(0.866025403786,0.499999999998,0.));
#4736 = ORIENTED_EDGE('',*,*,#4682,.F.);
#4737 = ORIENTED_EDGE('',*,*,#1507,.F.);
#4738 = PLANE('',#4739);
#4739 = AXIS2_PLACEMENT_3D('',#4740,#4741,#4742);
#4740 = CARTESIAN_POINT('',(-37.49999999999,9.,10.));
#4741 = DIRECTION('',(0.499999999998,-0.866025403786,0.));
#4742 = DIRECTION('',(0.866025403786,0.499999999998,0.));
#4743 = ADVANCED_FACE('',(#4744),#4763,.F.);
#4744 = FACE_BOUND('',#4745,.T.);
#4745 = EDGE_LOOP('',(#4746,#4755,#4761,#4762));
#4746 = ORIENTED_EDGE('',*,*,#4747,.T.);
#4747 = EDGE_CURVE('',#4748,#4748,#4750,.T.);
#4748 = VERTEX_POINT('',#4749);
#4749 = CARTESIAN_POINT('',(-45.1,24.5,7.5));
#4750 = CIRCLE('',#4751,1.4);
#4751 = AXIS2_PLACEMENT_3D('',#4752,#4753,#4754);
#4752 = CARTESIAN_POINT('',(-46.5,24.5,7.5));
#4753 = DIRECTION('',(0.,0.,-1.));
#4754 = DIRECTION('',(1.,0.,0.));
#4755 = ORIENTED_EDGE('',*,*,#4756,.T.);
#4756 = EDGE_CURVE('',#4748,#1566,#4757,.T.);
#4757 = LINE('',#4758,#4759);
#4758 = CARTESIAN_POINT('',(-45.1,24.5,5.));
#4759 = VECTOR('',#4760,1.);
#4760 = DIRECTION('',(0.,0.,1.));
#4761 = ORIENTED_EDGE('',*,*,#1565,.T.);
#4762 = ORIENTED_EDGE('',*,*,#4756,.F.);
#4763 = CYLINDRICAL_SURFACE('',#4764,1.4);
#4764 = AXIS2_PLACEMENT_3D('',#4765,#4766,#4767);
#4765 = CARTESIAN_POINT('',(-46.5,24.5,5.));
#4766 = DIRECTION('',(-0.,-0.,-1.));
#4767 = DIRECTION('',(1.,0.,0.));
#4768 = ADVANCED_FACE('',(#4769),#4794,.F.);
#4769 = FACE_BOUND('',#4770,.F.);
#4770 = EDGE_LOOP('',(#4771,#4779,#4787,#4793));
#4771 = ORIENTED_EDGE('',*,*,#4772,.T.);
#4772 = EDGE_CURVE('',#1611,#4773,#4775,.T.);
#4773 = VERTEX_POINT('',#4774);
#4774 = CARTESIAN_POINT('',(2.500000000003,15.,7.));
#4775 = LINE('',#4776,#4777);
#4776 = CARTESIAN_POINT('',(2.500000000003,15.,10.));
#4777 = VECTOR('',#4778,1.);
#4778 = DIRECTION('',(-0.,-0.,-1.));
#4779 = ORIENTED_EDGE('',*,*,#4780,.T.);
#4780 = EDGE_CURVE('',#4773,#4781,#4783,.T.);
#4781 = VERTEX_POINT('',#4782);
#4782 = CARTESIAN_POINT('',(-9.807621136299E-02,13.500000000005,7.));
#4783 = LINE('',#4784,#4785);
#4784 = CARTESIAN_POINT('',(2.500000000003,15.,7.));
#4785 = VECTOR('',#4786,1.);
#4786 = DIRECTION('',(-0.866025403786,-0.499999999997,0.));
#4787 = ORIENTED_EDGE('',*,*,#4788,.F.);
#4788 = EDGE_CURVE('',#1613,#4781,#4789,.T.);
#4789 = LINE('',#4790,#4791);
#4790 = CARTESIAN_POINT('',(-9.807621136299E-02,13.500000000005,10.));
#4791 = VECTOR('',#4792,1.);
#4792 = DIRECTION('',(-0.,-0.,-1.));
#4793 = ORIENTED_EDGE('',*,*,#1610,.F.);
#4794 = PLANE('',#4795);
#4795 = AXIS2_PLACEMENT_3D('',#4796,#4797,#4798);
#4796 = CARTESIAN_POINT('',(2.500000000003,15.,10.));
#4797 = DIRECTION('',(-0.499999999997,0.866025403786,0.));
#4798 = DIRECTION('',(-0.866025403786,-0.499999999997,0.));
#4799 = ADVANCED_FACE('',(#4800),#4818,.F.);
#4800 = FACE_BOUND('',#4801,.F.);
#4801 = EDGE_LOOP('',(#4802,#4810,#4816,#4817));
#4802 = ORIENTED_EDGE('',*,*,#4803,.T.);
#4803 = EDGE_CURVE('',#1621,#4804,#4806,.T.);
#4804 = VERTEX_POINT('',#4805);
#4805 = CARTESIAN_POINT('',(5.098076211363,13.500000000002,7.));
#4806 = LINE('',#4807,#4808);
#4807 = CARTESIAN_POINT('',(5.098076211363,13.500000000002,10.));
#4808 = VECTOR('',#4809,1.);
#4809 = DIRECTION('',(-0.,-0.,-1.));
#4810 = ORIENTED_EDGE('',*,*,#4811,.T.);
#4811 = EDGE_CURVE('',#4804,#4773,#4812,.T.);
#4812 = LINE('',#4813,#4814);
#4813 = CARTESIAN_POINT('',(5.098076211363,13.500000000002,7.));
#4814 = VECTOR('',#4815,1.);
#4815 = DIRECTION('',(-0.866025403785,0.499999999998,0.));
#4816 = ORIENTED_EDGE('',*,*,#4772,.F.);
#4817 = ORIENTED_EDGE('',*,*,#1620,.F.);
#4818 = PLANE('',#4819);
#4819 = AXIS2_PLACEMENT_3D('',#4820,#4821,#4822);
#4820 = CARTESIAN_POINT('',(5.098076211363,13.500000000002,10.));
#4821 = DIRECTION('',(0.499999999998,0.866025403785,0.));
#4822 = DIRECTION('',(-0.866025403785,0.499999999998,0.));
#4823 = ADVANCED_FACE('',(#4824),#4842,.F.);
#4824 = FACE_BOUND('',#4825,.F.);
#4825 = EDGE_LOOP('',(#4826,#4827,#4835,#4841));
#4826 = ORIENTED_EDGE('',*,*,#4788,.T.);
#4827 = ORIENTED_EDGE('',*,*,#4828,.T.);
#4828 = EDGE_CURVE('',#4781,#4829,#4831,.T.);
#4829 = VERTEX_POINT('',#4830);
#4830 = CARTESIAN_POINT('',(-9.807621135882E-02,10.5,7.));
#4831 = LINE('',#4832,#4833);
#4832 = CARTESIAN_POINT('',(-9.807621136299E-02,13.500000000005,7.));
#4833 = VECTOR('',#4834,1.);
#4834 = DIRECTION('',(1.39071E-12,-1.,0.));
#4835 = ORIENTED_EDGE('',*,*,#4836,.F.);
#4836 = EDGE_CURVE('',#1645,#4829,#4837,.T.);
#4837 = LINE('',#4838,#4839);
#4838 = CARTESIAN_POINT('',(-9.807621135882E-02,10.5,10.));
#4839 = VECTOR('',#4840,1.);
#4840 = DIRECTION('',(-0.,-0.,-1.));
#4841 = ORIENTED_EDGE('',*,*,#1652,.F.);
#4842 = PLANE('',#4843);
#4843 = AXIS2_PLACEMENT_3D('',#4844,#4845,#4846);
#4844 = CARTESIAN_POINT('',(-9.807621136299E-02,13.500000000005,10.));
#4845 = DIRECTION('',(-1.,-1.39071E-12,0.));
#4846 = DIRECTION('',(1.39071E-12,-1.,0.));
#4847 = ADVANCED_FACE('',(#4848),#4866,.F.);
#4848 = FACE_BOUND('',#4849,.F.);
#4849 = EDGE_LOOP('',(#4850,#4858,#4864,#4865));
#4850 = ORIENTED_EDGE('',*,*,#4851,.T.);
#4851 = EDGE_CURVE('',#1629,#4852,#4854,.T.);
#4852 = VERTEX_POINT('',#4853);
#4853 = CARTESIAN_POINT('',(5.098076211364,10.499999999997,7.));
#4854 = LINE('',#4855,#4856);
#4855 = CARTESIAN_POINT('',(5.098076211364,10.499999999997,10.));
#4856 = VECTOR('',#4857,1.);
#4857 = DIRECTION('',(-0.,-0.,-1.));
#4858 = ORIENTED_EDGE('',*,*,#4859,.T.);
#4859 = EDGE_CURVE('',#4852,#4804,#4860,.T.);
#4860 = LINE('',#4861,#4862);
#4861 = CARTESIAN_POINT('',(5.098076211364,10.499999999997,7.));
#4862 = VECTOR('',#4863,1.);
#4863 = DIRECTION('',(-2.9872E-13,1.,0.));
#4864 = ORIENTED_EDGE('',*,*,#4803,.F.);
#4865 = ORIENTED_EDGE('',*,*,#1628,.F.);
#4866 = PLANE('',#4867);
#4867 = AXIS2_PLACEMENT_3D('',#4868,#4869,#4870);
#4868 = CARTESIAN_POINT('',(5.098076211364,10.499999999997,10.));
#4869 = DIRECTION('',(1.,2.9872E-13,0.));
#4870 = DIRECTION('',(-2.9872E-13,1.,0.));
#4871 = ADVANCED_FACE('',(#4872),#4890,.F.);
#4872 = FACE_BOUND('',#4873,.F.);
#4873 = EDGE_LOOP('',(#4874,#4875,#4883,#4889));
#4874 = ORIENTED_EDGE('',*,*,#4836,.T.);
#4875 = ORIENTED_EDGE('',*,*,#4876,.T.);
#4876 = EDGE_CURVE('',#4829,#4877,#4879,.T.);
#4877 = VERTEX_POINT('',#4878);
#4878 = CARTESIAN_POINT('',(2.500000000001,9.,7.));
#4879 = LINE('',#4880,#4881);
#4880 = CARTESIAN_POINT('',(-9.807621135882E-02,10.5,7.));
#4881 = VECTOR('',#4882,1.);
#4882 = DIRECTION('',(0.866025403785,-0.499999999999,0.));
#4883 = ORIENTED_EDGE('',*,*,#4884,.F.);
#4884 = EDGE_CURVE('',#1637,#4877,#4885,.T.);
#4885 = LINE('',#4886,#4887);
#4886 = CARTESIAN_POINT('',(2.500000000001,9.,10.));
#4887 = VECTOR('',#4888,1.);
#4888 = DIRECTION('',(-0.,-0.,-1.));
#4889 = ORIENTED_EDGE('',*,*,#1644,.F.);
#4890 = PLANE('',#4891);
#4891 = AXIS2_PLACEMENT_3D('',#4892,#4893,#4894);
#4892 = CARTESIAN_POINT('',(-9.807621135882E-02,10.5,10.));
#4893 = DIRECTION('',(-0.499999999999,-0.866025403785,0.));
#4894 = DIRECTION('',(0.866025403785,-0.499999999999,0.));
#4895 = ADVANCED_FACE('',(#4896),#4907,.F.);
#4896 = FACE_BOUND('',#4897,.F.);
#4897 = EDGE_LOOP('',(#4898,#4899,#4905,#4906));
#4898 = ORIENTED_EDGE('',*,*,#4884,.T.);
#4899 = ORIENTED_EDGE('',*,*,#4900,.T.);
#4900 = EDGE_CURVE('',#4877,#4852,#4901,.T.);
#4901 = LINE('',#4902,#4903);
#4902 = CARTESIAN_POINT('',(2.500000000001,9.,7.));
#4903 = VECTOR('',#4904,1.);
#4904 = DIRECTION('',(0.866025403786,0.499999999998,0.));
#4905 = ORIENTED_EDGE('',*,*,#4851,.F.);
#4906 = ORIENTED_EDGE('',*,*,#1636,.F.);
#4907 = PLANE('',#4908);
#4908 = AXIS2_PLACEMENT_3D('',#4909,#4910,#4911);
#4909 = CARTESIAN_POINT('',(2.500000000001,9.,10.));
#4910 = DIRECTION('',(0.499999999998,-0.866025403786,0.));
#4911 = DIRECTION('',(0.866025403786,0.499999999998,0.));
#4912 = ADVANCED_FACE('',(#4913),#4931,.F.);
#4913 = FACE_BOUND('',#4914,.T.);
#4914 = EDGE_LOOP('',(#4915,#4916,#4923,#4930));
#4915 = ORIENTED_EDGE('',*,*,#1730,.T.);
#4916 = ORIENTED_EDGE('',*,*,#4917,.T.);
#4917 = EDGE_CURVE('',#1731,#4918,#4920,.T.);
#4918 = VERTEX_POINT('',#4919);
#4919 = CARTESIAN_POINT('',(-7.5,43.,9.));
#4920 = B_SPLINE_CURVE_WITH_KNOTS('',1,(#4921,#4922),.UNSPECIFIED.,.F.,
  .F.,(2,2),(0.,1.),.PIECEWISE_BEZIER_KNOTS.);
#4921 = CARTESIAN_POINT('',(-6.5,43.,10.));
#4922 = CARTESIAN_POINT('',(-7.5,43.,9.));
#4923 = ORIENTED_EDGE('',*,*,#4924,.F.);
#4924 = EDGE_CURVE('',#4918,#4918,#4925,.T.);
#4925 = CIRCLE('',#4926,1.5);
#4926 = AXIS2_PLACEMENT_3D('',#4927,#4928,#4929);
#4927 = CARTESIAN_POINT('',(-9.,43.,9.));
#4928 = DIRECTION('',(0.,0.,1.));
#4929 = DIRECTION('',(1.,0.,0.));
#4930 = ORIENTED_EDGE('',*,*,#4917,.F.);
#4931 = CONICAL_SURFACE('',#4932,2.5,0.785398163397);
#4932 = AXIS2_PLACEMENT_3D('',#4933,#4934,#4935);
#4933 = CARTESIAN_POINT('',(-9.,43.,10.));
#4934 = DIRECTION('',(0.,0.,1.));
#4935 = DIRECTION('',(1.,0.,0.));
#4936 = ADVANCED_FACE('',(#4937),#4956,.F.);
#4937 = FACE_BOUND('',#4938,.T.);
#4938 = EDGE_LOOP('',(#4939,#4948,#4954,#4955));
#4939 = ORIENTED_EDGE('',*,*,#4940,.T.);
#4940 = EDGE_CURVE('',#4941,#4941,#4943,.T.);
#4941 = VERTEX_POINT('',#4942);
#4942 = CARTESIAN_POINT('',(12.9,24.5,7.5));
#4943 = CIRCLE('',#4944,1.4);
#4944 = AXIS2_PLACEMENT_3D('',#4945,#4946,#4947);
#4945 = CARTESIAN_POINT('',(11.5,24.5,7.5));
#4946 = DIRECTION('',(0.,0.,-1.));
#4947 = DIRECTION('',(1.,0.,0.));
#4948 = ORIENTED_EDGE('',*,*,#4949,.T.);
#4949 = EDGE_CURVE('',#4941,#1742,#4950,.T.);
#4950 = LINE('',#4951,#4952);
#4951 = CARTESIAN_POINT('',(12.9,24.5,5.));
#4952 = VECTOR('',#4953,1.);
#4953 = DIRECTION('',(0.,0.,1.));
#4954 = ORIENTED_EDGE('',*,*,#1741,.T.);
#4955 = ORIENTED_EDGE('',*,*,#4949,.F.);
#4956 = CYLINDRICAL_SURFACE('',#4957,1.4);
#4957 = AXIS2_PLACEMENT_3D('',#4958,#4959,#4960);
#4958 = CARTESIAN_POINT('',(11.5,24.5,5.));
#4959 = DIRECTION('',(-0.,-0.,-1.));
#4960 = DIRECTION('',(1.,0.,0.));
#4961 = ADVANCED_FACE('',(#4962),#4980,.F.);
#4962 = FACE_BOUND('',#4963,.T.);
#4963 = EDGE_LOOP('',(#4964,#4965,#4972,#4979));
#4964 = ORIENTED_EDGE('',*,*,#1786,.T.);
#4965 = ORIENTED_EDGE('',*,*,#4966,.T.);
#4966 = EDGE_CURVE('',#1787,#4967,#4969,.T.);
#4967 = VERTEX_POINT('',#4968);
#4968 = CARTESIAN_POINT('',(10.5,43.,9.));
#4969 = B_SPLINE_CURVE_WITH_KNOTS('',1,(#4970,#4971),.UNSPECIFIED.,.F.,
  .F.,(2,2),(0.,1.),.PIECEWISE_BEZIER_KNOTS.);
#4970 = CARTESIAN_POINT('',(11.5,43.,10.));
#4971 = CARTESIAN_POINT('',(10.5,43.,9.));
#4972 = ORIENTED_EDGE('',*,*,#4973,.F.);
#4973 = EDGE_CURVE('',#4967,#4967,#4974,.T.);
#4974 = CIRCLE('',#4975,1.5);
#4975 = AXIS2_PLACEMENT_3D('',#4976,#4977,#4978);
#4976 = CARTESIAN_POINT('',(9.,43.,9.));
#4977 = DIRECTION('',(0.,0.,1.));
#4978 = DIRECTION('',(1.,0.,0.));
#4979 = ORIENTED_EDGE('',*,*,#4966,.F.);
#4980 = CONICAL_SURFACE('',#4981,2.5,0.785398163397);
#4981 = AXIS2_PLACEMENT_3D('',#4982,#4983,#4984);
#4982 = CARTESIAN_POINT('',(9.,43.,10.));
#4983 = DIRECTION('',(0.,0.,1.));
#4984 = DIRECTION('',(1.,0.,0.));
#4985 = ADVANCED_FACE('',(#4986,#4994),#4997,.F.);
#4986 = FACE_BOUND('',#4987,.F.);
#4987 = EDGE_LOOP('',(#4988,#4989,#4990,#4991,#4992,#4993));
#4988 = ORIENTED_EDGE('',*,*,#2213,.F.);
#4989 = ORIENTED_EDGE('',*,*,#2093,.F.);
#4990 = ORIENTED_EDGE('',*,*,#2124,.F.);
#4991 = ORIENTED_EDGE('',*,*,#2148,.F.);
#4992 = ORIENTED_EDGE('',*,*,#2172,.F.);
#4993 = ORIENTED_EDGE('',*,*,#2196,.F.);
#4994 = FACE_BOUND('',#4995,.F.);
#4995 = EDGE_LOOP('',(#4996));
#4996 = ORIENTED_EDGE('',*,*,#3641,.T.);
#4997 = PLANE('',#4998);
#4998 = AXIS2_PLACEMENT_3D('',#4999,#5000,#5001);
#4999 = CARTESIAN_POINT('',(-17.5,0.,7.5));
#5000 = DIRECTION('',(0.,0.,1.));
#5001 = DIRECTION('',(1.,0.,0.));
#5002 = ADVANCED_FACE('',(#5003,#5011),#5014,.T.);
#5003 = FACE_BOUND('',#5004,.T.);
#5004 = EDGE_LOOP('',(#5005,#5006,#5007,#5008,#5009,#5010));
#5005 = ORIENTED_EDGE('',*,*,#3674,.T.);
#5006 = ORIENTED_EDGE('',*,*,#3722,.T.);
#5007 = ORIENTED_EDGE('',*,*,#3770,.T.);
#5008 = ORIENTED_EDGE('',*,*,#3794,.T.);
#5009 = ORIENTED_EDGE('',*,*,#3753,.T.);
#5010 = ORIENTED_EDGE('',*,*,#3705,.T.);
#5011 = FACE_BOUND('',#5012,.T.);
#5012 = EDGE_LOOP('',(#5013));
#5013 = ORIENTED_EDGE('',*,*,#2238,.T.);
#5014 = PLANE('',#5015);
#5015 = AXIS2_PLACEMENT_3D('',#5016,#5017,#5018);
#5016 = CARTESIAN_POINT('',(-45.49999999997,2.28536E-12,7.));
#5017 = DIRECTION('',(0.,0.,1.));
#5018 = DIRECTION('',(1.,0.,0.));
#5019 = ADVANCED_FACE('',(#5020,#5028),#5031,.T.);
#5020 = FACE_BOUND('',#5021,.T.);
#5021 = EDGE_LOOP('',(#5022,#5023,#5024,#5025,#5026,#5027));
#5022 = ORIENTED_EDGE('',*,*,#3818,.T.);
#5023 = ORIENTED_EDGE('',*,*,#3866,.T.);
#5024 = ORIENTED_EDGE('',*,*,#3914,.T.);
#5025 = ORIENTED_EDGE('',*,*,#3938,.T.);
#5026 = ORIENTED_EDGE('',*,*,#3897,.T.);
#5027 = ORIENTED_EDGE('',*,*,#3849,.T.);
#5028 = FACE_BOUND('',#5029,.T.);
#5029 = EDGE_LOOP('',(#5030));
#5030 = ORIENTED_EDGE('',*,*,#2263,.T.);
#5031 = PLANE('',#5032);
#5032 = AXIS2_PLACEMENT_3D('',#5033,#5034,#5035);
#5033 = CARTESIAN_POINT('',(-45.49999999997,2.28536E-12,7.));
#5034 = DIRECTION('',(0.,0.,1.));
#5035 = DIRECTION('',(1.,0.,0.));
#5036 = ADVANCED_FACE('',(#5037,#5045),#5048,.T.);
#5037 = FACE_BOUND('',#5038,.T.);
#5038 = EDGE_LOOP('',(#5039,#5040,#5041,#5042,#5043,#5044));
#5039 = ORIENTED_EDGE('',*,*,#3962,.T.);
#5040 = ORIENTED_EDGE('',*,*,#4010,.T.);
#5041 = ORIENTED_EDGE('',*,*,#4058,.T.);
#5042 = ORIENTED_EDGE('',*,*,#4082,.T.);
#5043 = ORIENTED_EDGE('',*,*,#4041,.T.);
#5044 = ORIENTED_EDGE('',*,*,#3993,.T.);
#5045 = FACE_BOUND('',#5046,.T.);
#5046 = EDGE_LOOP('',(#5047));
#5047 = ORIENTED_EDGE('',*,*,#2288,.T.);
#5048 = PLANE('',#5049);
#5049 = AXIS2_PLACEMENT_3D('',#5050,#5051,#5052);
#5050 = CARTESIAN_POINT('',(-45.49999999997,2.28536E-12,7.));
#5051 = DIRECTION('',(0.,0.,1.));
#5052 = DIRECTION('',(1.,0.,0.));
#5053 = ADVANCED_FACE('',(#5054,#5057),#5060,.T.);
#5054 = FACE_BOUND('',#5055,.T.);
#5055 = EDGE_LOOP('',(#5056));
#5056 = ORIENTED_EDGE('',*,*,#4106,.T.);
#5057 = FACE_BOUND('',#5058,.T.);
#5058 = EDGE_LOOP('',(#5059));
#5059 = ORIENTED_EDGE('',*,*,#2313,.T.);
#5060 = PLANE('',#5061);
#5061 = AXIS2_PLACEMENT_3D('',#5062,#5063,#5064);
#5062 = CARTESIAN_POINT('',(-9.,-43.,9.));
#5063 = DIRECTION('',(0.,0.,1.));
#5064 = DIRECTION('',(1.,0.,-0.));
#5065 = ADVANCED_FACE('',(#5066,#5069),#5072,.T.);
#5066 = FACE_BOUND('',#5067,.T.);
#5067 = EDGE_LOOP('',(#5068));
#5068 = ORIENTED_EDGE('',*,*,#4130,.T.);
#5069 = FACE_BOUND('',#5070,.T.);
#5070 = EDGE_LOOP('',(#5071));
#5071 = ORIENTED_EDGE('',*,*,#2474,.T.);
#5072 = PLANE('',#5073);
#5073 = AXIS2_PLACEMENT_3D('',#5074,#5075,#5076);
#5074 = CARTESIAN_POINT('',(9.,-43.,9.));
#5075 = DIRECTION('',(0.,0.,1.));
#5076 = DIRECTION('',(1.,0.,-0.));
#5077 = ADVANCED_FACE('',(#5078,#5086),#5089,.F.);
#5078 = FACE_BOUND('',#5079,.F.);
#5079 = EDGE_LOOP('',(#5080,#5081,#5082,#5083,#5084,#5085));
#5080 = ORIENTED_EDGE('',*,*,#2618,.F.);
#5081 = ORIENTED_EDGE('',*,*,#2498,.F.);
#5082 = ORIENTED_EDGE('',*,*,#2529,.F.);
#5083 = ORIENTED_EDGE('',*,*,#2553,.F.);
#5084 = ORIENTED_EDGE('',*,*,#2577,.F.);
#5085 = ORIENTED_EDGE('',*,*,#2601,.F.);
#5086 = FACE_BOUND('',#5087,.F.);
#5087 = EDGE_LOOP('',(#5088));
#5088 = ORIENTED_EDGE('',*,*,#4146,.T.);
#5089 = PLANE('',#5090);
#5090 = AXIS2_PLACEMENT_3D('',#5091,#5092,#5093);
#5091 = CARTESIAN_POINT('',(-17.5,0.,7.5));
#5092 = DIRECTION('',(0.,0.,1.));
#5093 = DIRECTION('',(1.,0.,0.));
#5094 = ADVANCED_FACE('',(#5095,#5103),#5106,.T.);
#5095 = FACE_BOUND('',#5096,.T.);
#5096 = EDGE_LOOP('',(#5097,#5098,#5099,#5100,#5101,#5102));
#5097 = ORIENTED_EDGE('',*,*,#4179,.T.);
#5098 = ORIENTED_EDGE('',*,*,#4227,.T.);
#5099 = ORIENTED_EDGE('',*,*,#4275,.T.);
#5100 = ORIENTED_EDGE('',*,*,#4299,.T.);
#5101 = ORIENTED_EDGE('',*,*,#4258,.T.);
#5102 = ORIENTED_EDGE('',*,*,#4210,.T.);
#5103 = FACE_BOUND('',#5104,.T.);
#5104 = EDGE_LOOP('',(#5105));
#5105 = ORIENTED_EDGE('',*,*,#2711,.T.);
#5106 = PLANE('',#5107);
#5107 = AXIS2_PLACEMENT_3D('',#5108,#5109,#5110);
#5108 = CARTESIAN_POINT('',(-45.49999999997,2.28536E-12,7.));
#5109 = DIRECTION('',(0.,0.,1.));
#5110 = DIRECTION('',(1.,0.,0.));
#5111 = ADVANCED_FACE('',(#5112,#5120),#5123,.T.);
#5112 = FACE_BOUND('',#5113,.T.);
#5113 = EDGE_LOOP('',(#5114,#5115,#5116,#5117,#5118,#5119));
#5114 = ORIENTED_EDGE('',*,*,#4323,.T.);
#5115 = ORIENTED_EDGE('',*,*,#4371,.T.);
#5116 = ORIENTED_EDGE('',*,*,#4419,.T.);
#5117 = ORIENTED_EDGE('',*,*,#4443,.T.);
#5118 = ORIENTED_EDGE('',*,*,#4402,.T.);
#5119 = ORIENTED_EDGE('',*,*,#4354,.T.);
#5120 = FACE_BOUND('',#5121,.T.);
#5121 = EDGE_LOOP('',(#5122));
#5122 = ORIENTED_EDGE('',*,*,#2736,.T.);
#5123 = PLANE('',#5124);
#5124 = AXIS2_PLACEMENT_3D('',#5125,#5126,#5127);
#5125 = CARTESIAN_POINT('',(-45.49999999997,2.28536E-12,7.));
#5126 = DIRECTION('',(0.,0.,1.));
#5127 = DIRECTION('',(1.,0.,0.));
#5128 = ADVANCED_FACE('',(#5129,#5137),#5140,.T.);
#5129 = FACE_BOUND('',#5130,.T.);
#5130 = EDGE_LOOP('',(#5131,#5132,#5133,#5134,#5135,#5136));
#5131 = ORIENTED_EDGE('',*,*,#4467,.T.);
#5132 = ORIENTED_EDGE('',*,*,#4515,.T.);
#5133 = ORIENTED_EDGE('',*,*,#4563,.T.);
#5134 = ORIENTED_EDGE('',*,*,#4587,.T.);
#5135 = ORIENTED_EDGE('',*,*,#4546,.T.);
#5136 = ORIENTED_EDGE('',*,*,#4498,.T.);
#5137 = FACE_BOUND('',#5138,.T.);
#5138 = EDGE_LOOP('',(#5139));
#5139 = ORIENTED_EDGE('',*,*,#2761,.T.);
#5140 = PLANE('',#5141);
#5141 = AXIS2_PLACEMENT_3D('',#5142,#5143,#5144);
#5142 = CARTESIAN_POINT('',(-45.49999999997,2.28536E-12,7.));
#5143 = DIRECTION('',(0.,0.,1.));
#5144 = DIRECTION('',(1.,0.,0.));
#5145 = ADVANCED_FACE('',(#5146,#5154),#5157,.T.);
#5146 = FACE_BOUND('',#5147,.T.);
#5147 = EDGE_LOOP('',(#5148,#5149,#5150,#5151,#5152,#5153));
#5148 = ORIENTED_EDGE('',*,*,#4611,.T.);
#5149 = ORIENTED_EDGE('',*,*,#4659,.T.);
#5150 = ORIENTED_EDGE('',*,*,#4707,.T.);
#5151 = ORIENTED_EDGE('',*,*,#4731,.T.);
#5152 = ORIENTED_EDGE('',*,*,#4690,.T.);
#5153 = ORIENTED_EDGE('',*,*,#4642,.T.);
#5154 = FACE_BOUND('',#5155,.T.);
#5155 = EDGE_LOOP('',(#5156));
#5156 = ORIENTED_EDGE('',*,*,#2786,.T.);
#5157 = PLANE('',#5158);
#5158 = AXIS2_PLACEMENT_3D('',#5159,#5160,#5161);
#5159 = CARTESIAN_POINT('',(-45.49999999997,2.28536E-12,7.));
#5160 = DIRECTION('',(0.,0.,1.));
#5161 = DIRECTION('',(1.,0.,0.));
#5162 = ADVANCED_FACE('',(#5163,#5171),#5174,.F.);
#5163 = FACE_BOUND('',#5164,.F.);
#5164 = EDGE_LOOP('',(#5165,#5166,#5167,#5168,#5169,#5170));
#5165 = ORIENTED_EDGE('',*,*,#2998,.F.);
#5166 = ORIENTED_EDGE('',*,*,#2878,.F.);
#5167 = ORIENTED_EDGE('',*,*,#2909,.F.);
#5168 = ORIENTED_EDGE('',*,*,#2933,.F.);
#5169 = ORIENTED_EDGE('',*,*,#2957,.F.);
#5170 = ORIENTED_EDGE('',*,*,#2981,.F.);
#5171 = FACE_BOUND('',#5172,.F.);
#5172 = EDGE_LOOP('',(#5173));
#5173 = ORIENTED_EDGE('',*,*,#4747,.T.);
#5174 = PLANE('',#5175);
#5175 = AXIS2_PLACEMENT_3D('',#5176,#5177,#5178);
#5176 = CARTESIAN_POINT('',(-17.5,0.,7.5));
#5177 = DIRECTION('',(0.,0.,1.));
#5178 = DIRECTION('',(1.,0.,0.));
#5179 = ADVANCED_FACE('',(#5180,#5188),#5191,.T.);
#5180 = FACE_BOUND('',#5181,.T.);
#5181 = EDGE_LOOP('',(#5182,#5183,#5184,#5185,#5186,#5187));
#5182 = ORIENTED_EDGE('',*,*,#4780,.T.);
#5183 = ORIENTED_EDGE('',*,*,#4828,.T.);
#5184 = ORIENTED_EDGE('',*,*,#4876,.T.);
#5185 = ORIENTED_EDGE('',*,*,#4900,.T.);
#5186 = ORIENTED_EDGE('',*,*,#4859,.T.);
#5187 = ORIENTED_EDGE('',*,*,#4811,.T.);
#5188 = FACE_BOUND('',#5189,.T.);
#5189 = EDGE_LOOP('',(#5190));
#5190 = ORIENTED_EDGE('',*,*,#3091,.T.);
#5191 = PLANE('',#5192);
#5192 = AXIS2_PLACEMENT_3D('',#5193,#5194,#5195);
#5193 = CARTESIAN_POINT('',(-45.49999999997,2.28536E-12,7.));
#5194 = DIRECTION('',(0.,0.,1.));
#5195 = DIRECTION('',(1.,0.,0.));
#5196 = ADVANCED_FACE('',(#5197,#5200),#5203,.T.);
#5197 = FACE_BOUND('',#5198,.T.);
#5198 = EDGE_LOOP('',(#5199));
#5199 = ORIENTED_EDGE('',*,*,#4924,.T.);
#5200 = FACE_BOUND('',#5201,.T.);
#5201 = EDGE_LOOP('',(#5202));
#5202 = ORIENTED_EDGE('',*,*,#3252,.T.);
#5203 = PLANE('',#5204);
#5204 = AXIS2_PLACEMENT_3D('',#5205,#5206,#5207);
#5205 = CARTESIAN_POINT('',(-9.,43.,9.));
#5206 = DIRECTION('',(0.,0.,1.));
#5207 = DIRECTION('',(1.,0.,-0.));
#5208 = ADVANCED_FACE('',(#5209,#5217),#5220,.F.);
#5209 = FACE_BOUND('',#5210,.F.);
#5210 = EDGE_LOOP('',(#5211,#5212,#5213,#5214,#5215,#5216));
#5211 = ORIENTED_EDGE('',*,*,#3396,.F.);
#5212 = ORIENTED_EDGE('',*,*,#3276,.F.);
#5213 = ORIENTED_EDGE('',*,*,#3307,.F.);
#5214 = ORIENTED_EDGE('',*,*,#3331,.F.);
#5215 = ORIENTED_EDGE('',*,*,#3355,.F.);
#5216 = ORIENTED_EDGE('',*,*,#3379,.F.);
#5217 = FACE_BOUND('',#5218,.F.);
#5218 = EDGE_LOOP('',(#5219));
#5219 = ORIENTED_EDGE('',*,*,#4940,.T.);
#5220 = PLANE('',#5221);
#5221 = AXIS2_PLACEMENT_3D('',#5222,#5223,#5224);
#5222 = CARTESIAN_POINT('',(-17.5,0.,7.5));
#5223 = DIRECTION('',(0.,0.,1.));
#5224 = DIRECTION('',(1.,0.,0.));
#5225 = ADVANCED_FACE('',(#5226,#5229),#5232,.T.);
#5226 = FACE_BOUND('',#5227,.T.);
#5227 = EDGE_LOOP('',(#5228));
#5228 = ORIENTED_EDGE('',*,*,#4973,.T.);
#5229 = FACE_BOUND('',#5230,.T.);
#5230 = EDGE_LOOP('',(#5231));
#5231 = ORIENTED_EDGE('',*,*,#3489,.T.);
#5232 = PLANE('',#5233);
#5233 = AXIS2_PLACEMENT_3D('',#5234,#5235,#5236);
#5234 = CARTESIAN_POINT('',(9.,43.,9.));
#5235 = DIRECTION('',(0.,0.,1.));
#5236 = DIRECTION('',(1.,0.,-0.));
#5237 = ( GEOMETRIC_REPRESENTATION_CONTEXT(3) 
GLOBAL_UNCERTAINTY_ASSIGNED_CONTEXT((#5241)) 
GLOBAL_UNIT_ASSIGNED_CONTEXT((#5238,#5239,#5240)) REPRESENTATION_CONTEXT
('Context #1','3D Context with UNIT and UNCERTAINTY') );
#5238 = ( LENGTH_UNIT() NAMED_UNIT(*) SI_UNIT(.MILLI.,.METRE.) );
#5239 = ( NAMED_UNIT(*) PLANE_ANGLE_UNIT() SI_UNIT($,.RADIAN.) );
#5240 = ( NAMED_UNIT(*) SI_UNIT($,.STERADIAN.) SOLID_ANGLE_UNIT() );
#5241 = UNCERTAINTY_MEASURE_WITH_UNIT(LENGTH_MEASURE(1.E-07),#5238,
  'distance_accuracy_value','confusion accuracy');
#5242 = PRODUCT_RELATED_PRODUCT_CATEGORY('part',$,(#7));
#5243 = MECHANICAL_DESIGN_GEOMETRIC_PRESENTATION_REPRESENTATION('',(
    #5244),#5237);
#5244 = STYLED_ITEM('color',(#5245),#15);
#5245 = PRESENTATION_STYLE_ASSIGNMENT((#5246,#5252));
#5246 = SURFACE_STYLE_USAGE(.BOTH.,#5247);
#5247 = SURFACE_SIDE_STYLE('',(#5248));
#5248 = SURFACE_STYLE_FILL_AREA(#5249);
#5249 = FILL_AREA_STYLE('',(#5250));
#5250 = FILL_AREA_STYLE_COLOUR('',#5251);
#5251 = COLOUR_RGB('',0.615686309239,0.262745108399,0.172549024526);
#5252 = CURVE_STYLE('',#5253,POSITIVE_LENGTH_MEASURE(0.1),#5254);
#5253 = DRAUGHTING_PRE_DEFINED_CURVE_FONT('continuous');
#5254 = COLOUR_RGB('',9.803921802644E-02,9.803921802644E-02,
  9.803921802644E-02);
ENDSEC;
END-ISO-10303-21;
