ISO-10303-21;
HEADER;
FILE_DESCRIPTION(('FreeCAD Model'),'2;1');
FILE_NAME('Open CASCADE Shape Model','2025-11-25T09:22:27',('Author'),(
    ''),'Open CASCADE STEP processor 7.8','FreeCAD','Unknown');
FILE_SCHEMA(('AUTOMOTIVE_DESIGN { 1 0 10303 214 1 1 1 1 }'));
ENDSEC;
DATA;
#1 = APPLICATION_PROTOCOL_DEFINITION('international standard',
  'automotive_design',2000,#2);
#2 = APPLICATION_CONTEXT(
  'core data for automotive mechanical design processes');
#3 = SHAPE_DEFINITION_REPRESENTATION(#4,#10);
#4 = PRODUCT_DEFINITION_SHAPE('','',#5);
#5 = PRODUCT_DEFINITION('design','',#6,#9);
#6 = PRODUCT_DEFINITION_FORMATION('','',#7);
#7 = PRODUCT('Tire','Tire','',(#8));
#8 = PRODUCT_CONTEXT('',#2,'mechanical');
#9 = PRODUCT_DEFINITION_CONTEXT('part definition',#2,'design');
#10 = ADVANCED_BREP_SHAPE_REPRESENTATION('',(#11,#15),#6912);
#11 = AXIS2_PLACEMENT_3D('',#12,#13,#14);
#12 = CARTESIAN_POINT('',(0.,0.,0.));
#13 = DIRECTION('',(0.,0.,1.));
#14 = DIRECTION('',(1.,0.,-0.));
#15 = MANIFOLD_SOLID_BREP('',#16);
#16 = CLOSED_SHELL('',(#17,#97,#966,#991,#1025,#1059,#1921,#1946,#1980,
    #2007,#2067,#2092,#2134,#2186,#2211,#2253,#2305,#2330,#2372,#2424,
    #2449,#2491,#2561,#2586,#2628,#2698,#2724,#2766,#2818,#2843,#2885,
    #2937,#2962,#3004,#3056,#3081,#3123,#3175,#3200,#3242,#3294,#3319,
    #3361,#3413,#3438,#3480,#3532,#3557,#3599,#3651,#3676,#3718,#3770,
    #3795,#3837,#3889,#3914,#3956,#4008,#4033,#4075,#4127,#4152,#4194,
    #4246,#4271,#4305,#4322,#4347,#4381,#4406,#4440,#4465,#4499,#4524,
    #4558,#4583,#4617,#4642,#4676,#4701,#4735,#4760,#4794,#4819,#4853,
    #4878,#4912,#4937,#4971,#4996,#5030,#5055,#5089,#5114,#5148,#5174,
    #5208,#5233,#5267,#5292,#5326,#5351,#5385,#5410,#5444,#5471,#5498,
    #5525,#5552,#5579,#5606,#5633,#5660,#5688,#5715,#5742,#5770,#5797,
    #5824,#5851,#5878,#5905,#5932,#5959,#5986,#6013,#6040,#6067,#6094,
    #6121,#6148,#6175,#6202,#6229,#6256,#6283,#6310,#6337,#6364,#6391,
    #6418,#6445,#6472,#6494,#6516,#6538,#6560,#6582,#6604,#6626,#6648,
    #6670,#6692,#6714,#6736,#6758,#6780,#6802,#6824,#6846,#6868,#6890));
#17 = ADVANCED_FACE('',(#18),#92,.T.);
#18 = FACE_BOUND('',#19,.F.);
#19 = EDGE_LOOP('',(#20,#31,#40,#49,#58,#67,#76,#85));
#20 = ORIENTED_EDGE('',*,*,#21,.F.);
#21 = EDGE_CURVE('',#22,#24,#26,.T.);
#22 = VERTEX_POINT('',#23);
#23 = CARTESIAN_POINT('',(20.419735661851,8.6,-12.61088400946));
#24 = VERTEX_POINT('',#25);
#25 = CARTESIAN_POINT('',(22.204838955494,8.6,-9.107421531948));
#26 = CIRCLE('',#27,24.);
#27 = AXIS2_PLACEMENT_3D('',#28,#29,#30);
#28 = CARTESIAN_POINT('',(0.,8.6,-1.7763568394E-15));
#29 = DIRECTION('',(0.,-1.,-2.2E-16));
#30 = DIRECTION('',(1.,0.,0.));
#31 = ORIENTED_EDGE('',*,*,#32,.F.);
#32 = EDGE_CURVE('',#33,#22,#35,.T.);
#33 = VERTEX_POINT('',#34);
#34 = CARTESIAN_POINT('',(17.841316663792,4.3,-16.0526452556));
#35 = ELLIPSE('',#36,33.941125496954,24.);
#36 = AXIS2_PLACEMENT_3D('',#37,#38,#39);
#37 = CARTESIAN_POINT('',(0.,6.8,-3.03E-15));
#38 = DIRECTION('',(0.415626937777,-0.707106781187,0.572061402818));
#39 = DIRECTION('',(0.415626937777,0.707106781187,0.572061402818));
#40 = ORIENTED_EDGE('',*,*,#41,.F.);
#41 = EDGE_CURVE('',#42,#33,#44,.T.);
#42 = VERTEX_POINT('',#43);
#43 = CARTESIAN_POINT('',(22.36427150104,-4.3,-8.708579690615));
#44 = ELLIPSE('',#45,33.941125496954,24.);
#45 = AXIS2_PLACEMENT_3D('',#46,#47,#48);
#46 = CARTESIAN_POINT('',(0.,1.8,-8.3E-16));
#47 = DIRECTION('',(0.415626937777,0.707106781187,0.572061402818));
#48 = DIRECTION('',(-0.415626937777,0.707106781187,-0.572061402818));
#49 = ORIENTED_EDGE('',*,*,#50,.T.);
#50 = EDGE_CURVE('',#42,#51,#53,.T.);
#51 = VERTEX_POINT('',#52);
#52 = CARTESIAN_POINT('',(20.419735661851,-8.6,-12.61088400946));
#53 = ELLIPSE('',#54,33.941125496954,24.);
#54 = AXIS2_PLACEMENT_3D('',#55,#56,#57);
#55 = CARTESIAN_POINT('',(0.,-10.4,4.54E-15));
#56 = DIRECTION('',(-0.415626937777,0.707106781187,-0.572061402818));
#57 = DIRECTION('',(0.415626937777,0.707106781187,0.572061402818));
#58 = ORIENTED_EDGE('',*,*,#59,.T.);
#59 = EDGE_CURVE('',#51,#60,#62,.T.);
#60 = VERTEX_POINT('',#61);
#61 = CARTESIAN_POINT('',(22.204838955494,-8.6,-9.107421531948));
#62 = CIRCLE('',#63,24.);
#63 = AXIS2_PLACEMENT_3D('',#64,#65,#66);
#64 = CARTESIAN_POINT('',(0.,-8.6,1.7763568394E-15));
#65 = DIRECTION('',(0.,-1.,-2.2E-16));
#66 = DIRECTION('',(1.,0.,0.));
#67 = ORIENTED_EDGE('',*,*,#68,.T.);
#68 = EDGE_CURVE('',#60,#69,#71,.T.);
#69 = VERTEX_POINT('',#70);
#70 = CARTESIAN_POINT('',(23.473725632914,-4.3,-4.998420241505));
#71 = ELLIPSE('',#72,33.941125496954,24.);
#72 = AXIS2_PLACEMENT_3D('',#73,#74,#75);
#73 = CARTESIAN_POINT('',(0.,-6.8,2.96E-15));
#74 = DIRECTION('',(0.218508012224,-0.707106781187,0.672498511964));
#75 = DIRECTION('',(0.218508012224,0.707106781187,0.672498511964));
#76 = ORIENTED_EDGE('',*,*,#77,.F.);
#77 = EDGE_CURVE('',#78,#69,#80,.T.);
#78 = VERTEX_POINT('',#79);
#79 = CARTESIAN_POINT('',(20.190777933152,4.3,-12.97430100059));
#80 = ELLIPSE('',#81,33.941125496954,24.);
#81 = AXIS2_PLACEMENT_3D('',#82,#83,#84);
#82 = CARTESIAN_POINT('',(0.,-1.8,7.6E-16));
#83 = DIRECTION('',(-0.218508012224,-0.707106781187,-0.672498511964));
#84 = DIRECTION('',(-0.218508012224,0.707106781187,-0.672498511964));
#85 = ORIENTED_EDGE('',*,*,#86,.F.);
#86 = EDGE_CURVE('',#24,#78,#87,.T.);
#87 = ELLIPSE('',#88,33.941125496954,24.);
#88 = AXIS2_PLACEMENT_3D('',#89,#90,#91);
#89 = CARTESIAN_POINT('',(0.,10.4,-4.61E-15));
#90 = DIRECTION('',(-0.218508012224,0.707106781187,-0.672498511964));
#91 = DIRECTION('',(0.218508012224,0.707106781187,0.672498511964));
#92 = CYLINDRICAL_SURFACE('',#93,24.);
#93 = AXIS2_PLACEMENT_3D('',#94,#95,#96);
#94 = CARTESIAN_POINT('',(0.,8.6,-3.82E-15));
#95 = DIRECTION('',(0.,1.,-4.4E-16));
#96 = DIRECTION('',(1.,0.,0.));
#97 = ADVANCED_FACE('',(#98,#950),#961,.T.);
#98 = FACE_BOUND('',#99,.T.);
#99 = EDGE_LOOP('',(#100,#111,#119,#128,#137,#145,#154,#162,#171,#180,
    #186,#187,#195,#204,#213,#221,#230,#238,#247,#256,#264,#273,#281,
    #290,#299,#307,#316,#324,#333,#342,#350,#359,#367,#376,#385,#393,
    #402,#410,#419,#428,#436,#445,#453,#462,#471,#479,#488,#496,#505,
    #514,#522,#531,#539,#548,#557,#565,#574,#582,#591,#600,#608,#617,
    #625,#634,#643,#651,#660,#668,#677,#686,#694,#703,#711,#720,#729,
    #737,#746,#754,#763,#772,#780,#789,#797,#806,#815,#823,#832,#840,
    #849,#858,#866,#875,#883,#892,#901,#909,#918,#926,#935,#944));
#100 = ORIENTED_EDGE('',*,*,#101,.F.);
#101 = EDGE_CURVE('',#102,#104,#106,.T.);
#102 = VERTEX_POINT('',#103);
#103 = CARTESIAN_POINT('',(23.932404810215,8.6,1.8));
#104 = VERTEX_POINT('',#105);
#105 = CARTESIAN_POINT('',(23.317300135243,8.6,5.683618073286));
#106 = CIRCLE('',#107,24.);
#107 = AXIS2_PLACEMENT_3D('',#108,#109,#110);
#108 = CARTESIAN_POINT('',(0.,8.6,-1.7763568394E-15));
#109 = DIRECTION('',(0.,-1.,-2.2E-16));
#110 = DIRECTION('',(1.,0.,0.));
#111 = ORIENTED_EDGE('',*,*,#112,.T.);
#112 = EDGE_CURVE('',#102,#113,#115,.T.);
#113 = VERTEX_POINT('',#114);
#114 = CARTESIAN_POINT('',(24.935115800814,8.6,1.8));
#115 = LINE('',#116,#117);
#116 = CARTESIAN_POINT('',(21.,8.6,1.8));
#117 = VECTOR('',#118,1.);
#118 = DIRECTION('',(1.,-3.3E-16,-3.3E-16));
#119 = ORIENTED_EDGE('',*,*,#120,.T.);
#120 = EDGE_CURVE('',#113,#121,#123,.T.);
#121 = VERTEX_POINT('',#122);
#122 = CARTESIAN_POINT('',(25.,8.6,1.E-15));
#123 = CIRCLE('',#124,25.);
#124 = AXIS2_PLACEMENT_3D('',#125,#126,#127);
#125 = CARTESIAN_POINT('',(0.,8.6,0.));
#126 = DIRECTION('',(-0.,1.,2.2E-16));
#127 = DIRECTION('',(1.,0.,0.));
#128 = ORIENTED_EDGE('',*,*,#129,.T.);
#129 = EDGE_CURVE('',#121,#130,#132,.T.);
#130 = VERTEX_POINT('',#131);
#131 = CARTESIAN_POINT('',(24.935115800814,8.6,-1.8));
#132 = CIRCLE('',#133,25.);
#133 = AXIS2_PLACEMENT_3D('',#134,#135,#136);
#134 = CARTESIAN_POINT('',(0.,8.6,0.));
#135 = DIRECTION('',(-0.,1.,2.2E-16));
#136 = DIRECTION('',(1.,0.,0.));
#137 = ORIENTED_EDGE('',*,*,#138,.F.);
#138 = EDGE_CURVE('',#139,#130,#141,.T.);
#139 = VERTEX_POINT('',#140);
#140 = CARTESIAN_POINT('',(23.932404810215,8.6,-1.8));
#141 = LINE('',#142,#143);
#142 = CARTESIAN_POINT('',(21.,8.6,-1.8));
#143 = VECTOR('',#144,1.);
#144 = DIRECTION('',(1.,-3.3E-16,-3.3E-16));
#145 = ORIENTED_EDGE('',*,*,#146,.F.);
#146 = EDGE_CURVE('',#147,#139,#149,.T.);
#147 = VERTEX_POINT('',#148);
#148 = CARTESIAN_POINT('',(23.317300135243,8.6,-5.683618073286));
#149 = CIRCLE('',#150,24.);
#150 = AXIS2_PLACEMENT_3D('',#151,#152,#153);
#151 = CARTESIAN_POINT('',(0.,8.6,-1.7763568394E-15));
#152 = DIRECTION('',(0.,-1.,-2.2E-16));
#153 = DIRECTION('',(1.,0.,0.));
#154 = ORIENTED_EDGE('',*,*,#155,.T.);
#155 = EDGE_CURVE('',#147,#156,#158,.T.);
#156 = VERTEX_POINT('',#157);
#157 = CARTESIAN_POINT('',(24.270934956813,8.6,-5.993472809827));
#158 = LINE('',#159,#160);
#159 = CARTESIAN_POINT('',(20.528417432073,8.6,-4.777455152543));
#160 = VECTOR('',#161,1.);
#161 = DIRECTION('',(0.951056516295,2.930865558063E-16,-0.309016994375)
  );
#162 = ORIENTED_EDGE('',*,*,#163,.T.);
#163 = EDGE_CURVE('',#156,#164,#166,.T.);
#164 = VERTEX_POINT('',#165);
#165 = CARTESIAN_POINT('',(23.776412898632,8.6,-7.725424886293));
#166 = CIRCLE('',#167,25.);
#167 = AXIS2_PLACEMENT_3D('',#168,#169,#170);
#168 = CARTESIAN_POINT('',(0.,8.6,0.));
#169 = DIRECTION('',(-0.,1.,2.2E-16));
#170 = DIRECTION('',(1.,0.,0.));
#171 = ORIENTED_EDGE('',*,*,#172,.T.);
#172 = EDGE_CURVE('',#164,#173,#175,.T.);
#173 = VERTEX_POINT('',#174);
#174 = CARTESIAN_POINT('',(23.158473777064,8.6,-9.41727626849));
#175 = CIRCLE('',#176,25.);
#176 = AXIS2_PLACEMENT_3D('',#177,#178,#179);
#177 = CARTESIAN_POINT('',(0.,8.6,0.));
#178 = DIRECTION('',(-0.,1.,2.2E-16));
#179 = DIRECTION('',(1.,0.,0.));
#180 = ORIENTED_EDGE('',*,*,#181,.F.);
#181 = EDGE_CURVE('',#24,#173,#182,.T.);
#182 = LINE('',#183,#184);
#183 = CARTESIAN_POINT('',(19.415956252323,8.6,-8.201258611205));
#184 = VECTOR('',#185,1.);
#185 = DIRECTION('',(0.951056516295,2.930865558063E-16,-0.309016994375)
  );
#186 = ORIENTED_EDGE('',*,*,#21,.F.);
#187 = ORIENTED_EDGE('',*,*,#188,.T.);
#188 = EDGE_CURVE('',#22,#189,#191,.T.);
#189 = VERTEX_POINT('',#190);
#190 = CARTESIAN_POINT('',(21.230945893692,8.6,-13.20026274204));
#191 = LINE('',#192,#193);
#192 = CARTESIAN_POINT('',(18.047370336,8.6,-10.88725970826));
#193 = VECTOR('',#194,1.);
#194 = DIRECTION('',(0.809016994375,-6.230472589688E-16,-0.587785252292)
  );
#195 = ORIENTED_EDGE('',*,*,#196,.T.);
#196 = EDGE_CURVE('',#189,#197,#199,.T.);
#197 = VERTEX_POINT('',#198);
#198 = CARTESIAN_POINT('',(20.22542496429,8.6,-14.6946311629));
#199 = CIRCLE('',#200,25.);
#200 = AXIS2_PLACEMENT_3D('',#201,#202,#203);
#201 = CARTESIAN_POINT('',(0.,8.6,0.));
#202 = DIRECTION('',(-0.,1.,2.2E-16));
#203 = DIRECTION('',(1.,0.,0.));
#204 = ORIENTED_EDGE('',*,*,#205,.T.);
#205 = EDGE_CURVE('',#197,#206,#208,.T.);
#206 = VERTEX_POINT('',#207);
#207 = CARTESIAN_POINT('',(19.114918985439,8.6,-16.11272392179));
#208 = CIRCLE('',#209,25.);
#209 = AXIS2_PLACEMENT_3D('',#210,#211,#212);
#210 = CARTESIAN_POINT('',(0.,8.6,0.));
#211 = DIRECTION('',(-0.,1.,2.2E-16));
#212 = DIRECTION('',(1.,0.,0.));
#213 = ORIENTED_EDGE('',*,*,#214,.F.);
#214 = EDGE_CURVE('',#215,#206,#217,.T.);
#215 = VERTEX_POINT('',#216);
#216 = CARTESIAN_POINT('',(18.303708753598,8.6,-15.52334518921));
#217 = LINE('',#218,#219);
#218 = CARTESIAN_POINT('',(15.931343427747,8.6,-13.79972088801));
#219 = VECTOR('',#220,1.);
#220 = DIRECTION('',(0.809016994375,-6.230472589688E-16,-0.587785252292)
  );
#221 = ORIENTED_EDGE('',*,*,#222,.F.);
#222 = EDGE_CURVE('',#223,#215,#225,.T.);
#223 = VERTEX_POINT('',#224);
#224 = CARTESIAN_POINT('',(15.523345189213,8.6,-18.30370875359));
#225 = CIRCLE('',#226,24.);
#226 = AXIS2_PLACEMENT_3D('',#227,#228,#229);
#227 = CARTESIAN_POINT('',(0.,8.6,-1.7763568394E-15));
#228 = DIRECTION('',(0.,-1.,-2.2E-16));
#229 = DIRECTION('',(1.,0.,0.));
#230 = ORIENTED_EDGE('',*,*,#231,.T.);
#231 = EDGE_CURVE('',#223,#232,#234,.T.);
#232 = VERTEX_POINT('',#233);
#233 = CARTESIAN_POINT('',(16.112723921798,8.6,-19.11491898543));
#234 = LINE('',#235,#236);
#235 = CARTESIAN_POINT('',(13.799720888017,8.6,-15.93134342774));
#236 = VECTOR('',#237,1.);
#237 = DIRECTION('',(0.587785252292,-4.879750434937E-16,-0.809016994375)
  );
#238 = ORIENTED_EDGE('',*,*,#239,.T.);
#239 = EDGE_CURVE('',#232,#240,#242,.T.);
#240 = VERTEX_POINT('',#241);
#241 = CARTESIAN_POINT('',(14.694631549916,8.6,-20.22542468311));
#242 = CIRCLE('',#243,25.);
#243 = AXIS2_PLACEMENT_3D('',#244,#245,#246);
#244 = CARTESIAN_POINT('',(0.,8.6,0.));
#245 = DIRECTION('',(-0.,1.,2.2E-16));
#246 = DIRECTION('',(1.,0.,0.));
#247 = ORIENTED_EDGE('',*,*,#248,.T.);
#248 = EDGE_CURVE('',#240,#249,#251,.T.);
#249 = VERTEX_POINT('',#250);
#250 = CARTESIAN_POINT('',(13.200262742048,8.6,-21.23094589369));
#251 = CIRCLE('',#252,25.);
#252 = AXIS2_PLACEMENT_3D('',#253,#254,#255);
#253 = CARTESIAN_POINT('',(0.,8.6,0.));
#254 = DIRECTION('',(-0.,1.,2.2E-16));
#255 = DIRECTION('',(1.,0.,0.));
#256 = ORIENTED_EDGE('',*,*,#257,.F.);
#257 = EDGE_CURVE('',#258,#249,#260,.T.);
#258 = VERTEX_POINT('',#259);
#259 = CARTESIAN_POINT('',(12.610884009463,8.6,-20.41973566185));
#260 = LINE('',#261,#262);
#261 = CARTESIAN_POINT('',(10.887259708267,8.6,-18.047370336));
#262 = VECTOR('',#263,1.);
#263 = DIRECTION('',(0.587785252292,-4.879750434937E-16,-0.809016994375)
  );
#264 = ORIENTED_EDGE('',*,*,#265,.F.);
#265 = EDGE_CURVE('',#266,#258,#268,.T.);
#266 = VERTEX_POINT('',#267);
#267 = CARTESIAN_POINT('',(9.107421531948,8.6,-22.20483895549));
#268 = CIRCLE('',#269,24.);
#269 = AXIS2_PLACEMENT_3D('',#270,#271,#272);
#270 = CARTESIAN_POINT('',(0.,8.6,-1.7763568394E-15));
#271 = DIRECTION('',(0.,-1.,-2.2E-16));
#272 = DIRECTION('',(1.,0.,0.));
#273 = ORIENTED_EDGE('',*,*,#274,.T.);
#274 = EDGE_CURVE('',#266,#275,#277,.T.);
#275 = VERTEX_POINT('',#276);
#276 = CARTESIAN_POINT('',(9.41727626849,8.6,-23.15847377706));
#277 = LINE('',#278,#279);
#278 = CARTESIAN_POINT('',(8.201258611205,8.6,-19.41595625232));
#279 = VECTOR('',#280,1.);
#280 = DIRECTION('',(0.309016994375,-4.604192873374E-16,-0.951056516295)
  );
#281 = ORIENTED_EDGE('',*,*,#282,.T.);
#282 = EDGE_CURVE('',#275,#283,#285,.T.);
#283 = VERTEX_POINT('',#284);
#284 = CARTESIAN_POINT('',(7.725424822603,8.6,-23.77641291932));
#285 = CIRCLE('',#286,25.);
#286 = AXIS2_PLACEMENT_3D('',#287,#288,#289);
#287 = CARTESIAN_POINT('',(0.,8.6,0.));
#288 = DIRECTION('',(-0.,1.,2.2E-16));
#289 = DIRECTION('',(1.,0.,0.));
#290 = ORIENTED_EDGE('',*,*,#291,.T.);
#291 = EDGE_CURVE('',#283,#292,#294,.T.);
#292 = VERTEX_POINT('',#293);
#293 = CARTESIAN_POINT('',(5.993472809827,8.6,-24.27093495681));
#294 = CIRCLE('',#295,25.);
#295 = AXIS2_PLACEMENT_3D('',#296,#297,#298);
#296 = CARTESIAN_POINT('',(0.,8.6,0.));
#297 = DIRECTION('',(-0.,1.,2.2E-16));
#298 = DIRECTION('',(1.,0.,0.));
#299 = ORIENTED_EDGE('',*,*,#300,.F.);
#300 = EDGE_CURVE('',#301,#292,#303,.T.);
#301 = VERTEX_POINT('',#302);
#302 = CARTESIAN_POINT('',(5.683618073286,8.6,-23.31730013524));
#303 = LINE('',#304,#305);
#304 = CARTESIAN_POINT('',(4.777455152543,8.6,-20.52841743207));
#305 = VECTOR('',#306,1.);
#306 = DIRECTION('',(0.309016994375,-4.604192873374E-16,-0.951056516295)
  );
#307 = ORIENTED_EDGE('',*,*,#308,.F.);
#308 = EDGE_CURVE('',#309,#301,#311,.T.);
#309 = VERTEX_POINT('',#310);
#310 = CARTESIAN_POINT('',(1.8,8.6,-23.93240481021));
#311 = CIRCLE('',#312,24.);
#312 = AXIS2_PLACEMENT_3D('',#313,#314,#315);
#313 = CARTESIAN_POINT('',(0.,8.6,-1.7763568394E-15));
#314 = DIRECTION('',(0.,-1.,-2.2E-16));
#315 = DIRECTION('',(1.,0.,0.));
#316 = ORIENTED_EDGE('',*,*,#317,.T.);
#317 = EDGE_CURVE('',#309,#318,#320,.T.);
#318 = VERTEX_POINT('',#319);
#319 = CARTESIAN_POINT('',(1.8,8.6,-24.93511580081));
#320 = LINE('',#321,#322);
#321 = CARTESIAN_POINT('',(1.8,8.6,-21.));
#322 = VECTOR('',#323,1.);
#323 = DIRECTION('',(-1.E-16,-5.6E-16,-1.));
#324 = ORIENTED_EDGE('',*,*,#325,.T.);
#325 = EDGE_CURVE('',#318,#326,#328,.T.);
#326 = VERTEX_POINT('',#327);
#327 = CARTESIAN_POINT('',(-3.296E-12,8.6,-25.));
#328 = CIRCLE('',#329,25.);
#329 = AXIS2_PLACEMENT_3D('',#330,#331,#332);
#330 = CARTESIAN_POINT('',(0.,8.6,0.));
#331 = DIRECTION('',(-0.,1.,2.2E-16));
#332 = DIRECTION('',(1.,0.,0.));
#333 = ORIENTED_EDGE('',*,*,#334,.T.);
#334 = EDGE_CURVE('',#326,#335,#337,.T.);
#335 = VERTEX_POINT('',#336);
#336 = CARTESIAN_POINT('',(-1.8,8.6,-24.93511580081));
#337 = CIRCLE('',#338,25.);
#338 = AXIS2_PLACEMENT_3D('',#339,#340,#341);
#339 = CARTESIAN_POINT('',(0.,8.6,0.));
#340 = DIRECTION('',(-0.,1.,2.2E-16));
#341 = DIRECTION('',(1.,0.,0.));
#342 = ORIENTED_EDGE('',*,*,#343,.F.);
#343 = EDGE_CURVE('',#344,#335,#346,.T.);
#344 = VERTEX_POINT('',#345);
#345 = CARTESIAN_POINT('',(-1.8,8.6,-23.93240481021));
#346 = LINE('',#347,#348);
#347 = CARTESIAN_POINT('',(-1.8,8.6,-21.));
#348 = VECTOR('',#349,1.);
#349 = DIRECTION('',(-1.E-16,-5.6E-16,-1.));
#350 = ORIENTED_EDGE('',*,*,#351,.F.);
#351 = EDGE_CURVE('',#352,#344,#354,.T.);
#352 = VERTEX_POINT('',#353);
#353 = CARTESIAN_POINT('',(-5.683618073286,8.6,-23.31730013524));
#354 = CIRCLE('',#355,24.);
#355 = AXIS2_PLACEMENT_3D('',#356,#357,#358);
#356 = CARTESIAN_POINT('',(0.,8.6,-1.7763568394E-15));
#357 = DIRECTION('',(0.,-1.,-2.2E-16));
#358 = DIRECTION('',(1.,0.,0.));
#359 = ORIENTED_EDGE('',*,*,#360,.T.);
#360 = EDGE_CURVE('',#352,#361,#363,.T.);
#361 = VERTEX_POINT('',#362);
#362 = CARTESIAN_POINT('',(-5.993472809827,8.6,-24.27093495681));
#363 = LINE('',#364,#365);
#364 = CARTESIAN_POINT('',(-4.777455152543,8.6,-20.52841743207));
#365 = VECTOR('',#366,1.);
#366 = DIRECTION('',(-0.309016994375,-5.714415897999E-16,-0.951056516295
    ));
#367 = ORIENTED_EDGE('',*,*,#368,.T.);
#368 = EDGE_CURVE('',#361,#369,#371,.T.);
#369 = VERTEX_POINT('',#370);
#370 = CARTESIAN_POINT('',(-7.725424756169,8.6,-23.77641294091));
#371 = CIRCLE('',#372,25.);
#372 = AXIS2_PLACEMENT_3D('',#373,#374,#375);
#373 = CARTESIAN_POINT('',(0.,8.6,0.));
#374 = DIRECTION('',(-0.,1.,2.2E-16));
#375 = DIRECTION('',(1.,0.,0.));
#376 = ORIENTED_EDGE('',*,*,#377,.T.);
#377 = EDGE_CURVE('',#369,#378,#380,.T.);
#378 = VERTEX_POINT('',#379);
#379 = CARTESIAN_POINT('',(-9.41727626849,8.6,-23.15847377706));
#380 = CIRCLE('',#381,25.);
#381 = AXIS2_PLACEMENT_3D('',#382,#383,#384);
#382 = CARTESIAN_POINT('',(0.,8.6,0.));
#383 = DIRECTION('',(-0.,1.,2.2E-16));
#384 = DIRECTION('',(1.,0.,0.));
#385 = ORIENTED_EDGE('',*,*,#386,.F.);
#386 = EDGE_CURVE('',#387,#378,#389,.T.);
#387 = VERTEX_POINT('',#388);
#388 = CARTESIAN_POINT('',(-9.107421531948,8.6,-22.20483895549));
#389 = LINE('',#390,#391);
#390 = CARTESIAN_POINT('',(-8.201258611205,8.6,-19.41595625232));
#391 = VECTOR('',#392,1.);
#392 = DIRECTION('',(-0.309016994375,-5.714415897999E-16,-0.951056516295
    ));
#393 = ORIENTED_EDGE('',*,*,#394,.F.);
#394 = EDGE_CURVE('',#395,#387,#397,.T.);
#395 = VERTEX_POINT('',#396);
#396 = CARTESIAN_POINT('',(-12.61088400946,8.6,-20.41973566185));
#397 = CIRCLE('',#398,24.);
#398 = AXIS2_PLACEMENT_3D('',#399,#400,#401);
#399 = CARTESIAN_POINT('',(0.,8.6,-1.7763568394E-15));
#400 = DIRECTION('',(0.,-1.,-2.2E-16));
#401 = DIRECTION('',(1.,0.,0.));
#402 = ORIENTED_EDGE('',*,*,#403,.T.);
#403 = EDGE_CURVE('',#395,#404,#406,.T.);
#404 = VERTEX_POINT('',#405);
#405 = CARTESIAN_POINT('',(-13.20026274204,8.6,-21.23094589369));
#406 = LINE('',#407,#408);
#407 = CARTESIAN_POINT('',(-10.88725970826,8.6,-18.047370336));
#408 = VECTOR('',#409,1.);
#409 = DIRECTION('',(-0.587785252292,-1.549081361062E-16,-0.809016994375
    ));
#410 = ORIENTED_EDGE('',*,*,#411,.T.);
#411 = EDGE_CURVE('',#404,#412,#414,.T.);
#412 = VERTEX_POINT('',#413);
#413 = CARTESIAN_POINT('',(-14.6946311629,8.6,-20.22542496429));
#414 = CIRCLE('',#415,25.);
#415 = AXIS2_PLACEMENT_3D('',#416,#417,#418);
#416 = CARTESIAN_POINT('',(0.,8.6,0.));
#417 = DIRECTION('',(-0.,1.,2.2E-16));
#418 = DIRECTION('',(1.,0.,0.));
#419 = ORIENTED_EDGE('',*,*,#420,.T.);
#420 = EDGE_CURVE('',#412,#421,#423,.T.);
#421 = VERTEX_POINT('',#422);
#422 = CARTESIAN_POINT('',(-16.11272392179,8.6,-19.11491898543));
#423 = CIRCLE('',#424,25.);
#424 = AXIS2_PLACEMENT_3D('',#425,#426,#427);
#425 = CARTESIAN_POINT('',(0.,8.6,0.));
#426 = DIRECTION('',(-0.,1.,2.2E-16));
#427 = DIRECTION('',(1.,0.,0.));
#428 = ORIENTED_EDGE('',*,*,#429,.F.);
#429 = EDGE_CURVE('',#430,#421,#432,.T.);
#430 = VERTEX_POINT('',#431);
#431 = CARTESIAN_POINT('',(-15.52334518921,8.6,-18.30370875359));
#432 = LINE('',#433,#434);
#433 = CARTESIAN_POINT('',(-13.79972088801,8.6,-15.93134342774));
#434 = VECTOR('',#435,1.);
#435 = DIRECTION('',(-0.587785252292,-1.549081361062E-16,-0.809016994375
    ));
#436 = ORIENTED_EDGE('',*,*,#437,.F.);
#437 = EDGE_CURVE('',#438,#430,#440,.T.);
#438 = VERTEX_POINT('',#439);
#439 = CARTESIAN_POINT('',(-18.30370875359,8.6,-15.52334518921));
#440 = CIRCLE('',#441,24.);
#441 = AXIS2_PLACEMENT_3D('',#442,#443,#444);
#442 = CARTESIAN_POINT('',(0.,8.6,-1.7763568394E-15));
#443 = DIRECTION('',(0.,-1.,-2.2E-16));
#444 = DIRECTION('',(1.,0.,0.));
#445 = ORIENTED_EDGE('',*,*,#446,.T.);
#446 = EDGE_CURVE('',#438,#447,#449,.T.);
#447 = VERTEX_POINT('',#448);
#448 = CARTESIAN_POINT('',(-19.11491898543,8.6,-16.11272392179));
#449 = LINE('',#450,#451);
#450 = CARTESIAN_POINT('',(-15.93134342774,8.6,-13.79972088801));
#451 = VECTOR('',#452,1.);
#452 = DIRECTION('',(-0.809016994375,3.330669073875E-16,-0.587785252292)
  );
#453 = ORIENTED_EDGE('',*,*,#454,.T.);
#454 = EDGE_CURVE('',#447,#455,#457,.T.);
#455 = VERTEX_POINT('',#456);
#456 = CARTESIAN_POINT('',(-20.22542498985,8.6,-14.69463112772));
#457 = CIRCLE('',#458,25.);
#458 = AXIS2_PLACEMENT_3D('',#459,#460,#461);
#459 = CARTESIAN_POINT('',(0.,8.6,0.));
#460 = DIRECTION('',(-0.,1.,2.2E-16));
#461 = DIRECTION('',(1.,0.,0.));
#462 = ORIENTED_EDGE('',*,*,#463,.T.);
#463 = EDGE_CURVE('',#455,#464,#466,.T.);
#464 = VERTEX_POINT('',#465);
#465 = CARTESIAN_POINT('',(-21.23094589369,8.6,-13.20026274204));
#466 = CIRCLE('',#467,25.);
#467 = AXIS2_PLACEMENT_3D('',#468,#469,#470);
#468 = CARTESIAN_POINT('',(0.,8.6,0.));
#469 = DIRECTION('',(-0.,1.,2.2E-16));
#470 = DIRECTION('',(1.,0.,0.));
#471 = ORIENTED_EDGE('',*,*,#472,.F.);
#472 = EDGE_CURVE('',#473,#464,#475,.T.);
#473 = VERTEX_POINT('',#474);
#474 = CARTESIAN_POINT('',(-20.41973566185,8.6,-12.61088400946));
#475 = LINE('',#476,#477);
#476 = CARTESIAN_POINT('',(-18.047370336,8.6,-10.88725970826));
#477 = VECTOR('',#478,1.);
#478 = DIRECTION('',(-0.809016994375,3.330669073875E-16,-0.587785252292)
  );
#479 = ORIENTED_EDGE('',*,*,#480,.F.);
#480 = EDGE_CURVE('',#481,#473,#483,.T.);
#481 = VERTEX_POINT('',#482);
#482 = CARTESIAN_POINT('',(-22.20483895549,8.6,-9.107421531948));
#483 = CIRCLE('',#484,24.);
#484 = AXIS2_PLACEMENT_3D('',#485,#486,#487);
#485 = CARTESIAN_POINT('',(0.,8.6,-1.7763568394E-15));
#486 = DIRECTION('',(0.,-1.,-2.2E-16));
#487 = DIRECTION('',(1.,0.,0.));
#488 = ORIENTED_EDGE('',*,*,#489,.T.);
#489 = EDGE_CURVE('',#481,#490,#492,.T.);
#490 = VERTEX_POINT('',#491);
#491 = CARTESIAN_POINT('',(-23.15847377706,8.6,-9.41727626849));
#492 = LINE('',#493,#494);
#493 = CARTESIAN_POINT('',(-19.41595625232,8.6,-8.201258611205));
#494 = VECTOR('',#495,1.);
#495 = DIRECTION('',(-0.951056516295,7.216449660064E-16,-0.309016994375)
  );
#496 = ORIENTED_EDGE('',*,*,#497,.T.);
#497 = EDGE_CURVE('',#490,#498,#500,.T.);
#498 = VERTEX_POINT('',#499);
#499 = CARTESIAN_POINT('',(-23.77641303213,8.6,-7.725424475416));
#500 = CIRCLE('',#501,25.);
#501 = AXIS2_PLACEMENT_3D('',#502,#503,#504);
#502 = CARTESIAN_POINT('',(0.,8.6,0.));
#503 = DIRECTION('',(-0.,1.,2.2E-16));
#504 = DIRECTION('',(1.,0.,0.));
#505 = ORIENTED_EDGE('',*,*,#506,.T.);
#506 = EDGE_CURVE('',#498,#507,#509,.T.);
#507 = VERTEX_POINT('',#508);
#508 = CARTESIAN_POINT('',(-24.27093495681,8.6,-5.993472809827));
#509 = CIRCLE('',#510,25.);
#510 = AXIS2_PLACEMENT_3D('',#511,#512,#513);
#511 = CARTESIAN_POINT('',(0.,8.6,0.));
#512 = DIRECTION('',(-0.,1.,2.2E-16));
#513 = DIRECTION('',(1.,0.,0.));
#514 = ORIENTED_EDGE('',*,*,#515,.F.);
#515 = EDGE_CURVE('',#516,#507,#518,.T.);
#516 = VERTEX_POINT('',#517);
#517 = CARTESIAN_POINT('',(-23.31730013524,8.6,-5.683618073286));
#518 = LINE('',#519,#520);
#519 = CARTESIAN_POINT('',(-20.52841743207,8.6,-4.777455152543));
#520 = VECTOR('',#521,1.);
#521 = DIRECTION('',(-0.951056516295,7.216449660064E-16,-0.309016994375)
  );
#522 = ORIENTED_EDGE('',*,*,#523,.F.);
#523 = EDGE_CURVE('',#524,#516,#526,.T.);
#524 = VERTEX_POINT('',#525);
#525 = CARTESIAN_POINT('',(-23.93240481021,8.6,-1.8));
#526 = CIRCLE('',#527,24.);
#527 = AXIS2_PLACEMENT_3D('',#528,#529,#530);
#528 = CARTESIAN_POINT('',(0.,8.6,-1.7763568394E-15));
#529 = DIRECTION('',(0.,-1.,-2.2E-16));
#530 = DIRECTION('',(1.,0.,0.));
#531 = ORIENTED_EDGE('',*,*,#532,.T.);
#532 = EDGE_CURVE('',#524,#533,#535,.T.);
#533 = VERTEX_POINT('',#534);
#534 = CARTESIAN_POINT('',(-24.93511580081,8.6,-1.8));
#535 = LINE('',#536,#537);
#536 = CARTESIAN_POINT('',(-21.,8.6,-1.8));
#537 = VECTOR('',#538,1.);
#538 = DIRECTION('',(-1.,2.2E-16,-4.4E-16));
#539 = ORIENTED_EDGE('',*,*,#540,.T.);
#540 = EDGE_CURVE('',#533,#541,#543,.T.);
#541 = VERTEX_POINT('',#542);
#542 = CARTESIAN_POINT('',(-25.,8.6,-1.3E-14));
#543 = CIRCLE('',#544,25.);
#544 = AXIS2_PLACEMENT_3D('',#545,#546,#547);
#545 = CARTESIAN_POINT('',(0.,8.6,0.));
#546 = DIRECTION('',(-0.,1.,2.2E-16));
#547 = DIRECTION('',(1.,0.,0.));
#548 = ORIENTED_EDGE('',*,*,#549,.T.);
#549 = EDGE_CURVE('',#541,#550,#552,.T.);
#550 = VERTEX_POINT('',#551);
#551 = CARTESIAN_POINT('',(-24.93511580081,8.6,1.8));
#552 = CIRCLE('',#553,25.);
#553 = AXIS2_PLACEMENT_3D('',#554,#555,#556);
#554 = CARTESIAN_POINT('',(0.,8.6,0.));
#555 = DIRECTION('',(-0.,1.,2.2E-16));
#556 = DIRECTION('',(1.,0.,0.));
#557 = ORIENTED_EDGE('',*,*,#558,.F.);
#558 = EDGE_CURVE('',#559,#550,#561,.T.);
#559 = VERTEX_POINT('',#560);
#560 = CARTESIAN_POINT('',(-23.93240481021,8.6,1.799999999999));
#561 = LINE('',#562,#563);
#562 = CARTESIAN_POINT('',(-21.,8.6,1.8));
#563 = VECTOR('',#564,1.);
#564 = DIRECTION('',(-1.,2.2E-16,-4.4E-16));
#565 = ORIENTED_EDGE('',*,*,#566,.F.);
#566 = EDGE_CURVE('',#567,#559,#569,.T.);
#567 = VERTEX_POINT('',#568);
#568 = CARTESIAN_POINT('',(-23.31730013524,8.6,5.683618073286));
#569 = CIRCLE('',#570,24.);
#570 = AXIS2_PLACEMENT_3D('',#571,#572,#573);
#571 = CARTESIAN_POINT('',(0.,8.6,-1.7763568394E-15));
#572 = DIRECTION('',(0.,-1.,-2.2E-16));
#573 = DIRECTION('',(1.,0.,0.));
#574 = ORIENTED_EDGE('',*,*,#575,.T.);
#575 = EDGE_CURVE('',#567,#576,#578,.T.);
#576 = VERTEX_POINT('',#577);
#577 = CARTESIAN_POINT('',(-24.27093495681,8.6,5.993472809827));
#578 = LINE('',#579,#580);
#579 = CARTESIAN_POINT('',(-20.52841743207,8.6,4.777455152543));
#580 = VECTOR('',#581,1.);
#581 = DIRECTION('',(-0.951056516295,-3.330669073875E-16,0.309016994375)
  );
#582 = ORIENTED_EDGE('',*,*,#583,.T.);
#583 = EDGE_CURVE('',#576,#584,#586,.T.);
#584 = VERTEX_POINT('',#585);
#585 = CARTESIAN_POINT('',(-23.77641282806,8.6,7.725425103483));
#586 = CIRCLE('',#587,25.);
#587 = AXIS2_PLACEMENT_3D('',#588,#589,#590);
#588 = CARTESIAN_POINT('',(0.,8.6,0.));
#589 = DIRECTION('',(-0.,1.,2.2E-16));
#590 = DIRECTION('',(1.,0.,0.));
#591 = ORIENTED_EDGE('',*,*,#592,.T.);
#592 = EDGE_CURVE('',#584,#593,#595,.T.);
#593 = VERTEX_POINT('',#594);
#594 = CARTESIAN_POINT('',(-23.15847377706,8.6,9.41727626849));
#595 = CIRCLE('',#596,25.);
#596 = AXIS2_PLACEMENT_3D('',#597,#598,#599);
#597 = CARTESIAN_POINT('',(0.,8.6,0.));
#598 = DIRECTION('',(-0.,1.,2.2E-16));
#599 = DIRECTION('',(1.,0.,0.));
#600 = ORIENTED_EDGE('',*,*,#601,.F.);
#601 = EDGE_CURVE('',#602,#593,#604,.T.);
#602 = VERTEX_POINT('',#603);
#603 = CARTESIAN_POINT('',(-22.20483895549,8.6,9.107421531948));
#604 = LINE('',#605,#606);
#605 = CARTESIAN_POINT('',(-19.41595625232,8.6,8.201258611205));
#606 = VECTOR('',#607,1.);
#607 = DIRECTION('',(-0.951056516295,-3.330669073875E-16,0.309016994375)
  );
#608 = ORIENTED_EDGE('',*,*,#609,.F.);
#609 = EDGE_CURVE('',#610,#602,#612,.T.);
#610 = VERTEX_POINT('',#611);
#611 = CARTESIAN_POINT('',(-20.41973566185,8.6,12.610884009463));
#612 = CIRCLE('',#613,24.);
#613 = AXIS2_PLACEMENT_3D('',#614,#615,#616);
#614 = CARTESIAN_POINT('',(0.,8.6,-1.7763568394E-15));
#615 = DIRECTION('',(0.,-1.,-2.2E-16));
#616 = DIRECTION('',(1.,0.,0.));
#617 = ORIENTED_EDGE('',*,*,#618,.T.);
#618 = EDGE_CURVE('',#610,#619,#621,.T.);
#619 = VERTEX_POINT('',#620);
#620 = CARTESIAN_POINT('',(-21.23094589369,8.6,13.200262742048));
#621 = LINE('',#622,#623);
#622 = CARTESIAN_POINT('',(-18.047370336,8.6,10.887259708267));
#623 = VECTOR('',#624,1.);
#624 = DIRECTION('',(-0.809016994375,-1.665334536938E-16,0.587785252292)
  );
#625 = ORIENTED_EDGE('',*,*,#626,.T.);
#626 = EDGE_CURVE('',#619,#627,#629,.T.);
#627 = VERTEX_POINT('',#628);
#628 = CARTESIAN_POINT('',(-20.22542496429,8.6,14.694631162906));
#629 = CIRCLE('',#630,25.);
#630 = AXIS2_PLACEMENT_3D('',#631,#632,#633);
#631 = CARTESIAN_POINT('',(0.,8.6,0.));
#632 = DIRECTION('',(-0.,1.,2.2E-16));
#633 = DIRECTION('',(1.,0.,0.));
#634 = ORIENTED_EDGE('',*,*,#635,.T.);
#635 = EDGE_CURVE('',#627,#636,#638,.T.);
#636 = VERTEX_POINT('',#637);
#637 = CARTESIAN_POINT('',(-19.11491898543,8.6,16.112723921798));
#638 = CIRCLE('',#639,25.);
#639 = AXIS2_PLACEMENT_3D('',#640,#641,#642);
#640 = CARTESIAN_POINT('',(0.,8.6,0.));
#641 = DIRECTION('',(-0.,1.,2.2E-16));
#642 = DIRECTION('',(1.,0.,0.));
#643 = ORIENTED_EDGE('',*,*,#644,.F.);
#644 = EDGE_CURVE('',#645,#636,#647,.T.);
#645 = VERTEX_POINT('',#646);
#646 = CARTESIAN_POINT('',(-18.30370875359,8.6,15.523345189213));
#647 = LINE('',#648,#649);
#648 = CARTESIAN_POINT('',(-15.93134342774,8.6,13.799720888017));
#649 = VECTOR('',#650,1.);
#650 = DIRECTION('',(-0.809016994375,-1.665334536938E-16,0.587785252292)
  );
#651 = ORIENTED_EDGE('',*,*,#652,.F.);
#652 = EDGE_CURVE('',#653,#645,#655,.T.);
#653 = VERTEX_POINT('',#654);
#654 = CARTESIAN_POINT('',(-15.52334518921,8.6,18.303708753598));
#655 = CIRCLE('',#656,24.);
#656 = AXIS2_PLACEMENT_3D('',#657,#658,#659);
#657 = CARTESIAN_POINT('',(0.,8.6,-1.7763568394E-15));
#658 = DIRECTION('',(0.,-1.,-2.2E-16));
#659 = DIRECTION('',(1.,0.,0.));
#660 = ORIENTED_EDGE('',*,*,#661,.T.);
#661 = EDGE_CURVE('',#653,#662,#664,.T.);
#662 = VERTEX_POINT('',#663);
#663 = CARTESIAN_POINT('',(-16.11272392179,8.6,19.114918985439));
#664 = LINE('',#665,#666);
#665 = CARTESIAN_POINT('',(-13.79972088801,8.6,15.931343427747));
#666 = VECTOR('',#667,1.);
#667 = DIRECTION('',(-0.587785252292,0.,0.809016994375));
#668 = ORIENTED_EDGE('',*,*,#669,.T.);
#669 = EDGE_CURVE('',#662,#670,#672,.T.);
#670 = VERTEX_POINT('',#671);
#671 = CARTESIAN_POINT('',(-14.69463131195,8.6,20.225424855997));
#672 = CIRCLE('',#673,25.);
#673 = AXIS2_PLACEMENT_3D('',#674,#675,#676);
#674 = CARTESIAN_POINT('',(0.,8.6,0.));
#675 = DIRECTION('',(-0.,1.,2.2E-16));
#676 = DIRECTION('',(1.,0.,0.));
#677 = ORIENTED_EDGE('',*,*,#678,.T.);
#678 = EDGE_CURVE('',#670,#679,#681,.T.);
#679 = VERTEX_POINT('',#680);
#680 = CARTESIAN_POINT('',(-13.20026274204,8.6,21.230945893692));
#681 = CIRCLE('',#682,25.);
#682 = AXIS2_PLACEMENT_3D('',#683,#684,#685);
#683 = CARTESIAN_POINT('',(0.,8.6,0.));
#684 = DIRECTION('',(-0.,1.,2.2E-16));
#685 = DIRECTION('',(1.,0.,0.));
#686 = ORIENTED_EDGE('',*,*,#687,.F.);
#687 = EDGE_CURVE('',#688,#679,#690,.T.);
#688 = VERTEX_POINT('',#689);
#689 = CARTESIAN_POINT('',(-12.61088400946,8.6,20.419735661851));
#690 = LINE('',#691,#692);
#691 = CARTESIAN_POINT('',(-10.88725970826,8.6,18.047370336));
#692 = VECTOR('',#693,1.);
#693 = DIRECTION('',(-0.587785252292,0.,0.809016994375));
#694 = ORIENTED_EDGE('',*,*,#695,.F.);
#695 = EDGE_CURVE('',#696,#688,#698,.T.);
#696 = VERTEX_POINT('',#697);
#697 = CARTESIAN_POINT('',(-9.107421531948,8.6,22.204838955494));
#698 = CIRCLE('',#699,24.);
#699 = AXIS2_PLACEMENT_3D('',#700,#701,#702);
#700 = CARTESIAN_POINT('',(0.,8.6,-1.7763568394E-15));
#701 = DIRECTION('',(0.,-1.,-2.2E-16));
#702 = DIRECTION('',(1.,0.,0.));
#703 = ORIENTED_EDGE('',*,*,#704,.T.);
#704 = EDGE_CURVE('',#696,#705,#707,.T.);
#705 = VERTEX_POINT('',#706);
#706 = CARTESIAN_POINT('',(-9.41727626849,8.6,23.158473777064));
#707 = LINE('',#708,#709);
#708 = CARTESIAN_POINT('',(-8.201258611205,8.6,19.415956252323));
#709 = VECTOR('',#710,1.);
#710 = DIRECTION('',(-0.309016994375,-9.71445146547E-17,0.951056516295)
  );
#711 = ORIENTED_EDGE('',*,*,#712,.T.);
#712 = EDGE_CURVE('',#705,#713,#715,.T.);
#713 = VERTEX_POINT('',#714);
#714 = CARTESIAN_POINT('',(-7.72542492989,8.6,23.776412884467));
#715 = CIRCLE('',#716,25.);
#716 = AXIS2_PLACEMENT_3D('',#717,#718,#719);
#717 = CARTESIAN_POINT('',(0.,8.6,0.));
#718 = DIRECTION('',(-0.,1.,2.2E-16));
#719 = DIRECTION('',(1.,0.,0.));
#720 = ORIENTED_EDGE('',*,*,#721,.T.);
#721 = EDGE_CURVE('',#713,#722,#724,.T.);
#722 = VERTEX_POINT('',#723);
#723 = CARTESIAN_POINT('',(-5.993472809827,8.6,24.270934956813));
#724 = CIRCLE('',#725,25.);
#725 = AXIS2_PLACEMENT_3D('',#726,#727,#728);
#726 = CARTESIAN_POINT('',(0.,8.6,0.));
#727 = DIRECTION('',(-0.,1.,2.2E-16));
#728 = DIRECTION('',(1.,0.,0.));
#729 = ORIENTED_EDGE('',*,*,#730,.F.);
#730 = EDGE_CURVE('',#731,#722,#733,.T.);
#731 = VERTEX_POINT('',#732);
#732 = CARTESIAN_POINT('',(-5.683618073286,8.6,23.317300135243));
#733 = LINE('',#734,#735);
#734 = CARTESIAN_POINT('',(-4.777455152543,8.6,20.528417432073));
#735 = VECTOR('',#736,1.);
#736 = DIRECTION('',(-0.309016994375,-9.71445146547E-17,0.951056516295)
  );
#737 = ORIENTED_EDGE('',*,*,#738,.F.);
#738 = EDGE_CURVE('',#739,#731,#741,.T.);
#739 = VERTEX_POINT('',#740);
#740 = CARTESIAN_POINT('',(-1.8,8.6,23.932404810215));
#741 = CIRCLE('',#742,24.);
#742 = AXIS2_PLACEMENT_3D('',#743,#744,#745);
#743 = CARTESIAN_POINT('',(0.,8.6,-1.7763568394E-15));
#744 = DIRECTION('',(0.,-1.,-2.2E-16));
#745 = DIRECTION('',(1.,0.,0.));
#746 = ORIENTED_EDGE('',*,*,#747,.T.);
#747 = EDGE_CURVE('',#739,#748,#750,.T.);
#748 = VERTEX_POINT('',#749);
#749 = CARTESIAN_POINT('',(-1.8,8.6,24.935115800814));
#750 = LINE('',#751,#752);
#751 = CARTESIAN_POINT('',(-1.8,8.6,21.));
#752 = VECTOR('',#753,1.);
#753 = DIRECTION('',(0.,0.,1.));
#754 = ORIENTED_EDGE('',*,*,#755,.T.);
#755 = EDGE_CURVE('',#748,#756,#758,.T.);
#756 = VERTEX_POINT('',#757);
#757 = CARTESIAN_POINT('',(-3.313E-12,8.6,25.));
#758 = CIRCLE('',#759,25.);
#759 = AXIS2_PLACEMENT_3D('',#760,#761,#762);
#760 = CARTESIAN_POINT('',(0.,8.6,0.));
#761 = DIRECTION('',(-0.,1.,2.2E-16));
#762 = DIRECTION('',(1.,0.,0.));
#763 = ORIENTED_EDGE('',*,*,#764,.T.);
#764 = EDGE_CURVE('',#756,#765,#767,.T.);
#765 = VERTEX_POINT('',#766);
#766 = CARTESIAN_POINT('',(1.8,8.6,24.935115800814));
#767 = CIRCLE('',#768,25.);
#768 = AXIS2_PLACEMENT_3D('',#769,#770,#771);
#769 = CARTESIAN_POINT('',(0.,8.6,0.));
#770 = DIRECTION('',(-0.,1.,2.2E-16));
#771 = DIRECTION('',(1.,0.,0.));
#772 = ORIENTED_EDGE('',*,*,#773,.F.);
#773 = EDGE_CURVE('',#774,#765,#776,.T.);
#774 = VERTEX_POINT('',#775);
#775 = CARTESIAN_POINT('',(1.8,8.6,23.932404810215));
#776 = LINE('',#777,#778);
#777 = CARTESIAN_POINT('',(1.8,8.6,21.));
#778 = VECTOR('',#779,1.);
#779 = DIRECTION('',(0.,0.,1.));
#780 = ORIENTED_EDGE('',*,*,#781,.F.);
#781 = EDGE_CURVE('',#782,#774,#784,.T.);
#782 = VERTEX_POINT('',#783);
#783 = CARTESIAN_POINT('',(5.683618073286,8.6,23.317300135243));
#784 = CIRCLE('',#785,24.);
#785 = AXIS2_PLACEMENT_3D('',#786,#787,#788);
#786 = CARTESIAN_POINT('',(0.,8.6,-1.7763568394E-15));
#787 = DIRECTION('',(0.,-1.,-2.2E-16));
#788 = DIRECTION('',(1.,0.,0.));
#789 = ORIENTED_EDGE('',*,*,#790,.T.);
#790 = EDGE_CURVE('',#782,#791,#793,.T.);
#791 = VERTEX_POINT('',#792);
#792 = CARTESIAN_POINT('',(5.993472809827,8.6,24.270934956813));
#793 = LINE('',#794,#795);
#794 = CARTESIAN_POINT('',(4.777455152543,8.6,20.528417432073));
#795 = VECTOR('',#796,1.);
#796 = DIRECTION('',(0.309016994375,1.249000902703E-16,0.951056516295));
#797 = ORIENTED_EDGE('',*,*,#798,.T.);
#798 = EDGE_CURVE('',#791,#799,#801,.T.);
#799 = VERTEX_POINT('',#800);
#800 = CARTESIAN_POINT('',(7.725425103483,8.6,23.776412828063));
#801 = CIRCLE('',#802,25.);
#802 = AXIS2_PLACEMENT_3D('',#803,#804,#805);
#803 = CARTESIAN_POINT('',(0.,8.6,0.));
#804 = DIRECTION('',(-0.,1.,2.2E-16));
#805 = DIRECTION('',(1.,0.,0.));
#806 = ORIENTED_EDGE('',*,*,#807,.T.);
#807 = EDGE_CURVE('',#799,#808,#810,.T.);
#808 = VERTEX_POINT('',#809);
#809 = CARTESIAN_POINT('',(9.41727626849,8.6,23.158473777064));
#810 = CIRCLE('',#811,25.);
#811 = AXIS2_PLACEMENT_3D('',#812,#813,#814);
#812 = CARTESIAN_POINT('',(0.,8.6,0.));
#813 = DIRECTION('',(-0.,1.,2.2E-16));
#814 = DIRECTION('',(1.,0.,0.));
#815 = ORIENTED_EDGE('',*,*,#816,.F.);
#816 = EDGE_CURVE('',#817,#808,#819,.T.);
#817 = VERTEX_POINT('',#818);
#818 = CARTESIAN_POINT('',(9.107421531948,8.6,22.204838955494));
#819 = LINE('',#820,#821);
#820 = CARTESIAN_POINT('',(8.201258611205,8.6,19.415956252323));
#821 = VECTOR('',#822,1.);
#822 = DIRECTION('',(0.309016994375,1.249000902703E-16,0.951056516295));
#823 = ORIENTED_EDGE('',*,*,#824,.F.);
#824 = EDGE_CURVE('',#825,#817,#827,.T.);
#825 = VERTEX_POINT('',#826);
#826 = CARTESIAN_POINT('',(12.610884009463,8.6,20.419735661851));
#827 = CIRCLE('',#828,24.);
#828 = AXIS2_PLACEMENT_3D('',#829,#830,#831);
#829 = CARTESIAN_POINT('',(0.,8.6,-1.7763568394E-15));
#830 = DIRECTION('',(0.,-1.,-2.2E-16));
#831 = DIRECTION('',(1.,0.,0.));
#832 = ORIENTED_EDGE('',*,*,#833,.T.);
#833 = EDGE_CURVE('',#825,#834,#836,.T.);
#834 = VERTEX_POINT('',#835);
#835 = CARTESIAN_POINT('',(13.200262742048,8.6,21.230945893692));
#836 = LINE('',#837,#838);
#837 = CARTESIAN_POINT('',(10.887259708267,8.6,18.047370336));
#838 = VECTOR('',#839,1.);
#839 = DIRECTION('',(0.587785252292,-1.110223024625E-16,0.809016994375)
  );
#840 = ORIENTED_EDGE('',*,*,#841,.T.);
#841 = EDGE_CURVE('',#834,#842,#844,.T.);
#842 = VERTEX_POINT('',#843);
#843 = CARTESIAN_POINT('',(14.69463155313,8.6,20.225424680776));
#844 = CIRCLE('',#845,25.);
#845 = AXIS2_PLACEMENT_3D('',#846,#847,#848);
#846 = CARTESIAN_POINT('',(0.,8.6,0.));
#847 = DIRECTION('',(-0.,1.,2.2E-16));
#848 = DIRECTION('',(1.,0.,0.));
#849 = ORIENTED_EDGE('',*,*,#850,.T.);
#850 = EDGE_CURVE('',#842,#851,#853,.T.);
#851 = VERTEX_POINT('',#852);
#852 = CARTESIAN_POINT('',(16.112723921798,8.6,19.114918985439));
#853 = CIRCLE('',#854,25.);
#854 = AXIS2_PLACEMENT_3D('',#855,#856,#857);
#855 = CARTESIAN_POINT('',(0.,8.6,0.));
#856 = DIRECTION('',(-0.,1.,2.2E-16));
#857 = DIRECTION('',(1.,0.,0.));
#858 = ORIENTED_EDGE('',*,*,#859,.F.);
#859 = EDGE_CURVE('',#860,#851,#862,.T.);
#860 = VERTEX_POINT('',#861);
#861 = CARTESIAN_POINT('',(15.523345189213,8.6,18.303708753598));
#862 = LINE('',#863,#864);
#863 = CARTESIAN_POINT('',(13.799720888017,8.6,15.931343427747));
#864 = VECTOR('',#865,1.);
#865 = DIRECTION('',(0.587785252292,-1.110223024625E-16,0.809016994375)
  );
#866 = ORIENTED_EDGE('',*,*,#867,.F.);
#867 = EDGE_CURVE('',#868,#860,#870,.T.);
#868 = VERTEX_POINT('',#869);
#869 = CARTESIAN_POINT('',(18.303708753598,8.6,15.523345189213));
#870 = CIRCLE('',#871,24.);
#871 = AXIS2_PLACEMENT_3D('',#872,#873,#874);
#872 = CARTESIAN_POINT('',(0.,8.6,-1.7763568394E-15));
#873 = DIRECTION('',(0.,-1.,-2.2E-16));
#874 = DIRECTION('',(1.,0.,0.));
#875 = ORIENTED_EDGE('',*,*,#876,.T.);
#876 = EDGE_CURVE('',#868,#877,#879,.T.);
#877 = VERTEX_POINT('',#878);
#878 = CARTESIAN_POINT('',(19.114918985439,8.6,16.112723921798));
#879 = LINE('',#880,#881);
#880 = CARTESIAN_POINT('',(15.931343427747,8.6,13.799720888017));
#881 = VECTOR('',#882,1.);
#882 = DIRECTION('',(0.809016994375,-1.665334536938E-16,0.587785252292)
  );
#883 = ORIENTED_EDGE('',*,*,#884,.T.);
#884 = EDGE_CURVE('',#877,#885,#887,.T.);
#885 = VERTEX_POINT('',#886);
#886 = CARTESIAN_POINT('',(20.22542496429,8.6,14.694631162906));
#887 = CIRCLE('',#888,25.);
#888 = AXIS2_PLACEMENT_3D('',#889,#890,#891);
#889 = CARTESIAN_POINT('',(0.,8.6,0.));
#890 = DIRECTION('',(-0.,1.,2.2E-16));
#891 = DIRECTION('',(1.,0.,0.));
#892 = ORIENTED_EDGE('',*,*,#893,.T.);
#893 = EDGE_CURVE('',#885,#894,#896,.T.);
#894 = VERTEX_POINT('',#895);
#895 = CARTESIAN_POINT('',(21.230945893692,8.6,13.200262742048));
#896 = CIRCLE('',#897,25.);
#897 = AXIS2_PLACEMENT_3D('',#898,#899,#900);
#898 = CARTESIAN_POINT('',(0.,8.6,0.));
#899 = DIRECTION('',(-0.,1.,2.2E-16));
#900 = DIRECTION('',(1.,0.,0.));
#901 = ORIENTED_EDGE('',*,*,#902,.F.);
#902 = EDGE_CURVE('',#903,#894,#905,.T.);
#903 = VERTEX_POINT('',#904);
#904 = CARTESIAN_POINT('',(20.419735661851,8.6,12.610884009463));
#905 = LINE('',#906,#907);
#906 = CARTESIAN_POINT('',(18.047370336,8.6,10.887259708267));
#907 = VECTOR('',#908,1.);
#908 = DIRECTION('',(0.809016994375,-1.665334536938E-16,0.587785252292)
  );
#909 = ORIENTED_EDGE('',*,*,#910,.F.);
#910 = EDGE_CURVE('',#911,#903,#913,.T.);
#911 = VERTEX_POINT('',#912);
#912 = CARTESIAN_POINT('',(22.204838955494,8.6,9.107421531948));
#913 = CIRCLE('',#914,24.);
#914 = AXIS2_PLACEMENT_3D('',#915,#916,#917);
#915 = CARTESIAN_POINT('',(0.,8.6,-1.7763568394E-15));
#916 = DIRECTION('',(0.,-1.,-2.2E-16));
#917 = DIRECTION('',(1.,0.,0.));
#918 = ORIENTED_EDGE('',*,*,#919,.T.);
#919 = EDGE_CURVE('',#911,#920,#922,.T.);
#920 = VERTEX_POINT('',#921);
#921 = CARTESIAN_POINT('',(23.158473777064,8.6,9.41727626849));
#922 = LINE('',#923,#924);
#923 = CARTESIAN_POINT('',(19.415956252323,8.6,8.201258611205));
#924 = VECTOR('',#925,1.);
#925 = DIRECTION('',(0.951056516295,-7.216449660064E-16,0.309016994375)
  );
#926 = ORIENTED_EDGE('',*,*,#927,.T.);
#927 = EDGE_CURVE('',#920,#928,#930,.T.);
#928 = VERTEX_POINT('',#929);
#929 = CARTESIAN_POINT('',(23.776412828063,8.6,7.725425103483));
#930 = CIRCLE('',#931,25.);
#931 = AXIS2_PLACEMENT_3D('',#932,#933,#934);
#932 = CARTESIAN_POINT('',(0.,8.6,0.));
#933 = DIRECTION('',(-0.,1.,2.2E-16));
#934 = DIRECTION('',(1.,0.,0.));
#935 = ORIENTED_EDGE('',*,*,#936,.T.);
#936 = EDGE_CURVE('',#928,#937,#939,.T.);
#937 = VERTEX_POINT('',#938);
#938 = CARTESIAN_POINT('',(24.270934956813,8.6,5.993472809827));
#939 = CIRCLE('',#940,25.);
#940 = AXIS2_PLACEMENT_3D('',#941,#942,#943);
#941 = CARTESIAN_POINT('',(0.,8.6,0.));
#942 = DIRECTION('',(-0.,1.,2.2E-16));
#943 = DIRECTION('',(1.,0.,0.));
#944 = ORIENTED_EDGE('',*,*,#945,.F.);
#945 = EDGE_CURVE('',#104,#937,#946,.T.);
#946 = LINE('',#947,#948);
#947 = CARTESIAN_POINT('',(20.528417432073,8.6,4.777455152543));
#948 = VECTOR('',#949,1.);
#949 = DIRECTION('',(0.951056516295,-7.216449660064E-16,0.309016994375)
  );
#950 = FACE_BOUND('',#951,.T.);
#951 = EDGE_LOOP('',(#952));
#952 = ORIENTED_EDGE('',*,*,#953,.T.);
#953 = EDGE_CURVE('',#954,#954,#956,.T.);
#954 = VERTEX_POINT('',#955);
#955 = CARTESIAN_POINT('',(20.,8.6,-2.E-15));
#956 = CIRCLE('',#957,20.);
#957 = AXIS2_PLACEMENT_3D('',#958,#959,#960);
#958 = CARTESIAN_POINT('',(0.,8.6,-1.7763568394E-15));
#959 = DIRECTION('',(0.,-1.,-2.2E-16));
#960 = DIRECTION('',(1.,0.,0.));
#961 = PLANE('',#962);
#962 = AXIS2_PLACEMENT_3D('',#963,#964,#965);
#963 = CARTESIAN_POINT('',(-1.0265E-13,8.6,-1.0807E-13));
#964 = DIRECTION('',(0.,1.,-6.E-17));
#965 = DIRECTION('',(0.,-6.E-17,-1.));
#966 = ADVANCED_FACE('',(#967),#986,.T.);
#967 = FACE_BOUND('',#968,.T.);
#968 = EDGE_LOOP('',(#969,#970,#971,#980));
#969 = ORIENTED_EDGE('',*,*,#86,.F.);
#970 = ORIENTED_EDGE('',*,*,#181,.T.);
#971 = ORIENTED_EDGE('',*,*,#972,.T.);
#972 = EDGE_CURVE('',#173,#973,#975,.T.);
#973 = VERTEX_POINT('',#974);
#974 = CARTESIAN_POINT('',(21.172772670331,4.3,-13.2933704323));
#975 = ELLIPSE('',#976,35.355339059327,25.);
#976 = AXIS2_PLACEMENT_3D('',#977,#978,#979);
#977 = CARTESIAN_POINT('',(0.,10.4,-1.5E-16));
#978 = DIRECTION('',(-0.218508012224,0.707106781187,-0.672498511964));
#979 = DIRECTION('',(0.218508012224,0.707106781187,0.672498511964));
#980 = ORIENTED_EDGE('',*,*,#981,.F.);
#981 = EDGE_CURVE('',#78,#973,#982,.T.);
#982 = LINE('',#983,#984);
#983 = CARTESIAN_POINT('',(18.087183176511,4.3,-12.29080163127));
#984 = VECTOR('',#985,1.);
#985 = DIRECTION('',(0.951056516295,2.930865558063E-16,-0.309016994375)
  );
#986 = PLANE('',#987);
#987 = AXIS2_PLACEMENT_3D('',#988,#989,#990);
#988 = CARTESIAN_POINT('',(19.415956252323,8.6,-8.201258611205));
#989 = DIRECTION('',(-0.218508012224,0.707106781187,-0.672498511964));
#990 = DIRECTION('',(-0.218508012224,-0.707106781187,-0.672498511964));
#991 = ADVANCED_FACE('',(#992),#1020,.T.);
#992 = FACE_BOUND('',#993,.T.);
#993 = EDGE_LOOP('',(#994,#995,#996,#1005,#1014));
#994 = ORIENTED_EDGE('',*,*,#77,.F.);
#995 = ORIENTED_EDGE('',*,*,#981,.T.);
#996 = ORIENTED_EDGE('',*,*,#997,.T.);
#997 = EDGE_CURVE('',#973,#998,#1000,.T.);
#998 = VERTEX_POINT('',#999);
#999 = CARTESIAN_POINT('',(23.776412907379,-1.8,-7.725424859374));
#1000 = ELLIPSE('',#1001,35.355339059327,25.);
#1001 = AXIS2_PLACEMENT_3D('',#1002,#1003,#1004);
#1002 = CARTESIAN_POINT('',(0.,-1.8,-2.86E-15));
#1003 = DIRECTION('',(-0.218508012224,-0.707106781187,-0.672498511964));
#1004 = DIRECTION('',(-0.218508012224,0.707106781187,-0.672498511964));
#1005 = ORIENTED_EDGE('',*,*,#1006,.T.);
#1006 = EDGE_CURVE('',#998,#1007,#1009,.T.);
#1007 = VERTEX_POINT('',#1008);
#1008 = CARTESIAN_POINT('',(24.429774628239,-4.3,-5.30905939065));
#1009 = ELLIPSE('',#1010,35.355339059327,25.);
#1010 = AXIS2_PLACEMENT_3D('',#1011,#1012,#1013);
#1011 = CARTESIAN_POINT('',(0.,-1.8,-2.86E-15));
#1012 = DIRECTION('',(-0.218508012224,-0.707106781187,-0.672498511964));
#1013 = DIRECTION('',(-0.218508012224,0.707106781187,-0.672498511964));
#1014 = ORIENTED_EDGE('',*,*,#1015,.F.);
#1015 = EDGE_CURVE('',#69,#1007,#1016,.T.);
#1016 = LINE('',#1017,#1018);
#1017 = CARTESIAN_POINT('',(20.744729328136,-4.3,-4.111715591136));
#1018 = VECTOR('',#1019,1.);
#1019 = DIRECTION('',(0.951056516295,2.930865558063E-16,-0.309016994375)
  );
#1020 = PLANE('',#1021);
#1021 = AXIS2_PLACEMENT_3D('',#1022,#1023,#1024);
#1022 = CARTESIAN_POINT('',(21.318069284914,5.26829448555E-15,
    -8.819292599955));
#1023 = DIRECTION('',(-0.218508012224,-0.707106781187,-0.672498511964));
#1024 = DIRECTION('',(-0.218508012224,0.707106781187,-0.672498511964));
#1025 = ADVANCED_FACE('',(#1026),#1054,.F.);
#1026 = FACE_BOUND('',#1027,.F.);
#1027 = EDGE_LOOP('',(#1028,#1029,#1037,#1046,#1053));
#1028 = ORIENTED_EDGE('',*,*,#68,.F.);
#1029 = ORIENTED_EDGE('',*,*,#1030,.T.);
#1030 = EDGE_CURVE('',#60,#1031,#1033,.T.);
#1031 = VERTEX_POINT('',#1032);
#1032 = CARTESIAN_POINT('',(23.158473777063,-8.6,-9.41727626849));
#1033 = LINE('',#1034,#1035);
#1034 = CARTESIAN_POINT('',(19.415956252323,-8.6,-8.201258611205));
#1035 = VECTOR('',#1036,1.);
#1036 = DIRECTION('',(0.951056516295,2.930865558063E-16,-0.309016994375)
  );
#1037 = ORIENTED_EDGE('',*,*,#1038,.T.);
#1038 = EDGE_CURVE('',#1031,#1039,#1041,.T.);
#1039 = VERTEX_POINT('',#1040);
#1040 = CARTESIAN_POINT('',(23.776412907379,-6.8,-7.725424859374));
#1041 = ELLIPSE('',#1042,35.355339059327,25.);
#1042 = AXIS2_PLACEMENT_3D('',#1043,#1044,#1045);
#1043 = CARTESIAN_POINT('',(0.,-6.8,-3.97E-15));
#1044 = DIRECTION('',(0.218508012224,-0.707106781187,0.672498511964));
#1045 = DIRECTION('',(0.218508012224,0.707106781187,0.672498511964));
#1046 = ORIENTED_EDGE('',*,*,#1047,.T.);
#1047 = EDGE_CURVE('',#1039,#1007,#1048,.T.);
#1048 = ELLIPSE('',#1049,35.355339059327,25.);
#1049 = AXIS2_PLACEMENT_3D('',#1050,#1051,#1052);
#1050 = CARTESIAN_POINT('',(0.,-6.8,-3.97E-15));
#1051 = DIRECTION('',(0.218508012224,-0.707106781187,0.672498511964));
#1052 = DIRECTION('',(0.218508012224,0.707106781187,0.672498511964));
#1053 = ORIENTED_EDGE('',*,*,#1015,.F.);
#1054 = PLANE('',#1055);
#1055 = AXIS2_PLACEMENT_3D('',#1056,#1057,#1058);
#1056 = CARTESIAN_POINT('',(19.415956252323,-8.6,-8.201258611205));
#1057 = DIRECTION('',(0.218508012224,-0.707106781187,0.672498511964));
#1058 = DIRECTION('',(0.218508012224,0.707106781187,0.672498511964));
#1059 = ADVANCED_FACE('',(#1060,#1905),#1916,.T.);
#1060 = FACE_BOUND('',#1061,.T.);
#1061 = EDGE_LOOP('',(#1062,#1072,#1081,#1089,#1098,#1107,#1115,#1124,
    #1132,#1141,#1150,#1158,#1167,#1175,#1184,#1193,#1201,#1210,#1218,
    #1227,#1236,#1244,#1253,#1261,#1270,#1279,#1287,#1296,#1304,#1313,
    #1322,#1330,#1339,#1347,#1356,#1365,#1373,#1382,#1390,#1399,#1408,
    #1416,#1425,#1433,#1442,#1451,#1459,#1468,#1476,#1485,#1494,#1502,
    #1511,#1519,#1528,#1537,#1545,#1554,#1562,#1571,#1580,#1588,#1597,
    #1605,#1614,#1623,#1631,#1640,#1648,#1657,#1666,#1674,#1683,#1691,
    #1700,#1709,#1717,#1726,#1734,#1743,#1752,#1760,#1769,#1777,#1786,
    #1795,#1803,#1812,#1820,#1829,#1838,#1846,#1855,#1863,#1872,#1881,
    #1887,#1888,#1889,#1898));
#1062 = ORIENTED_EDGE('',*,*,#1063,.F.);
#1063 = EDGE_CURVE('',#1064,#1066,#1068,.T.);
#1064 = VERTEX_POINT('',#1065);
#1065 = CARTESIAN_POINT('',(23.317300135243,-8.6,-5.683618073286));
#1066 = VERTEX_POINT('',#1067);
#1067 = CARTESIAN_POINT('',(24.270934956813,-8.6,-5.993472809828));
#1068 = LINE('',#1069,#1070);
#1069 = CARTESIAN_POINT('',(20.528417432073,-8.6,-4.777455152543));
#1070 = VECTOR('',#1071,1.);
#1071 = DIRECTION('',(0.951056516295,2.930865558063E-16,-0.309016994375)
  );
#1072 = ORIENTED_EDGE('',*,*,#1073,.T.);
#1073 = EDGE_CURVE('',#1064,#1074,#1076,.T.);
#1074 = VERTEX_POINT('',#1075);
#1075 = CARTESIAN_POINT('',(23.932404810215,-8.6,-1.8));
#1076 = CIRCLE('',#1077,24.);
#1077 = AXIS2_PLACEMENT_3D('',#1078,#1079,#1080);
#1078 = CARTESIAN_POINT('',(0.,-8.6,1.7763568394E-15));
#1079 = DIRECTION('',(0.,-1.,-2.2E-16));
#1080 = DIRECTION('',(1.,0.,0.));
#1081 = ORIENTED_EDGE('',*,*,#1082,.T.);
#1082 = EDGE_CURVE('',#1074,#1083,#1085,.T.);
#1083 = VERTEX_POINT('',#1084);
#1084 = CARTESIAN_POINT('',(24.935115800814,-8.6,-1.8));
#1085 = LINE('',#1086,#1087);
#1086 = CARTESIAN_POINT('',(21.,-8.6,-1.8));
#1087 = VECTOR('',#1088,1.);
#1088 = DIRECTION('',(1.,-3.3E-16,-3.3E-16));
#1089 = ORIENTED_EDGE('',*,*,#1090,.F.);
#1090 = EDGE_CURVE('',#1091,#1083,#1093,.T.);
#1091 = VERTEX_POINT('',#1092);
#1092 = CARTESIAN_POINT('',(25.,-8.6,-6.E-15));
#1093 = CIRCLE('',#1094,25.);
#1094 = AXIS2_PLACEMENT_3D('',#1095,#1096,#1097);
#1095 = CARTESIAN_POINT('',(0.,-8.6,-4.37E-15));
#1096 = DIRECTION('',(-0.,1.,2.2E-16));
#1097 = DIRECTION('',(1.,0.,0.));
#1098 = ORIENTED_EDGE('',*,*,#1099,.F.);
#1099 = EDGE_CURVE('',#1100,#1091,#1102,.T.);
#1100 = VERTEX_POINT('',#1101);
#1101 = CARTESIAN_POINT('',(24.935115800814,-8.6,1.8));
#1102 = CIRCLE('',#1103,25.);
#1103 = AXIS2_PLACEMENT_3D('',#1104,#1105,#1106);
#1104 = CARTESIAN_POINT('',(0.,-8.6,-4.37E-15));
#1105 = DIRECTION('',(-0.,1.,2.2E-16));
#1106 = DIRECTION('',(1.,0.,0.));
#1107 = ORIENTED_EDGE('',*,*,#1108,.F.);
#1108 = EDGE_CURVE('',#1109,#1100,#1111,.T.);
#1109 = VERTEX_POINT('',#1110);
#1110 = CARTESIAN_POINT('',(23.932404810215,-8.6,1.8));
#1111 = LINE('',#1112,#1113);
#1112 = CARTESIAN_POINT('',(21.,-8.6,1.8));
#1113 = VECTOR('',#1114,1.);
#1114 = DIRECTION('',(1.,-3.3E-16,-3.3E-16));
#1115 = ORIENTED_EDGE('',*,*,#1116,.T.);
#1116 = EDGE_CURVE('',#1109,#1117,#1119,.T.);
#1117 = VERTEX_POINT('',#1118);
#1118 = CARTESIAN_POINT('',(23.317300135243,-8.6,5.683618073286));
#1119 = CIRCLE('',#1120,24.);
#1120 = AXIS2_PLACEMENT_3D('',#1121,#1122,#1123);
#1121 = CARTESIAN_POINT('',(0.,-8.6,1.7763568394E-15));
#1122 = DIRECTION('',(0.,-1.,-2.2E-16));
#1123 = DIRECTION('',(1.,0.,0.));
#1124 = ORIENTED_EDGE('',*,*,#1125,.T.);
#1125 = EDGE_CURVE('',#1117,#1126,#1128,.T.);
#1126 = VERTEX_POINT('',#1127);
#1127 = CARTESIAN_POINT('',(24.270934956813,-8.6,5.993472809828));
#1128 = LINE('',#1129,#1130);
#1129 = CARTESIAN_POINT('',(20.528417432073,-8.6,4.777455152543));
#1130 = VECTOR('',#1131,1.);
#1131 = DIRECTION('',(0.951056516295,-7.216449660064E-16,0.309016994375)
  );
#1132 = ORIENTED_EDGE('',*,*,#1133,.F.);
#1133 = EDGE_CURVE('',#1134,#1126,#1136,.T.);
#1134 = VERTEX_POINT('',#1135);
#1135 = CARTESIAN_POINT('',(23.776412907379,-8.6,7.725424859374));
#1136 = CIRCLE('',#1137,25.);
#1137 = AXIS2_PLACEMENT_3D('',#1138,#1139,#1140);
#1138 = CARTESIAN_POINT('',(0.,-8.6,-4.37E-15));
#1139 = DIRECTION('',(-0.,1.,2.2E-16));
#1140 = DIRECTION('',(1.,0.,0.));
#1141 = ORIENTED_EDGE('',*,*,#1142,.F.);
#1142 = EDGE_CURVE('',#1143,#1134,#1145,.T.);
#1143 = VERTEX_POINT('',#1144);
#1144 = CARTESIAN_POINT('',(23.158473777063,-8.6,9.41727626849));
#1145 = CIRCLE('',#1146,25.);
#1146 = AXIS2_PLACEMENT_3D('',#1147,#1148,#1149);
#1147 = CARTESIAN_POINT('',(0.,-8.6,-4.37E-15));
#1148 = DIRECTION('',(-0.,1.,2.2E-16));
#1149 = DIRECTION('',(1.,0.,0.));
#1150 = ORIENTED_EDGE('',*,*,#1151,.F.);
#1151 = EDGE_CURVE('',#1152,#1143,#1154,.T.);
#1152 = VERTEX_POINT('',#1153);
#1153 = CARTESIAN_POINT('',(22.204838955494,-8.6,9.107421531948));
#1154 = LINE('',#1155,#1156);
#1155 = CARTESIAN_POINT('',(19.415956252323,-8.6,8.201258611205));
#1156 = VECTOR('',#1157,1.);
#1157 = DIRECTION('',(0.951056516295,-7.216449660064E-16,0.309016994375)
  );
#1158 = ORIENTED_EDGE('',*,*,#1159,.T.);
#1159 = EDGE_CURVE('',#1152,#1160,#1162,.T.);
#1160 = VERTEX_POINT('',#1161);
#1161 = CARTESIAN_POINT('',(20.419735661851,-8.6,12.610884009463));
#1162 = CIRCLE('',#1163,24.);
#1163 = AXIS2_PLACEMENT_3D('',#1164,#1165,#1166);
#1164 = CARTESIAN_POINT('',(0.,-8.6,1.7763568394E-15));
#1165 = DIRECTION('',(0.,-1.,-2.2E-16));
#1166 = DIRECTION('',(1.,0.,0.));
#1167 = ORIENTED_EDGE('',*,*,#1168,.T.);
#1168 = EDGE_CURVE('',#1160,#1169,#1171,.T.);
#1169 = VERTEX_POINT('',#1170);
#1170 = CARTESIAN_POINT('',(21.230945893692,-8.6,13.200262742049));
#1171 = LINE('',#1172,#1173);
#1172 = CARTESIAN_POINT('',(18.047370336,-8.6,10.887259708267));
#1173 = VECTOR('',#1174,1.);
#1174 = DIRECTION('',(0.809016994375,-1.665334536938E-16,0.587785252292)
  );
#1175 = ORIENTED_EDGE('',*,*,#1176,.F.);
#1176 = EDGE_CURVE('',#1177,#1169,#1179,.T.);
#1177 = VERTEX_POINT('',#1178);
#1178 = CARTESIAN_POINT('',(20.225424859374,-8.6,14.694631307312));
#1179 = CIRCLE('',#1180,25.);
#1180 = AXIS2_PLACEMENT_3D('',#1181,#1182,#1183);
#1181 = CARTESIAN_POINT('',(0.,-8.6,-4.37E-15));
#1182 = DIRECTION('',(-0.,1.,2.2E-16));
#1183 = DIRECTION('',(1.,0.,0.));
#1184 = ORIENTED_EDGE('',*,*,#1185,.F.);
#1185 = EDGE_CURVE('',#1186,#1177,#1188,.T.);
#1186 = VERTEX_POINT('',#1187);
#1187 = CARTESIAN_POINT('',(19.114918985439,-8.6,16.112723921798));
#1188 = CIRCLE('',#1189,25.);
#1189 = AXIS2_PLACEMENT_3D('',#1190,#1191,#1192);
#1190 = CARTESIAN_POINT('',(0.,-8.6,-4.37E-15));
#1191 = DIRECTION('',(-0.,1.,2.2E-16));
#1192 = DIRECTION('',(1.,0.,0.));
#1193 = ORIENTED_EDGE('',*,*,#1194,.F.);
#1194 = EDGE_CURVE('',#1195,#1186,#1197,.T.);
#1195 = VERTEX_POINT('',#1196);
#1196 = CARTESIAN_POINT('',(18.303708753598,-8.6,15.523345189213));
#1197 = LINE('',#1198,#1199);
#1198 = CARTESIAN_POINT('',(15.931343427747,-8.6,13.799720888017));
#1199 = VECTOR('',#1200,1.);
#1200 = DIRECTION('',(0.809016994375,-1.665334536938E-16,0.587785252292)
  );
#1201 = ORIENTED_EDGE('',*,*,#1202,.T.);
#1202 = EDGE_CURVE('',#1195,#1203,#1205,.T.);
#1203 = VERTEX_POINT('',#1204);
#1204 = CARTESIAN_POINT('',(15.523345189213,-8.6,18.303708753598));
#1205 = CIRCLE('',#1206,24.);
#1206 = AXIS2_PLACEMENT_3D('',#1207,#1208,#1209);
#1207 = CARTESIAN_POINT('',(0.,-8.6,1.7763568394E-15));
#1208 = DIRECTION('',(0.,-1.,-2.2E-16));
#1209 = DIRECTION('',(1.,0.,0.));
#1210 = ORIENTED_EDGE('',*,*,#1211,.T.);
#1211 = EDGE_CURVE('',#1203,#1212,#1214,.T.);
#1212 = VERTEX_POINT('',#1213);
#1213 = CARTESIAN_POINT('',(16.112723921798,-8.6,19.114918985439));
#1214 = LINE('',#1215,#1216);
#1215 = CARTESIAN_POINT('',(13.799720888017,-8.6,15.931343427747));
#1216 = VECTOR('',#1217,1.);
#1217 = DIRECTION('',(0.587785252292,-1.110223024625E-16,0.809016994375)
  );
#1218 = ORIENTED_EDGE('',*,*,#1219,.F.);
#1219 = EDGE_CURVE('',#1220,#1212,#1222,.T.);
#1220 = VERTEX_POINT('',#1221);
#1221 = CARTESIAN_POINT('',(14.694631307312,-8.6,20.225424859374));
#1222 = CIRCLE('',#1223,25.);
#1223 = AXIS2_PLACEMENT_3D('',#1224,#1225,#1226);
#1224 = CARTESIAN_POINT('',(0.,-8.6,-4.37E-15));
#1225 = DIRECTION('',(-0.,1.,2.2E-16));
#1226 = DIRECTION('',(1.,0.,0.));
#1227 = ORIENTED_EDGE('',*,*,#1228,.F.);
#1228 = EDGE_CURVE('',#1229,#1220,#1231,.T.);
#1229 = VERTEX_POINT('',#1230);
#1230 = CARTESIAN_POINT('',(13.200262742049,-8.6,21.230945893692));
#1231 = CIRCLE('',#1232,25.);
#1232 = AXIS2_PLACEMENT_3D('',#1233,#1234,#1235);
#1233 = CARTESIAN_POINT('',(0.,-8.6,-4.37E-15));
#1234 = DIRECTION('',(-0.,1.,2.2E-16));
#1235 = DIRECTION('',(1.,0.,0.));
#1236 = ORIENTED_EDGE('',*,*,#1237,.F.);
#1237 = EDGE_CURVE('',#1238,#1229,#1240,.T.);
#1238 = VERTEX_POINT('',#1239);
#1239 = CARTESIAN_POINT('',(12.610884009463,-8.6,20.419735661851));
#1240 = LINE('',#1241,#1242);
#1241 = CARTESIAN_POINT('',(10.887259708267,-8.6,18.047370336));
#1242 = VECTOR('',#1243,1.);
#1243 = DIRECTION('',(0.587785252292,-1.110223024625E-16,0.809016994375)
  );
#1244 = ORIENTED_EDGE('',*,*,#1245,.T.);
#1245 = EDGE_CURVE('',#1238,#1246,#1248,.T.);
#1246 = VERTEX_POINT('',#1247);
#1247 = CARTESIAN_POINT('',(9.107421531948,-8.6,22.204838955494));
#1248 = CIRCLE('',#1249,24.);
#1249 = AXIS2_PLACEMENT_3D('',#1250,#1251,#1252);
#1250 = CARTESIAN_POINT('',(0.,-8.6,1.7763568394E-15));
#1251 = DIRECTION('',(0.,-1.,-2.2E-16));
#1252 = DIRECTION('',(1.,0.,0.));
#1253 = ORIENTED_EDGE('',*,*,#1254,.T.);
#1254 = EDGE_CURVE('',#1246,#1255,#1257,.T.);
#1255 = VERTEX_POINT('',#1256);
#1256 = CARTESIAN_POINT('',(9.41727626849,-8.6,23.158473777063));
#1257 = LINE('',#1258,#1259);
#1258 = CARTESIAN_POINT('',(8.201258611205,-8.6,19.415956252323));
#1259 = VECTOR('',#1260,1.);
#1260 = DIRECTION('',(0.309016994375,1.249000902703E-16,0.951056516295)
  );
#1261 = ORIENTED_EDGE('',*,*,#1262,.F.);
#1262 = EDGE_CURVE('',#1263,#1255,#1265,.T.);
#1263 = VERTEX_POINT('',#1264);
#1264 = CARTESIAN_POINT('',(7.725424859374,-8.6,23.776412907379));
#1265 = CIRCLE('',#1266,25.);
#1266 = AXIS2_PLACEMENT_3D('',#1267,#1268,#1269);
#1267 = CARTESIAN_POINT('',(0.,-8.6,-4.37E-15));
#1268 = DIRECTION('',(-0.,1.,2.2E-16));
#1269 = DIRECTION('',(1.,0.,0.));
#1270 = ORIENTED_EDGE('',*,*,#1271,.F.);
#1271 = EDGE_CURVE('',#1272,#1263,#1274,.T.);
#1272 = VERTEX_POINT('',#1273);
#1273 = CARTESIAN_POINT('',(5.993472809827,-8.6,24.270934956813));
#1274 = CIRCLE('',#1275,25.);
#1275 = AXIS2_PLACEMENT_3D('',#1276,#1277,#1278);
#1276 = CARTESIAN_POINT('',(0.,-8.6,-4.37E-15));
#1277 = DIRECTION('',(-0.,1.,2.2E-16));
#1278 = DIRECTION('',(1.,0.,0.));
#1279 = ORIENTED_EDGE('',*,*,#1280,.F.);
#1280 = EDGE_CURVE('',#1281,#1272,#1283,.T.);
#1281 = VERTEX_POINT('',#1282);
#1282 = CARTESIAN_POINT('',(5.683618073286,-8.6,23.317300135243));
#1283 = LINE('',#1284,#1285);
#1284 = CARTESIAN_POINT('',(4.777455152543,-8.6,20.528417432073));
#1285 = VECTOR('',#1286,1.);
#1286 = DIRECTION('',(0.309016994375,1.249000902703E-16,0.951056516295)
  );
#1287 = ORIENTED_EDGE('',*,*,#1288,.T.);
#1288 = EDGE_CURVE('',#1281,#1289,#1291,.T.);
#1289 = VERTEX_POINT('',#1290);
#1290 = CARTESIAN_POINT('',(1.8,-8.6,23.932404810215));
#1291 = CIRCLE('',#1292,24.);
#1292 = AXIS2_PLACEMENT_3D('',#1293,#1294,#1295);
#1293 = CARTESIAN_POINT('',(0.,-8.6,1.7763568394E-15));
#1294 = DIRECTION('',(0.,-1.,-2.2E-16));
#1295 = DIRECTION('',(1.,0.,0.));
#1296 = ORIENTED_EDGE('',*,*,#1297,.T.);
#1297 = EDGE_CURVE('',#1289,#1298,#1300,.T.);
#1298 = VERTEX_POINT('',#1299);
#1299 = CARTESIAN_POINT('',(1.8,-8.6,24.935115800814));
#1300 = LINE('',#1301,#1302);
#1301 = CARTESIAN_POINT('',(1.8,-8.6,21.));
#1302 = VECTOR('',#1303,1.);
#1303 = DIRECTION('',(0.,0.,1.));
#1304 = ORIENTED_EDGE('',*,*,#1305,.F.);
#1305 = EDGE_CURVE('',#1306,#1298,#1308,.T.);
#1306 = VERTEX_POINT('',#1307);
#1307 = CARTESIAN_POINT('',(0.,-8.6,25.));
#1308 = CIRCLE('',#1309,25.);
#1309 = AXIS2_PLACEMENT_3D('',#1310,#1311,#1312);
#1310 = CARTESIAN_POINT('',(0.,-8.6,-4.37E-15));
#1311 = DIRECTION('',(-0.,1.,2.2E-16));
#1312 = DIRECTION('',(1.,0.,0.));
#1313 = ORIENTED_EDGE('',*,*,#1314,.F.);
#1314 = EDGE_CURVE('',#1315,#1306,#1317,.T.);
#1315 = VERTEX_POINT('',#1316);
#1316 = CARTESIAN_POINT('',(-1.8,-8.6,24.935115800814));
#1317 = CIRCLE('',#1318,25.);
#1318 = AXIS2_PLACEMENT_3D('',#1319,#1320,#1321);
#1319 = CARTESIAN_POINT('',(0.,-8.6,-4.37E-15));
#1320 = DIRECTION('',(-0.,1.,2.2E-16));
#1321 = DIRECTION('',(1.,0.,0.));
#1322 = ORIENTED_EDGE('',*,*,#1323,.F.);
#1323 = EDGE_CURVE('',#1324,#1315,#1326,.T.);
#1324 = VERTEX_POINT('',#1325);
#1325 = CARTESIAN_POINT('',(-1.8,-8.6,23.932404810215));
#1326 = LINE('',#1327,#1328);
#1327 = CARTESIAN_POINT('',(-1.8,-8.6,21.));
#1328 = VECTOR('',#1329,1.);
#1329 = DIRECTION('',(0.,0.,1.));
#1330 = ORIENTED_EDGE('',*,*,#1331,.T.);
#1331 = EDGE_CURVE('',#1324,#1332,#1334,.T.);
#1332 = VERTEX_POINT('',#1333);
#1333 = CARTESIAN_POINT('',(-5.683618073286,-8.6,23.317300135243));
#1334 = CIRCLE('',#1335,24.);
#1335 = AXIS2_PLACEMENT_3D('',#1336,#1337,#1338);
#1336 = CARTESIAN_POINT('',(0.,-8.6,1.7763568394E-15));
#1337 = DIRECTION('',(0.,-1.,-2.2E-16));
#1338 = DIRECTION('',(1.,0.,0.));
#1339 = ORIENTED_EDGE('',*,*,#1340,.T.);
#1340 = EDGE_CURVE('',#1332,#1341,#1343,.T.);
#1341 = VERTEX_POINT('',#1342);
#1342 = CARTESIAN_POINT('',(-5.993472809828,-8.6,24.270934956813));
#1343 = LINE('',#1344,#1345);
#1344 = CARTESIAN_POINT('',(-4.777455152543,-8.6,20.528417432073));
#1345 = VECTOR('',#1346,1.);
#1346 = DIRECTION('',(-0.309016994375,-9.71445146547E-17,0.951056516295)
  );
#1347 = ORIENTED_EDGE('',*,*,#1348,.F.);
#1348 = EDGE_CURVE('',#1349,#1341,#1351,.T.);
#1349 = VERTEX_POINT('',#1350);
#1350 = CARTESIAN_POINT('',(-7.725424859374,-8.6,23.776412907379));
#1351 = CIRCLE('',#1352,25.);
#1352 = AXIS2_PLACEMENT_3D('',#1353,#1354,#1355);
#1353 = CARTESIAN_POINT('',(0.,-8.6,-4.37E-15));
#1354 = DIRECTION('',(-0.,1.,2.2E-16));
#1355 = DIRECTION('',(1.,0.,0.));
#1356 = ORIENTED_EDGE('',*,*,#1357,.F.);
#1357 = EDGE_CURVE('',#1358,#1349,#1360,.T.);
#1358 = VERTEX_POINT('',#1359);
#1359 = CARTESIAN_POINT('',(-9.41727626849,-8.6,23.158473777063));
#1360 = CIRCLE('',#1361,25.);
#1361 = AXIS2_PLACEMENT_3D('',#1362,#1363,#1364);
#1362 = CARTESIAN_POINT('',(0.,-8.6,-4.37E-15));
#1363 = DIRECTION('',(-0.,1.,2.2E-16));
#1364 = DIRECTION('',(1.,0.,0.));
#1365 = ORIENTED_EDGE('',*,*,#1366,.F.);
#1366 = EDGE_CURVE('',#1367,#1358,#1369,.T.);
#1367 = VERTEX_POINT('',#1368);
#1368 = CARTESIAN_POINT('',(-9.107421531948,-8.6,22.204838955494));
#1369 = LINE('',#1370,#1371);
#1370 = CARTESIAN_POINT('',(-8.201258611205,-8.6,19.415956252323));
#1371 = VECTOR('',#1372,1.);
#1372 = DIRECTION('',(-0.309016994375,-9.71445146547E-17,0.951056516295)
  );
#1373 = ORIENTED_EDGE('',*,*,#1374,.T.);
#1374 = EDGE_CURVE('',#1367,#1375,#1377,.T.);
#1375 = VERTEX_POINT('',#1376);
#1376 = CARTESIAN_POINT('',(-12.61088400946,-8.6,20.419735661851));
#1377 = CIRCLE('',#1378,24.);
#1378 = AXIS2_PLACEMENT_3D('',#1379,#1380,#1381);
#1379 = CARTESIAN_POINT('',(0.,-8.6,1.7763568394E-15));
#1380 = DIRECTION('',(0.,-1.,-2.2E-16));
#1381 = DIRECTION('',(1.,0.,0.));
#1382 = ORIENTED_EDGE('',*,*,#1383,.T.);
#1383 = EDGE_CURVE('',#1375,#1384,#1386,.T.);
#1384 = VERTEX_POINT('',#1385);
#1385 = CARTESIAN_POINT('',(-13.20026274204,-8.6,21.230945893692));
#1386 = LINE('',#1387,#1388);
#1387 = CARTESIAN_POINT('',(-10.88725970826,-8.6,18.047370336));
#1388 = VECTOR('',#1389,1.);
#1389 = DIRECTION('',(-0.587785252292,0.,0.809016994375));
#1390 = ORIENTED_EDGE('',*,*,#1391,.F.);
#1391 = EDGE_CURVE('',#1392,#1384,#1394,.T.);
#1392 = VERTEX_POINT('',#1393);
#1393 = CARTESIAN_POINT('',(-14.69463130731,-8.6,20.225424859374));
#1394 = CIRCLE('',#1395,25.);
#1395 = AXIS2_PLACEMENT_3D('',#1396,#1397,#1398);
#1396 = CARTESIAN_POINT('',(0.,-8.6,-4.37E-15));
#1397 = DIRECTION('',(-0.,1.,2.2E-16));
#1398 = DIRECTION('',(1.,0.,0.));
#1399 = ORIENTED_EDGE('',*,*,#1400,.F.);
#1400 = EDGE_CURVE('',#1401,#1392,#1403,.T.);
#1401 = VERTEX_POINT('',#1402);
#1402 = CARTESIAN_POINT('',(-16.11272392179,-8.6,19.114918985439));
#1403 = CIRCLE('',#1404,25.);
#1404 = AXIS2_PLACEMENT_3D('',#1405,#1406,#1407);
#1405 = CARTESIAN_POINT('',(0.,-8.6,-4.37E-15));
#1406 = DIRECTION('',(-0.,1.,2.2E-16));
#1407 = DIRECTION('',(1.,0.,0.));
#1408 = ORIENTED_EDGE('',*,*,#1409,.F.);
#1409 = EDGE_CURVE('',#1410,#1401,#1412,.T.);
#1410 = VERTEX_POINT('',#1411);
#1411 = CARTESIAN_POINT('',(-15.52334518921,-8.6,18.303708753598));
#1412 = LINE('',#1413,#1414);
#1413 = CARTESIAN_POINT('',(-13.79972088801,-8.6,15.931343427747));
#1414 = VECTOR('',#1415,1.);
#1415 = DIRECTION('',(-0.587785252292,0.,0.809016994375));
#1416 = ORIENTED_EDGE('',*,*,#1417,.T.);
#1417 = EDGE_CURVE('',#1410,#1418,#1420,.T.);
#1418 = VERTEX_POINT('',#1419);
#1419 = CARTESIAN_POINT('',(-18.30370875359,-8.6,15.523345189213));
#1420 = CIRCLE('',#1421,24.);
#1421 = AXIS2_PLACEMENT_3D('',#1422,#1423,#1424);
#1422 = CARTESIAN_POINT('',(0.,-8.6,1.7763568394E-15));
#1423 = DIRECTION('',(0.,-1.,-2.2E-16));
#1424 = DIRECTION('',(1.,0.,0.));
#1425 = ORIENTED_EDGE('',*,*,#1426,.T.);
#1426 = EDGE_CURVE('',#1418,#1427,#1429,.T.);
#1427 = VERTEX_POINT('',#1428);
#1428 = CARTESIAN_POINT('',(-19.11491898543,-8.6,16.112723921798));
#1429 = LINE('',#1430,#1431);
#1430 = CARTESIAN_POINT('',(-15.93134342774,-8.6,13.799720888017));
#1431 = VECTOR('',#1432,1.);
#1432 = DIRECTION('',(-0.809016994375,-1.665334536938E-16,0.587785252292
    ));
#1433 = ORIENTED_EDGE('',*,*,#1434,.F.);
#1434 = EDGE_CURVE('',#1435,#1427,#1437,.T.);
#1435 = VERTEX_POINT('',#1436);
#1436 = CARTESIAN_POINT('',(-20.22542485937,-8.6,14.694631307312));
#1437 = CIRCLE('',#1438,25.);
#1438 = AXIS2_PLACEMENT_3D('',#1439,#1440,#1441);
#1439 = CARTESIAN_POINT('',(0.,-8.6,-4.37E-15));
#1440 = DIRECTION('',(-0.,1.,2.2E-16));
#1441 = DIRECTION('',(1.,0.,0.));
#1442 = ORIENTED_EDGE('',*,*,#1443,.F.);
#1443 = EDGE_CURVE('',#1444,#1435,#1446,.T.);
#1444 = VERTEX_POINT('',#1445);
#1445 = CARTESIAN_POINT('',(-21.23094589369,-8.6,13.200262742049));
#1446 = CIRCLE('',#1447,25.);
#1447 = AXIS2_PLACEMENT_3D('',#1448,#1449,#1450);
#1448 = CARTESIAN_POINT('',(0.,-8.6,-4.37E-15));
#1449 = DIRECTION('',(-0.,1.,2.2E-16));
#1450 = DIRECTION('',(1.,0.,0.));
#1451 = ORIENTED_EDGE('',*,*,#1452,.F.);
#1452 = EDGE_CURVE('',#1453,#1444,#1455,.T.);
#1453 = VERTEX_POINT('',#1454);
#1454 = CARTESIAN_POINT('',(-20.41973566185,-8.6,12.610884009463));
#1455 = LINE('',#1456,#1457);
#1456 = CARTESIAN_POINT('',(-18.047370336,-8.6,10.887259708267));
#1457 = VECTOR('',#1458,1.);
#1458 = DIRECTION('',(-0.809016994375,-1.665334536938E-16,0.587785252292
    ));
#1459 = ORIENTED_EDGE('',*,*,#1460,.T.);
#1460 = EDGE_CURVE('',#1453,#1461,#1463,.T.);
#1461 = VERTEX_POINT('',#1462);
#1462 = CARTESIAN_POINT('',(-22.20483895549,-8.6,9.107421531948));
#1463 = CIRCLE('',#1464,24.);
#1464 = AXIS2_PLACEMENT_3D('',#1465,#1466,#1467);
#1465 = CARTESIAN_POINT('',(0.,-8.6,1.7763568394E-15));
#1466 = DIRECTION('',(0.,-1.,-2.2E-16));
#1467 = DIRECTION('',(1.,0.,0.));
#1468 = ORIENTED_EDGE('',*,*,#1469,.T.);
#1469 = EDGE_CURVE('',#1461,#1470,#1472,.T.);
#1470 = VERTEX_POINT('',#1471);
#1471 = CARTESIAN_POINT('',(-23.15847377706,-8.6,9.41727626849));
#1472 = LINE('',#1473,#1474);
#1473 = CARTESIAN_POINT('',(-19.41595625232,-8.6,8.201258611205));
#1474 = VECTOR('',#1475,1.);
#1475 = DIRECTION('',(-0.951056516295,-3.330669073875E-16,0.309016994375
    ));
#1476 = ORIENTED_EDGE('',*,*,#1477,.F.);
#1477 = EDGE_CURVE('',#1478,#1470,#1480,.T.);
#1478 = VERTEX_POINT('',#1479);
#1479 = CARTESIAN_POINT('',(-23.77641290737,-8.6,7.725424859374));
#1480 = CIRCLE('',#1481,25.);
#1481 = AXIS2_PLACEMENT_3D('',#1482,#1483,#1484);
#1482 = CARTESIAN_POINT('',(0.,-8.6,-4.37E-15));
#1483 = DIRECTION('',(-0.,1.,2.2E-16));
#1484 = DIRECTION('',(1.,0.,0.));
#1485 = ORIENTED_EDGE('',*,*,#1486,.F.);
#1486 = EDGE_CURVE('',#1487,#1478,#1489,.T.);
#1487 = VERTEX_POINT('',#1488);
#1488 = CARTESIAN_POINT('',(-24.27093495681,-8.6,5.993472809827));
#1489 = CIRCLE('',#1490,25.);
#1490 = AXIS2_PLACEMENT_3D('',#1491,#1492,#1493);
#1491 = CARTESIAN_POINT('',(0.,-8.6,-4.37E-15));
#1492 = DIRECTION('',(-0.,1.,2.2E-16));
#1493 = DIRECTION('',(1.,0.,0.));
#1494 = ORIENTED_EDGE('',*,*,#1495,.F.);
#1495 = EDGE_CURVE('',#1496,#1487,#1498,.T.);
#1496 = VERTEX_POINT('',#1497);
#1497 = CARTESIAN_POINT('',(-23.31730013524,-8.6,5.683618073286));
#1498 = LINE('',#1499,#1500);
#1499 = CARTESIAN_POINT('',(-20.52841743207,-8.6,4.777455152543));
#1500 = VECTOR('',#1501,1.);
#1501 = DIRECTION('',(-0.951056516295,-3.330669073875E-16,0.309016994375
    ));
#1502 = ORIENTED_EDGE('',*,*,#1503,.T.);
#1503 = EDGE_CURVE('',#1496,#1504,#1506,.T.);
#1504 = VERTEX_POINT('',#1505);
#1505 = CARTESIAN_POINT('',(-23.93240481021,-8.6,1.799999999999));
#1506 = CIRCLE('',#1507,24.);
#1507 = AXIS2_PLACEMENT_3D('',#1508,#1509,#1510);
#1508 = CARTESIAN_POINT('',(0.,-8.6,1.7763568394E-15));
#1509 = DIRECTION('',(0.,-1.,-2.2E-16));
#1510 = DIRECTION('',(1.,0.,0.));
#1511 = ORIENTED_EDGE('',*,*,#1512,.T.);
#1512 = EDGE_CURVE('',#1504,#1513,#1515,.T.);
#1513 = VERTEX_POINT('',#1514);
#1514 = CARTESIAN_POINT('',(-24.93511580081,-8.6,1.8));
#1515 = LINE('',#1516,#1517);
#1516 = CARTESIAN_POINT('',(-21.,-8.6,1.8));
#1517 = VECTOR('',#1518,1.);
#1518 = DIRECTION('',(-1.,2.2E-16,-4.4E-16));
#1519 = ORIENTED_EDGE('',*,*,#1520,.F.);
#1520 = EDGE_CURVE('',#1521,#1513,#1523,.T.);
#1521 = VERTEX_POINT('',#1522);
#1522 = CARTESIAN_POINT('',(-25.,-8.6,-1.2E-14));
#1523 = CIRCLE('',#1524,25.);
#1524 = AXIS2_PLACEMENT_3D('',#1525,#1526,#1527);
#1525 = CARTESIAN_POINT('',(0.,-8.6,-4.37E-15));
#1526 = DIRECTION('',(-0.,1.,2.2E-16));
#1527 = DIRECTION('',(1.,0.,0.));
#1528 = ORIENTED_EDGE('',*,*,#1529,.F.);
#1529 = EDGE_CURVE('',#1530,#1521,#1532,.T.);
#1530 = VERTEX_POINT('',#1531);
#1531 = CARTESIAN_POINT('',(-24.93511580081,-8.6,-1.8));
#1532 = CIRCLE('',#1533,25.);
#1533 = AXIS2_PLACEMENT_3D('',#1534,#1535,#1536);
#1534 = CARTESIAN_POINT('',(0.,-8.6,-4.37E-15));
#1535 = DIRECTION('',(-0.,1.,2.2E-16));
#1536 = DIRECTION('',(1.,0.,0.));
#1537 = ORIENTED_EDGE('',*,*,#1538,.F.);
#1538 = EDGE_CURVE('',#1539,#1530,#1541,.T.);
#1539 = VERTEX_POINT('',#1540);
#1540 = CARTESIAN_POINT('',(-23.93240481021,-8.6,-1.8));
#1541 = LINE('',#1542,#1543);
#1542 = CARTESIAN_POINT('',(-21.,-8.6,-1.8));
#1543 = VECTOR('',#1544,1.);
#1544 = DIRECTION('',(-1.,2.2E-16,-4.4E-16));
#1545 = ORIENTED_EDGE('',*,*,#1546,.T.);
#1546 = EDGE_CURVE('',#1539,#1547,#1549,.T.);
#1547 = VERTEX_POINT('',#1548);
#1548 = CARTESIAN_POINT('',(-23.31730013524,-8.6,-5.683618073286));
#1549 = CIRCLE('',#1550,24.);
#1550 = AXIS2_PLACEMENT_3D('',#1551,#1552,#1553);
#1551 = CARTESIAN_POINT('',(0.,-8.6,1.7763568394E-15));
#1552 = DIRECTION('',(0.,-1.,-2.2E-16));
#1553 = DIRECTION('',(1.,0.,0.));
#1554 = ORIENTED_EDGE('',*,*,#1555,.T.);
#1555 = EDGE_CURVE('',#1547,#1556,#1558,.T.);
#1556 = VERTEX_POINT('',#1557);
#1557 = CARTESIAN_POINT('',(-24.27093495681,-8.6,-5.993472809828));
#1558 = LINE('',#1559,#1560);
#1559 = CARTESIAN_POINT('',(-20.52841743207,-8.6,-4.777455152543));
#1560 = VECTOR('',#1561,1.);
#1561 = DIRECTION('',(-0.951056516295,7.216449660064E-16,-0.309016994375
    ));
#1562 = ORIENTED_EDGE('',*,*,#1563,.F.);
#1563 = EDGE_CURVE('',#1564,#1556,#1566,.T.);
#1564 = VERTEX_POINT('',#1565);
#1565 = CARTESIAN_POINT('',(-23.77641290737,-8.6,-7.725424859374));
#1566 = CIRCLE('',#1567,25.);
#1567 = AXIS2_PLACEMENT_3D('',#1568,#1569,#1570);
#1568 = CARTESIAN_POINT('',(0.,-8.6,-4.37E-15));
#1569 = DIRECTION('',(-0.,1.,2.2E-16));
#1570 = DIRECTION('',(1.,0.,0.));
#1571 = ORIENTED_EDGE('',*,*,#1572,.F.);
#1572 = EDGE_CURVE('',#1573,#1564,#1575,.T.);
#1573 = VERTEX_POINT('',#1574);
#1574 = CARTESIAN_POINT('',(-23.15847377706,-8.6,-9.41727626849));
#1575 = CIRCLE('',#1576,25.);
#1576 = AXIS2_PLACEMENT_3D('',#1577,#1578,#1579);
#1577 = CARTESIAN_POINT('',(0.,-8.6,-4.37E-15));
#1578 = DIRECTION('',(-0.,1.,2.2E-16));
#1579 = DIRECTION('',(1.,0.,0.));
#1580 = ORIENTED_EDGE('',*,*,#1581,.F.);
#1581 = EDGE_CURVE('',#1582,#1573,#1584,.T.);
#1582 = VERTEX_POINT('',#1583);
#1583 = CARTESIAN_POINT('',(-22.20483895549,-8.6,-9.107421531948));
#1584 = LINE('',#1585,#1586);
#1585 = CARTESIAN_POINT('',(-19.41595625232,-8.6,-8.201258611205));
#1586 = VECTOR('',#1587,1.);
#1587 = DIRECTION('',(-0.951056516295,7.216449660064E-16,-0.309016994375
    ));
#1588 = ORIENTED_EDGE('',*,*,#1589,.T.);
#1589 = EDGE_CURVE('',#1582,#1590,#1592,.T.);
#1590 = VERTEX_POINT('',#1591);
#1591 = CARTESIAN_POINT('',(-20.41973566185,-8.6,-12.61088400946));
#1592 = CIRCLE('',#1593,24.);
#1593 = AXIS2_PLACEMENT_3D('',#1594,#1595,#1596);
#1594 = CARTESIAN_POINT('',(0.,-8.6,1.7763568394E-15));
#1595 = DIRECTION('',(0.,-1.,-2.2E-16));
#1596 = DIRECTION('',(1.,0.,0.));
#1597 = ORIENTED_EDGE('',*,*,#1598,.T.);
#1598 = EDGE_CURVE('',#1590,#1599,#1601,.T.);
#1599 = VERTEX_POINT('',#1600);
#1600 = CARTESIAN_POINT('',(-21.23094589369,-8.6,-13.20026274204));
#1601 = LINE('',#1602,#1603);
#1602 = CARTESIAN_POINT('',(-18.047370336,-8.6,-10.88725970826));
#1603 = VECTOR('',#1604,1.);
#1604 = DIRECTION('',(-0.809016994375,3.330669073875E-16,-0.587785252292
    ));
#1605 = ORIENTED_EDGE('',*,*,#1606,.F.);
#1606 = EDGE_CURVE('',#1607,#1599,#1609,.T.);
#1607 = VERTEX_POINT('',#1608);
#1608 = CARTESIAN_POINT('',(-20.22542485937,-8.6,-14.69463130731));
#1609 = CIRCLE('',#1610,25.);
#1610 = AXIS2_PLACEMENT_3D('',#1611,#1612,#1613);
#1611 = CARTESIAN_POINT('',(0.,-8.6,-4.37E-15));
#1612 = DIRECTION('',(-0.,1.,2.2E-16));
#1613 = DIRECTION('',(1.,0.,0.));
#1614 = ORIENTED_EDGE('',*,*,#1615,.F.);
#1615 = EDGE_CURVE('',#1616,#1607,#1618,.T.);
#1616 = VERTEX_POINT('',#1617);
#1617 = CARTESIAN_POINT('',(-19.11491898543,-8.6,-16.11272392179));
#1618 = CIRCLE('',#1619,25.);
#1619 = AXIS2_PLACEMENT_3D('',#1620,#1621,#1622);
#1620 = CARTESIAN_POINT('',(0.,-8.6,-4.37E-15));
#1621 = DIRECTION('',(-0.,1.,2.2E-16));
#1622 = DIRECTION('',(1.,0.,0.));
#1623 = ORIENTED_EDGE('',*,*,#1624,.F.);
#1624 = EDGE_CURVE('',#1625,#1616,#1627,.T.);
#1625 = VERTEX_POINT('',#1626);
#1626 = CARTESIAN_POINT('',(-18.30370875359,-8.6,-15.52334518921));
#1627 = LINE('',#1628,#1629);
#1628 = CARTESIAN_POINT('',(-15.93134342774,-8.6,-13.79972088801));
#1629 = VECTOR('',#1630,1.);
#1630 = DIRECTION('',(-0.809016994375,3.330669073875E-16,-0.587785252292
    ));
#1631 = ORIENTED_EDGE('',*,*,#1632,.T.);
#1632 = EDGE_CURVE('',#1625,#1633,#1635,.T.);
#1633 = VERTEX_POINT('',#1634);
#1634 = CARTESIAN_POINT('',(-15.52334518921,-8.6,-18.30370875359));
#1635 = CIRCLE('',#1636,24.);
#1636 = AXIS2_PLACEMENT_3D('',#1637,#1638,#1639);
#1637 = CARTESIAN_POINT('',(0.,-8.6,1.7763568394E-15));
#1638 = DIRECTION('',(0.,-1.,-2.2E-16));
#1639 = DIRECTION('',(1.,0.,0.));
#1640 = ORIENTED_EDGE('',*,*,#1641,.T.);
#1641 = EDGE_CURVE('',#1633,#1642,#1644,.T.);
#1642 = VERTEX_POINT('',#1643);
#1643 = CARTESIAN_POINT('',(-16.11272392179,-8.6,-19.11491898543));
#1644 = LINE('',#1645,#1646);
#1645 = CARTESIAN_POINT('',(-13.79972088801,-8.6,-15.93134342774));
#1646 = VECTOR('',#1647,1.);
#1647 = DIRECTION('',(-0.587785252292,-1.549081361062E-16,
    -0.809016994375));
#1648 = ORIENTED_EDGE('',*,*,#1649,.F.);
#1649 = EDGE_CURVE('',#1650,#1642,#1652,.T.);
#1650 = VERTEX_POINT('',#1651);
#1651 = CARTESIAN_POINT('',(-14.69463130731,-8.6,-20.22542485937));
#1652 = CIRCLE('',#1653,25.);
#1653 = AXIS2_PLACEMENT_3D('',#1654,#1655,#1656);
#1654 = CARTESIAN_POINT('',(0.,-8.6,-4.37E-15));
#1655 = DIRECTION('',(-0.,1.,2.2E-16));
#1656 = DIRECTION('',(1.,0.,0.));
#1657 = ORIENTED_EDGE('',*,*,#1658,.F.);
#1658 = EDGE_CURVE('',#1659,#1650,#1661,.T.);
#1659 = VERTEX_POINT('',#1660);
#1660 = CARTESIAN_POINT('',(-13.20026274204,-8.6,-21.23094589369));
#1661 = CIRCLE('',#1662,25.);
#1662 = AXIS2_PLACEMENT_3D('',#1663,#1664,#1665);
#1663 = CARTESIAN_POINT('',(0.,-8.6,-4.37E-15));
#1664 = DIRECTION('',(-0.,1.,2.2E-16));
#1665 = DIRECTION('',(1.,0.,0.));
#1666 = ORIENTED_EDGE('',*,*,#1667,.F.);
#1667 = EDGE_CURVE('',#1668,#1659,#1670,.T.);
#1668 = VERTEX_POINT('',#1669);
#1669 = CARTESIAN_POINT('',(-12.61088400946,-8.6,-20.41973566185));
#1670 = LINE('',#1671,#1672);
#1671 = CARTESIAN_POINT('',(-10.88725970826,-8.6,-18.047370336));
#1672 = VECTOR('',#1673,1.);
#1673 = DIRECTION('',(-0.587785252292,-1.549081361062E-16,
    -0.809016994375));
#1674 = ORIENTED_EDGE('',*,*,#1675,.T.);
#1675 = EDGE_CURVE('',#1668,#1676,#1678,.T.);
#1676 = VERTEX_POINT('',#1677);
#1677 = CARTESIAN_POINT('',(-9.107421531948,-8.6,-22.20483895549));
#1678 = CIRCLE('',#1679,24.);
#1679 = AXIS2_PLACEMENT_3D('',#1680,#1681,#1682);
#1680 = CARTESIAN_POINT('',(0.,-8.6,1.7763568394E-15));
#1681 = DIRECTION('',(0.,-1.,-2.2E-16));
#1682 = DIRECTION('',(1.,0.,0.));
#1683 = ORIENTED_EDGE('',*,*,#1684,.T.);
#1684 = EDGE_CURVE('',#1676,#1685,#1687,.T.);
#1685 = VERTEX_POINT('',#1686);
#1686 = CARTESIAN_POINT('',(-9.41727626849,-8.6,-23.15847377706));
#1687 = LINE('',#1688,#1689);
#1688 = CARTESIAN_POINT('',(-8.201258611205,-8.6,-19.41595625232));
#1689 = VECTOR('',#1690,1.);
#1690 = DIRECTION('',(-0.309016994375,-5.714415897999E-16,
    -0.951056516295));
#1691 = ORIENTED_EDGE('',*,*,#1692,.F.);
#1692 = EDGE_CURVE('',#1693,#1685,#1695,.T.);
#1693 = VERTEX_POINT('',#1694);
#1694 = CARTESIAN_POINT('',(-7.725424859374,-8.6,-23.77641290737));
#1695 = CIRCLE('',#1696,25.);
#1696 = AXIS2_PLACEMENT_3D('',#1697,#1698,#1699);
#1697 = CARTESIAN_POINT('',(0.,-8.6,-4.37E-15));
#1698 = DIRECTION('',(-0.,1.,2.2E-16));
#1699 = DIRECTION('',(1.,0.,0.));
#1700 = ORIENTED_EDGE('',*,*,#1701,.F.);
#1701 = EDGE_CURVE('',#1702,#1693,#1704,.T.);
#1702 = VERTEX_POINT('',#1703);
#1703 = CARTESIAN_POINT('',(-5.993472809828,-8.6,-24.27093495681));
#1704 = CIRCLE('',#1705,25.);
#1705 = AXIS2_PLACEMENT_3D('',#1706,#1707,#1708);
#1706 = CARTESIAN_POINT('',(0.,-8.6,-4.37E-15));
#1707 = DIRECTION('',(-0.,1.,2.2E-16));
#1708 = DIRECTION('',(1.,0.,0.));
#1709 = ORIENTED_EDGE('',*,*,#1710,.F.);
#1710 = EDGE_CURVE('',#1711,#1702,#1713,.T.);
#1711 = VERTEX_POINT('',#1712);
#1712 = CARTESIAN_POINT('',(-5.683618073286,-8.6,-23.31730013524));
#1713 = LINE('',#1714,#1715);
#1714 = CARTESIAN_POINT('',(-4.777455152543,-8.6,-20.52841743207));
#1715 = VECTOR('',#1716,1.);
#1716 = DIRECTION('',(-0.309016994375,-5.714415897999E-16,
    -0.951056516295));
#1717 = ORIENTED_EDGE('',*,*,#1718,.T.);
#1718 = EDGE_CURVE('',#1711,#1719,#1721,.T.);
#1719 = VERTEX_POINT('',#1720);
#1720 = CARTESIAN_POINT('',(-1.8,-8.6,-23.93240481021));
#1721 = CIRCLE('',#1722,24.);
#1722 = AXIS2_PLACEMENT_3D('',#1723,#1724,#1725);
#1723 = CARTESIAN_POINT('',(0.,-8.6,1.7763568394E-15));
#1724 = DIRECTION('',(0.,-1.,-2.2E-16));
#1725 = DIRECTION('',(1.,0.,0.));
#1726 = ORIENTED_EDGE('',*,*,#1727,.T.);
#1727 = EDGE_CURVE('',#1719,#1728,#1730,.T.);
#1728 = VERTEX_POINT('',#1729);
#1729 = CARTESIAN_POINT('',(-1.8,-8.6,-24.93511580081));
#1730 = LINE('',#1731,#1732);
#1731 = CARTESIAN_POINT('',(-1.8,-8.6,-21.));
#1732 = VECTOR('',#1733,1.);
#1733 = DIRECTION('',(-1.E-16,-5.6E-16,-1.));
#1734 = ORIENTED_EDGE('',*,*,#1735,.F.);
#1735 = EDGE_CURVE('',#1736,#1728,#1738,.T.);
#1736 = VERTEX_POINT('',#1737);
#1737 = CARTESIAN_POINT('',(3.E-15,-8.6,-25.));
#1738 = CIRCLE('',#1739,25.);
#1739 = AXIS2_PLACEMENT_3D('',#1740,#1741,#1742);
#1740 = CARTESIAN_POINT('',(0.,-8.6,-4.37E-15));
#1741 = DIRECTION('',(-0.,1.,2.2E-16));
#1742 = DIRECTION('',(1.,0.,0.));
#1743 = ORIENTED_EDGE('',*,*,#1744,.F.);
#1744 = EDGE_CURVE('',#1745,#1736,#1747,.T.);
#1745 = VERTEX_POINT('',#1746);
#1746 = CARTESIAN_POINT('',(1.8,-8.6,-24.93511580081));
#1747 = CIRCLE('',#1748,25.);
#1748 = AXIS2_PLACEMENT_3D('',#1749,#1750,#1751);
#1749 = CARTESIAN_POINT('',(0.,-8.6,-4.37E-15));
#1750 = DIRECTION('',(-0.,1.,2.2E-16));
#1751 = DIRECTION('',(1.,0.,0.));
#1752 = ORIENTED_EDGE('',*,*,#1753,.F.);
#1753 = EDGE_CURVE('',#1754,#1745,#1756,.T.);
#1754 = VERTEX_POINT('',#1755);
#1755 = CARTESIAN_POINT('',(1.8,-8.6,-23.93240481021));
#1756 = LINE('',#1757,#1758);
#1757 = CARTESIAN_POINT('',(1.8,-8.6,-21.));
#1758 = VECTOR('',#1759,1.);
#1759 = DIRECTION('',(-1.E-16,-5.6E-16,-1.));
#1760 = ORIENTED_EDGE('',*,*,#1761,.T.);
#1761 = EDGE_CURVE('',#1754,#1762,#1764,.T.);
#1762 = VERTEX_POINT('',#1763);
#1763 = CARTESIAN_POINT('',(5.683618073286,-8.6,-23.31730013524));
#1764 = CIRCLE('',#1765,24.);
#1765 = AXIS2_PLACEMENT_3D('',#1766,#1767,#1768);
#1766 = CARTESIAN_POINT('',(0.,-8.6,1.7763568394E-15));
#1767 = DIRECTION('',(0.,-1.,-2.2E-16));
#1768 = DIRECTION('',(1.,0.,0.));
#1769 = ORIENTED_EDGE('',*,*,#1770,.T.);
#1770 = EDGE_CURVE('',#1762,#1771,#1773,.T.);
#1771 = VERTEX_POINT('',#1772);
#1772 = CARTESIAN_POINT('',(5.993472809828,-8.6,-24.27093495681));
#1773 = LINE('',#1774,#1775);
#1774 = CARTESIAN_POINT('',(4.777455152543,-8.6,-20.52841743207));
#1775 = VECTOR('',#1776,1.);
#1776 = DIRECTION('',(0.309016994375,-4.604192873374E-16,-0.951056516295
    ));
#1777 = ORIENTED_EDGE('',*,*,#1778,.F.);
#1778 = EDGE_CURVE('',#1779,#1771,#1781,.T.);
#1779 = VERTEX_POINT('',#1780);
#1780 = CARTESIAN_POINT('',(7.725424859374,-8.6,-23.77641290737));
#1781 = CIRCLE('',#1782,25.);
#1782 = AXIS2_PLACEMENT_3D('',#1783,#1784,#1785);
#1783 = CARTESIAN_POINT('',(0.,-8.6,-4.37E-15));
#1784 = DIRECTION('',(-0.,1.,2.2E-16));
#1785 = DIRECTION('',(1.,0.,0.));
#1786 = ORIENTED_EDGE('',*,*,#1787,.F.);
#1787 = EDGE_CURVE('',#1788,#1779,#1790,.T.);
#1788 = VERTEX_POINT('',#1789);
#1789 = CARTESIAN_POINT('',(9.41727626849,-8.6,-23.15847377706));
#1790 = CIRCLE('',#1791,25.);
#1791 = AXIS2_PLACEMENT_3D('',#1792,#1793,#1794);
#1792 = CARTESIAN_POINT('',(0.,-8.6,-4.37E-15));
#1793 = DIRECTION('',(-0.,1.,2.2E-16));
#1794 = DIRECTION('',(1.,0.,0.));
#1795 = ORIENTED_EDGE('',*,*,#1796,.F.);
#1796 = EDGE_CURVE('',#1797,#1788,#1799,.T.);
#1797 = VERTEX_POINT('',#1798);
#1798 = CARTESIAN_POINT('',(9.107421531948,-8.6,-22.20483895549));
#1799 = LINE('',#1800,#1801);
#1800 = CARTESIAN_POINT('',(8.201258611205,-8.6,-19.41595625232));
#1801 = VECTOR('',#1802,1.);
#1802 = DIRECTION('',(0.309016994375,-4.604192873374E-16,-0.951056516295
    ));
#1803 = ORIENTED_EDGE('',*,*,#1804,.T.);
#1804 = EDGE_CURVE('',#1797,#1805,#1807,.T.);
#1805 = VERTEX_POINT('',#1806);
#1806 = CARTESIAN_POINT('',(12.610884009463,-8.6,-20.41973566185));
#1807 = CIRCLE('',#1808,24.);
#1808 = AXIS2_PLACEMENT_3D('',#1809,#1810,#1811);
#1809 = CARTESIAN_POINT('',(0.,-8.6,1.7763568394E-15));
#1810 = DIRECTION('',(0.,-1.,-2.2E-16));
#1811 = DIRECTION('',(1.,0.,0.));
#1812 = ORIENTED_EDGE('',*,*,#1813,.T.);
#1813 = EDGE_CURVE('',#1805,#1814,#1816,.T.);
#1814 = VERTEX_POINT('',#1815);
#1815 = CARTESIAN_POINT('',(13.200262742049,-8.6,-21.23094589369));
#1816 = LINE('',#1817,#1818);
#1817 = CARTESIAN_POINT('',(10.887259708267,-8.6,-18.047370336));
#1818 = VECTOR('',#1819,1.);
#1819 = DIRECTION('',(0.587785252292,-4.879750434937E-16,-0.809016994375
    ));
#1820 = ORIENTED_EDGE('',*,*,#1821,.F.);
#1821 = EDGE_CURVE('',#1822,#1814,#1824,.T.);
#1822 = VERTEX_POINT('',#1823);
#1823 = CARTESIAN_POINT('',(14.694631307312,-8.6,-20.22542485937));
#1824 = CIRCLE('',#1825,25.);
#1825 = AXIS2_PLACEMENT_3D('',#1826,#1827,#1828);
#1826 = CARTESIAN_POINT('',(0.,-8.6,-4.37E-15));
#1827 = DIRECTION('',(-0.,1.,2.2E-16));
#1828 = DIRECTION('',(1.,0.,0.));
#1829 = ORIENTED_EDGE('',*,*,#1830,.F.);
#1830 = EDGE_CURVE('',#1831,#1822,#1833,.T.);
#1831 = VERTEX_POINT('',#1832);
#1832 = CARTESIAN_POINT('',(16.112723921798,-8.6,-19.11491898543));
#1833 = CIRCLE('',#1834,25.);
#1834 = AXIS2_PLACEMENT_3D('',#1835,#1836,#1837);
#1835 = CARTESIAN_POINT('',(0.,-8.6,-4.37E-15));
#1836 = DIRECTION('',(-0.,1.,2.2E-16));
#1837 = DIRECTION('',(1.,0.,0.));
#1838 = ORIENTED_EDGE('',*,*,#1839,.F.);
#1839 = EDGE_CURVE('',#1840,#1831,#1842,.T.);
#1840 = VERTEX_POINT('',#1841);
#1841 = CARTESIAN_POINT('',(15.523345189213,-8.6,-18.30370875359));
#1842 = LINE('',#1843,#1844);
#1843 = CARTESIAN_POINT('',(13.799720888017,-8.6,-15.93134342774));
#1844 = VECTOR('',#1845,1.);
#1845 = DIRECTION('',(0.587785252292,-4.879750434937E-16,-0.809016994375
    ));
#1846 = ORIENTED_EDGE('',*,*,#1847,.T.);
#1847 = EDGE_CURVE('',#1840,#1848,#1850,.T.);
#1848 = VERTEX_POINT('',#1849);
#1849 = CARTESIAN_POINT('',(18.303708753598,-8.6,-15.52334518921));
#1850 = CIRCLE('',#1851,24.);
#1851 = AXIS2_PLACEMENT_3D('',#1852,#1853,#1854);
#1852 = CARTESIAN_POINT('',(0.,-8.6,1.7763568394E-15));
#1853 = DIRECTION('',(0.,-1.,-2.2E-16));
#1854 = DIRECTION('',(1.,0.,0.));
#1855 = ORIENTED_EDGE('',*,*,#1856,.T.);
#1856 = EDGE_CURVE('',#1848,#1857,#1859,.T.);
#1857 = VERTEX_POINT('',#1858);
#1858 = CARTESIAN_POINT('',(19.114918985439,-8.6,-16.11272392179));
#1859 = LINE('',#1860,#1861);
#1860 = CARTESIAN_POINT('',(15.931343427747,-8.6,-13.79972088801));
#1861 = VECTOR('',#1862,1.);
#1862 = DIRECTION('',(0.809016994375,-6.230472589688E-16,-0.587785252292
    ));
#1863 = ORIENTED_EDGE('',*,*,#1864,.F.);
#1864 = EDGE_CURVE('',#1865,#1857,#1867,.T.);
#1865 = VERTEX_POINT('',#1866);
#1866 = CARTESIAN_POINT('',(20.225424859374,-8.6,-14.69463130731));
#1867 = CIRCLE('',#1868,25.);
#1868 = AXIS2_PLACEMENT_3D('',#1869,#1870,#1871);
#1869 = CARTESIAN_POINT('',(0.,-8.6,-4.37E-15));
#1870 = DIRECTION('',(-0.,1.,2.2E-16));
#1871 = DIRECTION('',(1.,0.,0.));
#1872 = ORIENTED_EDGE('',*,*,#1873,.F.);
#1873 = EDGE_CURVE('',#1874,#1865,#1876,.T.);
#1874 = VERTEX_POINT('',#1875);
#1875 = CARTESIAN_POINT('',(21.230945893692,-8.6,-13.20026274204));
#1876 = CIRCLE('',#1877,25.);
#1877 = AXIS2_PLACEMENT_3D('',#1878,#1879,#1880);
#1878 = CARTESIAN_POINT('',(0.,-8.6,-4.37E-15));
#1879 = DIRECTION('',(-0.,1.,2.2E-16));
#1880 = DIRECTION('',(1.,0.,0.));
#1881 = ORIENTED_EDGE('',*,*,#1882,.F.);
#1882 = EDGE_CURVE('',#51,#1874,#1883,.T.);
#1883 = LINE('',#1884,#1885);
#1884 = CARTESIAN_POINT('',(18.047370336,-8.6,-10.88725970826));
#1885 = VECTOR('',#1886,1.);
#1886 = DIRECTION('',(0.809016994375,-6.230472589688E-16,-0.587785252292
    ));
#1887 = ORIENTED_EDGE('',*,*,#59,.T.);
#1888 = ORIENTED_EDGE('',*,*,#1030,.T.);
#1889 = ORIENTED_EDGE('',*,*,#1890,.F.);
#1890 = EDGE_CURVE('',#1891,#1031,#1893,.T.);
#1891 = VERTEX_POINT('',#1892);
#1892 = CARTESIAN_POINT('',(23.776412907379,-8.6,-7.725424859374));
#1893 = CIRCLE('',#1894,25.);
#1894 = AXIS2_PLACEMENT_3D('',#1895,#1896,#1897);
#1895 = CARTESIAN_POINT('',(0.,-8.6,-4.37E-15));
#1896 = DIRECTION('',(-0.,1.,2.2E-16));
#1897 = DIRECTION('',(1.,0.,0.));
#1898 = ORIENTED_EDGE('',*,*,#1899,.F.);
#1899 = EDGE_CURVE('',#1066,#1891,#1900,.T.);
#1900 = CIRCLE('',#1901,25.);
#1901 = AXIS2_PLACEMENT_3D('',#1902,#1903,#1904);
#1902 = CARTESIAN_POINT('',(0.,-8.6,-4.37E-15));
#1903 = DIRECTION('',(-0.,1.,2.2E-16));
#1904 = DIRECTION('',(1.,0.,0.));
#1905 = FACE_BOUND('',#1906,.T.);
#1906 = EDGE_LOOP('',(#1907));
#1907 = ORIENTED_EDGE('',*,*,#1908,.F.);
#1908 = EDGE_CURVE('',#1909,#1909,#1911,.T.);
#1909 = VERTEX_POINT('',#1910);
#1910 = CARTESIAN_POINT('',(20.,-8.6,2.E-15));
#1911 = CIRCLE('',#1912,20.);
#1912 = AXIS2_PLACEMENT_3D('',#1913,#1914,#1915);
#1913 = CARTESIAN_POINT('',(0.,-8.6,1.7763568394E-15));
#1914 = DIRECTION('',(0.,-1.,-2.2E-16));
#1915 = DIRECTION('',(1.,0.,0.));
#1916 = PLANE('',#1917);
#1917 = AXIS2_PLACEMENT_3D('',#1918,#1919,#1920);
#1918 = CARTESIAN_POINT('',(-1.003E-13,-8.6,-2.8598E-13));
#1919 = DIRECTION('',(0.,-1.,6.E-17));
#1920 = DIRECTION('',(0.,6.E-17,1.));
#1921 = ADVANCED_FACE('',(#1922),#1941,.F.);
#1922 = FACE_BOUND('',#1923,.F.);
#1923 = EDGE_LOOP('',(#1924,#1925,#1933,#1940));
#1924 = ORIENTED_EDGE('',*,*,#50,.F.);
#1925 = ORIENTED_EDGE('',*,*,#1926,.T.);
#1926 = EDGE_CURVE('',#42,#1927,#1929,.T.);
#1927 = VERTEX_POINT('',#1928);
#1928 = CARTESIAN_POINT('',(23.199606118018,-4.3,-9.315485814965));
#1929 = LINE('',#1930,#1931);
#1930 = CARTESIAN_POINT('',(20.574846920858,-4.3,-7.408486632455));
#1931 = VECTOR('',#1932,1.);
#1932 = DIRECTION('',(0.809016994375,-6.230472589688E-16,-0.587785252292
    ));
#1933 = ORIENTED_EDGE('',*,*,#1934,.T.);
#1934 = EDGE_CURVE('',#1927,#1874,#1935,.T.);
#1935 = ELLIPSE('',#1936,35.355339059327,25.);
#1936 = AXIS2_PLACEMENT_3D('',#1937,#1938,#1939);
#1937 = CARTESIAN_POINT('',(0.,-10.4,-4.77E-15));
#1938 = DIRECTION('',(-0.415626937777,0.707106781187,-0.572061402818));
#1939 = DIRECTION('',(0.415626937777,0.707106781187,0.572061402818));
#1940 = ORIENTED_EDGE('',*,*,#1882,.F.);
#1941 = PLANE('',#1942);
#1942 = AXIS2_PLACEMENT_3D('',#1943,#1944,#1945);
#1943 = CARTESIAN_POINT('',(20.574846920858,-4.3,-7.408486632455));
#1944 = DIRECTION('',(-0.415626937777,0.707106781187,-0.572061402818));
#1945 = DIRECTION('',(-0.415626937777,-0.707106781187,-0.572061402818));
#1946 = ADVANCED_FACE('',(#1947),#1975,.T.);
#1947 = FACE_BOUND('',#1948,.T.);
#1948 = EDGE_LOOP('',(#1949,#1957,#1958,#1959,#1968));
#1949 = ORIENTED_EDGE('',*,*,#1950,.F.);
#1950 = EDGE_CURVE('',#33,#1951,#1953,.T.);
#1951 = VERTEX_POINT('',#1952);
#1952 = CARTESIAN_POINT('',(18.65458051449,4.3,-16.64351602962));
#1953 = LINE('',#1954,#1955);
#1954 = CARTESIAN_POINT('',(15.519893751143,4.3,-14.36603278407));
#1955 = VECTOR('',#1956,1.);
#1956 = DIRECTION('',(0.809016994375,-6.230472589688E-16,-0.587785252292
    ));
#1957 = ORIENTED_EDGE('',*,*,#41,.F.);
#1958 = ORIENTED_EDGE('',*,*,#1926,.T.);
#1959 = ORIENTED_EDGE('',*,*,#1960,.T.);
#1960 = EDGE_CURVE('',#1927,#1961,#1963,.T.);
#1961 = VERTEX_POINT('',#1962);
#1962 = CARTESIAN_POINT('',(20.225424859374,1.8,-14.69463130731));
#1963 = ELLIPSE('',#1964,35.355339059327,25.);
#1964 = AXIS2_PLACEMENT_3D('',#1965,#1966,#1967);
#1965 = CARTESIAN_POINT('',(0.,1.8,-2.06E-15));
#1966 = DIRECTION('',(0.415626937777,0.707106781187,0.572061402818));
#1967 = DIRECTION('',(-0.415626937777,0.707106781187,-0.572061402818));
#1968 = ORIENTED_EDGE('',*,*,#1969,.T.);
#1969 = EDGE_CURVE('',#1961,#1951,#1970,.T.);
#1970 = ELLIPSE('',#1971,35.355339059327,25.);
#1971 = AXIS2_PLACEMENT_3D('',#1972,#1973,#1974);
#1972 = CARTESIAN_POINT('',(0.,1.8,-2.06E-15));
#1973 = DIRECTION('',(0.415626937777,0.707106781187,0.572061402818));
#1974 = DIRECTION('',(-0.415626937777,0.707106781187,-0.572061402818));
#1975 = PLANE('',#1976);
#1976 = AXIS2_PLACEMENT_3D('',#1977,#1978,#1979);
#1977 = CARTESIAN_POINT('',(19.66540432475,-1.241942421822E-14,
    -12.06283021285));
#1978 = DIRECTION('',(0.415626937777,0.707106781187,0.572061402818));
#1979 = DIRECTION('',(0.415626937777,-0.707106781187,0.572061402818));
#1980 = ADVANCED_FACE('',(#1981),#2002,.T.);
#1981 = FACE_BOUND('',#1982,.T.);
#1982 = EDGE_LOOP('',(#1983,#1984,#1985,#1994,#2001));
#1983 = ORIENTED_EDGE('',*,*,#32,.F.);
#1984 = ORIENTED_EDGE('',*,*,#1950,.T.);
#1985 = ORIENTED_EDGE('',*,*,#1986,.T.);
#1986 = EDGE_CURVE('',#1951,#1987,#1989,.T.);
#1987 = VERTEX_POINT('',#1988);
#1988 = CARTESIAN_POINT('',(20.225424859374,6.8,-14.69463130731));
#1989 = ELLIPSE('',#1990,35.355339059327,25.);
#1990 = AXIS2_PLACEMENT_3D('',#1991,#1992,#1993);
#1991 = CARTESIAN_POINT('',(0.,6.8,-9.5E-16));
#1992 = DIRECTION('',(0.415626937777,-0.707106781187,0.572061402818));
#1993 = DIRECTION('',(0.415626937777,0.707106781187,0.572061402818));
#1994 = ORIENTED_EDGE('',*,*,#1995,.T.);
#1995 = EDGE_CURVE('',#1987,#189,#1996,.T.);
#1996 = ELLIPSE('',#1997,35.355339059327,25.);
#1997 = AXIS2_PLACEMENT_3D('',#1998,#1999,#2000);
#1998 = CARTESIAN_POINT('',(0.,6.8,-9.5E-16));
#1999 = DIRECTION('',(0.415626937777,-0.707106781187,0.572061402818));
#2000 = DIRECTION('',(0.415626937777,0.707106781187,0.572061402818));
#2001 = ORIENTED_EDGE('',*,*,#188,.F.);
#2002 = PLANE('',#2003);
#2003 = AXIS2_PLACEMENT_3D('',#2004,#2005,#2006);
#2004 = CARTESIAN_POINT('',(15.519893751143,4.3,-14.36603278407));
#2005 = DIRECTION('',(0.415626937777,-0.707106781187,0.572061402818));
#2006 = DIRECTION('',(0.415626937777,0.707106781187,0.572061402818));
#2007 = ADVANCED_FACE('',(#2008),#2062,.T.);
#2008 = FACE_BOUND('',#2009,.F.);
#2009 = EDGE_LOOP('',(#2010,#2011,#2020,#2029,#2036,#2037,#2046,#2055));
#2010 = ORIENTED_EDGE('',*,*,#101,.F.);
#2011 = ORIENTED_EDGE('',*,*,#2012,.F.);
#2012 = EDGE_CURVE('',#2013,#102,#2015,.T.);
#2013 = VERTEX_POINT('',#2014);
#2014 = CARTESIAN_POINT('',(23.86943652456,4.3,-2.5));
#2015 = ELLIPSE('',#2016,33.941125496954,24.);
#2016 = AXIS2_PLACEMENT_3D('',#2017,#2018,#2019);
#2017 = CARTESIAN_POINT('',(0.,6.8,-3.03E-15));
#2018 = DIRECTION('',(-2.4E-16,-0.707106781187,0.707106781187));
#2019 = DIRECTION('',(-2.4E-16,0.707106781187,0.707106781187));
#2020 = ORIENTED_EDGE('',*,*,#2021,.F.);
#2021 = EDGE_CURVE('',#2022,#2013,#2024,.T.);
#2022 = VERTEX_POINT('',#2023);
#2023 = CARTESIAN_POINT('',(23.211850421713,-4.3,6.1));
#2024 = ELLIPSE('',#2025,33.941125496954,24.);
#2025 = AXIS2_PLACEMENT_3D('',#2026,#2027,#2028);
#2026 = CARTESIAN_POINT('',(0.,1.8,-8.3E-16));
#2027 = DIRECTION('',(6.E-17,0.707106781187,0.707106781187));
#2028 = DIRECTION('',(-6.E-17,0.707106781187,-0.707106781187));
#2029 = ORIENTED_EDGE('',*,*,#2030,.T.);
#2030 = EDGE_CURVE('',#2022,#1109,#2031,.T.);
#2031 = ELLIPSE('',#2032,33.941125496954,24.);
#2032 = AXIS2_PLACEMENT_3D('',#2033,#2034,#2035);
#2033 = CARTESIAN_POINT('',(0.,-10.4,4.54E-15));
#2034 = DIRECTION('',(2.4E-16,0.707106781187,-0.707106781187));
#2035 = DIRECTION('',(-2.4E-16,0.707106781187,0.707106781187));
#2036 = ORIENTED_EDGE('',*,*,#1116,.T.);
#2037 = ORIENTED_EDGE('',*,*,#2038,.T.);
#2038 = EDGE_CURVE('',#1117,#2039,#2041,.T.);
#2039 = VERTEX_POINT('',#2040);
#2040 = CARTESIAN_POINT('',(21.928640661039,-4.3,9.753702822981));
#2041 = ELLIPSE('',#2042,33.941125496954,24.);
#2042 = AXIS2_PLACEMENT_3D('',#2043,#2044,#2045);
#2043 = CARTESIAN_POINT('',(0.,-6.8,2.96E-15));
#2044 = DIRECTION('',(-0.218508012224,-0.707106781187,0.672498511964));
#2045 = DIRECTION('',(-0.218508012224,0.707106781187,0.672498511964));
#2046 = ORIENTED_EDGE('',*,*,#2047,.F.);
#2047 = EDGE_CURVE('',#2048,#2039,#2050,.T.);
#2048 = VERTEX_POINT('',#2049);
#2049 = CARTESIAN_POINT('',(23.960785264526,4.3,1.371411501798));
#2050 = ELLIPSE('',#2051,33.941125496954,24.);
#2051 = AXIS2_PLACEMENT_3D('',#2052,#2053,#2054);
#2052 = CARTESIAN_POINT('',(0.,-1.8,7.6E-16));
#2053 = DIRECTION('',(0.218508012224,-0.707106781187,-0.672498511964));
#2054 = DIRECTION('',(0.218508012224,0.707106781187,-0.672498511964));
#2055 = ORIENTED_EDGE('',*,*,#2056,.F.);
#2056 = EDGE_CURVE('',#104,#2048,#2057,.T.);
#2057 = ELLIPSE('',#2058,33.941125496954,24.);
#2058 = AXIS2_PLACEMENT_3D('',#2059,#2060,#2061);
#2059 = CARTESIAN_POINT('',(0.,10.4,-4.61E-15));
#2060 = DIRECTION('',(0.218508012224,0.707106781187,-0.672498511964));
#2061 = DIRECTION('',(-0.218508012224,0.707106781187,0.672498511964));
#2062 = CYLINDRICAL_SURFACE('',#2063,24.);
#2063 = AXIS2_PLACEMENT_3D('',#2064,#2065,#2066);
#2064 = CARTESIAN_POINT('',(0.,8.6,-3.82E-15));
#2065 = DIRECTION('',(0.,1.,-4.4E-16));
#2066 = DIRECTION('',(1.,0.,0.));
#2067 = ADVANCED_FACE('',(#2068),#2087,.T.);
#2068 = FACE_BOUND('',#2069,.T.);
#2069 = EDGE_LOOP('',(#2070,#2071,#2072,#2081));
#2070 = ORIENTED_EDGE('',*,*,#2056,.F.);
#2071 = ORIENTED_EDGE('',*,*,#945,.T.);
#2072 = ORIENTED_EDGE('',*,*,#2073,.T.);
#2073 = EDGE_CURVE('',#937,#2074,#2076,.T.);
#2074 = VERTEX_POINT('',#2075);
#2075 = CARTESIAN_POINT('',(24.942780001705,4.3,1.690480933505));
#2076 = ELLIPSE('',#2077,35.355339059327,25.);
#2077 = AXIS2_PLACEMENT_3D('',#2078,#2079,#2080);
#2078 = CARTESIAN_POINT('',(0.,10.4,-1.5E-16));
#2079 = DIRECTION('',(0.218508012224,0.707106781187,-0.672498511964));
#2080 = DIRECTION('',(-0.218508012224,0.707106781187,0.672498511964));
#2081 = ORIENTED_EDGE('',*,*,#2082,.F.);
#2082 = EDGE_CURVE('',#2048,#2074,#2083,.T.);
#2083 = LINE('',#2084,#2085);
#2084 = CARTESIAN_POINT('',(21.857190507885,4.3,0.687912132473));
#2085 = VECTOR('',#2086,1.);
#2086 = DIRECTION('',(0.951056516295,-7.216449660064E-16,0.309016994375)
  );
#2087 = PLANE('',#2088);
#2088 = AXIS2_PLACEMENT_3D('',#2089,#2090,#2091);
#2089 = CARTESIAN_POINT('',(20.528417432073,8.6,4.777455152543));
#2090 = DIRECTION('',(0.218508012224,0.707106781187,-0.672498511964));
#2091 = DIRECTION('',(0.218508012224,-0.707106781187,-0.672498511964));
#2092 = ADVANCED_FACE('',(#2093),#2129,.T.);
#2093 = FACE_BOUND('',#2094,.T.);
#2094 = EDGE_LOOP('',(#2095,#2104,#2112,#2121,#2128));
#2095 = ORIENTED_EDGE('',*,*,#2096,.F.);
#2096 = EDGE_CURVE('',#2097,#911,#2099,.T.);
#2097 = VERTEX_POINT('',#2098);
#2098 = CARTESIAN_POINT('',(23.473725632914,4.3,4.998420241505));
#2099 = ELLIPSE('',#2100,33.941125496954,24.);
#2100 = AXIS2_PLACEMENT_3D('',#2101,#2102,#2103);
#2101 = CARTESIAN_POINT('',(0.,6.8,-3.03E-15));
#2102 = DIRECTION('',(-0.218508012224,-0.707106781187,0.672498511964));
#2103 = DIRECTION('',(-0.218508012224,0.707106781187,0.672498511964));
#2104 = ORIENTED_EDGE('',*,*,#2105,.T.);
#2105 = EDGE_CURVE('',#2097,#2106,#2108,.T.);
#2106 = VERTEX_POINT('',#2107);
#2107 = CARTESIAN_POINT('',(24.429774628239,4.3,5.30905939065));
#2108 = LINE('',#2109,#2110);
#2109 = CARTESIAN_POINT('',(20.744729328136,4.3,4.111715591136));
#2110 = VECTOR('',#2111,1.);
#2111 = DIRECTION('',(0.951056516295,-7.216449660064E-16,0.309016994375)
  );
#2112 = ORIENTED_EDGE('',*,*,#2113,.T.);
#2113 = EDGE_CURVE('',#2106,#2114,#2116,.T.);
#2114 = VERTEX_POINT('',#2115);
#2115 = CARTESIAN_POINT('',(23.776412907379,6.8,7.725424859374));
#2116 = ELLIPSE('',#2117,35.355339059327,25.);
#2117 = AXIS2_PLACEMENT_3D('',#2118,#2119,#2120);
#2118 = CARTESIAN_POINT('',(0.,6.8,-9.5E-16));
#2119 = DIRECTION('',(-0.218508012224,-0.707106781187,0.672498511964));
#2120 = DIRECTION('',(-0.218508012224,0.707106781187,0.672498511964));
#2121 = ORIENTED_EDGE('',*,*,#2122,.T.);
#2122 = EDGE_CURVE('',#2114,#920,#2123,.T.);
#2123 = ELLIPSE('',#2124,35.355339059327,25.);
#2124 = AXIS2_PLACEMENT_3D('',#2125,#2126,#2127);
#2125 = CARTESIAN_POINT('',(0.,6.8,-9.5E-16));
#2126 = DIRECTION('',(-0.218508012224,-0.707106781187,0.672498511964));
#2127 = DIRECTION('',(-0.218508012224,0.707106781187,0.672498511964));
#2128 = ORIENTED_EDGE('',*,*,#919,.F.);
#2129 = PLANE('',#2130);
#2130 = AXIS2_PLACEMENT_3D('',#2131,#2132,#2133);
#2131 = CARTESIAN_POINT('',(20.744729328136,4.3,4.111715591136));
#2132 = DIRECTION('',(-0.218508012224,-0.707106781187,0.672498511964));
#2133 = DIRECTION('',(-0.218508012224,0.707106781187,0.672498511964));
#2134 = ADVANCED_FACE('',(#2135),#2181,.T.);
#2135 = FACE_BOUND('',#2136,.F.);
#2136 = EDGE_LOOP('',(#2137,#2138,#2139,#2148,#2155,#2156,#2165,#2174));
#2137 = ORIENTED_EDGE('',*,*,#910,.F.);
#2138 = ORIENTED_EDGE('',*,*,#2096,.F.);
#2139 = ORIENTED_EDGE('',*,*,#2140,.F.);
#2140 = EDGE_CURVE('',#2141,#2097,#2143,.T.);
#2141 = VERTEX_POINT('',#2142);
#2142 = CARTESIAN_POINT('',(20.190777933152,-4.3,12.974301000599));
#2143 = ELLIPSE('',#2144,33.941125496954,24.);
#2144 = AXIS2_PLACEMENT_3D('',#2145,#2146,#2147);
#2145 = CARTESIAN_POINT('',(0.,1.8,-8.3E-16));
#2146 = DIRECTION('',(-0.218508012224,0.707106781187,0.672498511964));
#2147 = DIRECTION('',(0.218508012224,0.707106781187,-0.672498511964));
#2148 = ORIENTED_EDGE('',*,*,#2149,.T.);
#2149 = EDGE_CURVE('',#2141,#1152,#2150,.T.);
#2150 = ELLIPSE('',#2151,33.941125496954,24.);
#2151 = AXIS2_PLACEMENT_3D('',#2152,#2153,#2154);
#2152 = CARTESIAN_POINT('',(0.,-10.4,4.54E-15));
#2153 = DIRECTION('',(0.218508012224,0.707106781187,-0.672498511964));
#2154 = DIRECTION('',(-0.218508012224,0.707106781187,0.672498511964));
#2155 = ORIENTED_EDGE('',*,*,#1159,.T.);
#2156 = ORIENTED_EDGE('',*,*,#2157,.T.);
#2157 = EDGE_CURVE('',#1160,#2158,#2160,.T.);
#2158 = VERTEX_POINT('',#2159);
#2159 = CARTESIAN_POINT('',(17.841316663792,-4.3,16.052645255605));
#2160 = ELLIPSE('',#2161,33.941125496954,24.);
#2161 = AXIS2_PLACEMENT_3D('',#2162,#2163,#2164);
#2162 = CARTESIAN_POINT('',(0.,-6.8,2.96E-15));
#2163 = DIRECTION('',(-0.415626937777,-0.707106781187,0.572061402818));
#2164 = DIRECTION('',(-0.415626937777,0.707106781187,0.572061402818));
#2165 = ORIENTED_EDGE('',*,*,#2166,.F.);
#2166 = EDGE_CURVE('',#2167,#2158,#2169,.T.);
#2167 = VERTEX_POINT('',#2168);
#2168 = CARTESIAN_POINT('',(22.36427150104,4.3,8.708579690615));
#2169 = ELLIPSE('',#2170,33.941125496954,24.);
#2170 = AXIS2_PLACEMENT_3D('',#2171,#2172,#2173);
#2171 = CARTESIAN_POINT('',(0.,-1.8,7.6E-16));
#2172 = DIRECTION('',(0.415626937777,-0.707106781187,-0.572061402818));
#2173 = DIRECTION('',(0.415626937777,0.707106781187,-0.572061402818));
#2174 = ORIENTED_EDGE('',*,*,#2175,.F.);
#2175 = EDGE_CURVE('',#903,#2167,#2176,.T.);
#2176 = ELLIPSE('',#2177,33.941125496954,24.);
#2177 = AXIS2_PLACEMENT_3D('',#2178,#2179,#2180);
#2178 = CARTESIAN_POINT('',(0.,10.4,-4.61E-15));
#2179 = DIRECTION('',(0.415626937777,0.707106781187,-0.572061402818));
#2180 = DIRECTION('',(-0.415626937777,0.707106781187,0.572061402818));
#2181 = CYLINDRICAL_SURFACE('',#2182,24.);
#2182 = AXIS2_PLACEMENT_3D('',#2183,#2184,#2185);
#2183 = CARTESIAN_POINT('',(0.,8.6,-3.82E-15));
#2184 = DIRECTION('',(0.,1.,-4.4E-16));
#2185 = DIRECTION('',(1.,0.,0.));
#2186 = ADVANCED_FACE('',(#2187),#2206,.T.);
#2187 = FACE_BOUND('',#2188,.T.);
#2188 = EDGE_LOOP('',(#2189,#2190,#2191,#2200));
#2189 = ORIENTED_EDGE('',*,*,#2175,.F.);
#2190 = ORIENTED_EDGE('',*,*,#902,.T.);
#2191 = ORIENTED_EDGE('',*,*,#2192,.T.);
#2192 = EDGE_CURVE('',#894,#2193,#2195,.T.);
#2193 = VERTEX_POINT('',#2194);
#2194 = CARTESIAN_POINT('',(23.199606118018,4.3,9.315485814965));
#2195 = ELLIPSE('',#2196,35.355339059327,25.);
#2196 = AXIS2_PLACEMENT_3D('',#2197,#2198,#2199);
#2197 = CARTESIAN_POINT('',(0.,10.4,-1.5E-16));
#2198 = DIRECTION('',(0.415626937777,0.707106781187,-0.572061402818));
#2199 = DIRECTION('',(-0.415626937777,0.707106781187,0.572061402818));
#2200 = ORIENTED_EDGE('',*,*,#2201,.F.);
#2201 = EDGE_CURVE('',#2167,#2193,#2202,.T.);
#2202 = LINE('',#2203,#2204);
#2203 = CARTESIAN_POINT('',(20.574846920858,4.3,7.408486632455));
#2204 = VECTOR('',#2205,1.);
#2205 = DIRECTION('',(0.809016994375,-1.665334536938E-16,0.587785252292)
  );
#2206 = PLANE('',#2207);
#2207 = AXIS2_PLACEMENT_3D('',#2208,#2209,#2210);
#2208 = CARTESIAN_POINT('',(18.047370336,8.6,10.887259708267));
#2209 = DIRECTION('',(0.415626937777,0.707106781187,-0.572061402818));
#2210 = DIRECTION('',(0.415626937777,-0.707106781187,-0.572061402818));
#2211 = ADVANCED_FACE('',(#2212),#2248,.T.);
#2212 = FACE_BOUND('',#2213,.T.);
#2213 = EDGE_LOOP('',(#2214,#2223,#2231,#2240,#2247));
#2214 = ORIENTED_EDGE('',*,*,#2215,.F.);
#2215 = EDGE_CURVE('',#2216,#868,#2218,.T.);
#2216 = VERTEX_POINT('',#2217);
#2217 = CARTESIAN_POINT('',(20.780242925254,4.3,12.00756028373));
#2218 = ELLIPSE('',#2219,33.941125496954,24.);
#2219 = AXIS2_PLACEMENT_3D('',#2220,#2221,#2222);
#2220 = CARTESIAN_POINT('',(0.,6.8,-3.03E-15));
#2221 = DIRECTION('',(-0.415626937777,-0.707106781187,0.572061402818));
#2222 = DIRECTION('',(-0.415626937777,0.707106781187,0.572061402818));
#2223 = ORIENTED_EDGE('',*,*,#2224,.T.);
#2224 = EDGE_CURVE('',#2216,#2225,#2227,.T.);
#2225 = VERTEX_POINT('',#2226);
#2226 = CARTESIAN_POINT('',(21.593506775952,4.3,12.598431057752));
#2227 = LINE('',#2228,#2229);
#2228 = CARTESIAN_POINT('',(18.458820012605,4.3,10.320947812205));
#2229 = VECTOR('',#2230,1.);
#2230 = DIRECTION('',(0.809016994375,-1.665334536938E-16,0.587785252292)
  );
#2231 = ORIENTED_EDGE('',*,*,#2232,.T.);
#2232 = EDGE_CURVE('',#2225,#2233,#2235,.T.);
#2233 = VERTEX_POINT('',#2234);
#2234 = CARTESIAN_POINT('',(20.225424859374,6.8,14.694631307312));
#2235 = ELLIPSE('',#2236,35.355339059327,25.);
#2236 = AXIS2_PLACEMENT_3D('',#2237,#2238,#2239);
#2237 = CARTESIAN_POINT('',(0.,6.8,-9.5E-16));
#2238 = DIRECTION('',(-0.415626937777,-0.707106781187,0.572061402818));
#2239 = DIRECTION('',(-0.415626937777,0.707106781187,0.572061402818));
#2240 = ORIENTED_EDGE('',*,*,#2241,.T.);
#2241 = EDGE_CURVE('',#2233,#877,#2242,.T.);
#2242 = ELLIPSE('',#2243,35.355339059327,25.);
#2243 = AXIS2_PLACEMENT_3D('',#2244,#2245,#2246);
#2244 = CARTESIAN_POINT('',(0.,6.8,-9.5E-16));
#2245 = DIRECTION('',(-0.415626937777,-0.707106781187,0.572061402818));
#2246 = DIRECTION('',(-0.415626937777,0.707106781187,0.572061402818));
#2247 = ORIENTED_EDGE('',*,*,#876,.F.);
#2248 = PLANE('',#2249);
#2249 = AXIS2_PLACEMENT_3D('',#2250,#2251,#2252);
#2250 = CARTESIAN_POINT('',(18.458820012605,4.3,10.320947812205));
#2251 = DIRECTION('',(-0.415626937777,-0.707106781187,0.572061402818));
#2252 = DIRECTION('',(-0.415626937777,0.707106781187,0.572061402818));
#2253 = ADVANCED_FACE('',(#2254),#2300,.T.);
#2254 = FACE_BOUND('',#2255,.F.);
#2255 = EDGE_LOOP('',(#2256,#2257,#2258,#2267,#2274,#2275,#2284,#2293));
#2256 = ORIENTED_EDGE('',*,*,#867,.F.);
#2257 = ORIENTED_EDGE('',*,*,#2215,.F.);
#2258 = ORIENTED_EDGE('',*,*,#2259,.F.);
#2259 = EDGE_CURVE('',#2260,#2216,#2262,.T.);
#2260 = VERTEX_POINT('',#2261);
#2261 = CARTESIAN_POINT('',(15.193291423071,-4.3,18.578587021989));
#2262 = ELLIPSE('',#2263,33.941125496954,24.);
#2263 = AXIS2_PLACEMENT_3D('',#2264,#2265,#2266);
#2264 = CARTESIAN_POINT('',(0.,1.8,-8.3E-16));
#2265 = DIRECTION('',(-0.415626937777,0.707106781187,0.572061402818));
#2266 = DIRECTION('',(0.415626937777,0.707106781187,-0.572061402818));
#2267 = ORIENTED_EDGE('',*,*,#2268,.T.);
#2268 = EDGE_CURVE('',#2260,#1195,#2269,.T.);
#2269 = ELLIPSE('',#2270,33.941125496954,24.);
#2270 = AXIS2_PLACEMENT_3D('',#2271,#2272,#2273);
#2271 = CARTESIAN_POINT('',(0.,-10.4,4.54E-15));
#2272 = DIRECTION('',(0.415626937777,0.707106781187,-0.572061402818));
#2273 = DIRECTION('',(-0.415626937777,0.707106781187,0.572061402818));
#2274 = ORIENTED_EDGE('',*,*,#1202,.T.);
#2275 = ORIENTED_EDGE('',*,*,#2276,.T.);
#2276 = EDGE_CURVE('',#1203,#2277,#2279,.T.);
#2277 = VERTEX_POINT('',#2278);
#2278 = CARTESIAN_POINT('',(12.00756028373,-4.3,20.780242925254));
#2279 = ELLIPSE('',#2280,33.941125496954,24.);
#2280 = AXIS2_PLACEMENT_3D('',#2281,#2282,#2283);
#2281 = CARTESIAN_POINT('',(0.,-6.8,2.96E-15));
#2282 = DIRECTION('',(-0.572061402818,-0.707106781187,0.415626937777));
#2283 = DIRECTION('',(-0.572061402818,0.707106781187,0.415626937777));
#2284 = ORIENTED_EDGE('',*,*,#2285,.F.);
#2285 = EDGE_CURVE('',#2286,#2277,#2288,.T.);
#2286 = VERTEX_POINT('',#2287);
#2287 = CARTESIAN_POINT('',(18.578587021989,4.3,15.193291423071));
#2288 = ELLIPSE('',#2289,33.941125496954,24.);
#2289 = AXIS2_PLACEMENT_3D('',#2290,#2291,#2292);
#2290 = CARTESIAN_POINT('',(0.,-1.8,7.6E-16));
#2291 = DIRECTION('',(0.572061402818,-0.707106781187,-0.415626937777));
#2292 = DIRECTION('',(0.572061402818,0.707106781187,-0.415626937777));
#2293 = ORIENTED_EDGE('',*,*,#2294,.F.);
#2294 = EDGE_CURVE('',#860,#2286,#2295,.T.);
#2295 = ELLIPSE('',#2296,33.941125496954,24.);
#2296 = AXIS2_PLACEMENT_3D('',#2297,#2298,#2299);
#2297 = CARTESIAN_POINT('',(0.,10.4,-4.61E-15));
#2298 = DIRECTION('',(0.572061402818,0.707106781187,-0.415626937777));
#2299 = DIRECTION('',(-0.572061402818,0.707106781187,0.415626937777));
#2300 = CYLINDRICAL_SURFACE('',#2301,24.);
#2301 = AXIS2_PLACEMENT_3D('',#2302,#2303,#2304);
#2302 = CARTESIAN_POINT('',(0.,8.6,-3.82E-15));
#2303 = DIRECTION('',(0.,1.,-4.4E-16));
#2304 = DIRECTION('',(1.,0.,0.));
#2305 = ADVANCED_FACE('',(#2306),#2325,.T.);
#2306 = FACE_BOUND('',#2307,.T.);
#2307 = EDGE_LOOP('',(#2308,#2309,#2310,#2319));
#2308 = ORIENTED_EDGE('',*,*,#2294,.F.);
#2309 = ORIENTED_EDGE('',*,*,#859,.T.);
#2310 = ORIENTED_EDGE('',*,*,#2311,.T.);
#2311 = EDGE_CURVE('',#851,#2312,#2314,.T.);
#2312 = VERTEX_POINT('',#2313);
#2313 = CARTESIAN_POINT('',(19.185493146339,4.3,16.02862604005));
#2314 = ELLIPSE('',#2315,35.355339059327,25.);
#2315 = AXIS2_PLACEMENT_3D('',#2316,#2317,#2318);
#2316 = CARTESIAN_POINT('',(0.,10.4,-1.5E-16));
#2317 = DIRECTION('',(0.572061402818,0.707106781187,-0.415626937777));
#2318 = DIRECTION('',(-0.572061402818,0.707106781187,0.415626937777));
#2319 = ORIENTED_EDGE('',*,*,#2320,.F.);
#2320 = EDGE_CURVE('',#2286,#2312,#2321,.T.);
#2321 = LINE('',#2322,#2323);
#2322 = CARTESIAN_POINT('',(17.278493963829,4.3,13.40386684289));
#2323 = VECTOR('',#2324,1.);
#2324 = DIRECTION('',(0.587785252292,-1.110223024625E-16,0.809016994375)
  );
#2325 = PLANE('',#2326);
#2326 = AXIS2_PLACEMENT_3D('',#2327,#2328,#2329);
#2327 = CARTESIAN_POINT('',(13.799720888017,8.6,15.931343427747));
#2328 = DIRECTION('',(0.572061402818,0.707106781187,-0.415626937777));
#2329 = DIRECTION('',(0.572061402818,-0.707106781187,-0.415626937777));
#2330 = ADVANCED_FACE('',(#2331),#2367,.T.);
#2331 = FACE_BOUND('',#2332,.T.);
#2332 = EDGE_LOOP('',(#2333,#2342,#2350,#2359,#2366));
#2333 = ORIENTED_EDGE('',*,*,#2334,.F.);
#2334 = EDGE_CURVE('',#2335,#825,#2337,.T.);
#2335 = VERTEX_POINT('',#2336);
#2336 = CARTESIAN_POINT('',(16.052645255605,4.3,17.841316663792));
#2337 = ELLIPSE('',#2338,33.941125496954,24.);
#2338 = AXIS2_PLACEMENT_3D('',#2339,#2340,#2341);
#2339 = CARTESIAN_POINT('',(0.,6.8,-3.03E-15));
#2340 = DIRECTION('',(-0.572061402818,-0.707106781187,0.415626937777));
#2341 = DIRECTION('',(-0.572061402818,0.707106781187,0.415626937777));
#2342 = ORIENTED_EDGE('',*,*,#2343,.T.);
#2343 = EDGE_CURVE('',#2335,#2344,#2346,.T.);
#2344 = VERTEX_POINT('',#2345);
#2345 = CARTESIAN_POINT('',(16.643516029626,4.3,18.65458051449));
#2346 = LINE('',#2347,#2348);
#2347 = CARTESIAN_POINT('',(14.366032784079,4.3,15.519893751143));
#2348 = VECTOR('',#2349,1.);
#2349 = DIRECTION('',(0.587785252292,-1.110223024625E-16,0.809016994375)
  );
#2350 = ORIENTED_EDGE('',*,*,#2351,.T.);
#2351 = EDGE_CURVE('',#2344,#2352,#2354,.T.);
#2352 = VERTEX_POINT('',#2353);
#2353 = CARTESIAN_POINT('',(14.694631307312,6.8,20.225424859374));
#2354 = ELLIPSE('',#2355,35.355339059327,25.);
#2355 = AXIS2_PLACEMENT_3D('',#2356,#2357,#2358);
#2356 = CARTESIAN_POINT('',(0.,6.8,-9.5E-16));
#2357 = DIRECTION('',(-0.572061402818,-0.707106781187,0.415626937777));
#2358 = DIRECTION('',(-0.572061402818,0.707106781187,0.415626937777));
#2359 = ORIENTED_EDGE('',*,*,#2360,.T.);
#2360 = EDGE_CURVE('',#2352,#834,#2361,.T.);
#2361 = ELLIPSE('',#2362,35.355339059327,25.);
#2362 = AXIS2_PLACEMENT_3D('',#2363,#2364,#2365);
#2363 = CARTESIAN_POINT('',(0.,6.8,-9.5E-16));
#2364 = DIRECTION('',(-0.572061402818,-0.707106781187,0.415626937777));
#2365 = DIRECTION('',(-0.572061402818,0.707106781187,0.415626937777));
#2366 = ORIENTED_EDGE('',*,*,#833,.F.);
#2367 = PLANE('',#2368);
#2368 = AXIS2_PLACEMENT_3D('',#2369,#2370,#2371);
#2369 = CARTESIAN_POINT('',(14.366032784079,4.3,15.519893751143));
#2370 = DIRECTION('',(-0.572061402818,-0.707106781187,0.415626937777));
#2371 = DIRECTION('',(-0.572061402818,0.707106781187,0.415626937777));
#2372 = ADVANCED_FACE('',(#2373),#2419,.T.);
#2373 = FACE_BOUND('',#2374,.F.);
#2374 = EDGE_LOOP('',(#2375,#2376,#2377,#2386,#2393,#2394,#2403,#2412));
#2375 = ORIENTED_EDGE('',*,*,#824,.F.);
#2376 = ORIENTED_EDGE('',*,*,#2334,.F.);
#2377 = ORIENTED_EDGE('',*,*,#2378,.F.);
#2378 = EDGE_CURVE('',#2379,#2335,#2381,.T.);
#2379 = VERTEX_POINT('',#2380);
#2380 = CARTESIAN_POINT('',(8.708579690615,-4.3,22.36427150104));
#2381 = ELLIPSE('',#2382,33.941125496954,24.);
#2382 = AXIS2_PLACEMENT_3D('',#2383,#2384,#2385);
#2383 = CARTESIAN_POINT('',(0.,1.8,-8.3E-16));
#2384 = DIRECTION('',(-0.572061402818,0.707106781187,0.415626937777));
#2385 = DIRECTION('',(0.572061402818,0.707106781187,-0.415626937777));
#2386 = ORIENTED_EDGE('',*,*,#2387,.T.);
#2387 = EDGE_CURVE('',#2379,#1238,#2388,.T.);
#2388 = ELLIPSE('',#2389,33.941125496954,24.);
#2389 = AXIS2_PLACEMENT_3D('',#2390,#2391,#2392);
#2390 = CARTESIAN_POINT('',(0.,-10.4,4.54E-15));
#2391 = DIRECTION('',(0.572061402818,0.707106781187,-0.415626937777));
#2392 = DIRECTION('',(-0.572061402818,0.707106781187,0.415626937777));
#2393 = ORIENTED_EDGE('',*,*,#1245,.T.);
#2394 = ORIENTED_EDGE('',*,*,#2395,.T.);
#2395 = EDGE_CURVE('',#1246,#2396,#2398,.T.);
#2396 = VERTEX_POINT('',#2397);
#2397 = CARTESIAN_POINT('',(4.998420241505,-4.3,23.473725632914));
#2398 = ELLIPSE('',#2399,33.941125496954,24.);
#2399 = AXIS2_PLACEMENT_3D('',#2400,#2401,#2402);
#2400 = CARTESIAN_POINT('',(0.,-6.8,2.96E-15));
#2401 = DIRECTION('',(-0.672498511964,-0.707106781187,0.218508012224));
#2402 = DIRECTION('',(-0.672498511964,0.707106781187,0.218508012224));
#2403 = ORIENTED_EDGE('',*,*,#2404,.F.);
#2404 = EDGE_CURVE('',#2405,#2396,#2407,.T.);
#2405 = VERTEX_POINT('',#2406);
#2406 = CARTESIAN_POINT('',(12.974301000599,4.3,20.190777933152));
#2407 = ELLIPSE('',#2408,33.941125496954,24.);
#2408 = AXIS2_PLACEMENT_3D('',#2409,#2410,#2411);
#2409 = CARTESIAN_POINT('',(0.,-1.8,7.6E-16));
#2410 = DIRECTION('',(0.672498511964,-0.707106781187,-0.218508012224));
#2411 = DIRECTION('',(0.672498511964,0.707106781187,-0.218508012224));
#2412 = ORIENTED_EDGE('',*,*,#2413,.F.);
#2413 = EDGE_CURVE('',#817,#2405,#2414,.T.);
#2414 = ELLIPSE('',#2415,33.941125496954,24.);
#2415 = AXIS2_PLACEMENT_3D('',#2416,#2417,#2418);
#2416 = CARTESIAN_POINT('',(0.,10.4,-4.61E-15));
#2417 = DIRECTION('',(0.672498511964,0.707106781187,-0.218508012224));
#2418 = DIRECTION('',(-0.672498511964,0.707106781187,0.218508012224));
#2419 = CYLINDRICAL_SURFACE('',#2420,24.);
#2420 = AXIS2_PLACEMENT_3D('',#2421,#2422,#2423);
#2421 = CARTESIAN_POINT('',(0.,8.6,-3.82E-15));
#2422 = DIRECTION('',(0.,1.,-4.4E-16));
#2423 = DIRECTION('',(1.,0.,0.));
#2424 = ADVANCED_FACE('',(#2425),#2444,.T.);
#2425 = FACE_BOUND('',#2426,.T.);
#2426 = EDGE_LOOP('',(#2427,#2428,#2429,#2438));
#2427 = ORIENTED_EDGE('',*,*,#2413,.F.);
#2428 = ORIENTED_EDGE('',*,*,#816,.T.);
#2429 = ORIENTED_EDGE('',*,*,#2430,.T.);
#2430 = EDGE_CURVE('',#808,#2431,#2433,.T.);
#2431 = VERTEX_POINT('',#2432);
#2432 = CARTESIAN_POINT('',(13.293370432306,4.3,21.172772670331));
#2433 = ELLIPSE('',#2434,35.355339059327,25.);
#2434 = AXIS2_PLACEMENT_3D('',#2435,#2436,#2437);
#2435 = CARTESIAN_POINT('',(0.,10.4,-1.5E-16));
#2436 = DIRECTION('',(0.672498511964,0.707106781187,-0.218508012224));
#2437 = DIRECTION('',(-0.672498511964,0.707106781187,0.218508012224));
#2438 = ORIENTED_EDGE('',*,*,#2439,.F.);
#2439 = EDGE_CURVE('',#2405,#2431,#2440,.T.);
#2440 = LINE('',#2441,#2442);
#2441 = CARTESIAN_POINT('',(12.290801631274,4.3,18.087183176511));
#2442 = VECTOR('',#2443,1.);
#2443 = DIRECTION('',(0.309016994375,1.249000902703E-16,0.951056516295)
  );
#2444 = PLANE('',#2445);
#2445 = AXIS2_PLACEMENT_3D('',#2446,#2447,#2448);
#2446 = CARTESIAN_POINT('',(8.201258611205,8.6,19.415956252323));
#2447 = DIRECTION('',(0.672498511964,0.707106781187,-0.218508012224));
#2448 = DIRECTION('',(0.672498511964,-0.707106781187,-0.218508012224));
#2449 = ADVANCED_FACE('',(#2450),#2486,.T.);
#2450 = FACE_BOUND('',#2451,.T.);
#2451 = EDGE_LOOP('',(#2452,#2461,#2469,#2478,#2485));
#2452 = ORIENTED_EDGE('',*,*,#2453,.F.);
#2453 = EDGE_CURVE('',#2454,#782,#2456,.T.);
#2454 = VERTEX_POINT('',#2455);
#2455 = CARTESIAN_POINT('',(9.753702822981,4.3,21.928640661039));
#2456 = ELLIPSE('',#2457,33.941125496954,24.);
#2457 = AXIS2_PLACEMENT_3D('',#2458,#2459,#2460);
#2458 = CARTESIAN_POINT('',(0.,6.8,-3.03E-15));
#2459 = DIRECTION('',(-0.672498511964,-0.707106781187,0.218508012224));
#2460 = DIRECTION('',(-0.672498511964,0.707106781187,0.218508012224));
#2461 = ORIENTED_EDGE('',*,*,#2462,.T.);
#2462 = EDGE_CURVE('',#2454,#2463,#2465,.T.);
#2463 = VERTEX_POINT('',#2464);
#2464 = CARTESIAN_POINT('',(10.064341972126,4.3,22.884689656364));
#2465 = LINE('',#2466,#2467);
#2466 = CARTESIAN_POINT('',(8.866998172612,4.3,19.199644356261));
#2467 = VECTOR('',#2468,1.);
#2468 = DIRECTION('',(0.309016994375,1.249000902703E-16,0.951056516295)
  );
#2469 = ORIENTED_EDGE('',*,*,#2470,.T.);
#2470 = EDGE_CURVE('',#2463,#2471,#2473,.T.);
#2471 = VERTEX_POINT('',#2472);
#2472 = CARTESIAN_POINT('',(7.725424859374,6.8,23.776412907379));
#2473 = ELLIPSE('',#2474,35.355339059327,25.);
#2474 = AXIS2_PLACEMENT_3D('',#2475,#2476,#2477);
#2475 = CARTESIAN_POINT('',(0.,6.8,-9.5E-16));
#2476 = DIRECTION('',(-0.672498511964,-0.707106781187,0.218508012224));
#2477 = DIRECTION('',(-0.672498511964,0.707106781187,0.218508012224));
#2478 = ORIENTED_EDGE('',*,*,#2479,.T.);
#2479 = EDGE_CURVE('',#2471,#791,#2480,.T.);
#2480 = ELLIPSE('',#2481,35.355339059327,25.);
#2481 = AXIS2_PLACEMENT_3D('',#2482,#2483,#2484);
#2482 = CARTESIAN_POINT('',(0.,6.8,-9.5E-16));
#2483 = DIRECTION('',(-0.672498511964,-0.707106781187,0.218508012224));
#2484 = DIRECTION('',(-0.672498511964,0.707106781187,0.218508012224));
#2485 = ORIENTED_EDGE('',*,*,#790,.F.);
#2486 = PLANE('',#2487);
#2487 = AXIS2_PLACEMENT_3D('',#2488,#2489,#2490);
#2488 = CARTESIAN_POINT('',(8.866998172612,4.3,19.199644356261));
#2489 = DIRECTION('',(-0.672498511964,-0.707106781187,0.218508012224));
#2490 = DIRECTION('',(-0.672498511964,0.707106781187,0.218508012224));
#2491 = ADVANCED_FACE('',(#2492),#2556,.T.);
#2492 = FACE_BOUND('',#2493,.F.);
#2493 = EDGE_LOOP('',(#2494,#2495,#2496,#2505,#2514,#2523,#2530,#2531,
    #2540,#2549));
#2494 = ORIENTED_EDGE('',*,*,#781,.F.);
#2495 = ORIENTED_EDGE('',*,*,#2453,.F.);
#2496 = ORIENTED_EDGE('',*,*,#2497,.F.);
#2497 = EDGE_CURVE('',#2498,#2454,#2500,.T.);
#2498 = VERTEX_POINT('',#2499);
#2499 = CARTESIAN_POINT('',(2.5,-3.198420241505,23.86943652456));
#2500 = ELLIPSE('',#2501,33.941125496954,24.);
#2501 = AXIS2_PLACEMENT_3D('',#2502,#2503,#2504);
#2502 = CARTESIAN_POINT('',(0.,1.8,-8.3E-16));
#2503 = DIRECTION('',(-0.672498511964,0.707106781187,0.218508012224));
#2504 = DIRECTION('',(0.672498511964,0.707106781187,-0.218508012224));
#2505 = ORIENTED_EDGE('',*,*,#2506,.F.);
#2506 = EDGE_CURVE('',#2507,#2498,#2509,.T.);
#2507 = VERTEX_POINT('',#2508);
#2508 = CARTESIAN_POINT('',(1.371411501798,-4.3,23.960785264526));
#2509 = ELLIPSE('',#2510,33.941125496954,24.);
#2510 = AXIS2_PLACEMENT_3D('',#2511,#2512,#2513);
#2511 = CARTESIAN_POINT('',(0.,1.8,-8.3E-16));
#2512 = DIRECTION('',(-0.672498511964,0.707106781187,0.218508012224));
#2513 = DIRECTION('',(0.672498511964,0.707106781187,-0.218508012224));
#2514 = ORIENTED_EDGE('',*,*,#2515,.T.);
#2515 = EDGE_CURVE('',#2507,#2516,#2518,.T.);
#2516 = VERTEX_POINT('',#2517);
#2517 = CARTESIAN_POINT('',(2.5,-5.401579758495,23.86943652456));
#2518 = ELLIPSE('',#2519,33.941125496954,24.);
#2519 = AXIS2_PLACEMENT_3D('',#2520,#2521,#2522);
#2520 = CARTESIAN_POINT('',(0.,-10.4,4.54E-15));
#2521 = DIRECTION('',(0.672498511964,0.707106781187,-0.218508012224));
#2522 = DIRECTION('',(-0.672498511964,0.707106781187,0.218508012224));
#2523 = ORIENTED_EDGE('',*,*,#2524,.T.);
#2524 = EDGE_CURVE('',#2516,#1281,#2525,.T.);
#2525 = ELLIPSE('',#2526,33.941125496954,24.);
#2526 = AXIS2_PLACEMENT_3D('',#2527,#2528,#2529);
#2527 = CARTESIAN_POINT('',(0.,-10.4,4.54E-15));
#2528 = DIRECTION('',(0.672498511964,0.707106781187,-0.218508012224));
#2529 = DIRECTION('',(-0.672498511964,0.707106781187,0.218508012224));
#2530 = ORIENTED_EDGE('',*,*,#1288,.T.);
#2531 = ORIENTED_EDGE('',*,*,#2532,.T.);
#2532 = EDGE_CURVE('',#1289,#2533,#2535,.T.);
#2533 = VERTEX_POINT('',#2534);
#2534 = CARTESIAN_POINT('',(-2.5,-4.3,23.86943652456));
#2535 = ELLIPSE('',#2536,33.941125496954,24.);
#2536 = AXIS2_PLACEMENT_3D('',#2537,#2538,#2539);
#2537 = CARTESIAN_POINT('',(0.,-6.8,2.96E-15));
#2538 = DIRECTION('',(-0.707106781187,-0.707106781187,0.));
#2539 = DIRECTION('',(-0.707106781187,0.707106781187,-6.2E-16));
#2540 = ORIENTED_EDGE('',*,*,#2541,.F.);
#2541 = EDGE_CURVE('',#2542,#2533,#2544,.T.);
#2542 = VERTEX_POINT('',#2543);
#2543 = CARTESIAN_POINT('',(6.1,4.3,23.211850421713));
#2544 = ELLIPSE('',#2545,33.941125496954,24.);
#2545 = AXIS2_PLACEMENT_3D('',#2546,#2547,#2548);
#2546 = CARTESIAN_POINT('',(0.,-1.8,7.6E-16));
#2547 = DIRECTION('',(0.707106781187,-0.707106781187,6.E-17));
#2548 = DIRECTION('',(0.707106781187,0.707106781187,-5.6E-16));
#2549 = ORIENTED_EDGE('',*,*,#2550,.F.);
#2550 = EDGE_CURVE('',#774,#2542,#2551,.T.);
#2551 = ELLIPSE('',#2552,33.941125496954,24.);
#2552 = AXIS2_PLACEMENT_3D('',#2553,#2554,#2555);
#2553 = CARTESIAN_POINT('',(0.,10.4,-4.61E-15));
#2554 = DIRECTION('',(0.707106781187,0.707106781187,0.));
#2555 = DIRECTION('',(-0.707106781187,0.707106781187,-6.2E-16));
#2556 = CYLINDRICAL_SURFACE('',#2557,24.);
#2557 = AXIS2_PLACEMENT_3D('',#2558,#2559,#2560);
#2558 = CARTESIAN_POINT('',(0.,8.6,-3.82E-15));
#2559 = DIRECTION('',(0.,1.,-4.4E-16));
#2560 = DIRECTION('',(1.,0.,0.));
#2561 = ADVANCED_FACE('',(#2562),#2581,.T.);
#2562 = FACE_BOUND('',#2563,.T.);
#2563 = EDGE_LOOP('',(#2564,#2565,#2566,#2575));
#2564 = ORIENTED_EDGE('',*,*,#2550,.F.);
#2565 = ORIENTED_EDGE('',*,*,#773,.T.);
#2566 = ORIENTED_EDGE('',*,*,#2567,.T.);
#2567 = EDGE_CURVE('',#765,#2568,#2570,.T.);
#2568 = VERTEX_POINT('',#2569);
#2569 = CARTESIAN_POINT('',(6.1,4.3,24.244380792258));
#2570 = ELLIPSE('',#2571,35.355339059327,25.);
#2571 = AXIS2_PLACEMENT_3D('',#2572,#2573,#2574);
#2572 = CARTESIAN_POINT('',(0.,10.4,-1.5E-16));
#2573 = DIRECTION('',(0.707106781187,0.707106781187,0.));
#2574 = DIRECTION('',(-0.707106781187,0.707106781187,3.1E-16));
#2575 = ORIENTED_EDGE('',*,*,#2576,.F.);
#2576 = EDGE_CURVE('',#2542,#2568,#2577,.T.);
#2577 = LINE('',#2578,#2579);
#2578 = CARTESIAN_POINT('',(6.1,4.3,21.));
#2579 = VECTOR('',#2580,1.);
#2580 = DIRECTION('',(0.,0.,1.));
#2581 = PLANE('',#2582);
#2582 = AXIS2_PLACEMENT_3D('',#2583,#2584,#2585);
#2583 = CARTESIAN_POINT('',(1.8,8.6,21.));
#2584 = DIRECTION('',(0.707106781187,0.707106781187,0.));
#2585 = DIRECTION('',(0.707106781187,-0.707106781187,0.));
#2586 = ADVANCED_FACE('',(#2587),#2623,.T.);
#2587 = FACE_BOUND('',#2588,.T.);
#2588 = EDGE_LOOP('',(#2589,#2598,#2606,#2615,#2622));
#2589 = ORIENTED_EDGE('',*,*,#2590,.F.);
#2590 = EDGE_CURVE('',#2591,#739,#2593,.T.);
#2591 = VERTEX_POINT('',#2592);
#2592 = CARTESIAN_POINT('',(2.5,4.3,23.86943652456));
#2593 = ELLIPSE('',#2594,33.941125496954,24.);
#2594 = AXIS2_PLACEMENT_3D('',#2595,#2596,#2597);
#2595 = CARTESIAN_POINT('',(0.,6.8,-3.03E-15));
#2596 = DIRECTION('',(-0.707106781187,-0.707106781187,0.));
#2597 = DIRECTION('',(-0.707106781187,0.707106781187,-6.2E-16));
#2598 = ORIENTED_EDGE('',*,*,#2599,.T.);
#2599 = EDGE_CURVE('',#2591,#2600,#2602,.T.);
#2600 = VERTEX_POINT('',#2601);
#2601 = CARTESIAN_POINT('',(2.5,4.3,24.874685927665));
#2602 = LINE('',#2603,#2604);
#2603 = CARTESIAN_POINT('',(2.5,4.3,21.));
#2604 = VECTOR('',#2605,1.);
#2605 = DIRECTION('',(0.,0.,1.));
#2606 = ORIENTED_EDGE('',*,*,#2607,.T.);
#2607 = EDGE_CURVE('',#2600,#2608,#2610,.T.);
#2608 = VERTEX_POINT('',#2609);
#2609 = CARTESIAN_POINT('',(-6.E-15,6.8,25.));
#2610 = ELLIPSE('',#2611,35.355339059327,25.);
#2611 = AXIS2_PLACEMENT_3D('',#2612,#2613,#2614);
#2612 = CARTESIAN_POINT('',(0.,6.8,-9.5E-16));
#2613 = DIRECTION('',(-0.707106781187,-0.707106781187,0.));
#2614 = DIRECTION('',(-0.707106781187,0.707106781187,3.1E-16));
#2615 = ORIENTED_EDGE('',*,*,#2616,.T.);
#2616 = EDGE_CURVE('',#2608,#748,#2617,.T.);
#2617 = ELLIPSE('',#2618,35.355339059327,25.);
#2618 = AXIS2_PLACEMENT_3D('',#2619,#2620,#2621);
#2619 = CARTESIAN_POINT('',(0.,6.8,-9.5E-16));
#2620 = DIRECTION('',(-0.707106781187,-0.707106781187,0.));
#2621 = DIRECTION('',(-0.707106781187,0.707106781187,3.1E-16));
#2622 = ORIENTED_EDGE('',*,*,#747,.F.);
#2623 = PLANE('',#2624);
#2624 = AXIS2_PLACEMENT_3D('',#2625,#2626,#2627);
#2625 = CARTESIAN_POINT('',(2.5,4.3,21.));
#2626 = DIRECTION('',(-0.707106781187,-0.707106781187,0.));
#2627 = DIRECTION('',(-0.707106781187,0.707106781187,0.));
#2628 = ADVANCED_FACE('',(#2629),#2693,.T.);
#2629 = FACE_BOUND('',#2630,.F.);
#2630 = EDGE_LOOP('',(#2631,#2632,#2641,#2648,#2649,#2658,#2667,#2676,
    #2685,#2692));
#2631 = ORIENTED_EDGE('',*,*,#2590,.F.);
#2632 = ORIENTED_EDGE('',*,*,#2633,.F.);
#2633 = EDGE_CURVE('',#2634,#2591,#2636,.T.);
#2634 = VERTEX_POINT('',#2635);
#2635 = CARTESIAN_POINT('',(-6.1,-4.3,23.211850421713));
#2636 = ELLIPSE('',#2637,33.941125496954,24.);
#2637 = AXIS2_PLACEMENT_3D('',#2638,#2639,#2640);
#2638 = CARTESIAN_POINT('',(0.,1.8,-8.3E-16));
#2639 = DIRECTION('',(-0.707106781187,0.707106781187,-2.E-17));
#2640 = DIRECTION('',(0.707106781187,0.707106781187,-6.E-16));
#2641 = ORIENTED_EDGE('',*,*,#2642,.T.);
#2642 = EDGE_CURVE('',#2634,#1324,#2643,.T.);
#2643 = ELLIPSE('',#2644,33.941125496954,24.);
#2644 = AXIS2_PLACEMENT_3D('',#2645,#2646,#2647);
#2645 = CARTESIAN_POINT('',(0.,-10.4,4.54E-15));
#2646 = DIRECTION('',(0.707106781187,0.707106781187,0.));
#2647 = DIRECTION('',(-0.707106781187,0.707106781187,-6.2E-16));
#2648 = ORIENTED_EDGE('',*,*,#1331,.T.);
#2649 = ORIENTED_EDGE('',*,*,#2650,.T.);
#2650 = EDGE_CURVE('',#1332,#2651,#2653,.T.);
#2651 = VERTEX_POINT('',#2652);
#2652 = CARTESIAN_POINT('',(-9.753702822981,-4.3,21.928640661039));
#2653 = ELLIPSE('',#2654,33.941125496954,24.);
#2654 = AXIS2_PLACEMENT_3D('',#2655,#2656,#2657);
#2655 = CARTESIAN_POINT('',(0.,-6.8,2.96E-15));
#2656 = DIRECTION('',(-0.672498511964,-0.707106781187,-0.218508012224));
#2657 = DIRECTION('',(-0.672498511964,0.707106781187,-0.218508012224));
#2658 = ORIENTED_EDGE('',*,*,#2659,.F.);
#2659 = EDGE_CURVE('',#2660,#2651,#2662,.T.);
#2660 = VERTEX_POINT('',#2661);
#2661 = CARTESIAN_POINT('',(-2.5,3.198420241505,23.86943652456));
#2662 = ELLIPSE('',#2663,33.941125496954,24.);
#2663 = AXIS2_PLACEMENT_3D('',#2664,#2665,#2666);
#2664 = CARTESIAN_POINT('',(0.,-1.8,7.6E-16));
#2665 = DIRECTION('',(0.672498511964,-0.707106781187,0.218508012224));
#2666 = DIRECTION('',(0.672498511964,0.707106781187,0.218508012224));
#2667 = ORIENTED_EDGE('',*,*,#2668,.F.);
#2668 = EDGE_CURVE('',#2669,#2660,#2671,.T.);
#2669 = VERTEX_POINT('',#2670);
#2670 = CARTESIAN_POINT('',(-1.371411501798,4.3,23.960785264526));
#2671 = ELLIPSE('',#2672,33.941125496954,24.);
#2672 = AXIS2_PLACEMENT_3D('',#2673,#2674,#2675);
#2673 = CARTESIAN_POINT('',(0.,-1.8,7.6E-16));
#2674 = DIRECTION('',(0.672498511964,-0.707106781187,0.218508012224));
#2675 = DIRECTION('',(0.672498511964,0.707106781187,0.218508012224));
#2676 = ORIENTED_EDGE('',*,*,#2677,.F.);
#2677 = EDGE_CURVE('',#2678,#2669,#2680,.T.);
#2678 = VERTEX_POINT('',#2679);
#2679 = CARTESIAN_POINT('',(-2.5,5.401579758495,23.86943652456));
#2680 = ELLIPSE('',#2681,33.941125496954,24.);
#2681 = AXIS2_PLACEMENT_3D('',#2682,#2683,#2684);
#2682 = CARTESIAN_POINT('',(0.,10.4,-4.61E-15));
#2683 = DIRECTION('',(0.672498511964,0.707106781187,0.218508012224));
#2684 = DIRECTION('',(-0.672498511964,0.707106781187,-0.218508012224));
#2685 = ORIENTED_EDGE('',*,*,#2686,.F.);
#2686 = EDGE_CURVE('',#731,#2678,#2687,.T.);
#2687 = ELLIPSE('',#2688,33.941125496954,24.);
#2688 = AXIS2_PLACEMENT_3D('',#2689,#2690,#2691);
#2689 = CARTESIAN_POINT('',(0.,10.4,-4.61E-15));
#2690 = DIRECTION('',(0.672498511964,0.707106781187,0.218508012224));
#2691 = DIRECTION('',(-0.672498511964,0.707106781187,-0.218508012224));
#2692 = ORIENTED_EDGE('',*,*,#738,.F.);
#2693 = CYLINDRICAL_SURFACE('',#2694,24.);
#2694 = AXIS2_PLACEMENT_3D('',#2695,#2696,#2697);
#2695 = CARTESIAN_POINT('',(0.,8.6,-3.82E-15));
#2696 = DIRECTION('',(0.,1.,-4.4E-16));
#2697 = DIRECTION('',(1.,0.,0.));
#2698 = ADVANCED_FACE('',(#2699),#2719,.T.);
#2699 = FACE_BOUND('',#2700,.T.);
#2700 = EDGE_LOOP('',(#2701,#2702,#2703,#2712,#2718));
#2701 = ORIENTED_EDGE('',*,*,#2686,.F.);
#2702 = ORIENTED_EDGE('',*,*,#730,.T.);
#2703 = ORIENTED_EDGE('',*,*,#2704,.T.);
#2704 = EDGE_CURVE('',#722,#2705,#2707,.T.);
#2705 = VERTEX_POINT('',#2706);
#2706 = CARTESIAN_POINT('',(-1.690480933505,4.3,24.942780001705));
#2707 = ELLIPSE('',#2708,35.355339059327,25.);
#2708 = AXIS2_PLACEMENT_3D('',#2709,#2710,#2711);
#2709 = CARTESIAN_POINT('',(0.,10.4,-1.5E-16));
#2710 = DIRECTION('',(0.672498511964,0.707106781187,0.218508012224));
#2711 = DIRECTION('',(-0.672498511964,0.707106781187,-0.218508012224));
#2712 = ORIENTED_EDGE('',*,*,#2713,.F.);
#2713 = EDGE_CURVE('',#2669,#2705,#2714,.T.);
#2714 = LINE('',#2715,#2716);
#2715 = CARTESIAN_POINT('',(-0.687912132473,4.3,21.857190507885));
#2716 = VECTOR('',#2717,1.);
#2717 = DIRECTION('',(-0.309016994375,-9.71445146547E-17,0.951056516295)
  );
#2718 = ORIENTED_EDGE('',*,*,#2677,.F.);
#2719 = PLANE('',#2720);
#2720 = AXIS2_PLACEMENT_3D('',#2721,#2722,#2723);
#2721 = CARTESIAN_POINT('',(-4.777455152543,8.6,20.528417432073));
#2722 = DIRECTION('',(0.672498511964,0.707106781187,0.218508012224));
#2723 = DIRECTION('',(0.672498511964,-0.707106781187,0.218508012224));
#2724 = ADVANCED_FACE('',(#2725),#2761,.T.);
#2725 = FACE_BOUND('',#2726,.T.);
#2726 = EDGE_LOOP('',(#2727,#2736,#2744,#2753,#2760));
#2727 = ORIENTED_EDGE('',*,*,#2728,.F.);
#2728 = EDGE_CURVE('',#2729,#696,#2731,.T.);
#2729 = VERTEX_POINT('',#2730);
#2730 = CARTESIAN_POINT('',(-4.998420241505,4.3,23.473725632914));
#2731 = ELLIPSE('',#2732,33.941125496954,24.);
#2732 = AXIS2_PLACEMENT_3D('',#2733,#2734,#2735);
#2733 = CARTESIAN_POINT('',(0.,6.8,-3.03E-15));
#2734 = DIRECTION('',(-0.672498511964,-0.707106781187,-0.218508012224));
#2735 = DIRECTION('',(-0.672498511964,0.707106781187,-0.218508012224));
#2736 = ORIENTED_EDGE('',*,*,#2737,.T.);
#2737 = EDGE_CURVE('',#2729,#2738,#2740,.T.);
#2738 = VERTEX_POINT('',#2739);
#2739 = CARTESIAN_POINT('',(-5.30905939065,4.3,24.429774628239));
#2740 = LINE('',#2741,#2742);
#2741 = CARTESIAN_POINT('',(-4.111715591136,4.3,20.744729328136));
#2742 = VECTOR('',#2743,1.);
#2743 = DIRECTION('',(-0.309016994375,-9.71445146547E-17,0.951056516295)
  );
#2744 = ORIENTED_EDGE('',*,*,#2745,.T.);
#2745 = EDGE_CURVE('',#2738,#2746,#2748,.T.);
#2746 = VERTEX_POINT('',#2747);
#2747 = CARTESIAN_POINT('',(-7.725424859374,6.8,23.776412907379));
#2748 = ELLIPSE('',#2749,35.355339059327,25.);
#2749 = AXIS2_PLACEMENT_3D('',#2750,#2751,#2752);
#2750 = CARTESIAN_POINT('',(0.,6.8,-9.5E-16));
#2751 = DIRECTION('',(-0.672498511964,-0.707106781187,-0.218508012224));
#2752 = DIRECTION('',(-0.672498511964,0.707106781187,-0.218508012224));
#2753 = ORIENTED_EDGE('',*,*,#2754,.T.);
#2754 = EDGE_CURVE('',#2746,#705,#2755,.T.);
#2755 = ELLIPSE('',#2756,35.355339059327,25.);
#2756 = AXIS2_PLACEMENT_3D('',#2757,#2758,#2759);
#2757 = CARTESIAN_POINT('',(0.,6.8,-9.5E-16));
#2758 = DIRECTION('',(-0.672498511964,-0.707106781187,-0.218508012224));
#2759 = DIRECTION('',(-0.672498511964,0.707106781187,-0.218508012224));
#2760 = ORIENTED_EDGE('',*,*,#704,.F.);
#2761 = PLANE('',#2762);
#2762 = AXIS2_PLACEMENT_3D('',#2763,#2764,#2765);
#2763 = CARTESIAN_POINT('',(-4.111715591136,4.3,20.744729328136));
#2764 = DIRECTION('',(-0.672498511964,-0.707106781187,-0.218508012224));
#2765 = DIRECTION('',(-0.672498511964,0.707106781187,-0.218508012224));
#2766 = ADVANCED_FACE('',(#2767),#2813,.T.);
#2767 = FACE_BOUND('',#2768,.F.);
#2768 = EDGE_LOOP('',(#2769,#2770,#2771,#2780,#2787,#2788,#2797,#2806));
#2769 = ORIENTED_EDGE('',*,*,#695,.F.);
#2770 = ORIENTED_EDGE('',*,*,#2728,.F.);
#2771 = ORIENTED_EDGE('',*,*,#2772,.F.);
#2772 = EDGE_CURVE('',#2773,#2729,#2775,.T.);
#2773 = VERTEX_POINT('',#2774);
#2774 = CARTESIAN_POINT('',(-12.97430100059,-4.3,20.190777933152));
#2775 = ELLIPSE('',#2776,33.941125496954,24.);
#2776 = AXIS2_PLACEMENT_3D('',#2777,#2778,#2779);
#2777 = CARTESIAN_POINT('',(0.,1.8,-8.3E-16));
#2778 = DIRECTION('',(-0.672498511964,0.707106781187,-0.218508012224));
#2779 = DIRECTION('',(0.672498511964,0.707106781187,0.218508012224));
#2780 = ORIENTED_EDGE('',*,*,#2781,.T.);
#2781 = EDGE_CURVE('',#2773,#1367,#2782,.T.);
#2782 = ELLIPSE('',#2783,33.941125496954,24.);
#2783 = AXIS2_PLACEMENT_3D('',#2784,#2785,#2786);
#2784 = CARTESIAN_POINT('',(0.,-10.4,4.54E-15));
#2785 = DIRECTION('',(0.672498511964,0.707106781187,0.218508012224));
#2786 = DIRECTION('',(-0.672498511964,0.707106781187,-0.218508012224));
#2787 = ORIENTED_EDGE('',*,*,#1374,.T.);
#2788 = ORIENTED_EDGE('',*,*,#2789,.T.);
#2789 = EDGE_CURVE('',#1375,#2790,#2792,.T.);
#2790 = VERTEX_POINT('',#2791);
#2791 = CARTESIAN_POINT('',(-16.0526452556,-4.3,17.841316663792));
#2792 = ELLIPSE('',#2793,33.941125496954,24.);
#2793 = AXIS2_PLACEMENT_3D('',#2794,#2795,#2796);
#2794 = CARTESIAN_POINT('',(0.,-6.8,2.96E-15));
#2795 = DIRECTION('',(-0.572061402818,-0.707106781187,-0.415626937777));
#2796 = DIRECTION('',(-0.572061402818,0.707106781187,-0.415626937777));
#2797 = ORIENTED_EDGE('',*,*,#2798,.F.);
#2798 = EDGE_CURVE('',#2799,#2790,#2801,.T.);
#2799 = VERTEX_POINT('',#2800);
#2800 = CARTESIAN_POINT('',(-8.708579690615,4.3,22.36427150104));
#2801 = ELLIPSE('',#2802,33.941125496954,24.);
#2802 = AXIS2_PLACEMENT_3D('',#2803,#2804,#2805);
#2803 = CARTESIAN_POINT('',(0.,-1.8,7.6E-16));
#2804 = DIRECTION('',(0.572061402818,-0.707106781187,0.415626937777));
#2805 = DIRECTION('',(0.572061402818,0.707106781187,0.415626937777));
#2806 = ORIENTED_EDGE('',*,*,#2807,.F.);
#2807 = EDGE_CURVE('',#688,#2799,#2808,.T.);
#2808 = ELLIPSE('',#2809,33.941125496954,24.);
#2809 = AXIS2_PLACEMENT_3D('',#2810,#2811,#2812);
#2810 = CARTESIAN_POINT('',(0.,10.4,-4.61E-15));
#2811 = DIRECTION('',(0.572061402818,0.707106781187,0.415626937777));
#2812 = DIRECTION('',(-0.572061402818,0.707106781187,-0.415626937777));
#2813 = CYLINDRICAL_SURFACE('',#2814,24.);
#2814 = AXIS2_PLACEMENT_3D('',#2815,#2816,#2817);
#2815 = CARTESIAN_POINT('',(0.,8.6,-3.82E-15));
#2816 = DIRECTION('',(0.,1.,-4.4E-16));
#2817 = DIRECTION('',(1.,0.,0.));
#2818 = ADVANCED_FACE('',(#2819),#2838,.T.);
#2819 = FACE_BOUND('',#2820,.T.);
#2820 = EDGE_LOOP('',(#2821,#2822,#2823,#2832));
#2821 = ORIENTED_EDGE('',*,*,#2807,.F.);
#2822 = ORIENTED_EDGE('',*,*,#687,.T.);
#2823 = ORIENTED_EDGE('',*,*,#2824,.T.);
#2824 = EDGE_CURVE('',#679,#2825,#2827,.T.);
#2825 = VERTEX_POINT('',#2826);
#2826 = CARTESIAN_POINT('',(-9.315485814965,4.3,23.199606118018));
#2827 = ELLIPSE('',#2828,35.355339059327,25.);
#2828 = AXIS2_PLACEMENT_3D('',#2829,#2830,#2831);
#2829 = CARTESIAN_POINT('',(0.,10.4,-1.5E-16));
#2830 = DIRECTION('',(0.572061402818,0.707106781187,0.415626937777));
#2831 = DIRECTION('',(-0.572061402818,0.707106781187,-0.415626937777));
#2832 = ORIENTED_EDGE('',*,*,#2833,.F.);
#2833 = EDGE_CURVE('',#2799,#2825,#2834,.T.);
#2834 = LINE('',#2835,#2836);
#2835 = CARTESIAN_POINT('',(-7.408486632455,4.3,20.574846920858));
#2836 = VECTOR('',#2837,1.);
#2837 = DIRECTION('',(-0.587785252292,0.,0.809016994375));
#2838 = PLANE('',#2839);
#2839 = AXIS2_PLACEMENT_3D('',#2840,#2841,#2842);
#2840 = CARTESIAN_POINT('',(-10.88725970826,8.6,18.047370336));
#2841 = DIRECTION('',(0.572061402818,0.707106781187,0.415626937777));
#2842 = DIRECTION('',(0.572061402818,-0.707106781187,0.415626937777));
#2843 = ADVANCED_FACE('',(#2844),#2880,.T.);
#2844 = FACE_BOUND('',#2845,.T.);
#2845 = EDGE_LOOP('',(#2846,#2855,#2863,#2872,#2879));
#2846 = ORIENTED_EDGE('',*,*,#2847,.F.);
#2847 = EDGE_CURVE('',#2848,#653,#2850,.T.);
#2848 = VERTEX_POINT('',#2849);
#2849 = CARTESIAN_POINT('',(-12.00756028373,4.3,20.780242925254));
#2850 = ELLIPSE('',#2851,33.941125496954,24.);
#2851 = AXIS2_PLACEMENT_3D('',#2852,#2853,#2854);
#2852 = CARTESIAN_POINT('',(0.,6.8,-3.03E-15));
#2853 = DIRECTION('',(-0.572061402818,-0.707106781187,-0.415626937777));
#2854 = DIRECTION('',(-0.572061402818,0.707106781187,-0.415626937777));
#2855 = ORIENTED_EDGE('',*,*,#2856,.T.);
#2856 = EDGE_CURVE('',#2848,#2857,#2859,.T.);
#2857 = VERTEX_POINT('',#2858);
#2858 = CARTESIAN_POINT('',(-12.59843105775,4.3,21.593506775952));
#2859 = LINE('',#2860,#2861);
#2860 = CARTESIAN_POINT('',(-10.3209478122,4.3,18.458820012605));
#2861 = VECTOR('',#2862,1.);
#2862 = DIRECTION('',(-0.587785252292,0.,0.809016994375));
#2863 = ORIENTED_EDGE('',*,*,#2864,.T.);
#2864 = EDGE_CURVE('',#2857,#2865,#2867,.T.);
#2865 = VERTEX_POINT('',#2866);
#2866 = CARTESIAN_POINT('',(-14.69463130731,6.8,20.225424859374));
#2867 = ELLIPSE('',#2868,35.355339059327,25.);
#2868 = AXIS2_PLACEMENT_3D('',#2869,#2870,#2871);
#2869 = CARTESIAN_POINT('',(0.,6.8,-9.5E-16));
#2870 = DIRECTION('',(-0.572061402818,-0.707106781187,-0.415626937777));
#2871 = DIRECTION('',(-0.572061402818,0.707106781187,-0.415626937777));
#2872 = ORIENTED_EDGE('',*,*,#2873,.T.);
#2873 = EDGE_CURVE('',#2865,#662,#2874,.T.);
#2874 = ELLIPSE('',#2875,35.355339059327,25.);
#2875 = AXIS2_PLACEMENT_3D('',#2876,#2877,#2878);
#2876 = CARTESIAN_POINT('',(0.,6.8,-9.5E-16));
#2877 = DIRECTION('',(-0.572061402818,-0.707106781187,-0.415626937777));
#2878 = DIRECTION('',(-0.572061402818,0.707106781187,-0.415626937777));
#2879 = ORIENTED_EDGE('',*,*,#661,.F.);
#2880 = PLANE('',#2881);
#2881 = AXIS2_PLACEMENT_3D('',#2882,#2883,#2884);
#2882 = CARTESIAN_POINT('',(-10.3209478122,4.3,18.458820012605));
#2883 = DIRECTION('',(-0.572061402818,-0.707106781187,-0.415626937777));
#2884 = DIRECTION('',(-0.572061402818,0.707106781187,-0.415626937777));
#2885 = ADVANCED_FACE('',(#2886),#2932,.T.);
#2886 = FACE_BOUND('',#2887,.F.);
#2887 = EDGE_LOOP('',(#2888,#2889,#2890,#2899,#2906,#2907,#2916,#2925));
#2888 = ORIENTED_EDGE('',*,*,#652,.F.);
#2889 = ORIENTED_EDGE('',*,*,#2847,.F.);
#2890 = ORIENTED_EDGE('',*,*,#2891,.F.);
#2891 = EDGE_CURVE('',#2892,#2848,#2894,.T.);
#2892 = VERTEX_POINT('',#2893);
#2893 = CARTESIAN_POINT('',(-18.57858702198,-4.3,15.193291423071));
#2894 = ELLIPSE('',#2895,33.941125496954,24.);
#2895 = AXIS2_PLACEMENT_3D('',#2896,#2897,#2898);
#2896 = CARTESIAN_POINT('',(0.,1.8,-8.3E-16));
#2897 = DIRECTION('',(-0.572061402818,0.707106781187,-0.415626937777));
#2898 = DIRECTION('',(0.572061402818,0.707106781187,0.415626937777));
#2899 = ORIENTED_EDGE('',*,*,#2900,.T.);
#2900 = EDGE_CURVE('',#2892,#1410,#2901,.T.);
#2901 = ELLIPSE('',#2902,33.941125496954,24.);
#2902 = AXIS2_PLACEMENT_3D('',#2903,#2904,#2905);
#2903 = CARTESIAN_POINT('',(0.,-10.4,4.54E-15));
#2904 = DIRECTION('',(0.572061402818,0.707106781187,0.415626937777));
#2905 = DIRECTION('',(-0.572061402818,0.707106781187,-0.415626937777));
#2906 = ORIENTED_EDGE('',*,*,#1417,.T.);
#2907 = ORIENTED_EDGE('',*,*,#2908,.T.);
#2908 = EDGE_CURVE('',#1418,#2909,#2911,.T.);
#2909 = VERTEX_POINT('',#2910);
#2910 = CARTESIAN_POINT('',(-20.78024292525,-4.3,12.00756028373));
#2911 = ELLIPSE('',#2912,33.941125496954,24.);
#2912 = AXIS2_PLACEMENT_3D('',#2913,#2914,#2915);
#2913 = CARTESIAN_POINT('',(0.,-6.8,2.96E-15));
#2914 = DIRECTION('',(-0.415626937777,-0.707106781187,-0.572061402818));
#2915 = DIRECTION('',(-0.415626937777,0.707106781187,-0.572061402818));
#2916 = ORIENTED_EDGE('',*,*,#2917,.F.);
#2917 = EDGE_CURVE('',#2918,#2909,#2920,.T.);
#2918 = VERTEX_POINT('',#2919);
#2919 = CARTESIAN_POINT('',(-15.19329142307,4.3,18.578587021989));
#2920 = ELLIPSE('',#2921,33.941125496954,24.);
#2921 = AXIS2_PLACEMENT_3D('',#2922,#2923,#2924);
#2922 = CARTESIAN_POINT('',(0.,-1.8,7.6E-16));
#2923 = DIRECTION('',(0.415626937777,-0.707106781187,0.572061402818));
#2924 = DIRECTION('',(0.415626937777,0.707106781187,0.572061402818));
#2925 = ORIENTED_EDGE('',*,*,#2926,.F.);
#2926 = EDGE_CURVE('',#645,#2918,#2927,.T.);
#2927 = ELLIPSE('',#2928,33.941125496954,24.);
#2928 = AXIS2_PLACEMENT_3D('',#2929,#2930,#2931);
#2929 = CARTESIAN_POINT('',(0.,10.4,-4.61E-15));
#2930 = DIRECTION('',(0.415626937777,0.707106781187,0.572061402818));
#2931 = DIRECTION('',(-0.415626937777,0.707106781187,-0.572061402818));
#2932 = CYLINDRICAL_SURFACE('',#2933,24.);
#2933 = AXIS2_PLACEMENT_3D('',#2934,#2935,#2936);
#2934 = CARTESIAN_POINT('',(0.,8.6,-3.82E-15));
#2935 = DIRECTION('',(0.,1.,-4.4E-16));
#2936 = DIRECTION('',(1.,0.,0.));
#2937 = ADVANCED_FACE('',(#2938),#2957,.T.);
#2938 = FACE_BOUND('',#2939,.T.);
#2939 = EDGE_LOOP('',(#2940,#2941,#2942,#2951));
#2940 = ORIENTED_EDGE('',*,*,#2926,.F.);
#2941 = ORIENTED_EDGE('',*,*,#644,.T.);
#2942 = ORIENTED_EDGE('',*,*,#2943,.T.);
#2943 = EDGE_CURVE('',#636,#2944,#2946,.T.);
#2944 = VERTEX_POINT('',#2945);
#2945 = CARTESIAN_POINT('',(-16.02862604005,4.3,19.185493146339));
#2946 = ELLIPSE('',#2947,35.355339059327,25.);
#2947 = AXIS2_PLACEMENT_3D('',#2948,#2949,#2950);
#2948 = CARTESIAN_POINT('',(0.,10.4,-1.5E-16));
#2949 = DIRECTION('',(0.415626937777,0.707106781187,0.572061402818));
#2950 = DIRECTION('',(-0.415626937777,0.707106781187,-0.572061402818));
#2951 = ORIENTED_EDGE('',*,*,#2952,.F.);
#2952 = EDGE_CURVE('',#2918,#2944,#2953,.T.);
#2953 = LINE('',#2954,#2955);
#2954 = CARTESIAN_POINT('',(-13.40386684289,4.3,17.278493963829));
#2955 = VECTOR('',#2956,1.);
#2956 = DIRECTION('',(-0.809016994375,-1.665334536938E-16,0.587785252292
    ));
#2957 = PLANE('',#2958);
#2958 = AXIS2_PLACEMENT_3D('',#2959,#2960,#2961);
#2959 = CARTESIAN_POINT('',(-15.93134342774,8.6,13.799720888017));
#2960 = DIRECTION('',(0.415626937777,0.707106781187,0.572061402818));
#2961 = DIRECTION('',(0.415626937777,-0.707106781187,0.572061402818));
#2962 = ADVANCED_FACE('',(#2963),#2999,.T.);
#2963 = FACE_BOUND('',#2964,.T.);
#2964 = EDGE_LOOP('',(#2965,#2974,#2982,#2991,#2998));
#2965 = ORIENTED_EDGE('',*,*,#2966,.F.);
#2966 = EDGE_CURVE('',#2967,#610,#2969,.T.);
#2967 = VERTEX_POINT('',#2968);
#2968 = CARTESIAN_POINT('',(-17.84131666379,4.3,16.052645255605));
#2969 = ELLIPSE('',#2970,33.941125496954,24.);
#2970 = AXIS2_PLACEMENT_3D('',#2971,#2972,#2973);
#2971 = CARTESIAN_POINT('',(0.,6.8,-3.03E-15));
#2972 = DIRECTION('',(-0.415626937777,-0.707106781187,-0.572061402818));
#2973 = DIRECTION('',(-0.415626937777,0.707106781187,-0.572061402818));
#2974 = ORIENTED_EDGE('',*,*,#2975,.T.);
#2975 = EDGE_CURVE('',#2967,#2976,#2978,.T.);
#2976 = VERTEX_POINT('',#2977);
#2977 = CARTESIAN_POINT('',(-18.65458051449,4.3,16.643516029626));
#2978 = LINE('',#2979,#2980);
#2979 = CARTESIAN_POINT('',(-15.51989375114,4.3,14.366032784079));
#2980 = VECTOR('',#2981,1.);
#2981 = DIRECTION('',(-0.809016994375,-1.665334536938E-16,0.587785252292
    ));
#2982 = ORIENTED_EDGE('',*,*,#2983,.T.);
#2983 = EDGE_CURVE('',#2976,#2984,#2986,.T.);
#2984 = VERTEX_POINT('',#2985);
#2985 = CARTESIAN_POINT('',(-20.22542485937,6.8,14.694631307312));
#2986 = ELLIPSE('',#2987,35.355339059327,25.);
#2987 = AXIS2_PLACEMENT_3D('',#2988,#2989,#2990);
#2988 = CARTESIAN_POINT('',(0.,6.8,-9.5E-16));
#2989 = DIRECTION('',(-0.415626937777,-0.707106781187,-0.572061402818));
#2990 = DIRECTION('',(-0.415626937777,0.707106781187,-0.572061402818));
#2991 = ORIENTED_EDGE('',*,*,#2992,.T.);
#2992 = EDGE_CURVE('',#2984,#619,#2993,.T.);
#2993 = ELLIPSE('',#2994,35.355339059327,25.);
#2994 = AXIS2_PLACEMENT_3D('',#2995,#2996,#2997);
#2995 = CARTESIAN_POINT('',(0.,6.8,-9.5E-16));
#2996 = DIRECTION('',(-0.415626937777,-0.707106781187,-0.572061402818));
#2997 = DIRECTION('',(-0.415626937777,0.707106781187,-0.572061402818));
#2998 = ORIENTED_EDGE('',*,*,#618,.F.);
#2999 = PLANE('',#3000);
#3000 = AXIS2_PLACEMENT_3D('',#3001,#3002,#3003);
#3001 = CARTESIAN_POINT('',(-15.51989375114,4.3,14.366032784079));
#3002 = DIRECTION('',(-0.415626937777,-0.707106781187,-0.572061402818));
#3003 = DIRECTION('',(-0.415626937777,0.707106781187,-0.572061402818));
#3004 = ADVANCED_FACE('',(#3005),#3051,.T.);
#3005 = FACE_BOUND('',#3006,.F.);
#3006 = EDGE_LOOP('',(#3007,#3008,#3009,#3018,#3025,#3026,#3035,#3044));
#3007 = ORIENTED_EDGE('',*,*,#609,.F.);
#3008 = ORIENTED_EDGE('',*,*,#2966,.F.);
#3009 = ORIENTED_EDGE('',*,*,#3010,.F.);
#3010 = EDGE_CURVE('',#3011,#2967,#3013,.T.);
#3011 = VERTEX_POINT('',#3012);
#3012 = CARTESIAN_POINT('',(-22.36427150104,-4.3,8.708579690615));
#3013 = ELLIPSE('',#3014,33.941125496954,24.);
#3014 = AXIS2_PLACEMENT_3D('',#3015,#3016,#3017);
#3015 = CARTESIAN_POINT('',(0.,1.8,-8.3E-16));
#3016 = DIRECTION('',(-0.415626937777,0.707106781187,-0.572061402818));
#3017 = DIRECTION('',(0.415626937777,0.707106781187,0.572061402818));
#3018 = ORIENTED_EDGE('',*,*,#3019,.T.);
#3019 = EDGE_CURVE('',#3011,#1453,#3020,.T.);
#3020 = ELLIPSE('',#3021,33.941125496954,24.);
#3021 = AXIS2_PLACEMENT_3D('',#3022,#3023,#3024);
#3022 = CARTESIAN_POINT('',(0.,-10.4,4.54E-15));
#3023 = DIRECTION('',(0.415626937777,0.707106781187,0.572061402818));
#3024 = DIRECTION('',(-0.415626937777,0.707106781187,-0.572061402818));
#3025 = ORIENTED_EDGE('',*,*,#1460,.T.);
#3026 = ORIENTED_EDGE('',*,*,#3027,.T.);
#3027 = EDGE_CURVE('',#1461,#3028,#3030,.T.);
#3028 = VERTEX_POINT('',#3029);
#3029 = CARTESIAN_POINT('',(-23.47372563291,-4.3,4.998420241505));
#3030 = ELLIPSE('',#3031,33.941125496954,24.);
#3031 = AXIS2_PLACEMENT_3D('',#3032,#3033,#3034);
#3032 = CARTESIAN_POINT('',(0.,-6.8,2.96E-15));
#3033 = DIRECTION('',(-0.218508012224,-0.707106781187,-0.672498511964));
#3034 = DIRECTION('',(-0.218508012224,0.707106781187,-0.672498511964));
#3035 = ORIENTED_EDGE('',*,*,#3036,.F.);
#3036 = EDGE_CURVE('',#3037,#3028,#3039,.T.);
#3037 = VERTEX_POINT('',#3038);
#3038 = CARTESIAN_POINT('',(-20.19077793315,4.3,12.974301000599));
#3039 = ELLIPSE('',#3040,33.941125496954,24.);
#3040 = AXIS2_PLACEMENT_3D('',#3041,#3042,#3043);
#3041 = CARTESIAN_POINT('',(0.,-1.8,7.6E-16));
#3042 = DIRECTION('',(0.218508012224,-0.707106781187,0.672498511964));
#3043 = DIRECTION('',(0.218508012224,0.707106781187,0.672498511964));
#3044 = ORIENTED_EDGE('',*,*,#3045,.F.);
#3045 = EDGE_CURVE('',#602,#3037,#3046,.T.);
#3046 = ELLIPSE('',#3047,33.941125496954,24.);
#3047 = AXIS2_PLACEMENT_3D('',#3048,#3049,#3050);
#3048 = CARTESIAN_POINT('',(0.,10.4,-4.61E-15));
#3049 = DIRECTION('',(0.218508012224,0.707106781187,0.672498511964));
#3050 = DIRECTION('',(-0.218508012224,0.707106781187,-0.672498511964));
#3051 = CYLINDRICAL_SURFACE('',#3052,24.);
#3052 = AXIS2_PLACEMENT_3D('',#3053,#3054,#3055);
#3053 = CARTESIAN_POINT('',(0.,8.6,-3.82E-15));
#3054 = DIRECTION('',(0.,1.,-4.4E-16));
#3055 = DIRECTION('',(1.,0.,0.));
#3056 = ADVANCED_FACE('',(#3057),#3076,.T.);
#3057 = FACE_BOUND('',#3058,.T.);
#3058 = EDGE_LOOP('',(#3059,#3060,#3061,#3070));
#3059 = ORIENTED_EDGE('',*,*,#3045,.F.);
#3060 = ORIENTED_EDGE('',*,*,#601,.T.);
#3061 = ORIENTED_EDGE('',*,*,#3062,.T.);
#3062 = EDGE_CURVE('',#593,#3063,#3065,.T.);
#3063 = VERTEX_POINT('',#3064);
#3064 = CARTESIAN_POINT('',(-21.17277267033,4.3,13.293370432306));
#3065 = ELLIPSE('',#3066,35.355339059327,25.);
#3066 = AXIS2_PLACEMENT_3D('',#3067,#3068,#3069);
#3067 = CARTESIAN_POINT('',(0.,10.4,-1.5E-16));
#3068 = DIRECTION('',(0.218508012224,0.707106781187,0.672498511964));
#3069 = DIRECTION('',(-0.218508012224,0.707106781187,-0.672498511964));
#3070 = ORIENTED_EDGE('',*,*,#3071,.F.);
#3071 = EDGE_CURVE('',#3037,#3063,#3072,.T.);
#3072 = LINE('',#3073,#3074);
#3073 = CARTESIAN_POINT('',(-18.08718317651,4.3,12.290801631274));
#3074 = VECTOR('',#3075,1.);
#3075 = DIRECTION('',(-0.951056516295,-3.330669073875E-16,0.309016994375
    ));
#3076 = PLANE('',#3077);
#3077 = AXIS2_PLACEMENT_3D('',#3078,#3079,#3080);
#3078 = CARTESIAN_POINT('',(-19.41595625232,8.6,8.201258611205));
#3079 = DIRECTION('',(0.218508012224,0.707106781187,0.672498511964));
#3080 = DIRECTION('',(0.218508012224,-0.707106781187,0.672498511964));
#3081 = ADVANCED_FACE('',(#3082),#3118,.T.);
#3082 = FACE_BOUND('',#3083,.T.);
#3083 = EDGE_LOOP('',(#3084,#3093,#3101,#3110,#3117));
#3084 = ORIENTED_EDGE('',*,*,#3085,.F.);
#3085 = EDGE_CURVE('',#3086,#567,#3088,.T.);
#3086 = VERTEX_POINT('',#3087);
#3087 = CARTESIAN_POINT('',(-21.92864066103,4.3,9.753702822981));
#3088 = ELLIPSE('',#3089,33.941125496954,24.);
#3089 = AXIS2_PLACEMENT_3D('',#3090,#3091,#3092);
#3090 = CARTESIAN_POINT('',(0.,6.8,-3.03E-15));
#3091 = DIRECTION('',(-0.218508012224,-0.707106781187,-0.672498511964));
#3092 = DIRECTION('',(-0.218508012224,0.707106781187,-0.672498511964));
#3093 = ORIENTED_EDGE('',*,*,#3094,.T.);
#3094 = EDGE_CURVE('',#3086,#3095,#3097,.T.);
#3095 = VERTEX_POINT('',#3096);
#3096 = CARTESIAN_POINT('',(-22.88468965636,4.3,10.064341972126));
#3097 = LINE('',#3098,#3099);
#3098 = CARTESIAN_POINT('',(-19.19964435626,4.3,8.866998172612));
#3099 = VECTOR('',#3100,1.);
#3100 = DIRECTION('',(-0.951056516295,-3.330669073875E-16,0.309016994375
    ));
#3101 = ORIENTED_EDGE('',*,*,#3102,.T.);
#3102 = EDGE_CURVE('',#3095,#3103,#3105,.T.);
#3103 = VERTEX_POINT('',#3104);
#3104 = CARTESIAN_POINT('',(-23.77641290737,6.8,7.725424859374));
#3105 = ELLIPSE('',#3106,35.355339059327,25.);
#3106 = AXIS2_PLACEMENT_3D('',#3107,#3108,#3109);
#3107 = CARTESIAN_POINT('',(0.,6.8,-9.5E-16));
#3108 = DIRECTION('',(-0.218508012224,-0.707106781187,-0.672498511964));
#3109 = DIRECTION('',(-0.218508012224,0.707106781187,-0.672498511964));
#3110 = ORIENTED_EDGE('',*,*,#3111,.T.);
#3111 = EDGE_CURVE('',#3103,#576,#3112,.T.);
#3112 = ELLIPSE('',#3113,35.355339059327,25.);
#3113 = AXIS2_PLACEMENT_3D('',#3114,#3115,#3116);
#3114 = CARTESIAN_POINT('',(0.,6.8,-9.5E-16));
#3115 = DIRECTION('',(-0.218508012224,-0.707106781187,-0.672498511964));
#3116 = DIRECTION('',(-0.218508012224,0.707106781187,-0.672498511964));
#3117 = ORIENTED_EDGE('',*,*,#575,.F.);
#3118 = PLANE('',#3119);
#3119 = AXIS2_PLACEMENT_3D('',#3120,#3121,#3122);
#3120 = CARTESIAN_POINT('',(-19.19964435626,4.3,8.866998172612));
#3121 = DIRECTION('',(-0.218508012224,-0.707106781187,-0.672498511964));
#3122 = DIRECTION('',(-0.218508012224,0.707106781187,-0.672498511964));
#3123 = ADVANCED_FACE('',(#3124),#3170,.T.);
#3124 = FACE_BOUND('',#3125,.F.);
#3125 = EDGE_LOOP('',(#3126,#3127,#3128,#3137,#3144,#3145,#3154,#3163));
#3126 = ORIENTED_EDGE('',*,*,#566,.F.);
#3127 = ORIENTED_EDGE('',*,*,#3085,.F.);
#3128 = ORIENTED_EDGE('',*,*,#3129,.F.);
#3129 = EDGE_CURVE('',#3130,#3086,#3132,.T.);
#3130 = VERTEX_POINT('',#3131);
#3131 = CARTESIAN_POINT('',(-23.96078526452,-4.3,1.371411501798));
#3132 = ELLIPSE('',#3133,33.941125496954,24.);
#3133 = AXIS2_PLACEMENT_3D('',#3134,#3135,#3136);
#3134 = CARTESIAN_POINT('',(0.,1.8,-8.3E-16));
#3135 = DIRECTION('',(-0.218508012224,0.707106781187,-0.672498511964));
#3136 = DIRECTION('',(0.218508012224,0.707106781187,0.672498511964));
#3137 = ORIENTED_EDGE('',*,*,#3138,.T.);
#3138 = EDGE_CURVE('',#3130,#1496,#3139,.T.);
#3139 = ELLIPSE('',#3140,33.941125496954,24.);
#3140 = AXIS2_PLACEMENT_3D('',#3141,#3142,#3143);
#3141 = CARTESIAN_POINT('',(0.,-10.4,4.54E-15));
#3142 = DIRECTION('',(0.218508012224,0.707106781187,0.672498511964));
#3143 = DIRECTION('',(-0.218508012224,0.707106781187,-0.672498511964));
#3144 = ORIENTED_EDGE('',*,*,#1503,.T.);
#3145 = ORIENTED_EDGE('',*,*,#3146,.T.);
#3146 = EDGE_CURVE('',#1504,#3147,#3149,.T.);
#3147 = VERTEX_POINT('',#3148);
#3148 = CARTESIAN_POINT('',(-23.86943652456,-4.3,-2.5));
#3149 = ELLIPSE('',#3150,33.941125496954,24.);
#3150 = AXIS2_PLACEMENT_3D('',#3151,#3152,#3153);
#3151 = CARTESIAN_POINT('',(0.,-6.8,2.96E-15));
#3152 = DIRECTION('',(1.6E-16,-0.707106781187,-0.707106781187));
#3153 = DIRECTION('',(1.6E-16,0.707106781187,-0.707106781187));
#3154 = ORIENTED_EDGE('',*,*,#3155,.F.);
#3155 = EDGE_CURVE('',#3156,#3147,#3158,.T.);
#3156 = VERTEX_POINT('',#3157);
#3157 = CARTESIAN_POINT('',(-23.21185042171,4.3,6.1));
#3158 = ELLIPSE('',#3159,33.941125496954,24.);
#3159 = AXIS2_PLACEMENT_3D('',#3160,#3161,#3162);
#3160 = CARTESIAN_POINT('',(0.,-1.8,7.6E-16));
#3161 = DIRECTION('',(-2.2E-16,-0.707106781187,0.707106781187));
#3162 = DIRECTION('',(-2.2E-16,0.707106781187,0.707106781187));
#3163 = ORIENTED_EDGE('',*,*,#3164,.F.);
#3164 = EDGE_CURVE('',#559,#3156,#3165,.T.);
#3165 = ELLIPSE('',#3166,33.941125496954,24.);
#3166 = AXIS2_PLACEMENT_3D('',#3167,#3168,#3169);
#3167 = CARTESIAN_POINT('',(0.,10.4,-4.61E-15));
#3168 = DIRECTION('',(-1.6E-16,0.707106781187,0.707106781187));
#3169 = DIRECTION('',(1.6E-16,0.707106781187,-0.707106781187));
#3170 = CYLINDRICAL_SURFACE('',#3171,24.);
#3171 = AXIS2_PLACEMENT_3D('',#3172,#3173,#3174);
#3172 = CARTESIAN_POINT('',(0.,8.6,-3.82E-15));
#3173 = DIRECTION('',(0.,1.,-4.4E-16));
#3174 = DIRECTION('',(1.,0.,0.));
#3175 = ADVANCED_FACE('',(#3176),#3195,.T.);
#3176 = FACE_BOUND('',#3177,.T.);
#3177 = EDGE_LOOP('',(#3178,#3179,#3180,#3189));
#3178 = ORIENTED_EDGE('',*,*,#3164,.F.);
#3179 = ORIENTED_EDGE('',*,*,#558,.T.);
#3180 = ORIENTED_EDGE('',*,*,#3181,.T.);
#3181 = EDGE_CURVE('',#550,#3182,#3184,.T.);
#3182 = VERTEX_POINT('',#3183);
#3183 = CARTESIAN_POINT('',(-24.24438079225,4.3,6.1));
#3184 = ELLIPSE('',#3185,35.355339059327,25.);
#3185 = AXIS2_PLACEMENT_3D('',#3186,#3187,#3188);
#3186 = CARTESIAN_POINT('',(0.,10.4,-1.5E-16));
#3187 = DIRECTION('',(-1.6E-16,0.707106781187,0.707106781187));
#3188 = DIRECTION('',(1.6E-16,0.707106781187,-0.707106781187));
#3189 = ORIENTED_EDGE('',*,*,#3190,.F.);
#3190 = EDGE_CURVE('',#3156,#3182,#3191,.T.);
#3191 = LINE('',#3192,#3193);
#3192 = CARTESIAN_POINT('',(-21.,4.3,6.1));
#3193 = VECTOR('',#3194,1.);
#3194 = DIRECTION('',(-1.,2.2E-16,-4.4E-16));
#3195 = PLANE('',#3196);
#3196 = AXIS2_PLACEMENT_3D('',#3197,#3198,#3199);
#3197 = CARTESIAN_POINT('',(-21.,8.6,1.8));
#3198 = DIRECTION('',(-1.6E-16,0.707106781187,0.707106781187));
#3199 = DIRECTION('',(-4.7E-16,-0.707106781187,0.707106781187));
#3200 = ADVANCED_FACE('',(#3201),#3237,.T.);
#3201 = FACE_BOUND('',#3202,.T.);
#3202 = EDGE_LOOP('',(#3203,#3212,#3220,#3229,#3236));
#3203 = ORIENTED_EDGE('',*,*,#3204,.F.);
#3204 = EDGE_CURVE('',#3205,#524,#3207,.T.);
#3205 = VERTEX_POINT('',#3206);
#3206 = CARTESIAN_POINT('',(-23.86943652456,4.3,2.5));
#3207 = ELLIPSE('',#3208,33.941125496954,24.);
#3208 = AXIS2_PLACEMENT_3D('',#3209,#3210,#3211);
#3209 = CARTESIAN_POINT('',(0.,6.8,-3.03E-15));
#3210 = DIRECTION('',(1.6E-16,-0.707106781187,-0.707106781187));
#3211 = DIRECTION('',(1.6E-16,0.707106781187,-0.707106781187));
#3212 = ORIENTED_EDGE('',*,*,#3213,.T.);
#3213 = EDGE_CURVE('',#3205,#3214,#3216,.T.);
#3214 = VERTEX_POINT('',#3215);
#3215 = CARTESIAN_POINT('',(-24.87468592766,4.3,2.5));
#3216 = LINE('',#3217,#3218);
#3217 = CARTESIAN_POINT('',(-21.,4.3,2.5));
#3218 = VECTOR('',#3219,1.);
#3219 = DIRECTION('',(-1.,2.2E-16,-4.4E-16));
#3220 = ORIENTED_EDGE('',*,*,#3221,.T.);
#3221 = EDGE_CURVE('',#3214,#3222,#3224,.T.);
#3222 = VERTEX_POINT('',#3223);
#3223 = CARTESIAN_POINT('',(-25.,6.8,-5.E-15));
#3224 = ELLIPSE('',#3225,35.355339059327,25.);
#3225 = AXIS2_PLACEMENT_3D('',#3226,#3227,#3228);
#3226 = CARTESIAN_POINT('',(0.,6.8,-9.5E-16));
#3227 = DIRECTION('',(1.6E-16,-0.707106781187,-0.707106781187));
#3228 = DIRECTION('',(1.6E-16,0.707106781187,-0.707106781187));
#3229 = ORIENTED_EDGE('',*,*,#3230,.T.);
#3230 = EDGE_CURVE('',#3222,#533,#3231,.T.);
#3231 = ELLIPSE('',#3232,35.355339059327,25.);
#3232 = AXIS2_PLACEMENT_3D('',#3233,#3234,#3235);
#3233 = CARTESIAN_POINT('',(0.,6.8,-9.5E-16));
#3234 = DIRECTION('',(1.6E-16,-0.707106781187,-0.707106781187));
#3235 = DIRECTION('',(1.6E-16,0.707106781187,-0.707106781187));
#3236 = ORIENTED_EDGE('',*,*,#532,.F.);
#3237 = PLANE('',#3238);
#3238 = AXIS2_PLACEMENT_3D('',#3239,#3240,#3241);
#3239 = CARTESIAN_POINT('',(-21.,4.3,2.5));
#3240 = DIRECTION('',(1.6E-16,-0.707106781187,-0.707106781187));
#3241 = DIRECTION('',(4.7E-16,0.707106781187,-0.707106781187));
#3242 = ADVANCED_FACE('',(#3243),#3289,.T.);
#3243 = FACE_BOUND('',#3244,.F.);
#3244 = EDGE_LOOP('',(#3245,#3246,#3247,#3256,#3263,#3264,#3273,#3282));
#3245 = ORIENTED_EDGE('',*,*,#523,.F.);
#3246 = ORIENTED_EDGE('',*,*,#3204,.F.);
#3247 = ORIENTED_EDGE('',*,*,#3248,.F.);
#3248 = EDGE_CURVE('',#3249,#3205,#3251,.T.);
#3249 = VERTEX_POINT('',#3250);
#3250 = CARTESIAN_POINT('',(-23.21185042171,-4.3,-6.1));
#3251 = ELLIPSE('',#3252,33.941125496954,24.);
#3252 = AXIS2_PLACEMENT_3D('',#3253,#3254,#3255);
#3253 = CARTESIAN_POINT('',(0.,1.8,-8.3E-16));
#3254 = DIRECTION('',(1.8E-16,0.707106781187,-0.707106781187));
#3255 = DIRECTION('',(-1.8E-16,0.707106781187,0.707106781187));
#3256 = ORIENTED_EDGE('',*,*,#3257,.T.);
#3257 = EDGE_CURVE('',#3249,#1539,#3258,.T.);
#3258 = ELLIPSE('',#3259,33.941125496954,24.);
#3259 = AXIS2_PLACEMENT_3D('',#3260,#3261,#3262);
#3260 = CARTESIAN_POINT('',(0.,-10.4,4.54E-15));
#3261 = DIRECTION('',(-1.6E-16,0.707106781187,0.707106781187));
#3262 = DIRECTION('',(1.6E-16,0.707106781187,-0.707106781187));
#3263 = ORIENTED_EDGE('',*,*,#1546,.T.);
#3264 = ORIENTED_EDGE('',*,*,#3265,.T.);
#3265 = EDGE_CURVE('',#1547,#3266,#3268,.T.);
#3266 = VERTEX_POINT('',#3267);
#3267 = CARTESIAN_POINT('',(-21.92864066103,-4.3,-9.753702822981));
#3268 = ELLIPSE('',#3269,33.941125496954,24.);
#3269 = AXIS2_PLACEMENT_3D('',#3270,#3271,#3272);
#3270 = CARTESIAN_POINT('',(0.,-6.8,2.96E-15));
#3271 = DIRECTION('',(0.218508012224,-0.707106781187,-0.672498511964));
#3272 = DIRECTION('',(0.218508012224,0.707106781187,-0.672498511964));
#3273 = ORIENTED_EDGE('',*,*,#3274,.F.);
#3274 = EDGE_CURVE('',#3275,#3266,#3277,.T.);
#3275 = VERTEX_POINT('',#3276);
#3276 = CARTESIAN_POINT('',(-23.96078526452,4.3,-1.371411501798));
#3277 = ELLIPSE('',#3278,33.941125496954,24.);
#3278 = AXIS2_PLACEMENT_3D('',#3279,#3280,#3281);
#3279 = CARTESIAN_POINT('',(0.,-1.8,7.6E-16));
#3280 = DIRECTION('',(-0.218508012224,-0.707106781187,0.672498511964));
#3281 = DIRECTION('',(-0.218508012224,0.707106781187,0.672498511964));
#3282 = ORIENTED_EDGE('',*,*,#3283,.F.);
#3283 = EDGE_CURVE('',#516,#3275,#3284,.T.);
#3284 = ELLIPSE('',#3285,33.941125496954,24.);
#3285 = AXIS2_PLACEMENT_3D('',#3286,#3287,#3288);
#3286 = CARTESIAN_POINT('',(0.,10.4,-4.61E-15));
#3287 = DIRECTION('',(-0.218508012224,0.707106781187,0.672498511964));
#3288 = DIRECTION('',(0.218508012224,0.707106781187,-0.672498511964));
#3289 = CYLINDRICAL_SURFACE('',#3290,24.);
#3290 = AXIS2_PLACEMENT_3D('',#3291,#3292,#3293);
#3291 = CARTESIAN_POINT('',(0.,8.6,-3.82E-15));
#3292 = DIRECTION('',(0.,1.,-4.4E-16));
#3293 = DIRECTION('',(1.,0.,0.));
#3294 = ADVANCED_FACE('',(#3295),#3314,.T.);
#3295 = FACE_BOUND('',#3296,.T.);
#3296 = EDGE_LOOP('',(#3297,#3298,#3299,#3308));
#3297 = ORIENTED_EDGE('',*,*,#3283,.F.);
#3298 = ORIENTED_EDGE('',*,*,#515,.T.);
#3299 = ORIENTED_EDGE('',*,*,#3300,.T.);
#3300 = EDGE_CURVE('',#507,#3301,#3303,.T.);
#3301 = VERTEX_POINT('',#3302);
#3302 = CARTESIAN_POINT('',(-24.9427800017,4.3,-1.690480933505));
#3303 = ELLIPSE('',#3304,35.355339059327,25.);
#3304 = AXIS2_PLACEMENT_3D('',#3305,#3306,#3307);
#3305 = CARTESIAN_POINT('',(0.,10.4,-1.5E-16));
#3306 = DIRECTION('',(-0.218508012224,0.707106781187,0.672498511964));
#3307 = DIRECTION('',(0.218508012224,0.707106781187,-0.672498511964));
#3308 = ORIENTED_EDGE('',*,*,#3309,.F.);
#3309 = EDGE_CURVE('',#3275,#3301,#3310,.T.);
#3310 = LINE('',#3311,#3312);
#3311 = CARTESIAN_POINT('',(-21.85719050788,4.3,-0.687912132473));
#3312 = VECTOR('',#3313,1.);
#3313 = DIRECTION('',(-0.951056516295,7.216449660064E-16,-0.309016994375
    ));
#3314 = PLANE('',#3315);
#3315 = AXIS2_PLACEMENT_3D('',#3316,#3317,#3318);
#3316 = CARTESIAN_POINT('',(-20.52841743207,8.6,-4.777455152543));
#3317 = DIRECTION('',(-0.218508012224,0.707106781187,0.672498511964));
#3318 = DIRECTION('',(-0.218508012224,-0.707106781187,0.672498511964));
#3319 = ADVANCED_FACE('',(#3320),#3356,.T.);
#3320 = FACE_BOUND('',#3321,.T.);
#3321 = EDGE_LOOP('',(#3322,#3331,#3339,#3348,#3355));
#3322 = ORIENTED_EDGE('',*,*,#3323,.F.);
#3323 = EDGE_CURVE('',#3324,#481,#3326,.T.);
#3324 = VERTEX_POINT('',#3325);
#3325 = CARTESIAN_POINT('',(-23.47372563291,4.3,-4.998420241505));
#3326 = ELLIPSE('',#3327,33.941125496954,24.);
#3327 = AXIS2_PLACEMENT_3D('',#3328,#3329,#3330);
#3328 = CARTESIAN_POINT('',(0.,6.8,-3.03E-15));
#3329 = DIRECTION('',(0.218508012224,-0.707106781187,-0.672498511964));
#3330 = DIRECTION('',(0.218508012224,0.707106781187,-0.672498511964));
#3331 = ORIENTED_EDGE('',*,*,#3332,.T.);
#3332 = EDGE_CURVE('',#3324,#3333,#3335,.T.);
#3333 = VERTEX_POINT('',#3334);
#3334 = CARTESIAN_POINT('',(-24.42977462823,4.3,-5.30905939065));
#3335 = LINE('',#3336,#3337);
#3336 = CARTESIAN_POINT('',(-20.74472932813,4.3,-4.111715591136));
#3337 = VECTOR('',#3338,1.);
#3338 = DIRECTION('',(-0.951056516295,7.216449660064E-16,-0.309016994375
    ));
#3339 = ORIENTED_EDGE('',*,*,#3340,.T.);
#3340 = EDGE_CURVE('',#3333,#3341,#3343,.T.);
#3341 = VERTEX_POINT('',#3342);
#3342 = CARTESIAN_POINT('',(-23.77641290737,6.8,-7.725424859374));
#3343 = ELLIPSE('',#3344,35.355339059327,25.);
#3344 = AXIS2_PLACEMENT_3D('',#3345,#3346,#3347);
#3345 = CARTESIAN_POINT('',(0.,6.8,-9.5E-16));
#3346 = DIRECTION('',(0.218508012224,-0.707106781187,-0.672498511964));
#3347 = DIRECTION('',(0.218508012224,0.707106781187,-0.672498511964));
#3348 = ORIENTED_EDGE('',*,*,#3349,.T.);
#3349 = EDGE_CURVE('',#3341,#490,#3350,.T.);
#3350 = ELLIPSE('',#3351,35.355339059327,25.);
#3351 = AXIS2_PLACEMENT_3D('',#3352,#3353,#3354);
#3352 = CARTESIAN_POINT('',(0.,6.8,-9.5E-16));
#3353 = DIRECTION('',(0.218508012224,-0.707106781187,-0.672498511964));
#3354 = DIRECTION('',(0.218508012224,0.707106781187,-0.672498511964));
#3355 = ORIENTED_EDGE('',*,*,#489,.F.);
#3356 = PLANE('',#3357);
#3357 = AXIS2_PLACEMENT_3D('',#3358,#3359,#3360);
#3358 = CARTESIAN_POINT('',(-20.74472932813,4.3,-4.111715591136));
#3359 = DIRECTION('',(0.218508012224,-0.707106781187,-0.672498511964));
#3360 = DIRECTION('',(0.218508012224,0.707106781187,-0.672498511964));
#3361 = ADVANCED_FACE('',(#3362),#3408,.T.);
#3362 = FACE_BOUND('',#3363,.F.);
#3363 = EDGE_LOOP('',(#3364,#3365,#3366,#3375,#3382,#3383,#3392,#3401));
#3364 = ORIENTED_EDGE('',*,*,#480,.F.);
#3365 = ORIENTED_EDGE('',*,*,#3323,.F.);
#3366 = ORIENTED_EDGE('',*,*,#3367,.F.);
#3367 = EDGE_CURVE('',#3368,#3324,#3370,.T.);
#3368 = VERTEX_POINT('',#3369);
#3369 = CARTESIAN_POINT('',(-20.19077793315,-4.3,-12.97430100059));
#3370 = ELLIPSE('',#3371,33.941125496954,24.);
#3371 = AXIS2_PLACEMENT_3D('',#3372,#3373,#3374);
#3372 = CARTESIAN_POINT('',(0.,1.8,-8.3E-16));
#3373 = DIRECTION('',(0.218508012224,0.707106781187,-0.672498511964));
#3374 = DIRECTION('',(-0.218508012224,0.707106781187,0.672498511964));
#3375 = ORIENTED_EDGE('',*,*,#3376,.T.);
#3376 = EDGE_CURVE('',#3368,#1582,#3377,.T.);
#3377 = ELLIPSE('',#3378,33.941125496954,24.);
#3378 = AXIS2_PLACEMENT_3D('',#3379,#3380,#3381);
#3379 = CARTESIAN_POINT('',(0.,-10.4,4.54E-15));
#3380 = DIRECTION('',(-0.218508012224,0.707106781187,0.672498511964));
#3381 = DIRECTION('',(0.218508012224,0.707106781187,-0.672498511964));
#3382 = ORIENTED_EDGE('',*,*,#1589,.T.);
#3383 = ORIENTED_EDGE('',*,*,#3384,.T.);
#3384 = EDGE_CURVE('',#1590,#3385,#3387,.T.);
#3385 = VERTEX_POINT('',#3386);
#3386 = CARTESIAN_POINT('',(-17.84131666379,-4.3,-16.0526452556));
#3387 = ELLIPSE('',#3388,33.941125496954,24.);
#3388 = AXIS2_PLACEMENT_3D('',#3389,#3390,#3391);
#3389 = CARTESIAN_POINT('',(0.,-6.8,2.96E-15));
#3390 = DIRECTION('',(0.415626937777,-0.707106781187,-0.572061402818));
#3391 = DIRECTION('',(0.415626937777,0.707106781187,-0.572061402818));
#3392 = ORIENTED_EDGE('',*,*,#3393,.F.);
#3393 = EDGE_CURVE('',#3394,#3385,#3396,.T.);
#3394 = VERTEX_POINT('',#3395);
#3395 = CARTESIAN_POINT('',(-22.36427150104,4.3,-8.708579690615));
#3396 = ELLIPSE('',#3397,33.941125496954,24.);
#3397 = AXIS2_PLACEMENT_3D('',#3398,#3399,#3400);
#3398 = CARTESIAN_POINT('',(0.,-1.8,7.6E-16));
#3399 = DIRECTION('',(-0.415626937777,-0.707106781187,0.572061402818));
#3400 = DIRECTION('',(-0.415626937777,0.707106781187,0.572061402818));
#3401 = ORIENTED_EDGE('',*,*,#3402,.F.);
#3402 = EDGE_CURVE('',#473,#3394,#3403,.T.);
#3403 = ELLIPSE('',#3404,33.941125496954,24.);
#3404 = AXIS2_PLACEMENT_3D('',#3405,#3406,#3407);
#3405 = CARTESIAN_POINT('',(0.,10.4,-4.61E-15));
#3406 = DIRECTION('',(-0.415626937777,0.707106781187,0.572061402818));
#3407 = DIRECTION('',(0.415626937777,0.707106781187,-0.572061402818));
#3408 = CYLINDRICAL_SURFACE('',#3409,24.);
#3409 = AXIS2_PLACEMENT_3D('',#3410,#3411,#3412);
#3410 = CARTESIAN_POINT('',(0.,8.6,-3.82E-15));
#3411 = DIRECTION('',(0.,1.,-4.4E-16));
#3412 = DIRECTION('',(1.,0.,0.));
#3413 = ADVANCED_FACE('',(#3414),#3433,.T.);
#3414 = FACE_BOUND('',#3415,.T.);
#3415 = EDGE_LOOP('',(#3416,#3417,#3418,#3427));
#3416 = ORIENTED_EDGE('',*,*,#3402,.F.);
#3417 = ORIENTED_EDGE('',*,*,#472,.T.);
#3418 = ORIENTED_EDGE('',*,*,#3419,.T.);
#3419 = EDGE_CURVE('',#464,#3420,#3422,.T.);
#3420 = VERTEX_POINT('',#3421);
#3421 = CARTESIAN_POINT('',(-23.19960611801,4.3,-9.315485814965));
#3422 = ELLIPSE('',#3423,35.355339059327,25.);
#3423 = AXIS2_PLACEMENT_3D('',#3424,#3425,#3426);
#3424 = CARTESIAN_POINT('',(0.,10.4,-1.5E-16));
#3425 = DIRECTION('',(-0.415626937777,0.707106781187,0.572061402818));
#3426 = DIRECTION('',(0.415626937777,0.707106781187,-0.572061402818));
#3427 = ORIENTED_EDGE('',*,*,#3428,.F.);
#3428 = EDGE_CURVE('',#3394,#3420,#3429,.T.);
#3429 = LINE('',#3430,#3431);
#3430 = CARTESIAN_POINT('',(-20.57484692085,4.3,-7.408486632455));
#3431 = VECTOR('',#3432,1.);
#3432 = DIRECTION('',(-0.809016994375,3.330669073875E-16,-0.587785252292
    ));
#3433 = PLANE('',#3434);
#3434 = AXIS2_PLACEMENT_3D('',#3435,#3436,#3437);
#3435 = CARTESIAN_POINT('',(-18.047370336,8.6,-10.88725970826));
#3436 = DIRECTION('',(-0.415626937777,0.707106781187,0.572061402818));
#3437 = DIRECTION('',(-0.415626937777,-0.707106781187,0.572061402818));
#3438 = ADVANCED_FACE('',(#3439),#3475,.T.);
#3439 = FACE_BOUND('',#3440,.T.);
#3440 = EDGE_LOOP('',(#3441,#3450,#3458,#3467,#3474));
#3441 = ORIENTED_EDGE('',*,*,#3442,.F.);
#3442 = EDGE_CURVE('',#3443,#438,#3445,.T.);
#3443 = VERTEX_POINT('',#3444);
#3444 = CARTESIAN_POINT('',(-20.78024292525,4.3,-12.00756028373));
#3445 = ELLIPSE('',#3446,33.941125496954,24.);
#3446 = AXIS2_PLACEMENT_3D('',#3447,#3448,#3449);
#3447 = CARTESIAN_POINT('',(0.,6.8,-3.03E-15));
#3448 = DIRECTION('',(0.415626937777,-0.707106781187,-0.572061402818));
#3449 = DIRECTION('',(0.415626937777,0.707106781187,-0.572061402818));
#3450 = ORIENTED_EDGE('',*,*,#3451,.T.);
#3451 = EDGE_CURVE('',#3443,#3452,#3454,.T.);
#3452 = VERTEX_POINT('',#3453);
#3453 = CARTESIAN_POINT('',(-21.59350677595,4.3,-12.59843105775));
#3454 = LINE('',#3455,#3456);
#3455 = CARTESIAN_POINT('',(-18.4588200126,4.3,-10.3209478122));
#3456 = VECTOR('',#3457,1.);
#3457 = DIRECTION('',(-0.809016994375,3.330669073875E-16,-0.587785252292
    ));
#3458 = ORIENTED_EDGE('',*,*,#3459,.T.);
#3459 = EDGE_CURVE('',#3452,#3460,#3462,.T.);
#3460 = VERTEX_POINT('',#3461);
#3461 = CARTESIAN_POINT('',(-20.22542485937,6.8,-14.69463130731));
#3462 = ELLIPSE('',#3463,35.355339059327,25.);
#3463 = AXIS2_PLACEMENT_3D('',#3464,#3465,#3466);
#3464 = CARTESIAN_POINT('',(0.,6.8,-9.5E-16));
#3465 = DIRECTION('',(0.415626937777,-0.707106781187,-0.572061402818));
#3466 = DIRECTION('',(0.415626937777,0.707106781187,-0.572061402818));
#3467 = ORIENTED_EDGE('',*,*,#3468,.T.);
#3468 = EDGE_CURVE('',#3460,#447,#3469,.T.);
#3469 = ELLIPSE('',#3470,35.355339059327,25.);
#3470 = AXIS2_PLACEMENT_3D('',#3471,#3472,#3473);
#3471 = CARTESIAN_POINT('',(0.,6.8,-9.5E-16));
#3472 = DIRECTION('',(0.415626937777,-0.707106781187,-0.572061402818));
#3473 = DIRECTION('',(0.415626937777,0.707106781187,-0.572061402818));
#3474 = ORIENTED_EDGE('',*,*,#446,.F.);
#3475 = PLANE('',#3476);
#3476 = AXIS2_PLACEMENT_3D('',#3477,#3478,#3479);
#3477 = CARTESIAN_POINT('',(-18.4588200126,4.3,-10.3209478122));
#3478 = DIRECTION('',(0.415626937777,-0.707106781187,-0.572061402818));
#3479 = DIRECTION('',(0.415626937777,0.707106781187,-0.572061402818));
#3480 = ADVANCED_FACE('',(#3481),#3527,.T.);
#3481 = FACE_BOUND('',#3482,.F.);
#3482 = EDGE_LOOP('',(#3483,#3484,#3485,#3494,#3501,#3502,#3511,#3520));
#3483 = ORIENTED_EDGE('',*,*,#437,.F.);
#3484 = ORIENTED_EDGE('',*,*,#3442,.F.);
#3485 = ORIENTED_EDGE('',*,*,#3486,.F.);
#3486 = EDGE_CURVE('',#3487,#3443,#3489,.T.);
#3487 = VERTEX_POINT('',#3488);
#3488 = CARTESIAN_POINT('',(-15.19329142307,-4.3,-18.57858702198));
#3489 = ELLIPSE('',#3490,33.941125496954,24.);
#3490 = AXIS2_PLACEMENT_3D('',#3491,#3492,#3493);
#3491 = CARTESIAN_POINT('',(0.,1.8,-8.3E-16));
#3492 = DIRECTION('',(0.415626937777,0.707106781187,-0.572061402818));
#3493 = DIRECTION('',(-0.415626937777,0.707106781187,0.572061402818));
#3494 = ORIENTED_EDGE('',*,*,#3495,.T.);
#3495 = EDGE_CURVE('',#3487,#1625,#3496,.T.);
#3496 = ELLIPSE('',#3497,33.941125496954,24.);
#3497 = AXIS2_PLACEMENT_3D('',#3498,#3499,#3500);
#3498 = CARTESIAN_POINT('',(0.,-10.4,4.54E-15));
#3499 = DIRECTION('',(-0.415626937777,0.707106781187,0.572061402818));
#3500 = DIRECTION('',(0.415626937777,0.707106781187,-0.572061402818));
#3501 = ORIENTED_EDGE('',*,*,#1632,.T.);
#3502 = ORIENTED_EDGE('',*,*,#3503,.T.);
#3503 = EDGE_CURVE('',#1633,#3504,#3506,.T.);
#3504 = VERTEX_POINT('',#3505);
#3505 = CARTESIAN_POINT('',(-12.00756028373,-4.3,-20.78024292525));
#3506 = ELLIPSE('',#3507,33.941125496954,24.);
#3507 = AXIS2_PLACEMENT_3D('',#3508,#3509,#3510);
#3508 = CARTESIAN_POINT('',(0.,-6.8,2.96E-15));
#3509 = DIRECTION('',(0.572061402818,-0.707106781187,-0.415626937777));
#3510 = DIRECTION('',(0.572061402818,0.707106781187,-0.415626937777));
#3511 = ORIENTED_EDGE('',*,*,#3512,.F.);
#3512 = EDGE_CURVE('',#3513,#3504,#3515,.T.);
#3513 = VERTEX_POINT('',#3514);
#3514 = CARTESIAN_POINT('',(-18.57858702198,4.3,-15.19329142307));
#3515 = ELLIPSE('',#3516,33.941125496954,24.);
#3516 = AXIS2_PLACEMENT_3D('',#3517,#3518,#3519);
#3517 = CARTESIAN_POINT('',(0.,-1.8,7.6E-16));
#3518 = DIRECTION('',(-0.572061402818,-0.707106781187,0.415626937777));
#3519 = DIRECTION('',(-0.572061402818,0.707106781187,0.415626937777));
#3520 = ORIENTED_EDGE('',*,*,#3521,.F.);
#3521 = EDGE_CURVE('',#430,#3513,#3522,.T.);
#3522 = ELLIPSE('',#3523,33.941125496954,24.);
#3523 = AXIS2_PLACEMENT_3D('',#3524,#3525,#3526);
#3524 = CARTESIAN_POINT('',(0.,10.4,-4.61E-15));
#3525 = DIRECTION('',(-0.572061402818,0.707106781187,0.415626937777));
#3526 = DIRECTION('',(0.572061402818,0.707106781187,-0.415626937777));
#3527 = CYLINDRICAL_SURFACE('',#3528,24.);
#3528 = AXIS2_PLACEMENT_3D('',#3529,#3530,#3531);
#3529 = CARTESIAN_POINT('',(0.,8.6,-3.82E-15));
#3530 = DIRECTION('',(0.,1.,-4.4E-16));
#3531 = DIRECTION('',(1.,0.,0.));
#3532 = ADVANCED_FACE('',(#3533),#3552,.T.);
#3533 = FACE_BOUND('',#3534,.T.);
#3534 = EDGE_LOOP('',(#3535,#3536,#3537,#3546));
#3535 = ORIENTED_EDGE('',*,*,#3521,.F.);
#3536 = ORIENTED_EDGE('',*,*,#429,.T.);
#3537 = ORIENTED_EDGE('',*,*,#3538,.T.);
#3538 = EDGE_CURVE('',#421,#3539,#3541,.T.);
#3539 = VERTEX_POINT('',#3540);
#3540 = CARTESIAN_POINT('',(-19.18549314633,4.3,-16.02862604005));
#3541 = ELLIPSE('',#3542,35.355339059327,25.);
#3542 = AXIS2_PLACEMENT_3D('',#3543,#3544,#3545);
#3543 = CARTESIAN_POINT('',(0.,10.4,-1.5E-16));
#3544 = DIRECTION('',(-0.572061402818,0.707106781187,0.415626937777));
#3545 = DIRECTION('',(0.572061402818,0.707106781187,-0.415626937777));
#3546 = ORIENTED_EDGE('',*,*,#3547,.F.);
#3547 = EDGE_CURVE('',#3513,#3539,#3548,.T.);
#3548 = LINE('',#3549,#3550);
#3549 = CARTESIAN_POINT('',(-17.27849396382,4.3,-13.40386684289));
#3550 = VECTOR('',#3551,1.);
#3551 = DIRECTION('',(-0.587785252292,-1.549081361062E-16,
    -0.809016994375));
#3552 = PLANE('',#3553);
#3553 = AXIS2_PLACEMENT_3D('',#3554,#3555,#3556);
#3554 = CARTESIAN_POINT('',(-13.79972088801,8.6,-15.93134342774));
#3555 = DIRECTION('',(-0.572061402818,0.707106781187,0.415626937777));
#3556 = DIRECTION('',(-0.572061402818,-0.707106781187,0.415626937777));
#3557 = ADVANCED_FACE('',(#3558),#3594,.T.);
#3558 = FACE_BOUND('',#3559,.T.);
#3559 = EDGE_LOOP('',(#3560,#3569,#3577,#3586,#3593));
#3560 = ORIENTED_EDGE('',*,*,#3561,.F.);
#3561 = EDGE_CURVE('',#3562,#395,#3564,.T.);
#3562 = VERTEX_POINT('',#3563);
#3563 = CARTESIAN_POINT('',(-16.0526452556,4.3,-17.84131666379));
#3564 = ELLIPSE('',#3565,33.941125496954,24.);
#3565 = AXIS2_PLACEMENT_3D('',#3566,#3567,#3568);
#3566 = CARTESIAN_POINT('',(0.,6.8,-3.03E-15));
#3567 = DIRECTION('',(0.572061402818,-0.707106781187,-0.415626937777));
#3568 = DIRECTION('',(0.572061402818,0.707106781187,-0.415626937777));
#3569 = ORIENTED_EDGE('',*,*,#3570,.T.);
#3570 = EDGE_CURVE('',#3562,#3571,#3573,.T.);
#3571 = VERTEX_POINT('',#3572);
#3572 = CARTESIAN_POINT('',(-16.64351602962,4.3,-18.65458051449));
#3573 = LINE('',#3574,#3575);
#3574 = CARTESIAN_POINT('',(-14.36603278407,4.3,-15.51989375114));
#3575 = VECTOR('',#3576,1.);
#3576 = DIRECTION('',(-0.587785252292,-1.549081361062E-16,
    -0.809016994375));
#3577 = ORIENTED_EDGE('',*,*,#3578,.T.);
#3578 = EDGE_CURVE('',#3571,#3579,#3581,.T.);
#3579 = VERTEX_POINT('',#3580);
#3580 = CARTESIAN_POINT('',(-14.69463130731,6.8,-20.22542485937));
#3581 = ELLIPSE('',#3582,35.355339059327,25.);
#3582 = AXIS2_PLACEMENT_3D('',#3583,#3584,#3585);
#3583 = CARTESIAN_POINT('',(0.,6.8,-9.5E-16));
#3584 = DIRECTION('',(0.572061402818,-0.707106781187,-0.415626937777));
#3585 = DIRECTION('',(0.572061402818,0.707106781187,-0.415626937777));
#3586 = ORIENTED_EDGE('',*,*,#3587,.T.);
#3587 = EDGE_CURVE('',#3579,#404,#3588,.T.);
#3588 = ELLIPSE('',#3589,35.355339059327,25.);
#3589 = AXIS2_PLACEMENT_3D('',#3590,#3591,#3592);
#3590 = CARTESIAN_POINT('',(0.,6.8,-9.5E-16));
#3591 = DIRECTION('',(0.572061402818,-0.707106781187,-0.415626937777));
#3592 = DIRECTION('',(0.572061402818,0.707106781187,-0.415626937777));
#3593 = ORIENTED_EDGE('',*,*,#403,.F.);
#3594 = PLANE('',#3595);
#3595 = AXIS2_PLACEMENT_3D('',#3596,#3597,#3598);
#3596 = CARTESIAN_POINT('',(-14.36603278407,4.3,-15.51989375114));
#3597 = DIRECTION('',(0.572061402818,-0.707106781187,-0.415626937777));
#3598 = DIRECTION('',(0.572061402818,0.707106781187,-0.415626937777));
#3599 = ADVANCED_FACE('',(#3600),#3646,.T.);
#3600 = FACE_BOUND('',#3601,.F.);
#3601 = EDGE_LOOP('',(#3602,#3603,#3604,#3613,#3620,#3621,#3630,#3639));
#3602 = ORIENTED_EDGE('',*,*,#394,.F.);
#3603 = ORIENTED_EDGE('',*,*,#3561,.F.);
#3604 = ORIENTED_EDGE('',*,*,#3605,.F.);
#3605 = EDGE_CURVE('',#3606,#3562,#3608,.T.);
#3606 = VERTEX_POINT('',#3607);
#3607 = CARTESIAN_POINT('',(-8.708579690615,-4.3,-22.36427150104));
#3608 = ELLIPSE('',#3609,33.941125496954,24.);
#3609 = AXIS2_PLACEMENT_3D('',#3610,#3611,#3612);
#3610 = CARTESIAN_POINT('',(0.,1.8,-8.3E-16));
#3611 = DIRECTION('',(0.572061402818,0.707106781187,-0.415626937777));
#3612 = DIRECTION('',(-0.572061402818,0.707106781187,0.415626937777));
#3613 = ORIENTED_EDGE('',*,*,#3614,.T.);
#3614 = EDGE_CURVE('',#3606,#1668,#3615,.T.);
#3615 = ELLIPSE('',#3616,33.941125496954,24.);
#3616 = AXIS2_PLACEMENT_3D('',#3617,#3618,#3619);
#3617 = CARTESIAN_POINT('',(0.,-10.4,4.54E-15));
#3618 = DIRECTION('',(-0.572061402818,0.707106781187,0.415626937777));
#3619 = DIRECTION('',(0.572061402818,0.707106781187,-0.415626937777));
#3620 = ORIENTED_EDGE('',*,*,#1675,.T.);
#3621 = ORIENTED_EDGE('',*,*,#3622,.T.);
#3622 = EDGE_CURVE('',#1676,#3623,#3625,.T.);
#3623 = VERTEX_POINT('',#3624);
#3624 = CARTESIAN_POINT('',(-4.998420241505,-4.3,-23.47372563291));
#3625 = ELLIPSE('',#3626,33.941125496954,24.);
#3626 = AXIS2_PLACEMENT_3D('',#3627,#3628,#3629);
#3627 = CARTESIAN_POINT('',(0.,-6.8,2.96E-15));
#3628 = DIRECTION('',(0.672498511964,-0.707106781187,-0.218508012224));
#3629 = DIRECTION('',(0.672498511964,0.707106781187,-0.218508012224));
#3630 = ORIENTED_EDGE('',*,*,#3631,.F.);
#3631 = EDGE_CURVE('',#3632,#3623,#3634,.T.);
#3632 = VERTEX_POINT('',#3633);
#3633 = CARTESIAN_POINT('',(-12.97430100059,4.3,-20.19077793315));
#3634 = ELLIPSE('',#3635,33.941125496954,24.);
#3635 = AXIS2_PLACEMENT_3D('',#3636,#3637,#3638);
#3636 = CARTESIAN_POINT('',(0.,-1.8,7.6E-16));
#3637 = DIRECTION('',(-0.672498511964,-0.707106781187,0.218508012224));
#3638 = DIRECTION('',(-0.672498511964,0.707106781187,0.218508012224));
#3639 = ORIENTED_EDGE('',*,*,#3640,.F.);
#3640 = EDGE_CURVE('',#387,#3632,#3641,.T.);
#3641 = ELLIPSE('',#3642,33.941125496954,24.);
#3642 = AXIS2_PLACEMENT_3D('',#3643,#3644,#3645);
#3643 = CARTESIAN_POINT('',(0.,10.4,-4.61E-15));
#3644 = DIRECTION('',(-0.672498511964,0.707106781187,0.218508012224));
#3645 = DIRECTION('',(0.672498511964,0.707106781187,-0.218508012224));
#3646 = CYLINDRICAL_SURFACE('',#3647,24.);
#3647 = AXIS2_PLACEMENT_3D('',#3648,#3649,#3650);
#3648 = CARTESIAN_POINT('',(0.,8.6,-3.82E-15));
#3649 = DIRECTION('',(0.,1.,-4.4E-16));
#3650 = DIRECTION('',(1.,0.,0.));
#3651 = ADVANCED_FACE('',(#3652),#3671,.T.);
#3652 = FACE_BOUND('',#3653,.T.);
#3653 = EDGE_LOOP('',(#3654,#3655,#3656,#3665));
#3654 = ORIENTED_EDGE('',*,*,#3640,.F.);
#3655 = ORIENTED_EDGE('',*,*,#386,.T.);
#3656 = ORIENTED_EDGE('',*,*,#3657,.T.);
#3657 = EDGE_CURVE('',#378,#3658,#3660,.T.);
#3658 = VERTEX_POINT('',#3659);
#3659 = CARTESIAN_POINT('',(-13.2933704323,4.3,-21.17277267033));
#3660 = ELLIPSE('',#3661,35.355339059327,25.);
#3661 = AXIS2_PLACEMENT_3D('',#3662,#3663,#3664);
#3662 = CARTESIAN_POINT('',(0.,10.4,-1.5E-16));
#3663 = DIRECTION('',(-0.672498511964,0.707106781187,0.218508012224));
#3664 = DIRECTION('',(0.672498511964,0.707106781187,-0.218508012224));
#3665 = ORIENTED_EDGE('',*,*,#3666,.F.);
#3666 = EDGE_CURVE('',#3632,#3658,#3667,.T.);
#3667 = LINE('',#3668,#3669);
#3668 = CARTESIAN_POINT('',(-12.29080163127,4.3,-18.08718317651));
#3669 = VECTOR('',#3670,1.);
#3670 = DIRECTION('',(-0.309016994375,-5.714415897999E-16,
    -0.951056516295));
#3671 = PLANE('',#3672);
#3672 = AXIS2_PLACEMENT_3D('',#3673,#3674,#3675);
#3673 = CARTESIAN_POINT('',(-8.201258611205,8.6,-19.41595625232));
#3674 = DIRECTION('',(-0.672498511964,0.707106781187,0.218508012224));
#3675 = DIRECTION('',(-0.672498511964,-0.707106781187,0.218508012224));
#3676 = ADVANCED_FACE('',(#3677),#3713,.T.);
#3677 = FACE_BOUND('',#3678,.T.);
#3678 = EDGE_LOOP('',(#3679,#3688,#3696,#3705,#3712));
#3679 = ORIENTED_EDGE('',*,*,#3680,.F.);
#3680 = EDGE_CURVE('',#3681,#352,#3683,.T.);
#3681 = VERTEX_POINT('',#3682);
#3682 = CARTESIAN_POINT('',(-9.753702822981,4.3,-21.92864066103));
#3683 = ELLIPSE('',#3684,33.941125496954,24.);
#3684 = AXIS2_PLACEMENT_3D('',#3685,#3686,#3687);
#3685 = CARTESIAN_POINT('',(0.,6.8,-3.03E-15));
#3686 = DIRECTION('',(0.672498511964,-0.707106781187,-0.218508012224));
#3687 = DIRECTION('',(0.672498511964,0.707106781187,-0.218508012224));
#3688 = ORIENTED_EDGE('',*,*,#3689,.T.);
#3689 = EDGE_CURVE('',#3681,#3690,#3692,.T.);
#3690 = VERTEX_POINT('',#3691);
#3691 = CARTESIAN_POINT('',(-10.06434197212,4.3,-22.88468965636));
#3692 = LINE('',#3693,#3694);
#3693 = CARTESIAN_POINT('',(-8.866998172612,4.3,-19.19964435626));
#3694 = VECTOR('',#3695,1.);
#3695 = DIRECTION('',(-0.309016994375,-5.714415897999E-16,
    -0.951056516295));
#3696 = ORIENTED_EDGE('',*,*,#3697,.T.);
#3697 = EDGE_CURVE('',#3690,#3698,#3700,.T.);
#3698 = VERTEX_POINT('',#3699);
#3699 = CARTESIAN_POINT('',(-7.725424859374,6.8,-23.77641290737));
#3700 = ELLIPSE('',#3701,35.355339059327,25.);
#3701 = AXIS2_PLACEMENT_3D('',#3702,#3703,#3704);
#3702 = CARTESIAN_POINT('',(0.,6.8,-9.5E-16));
#3703 = DIRECTION('',(0.672498511964,-0.707106781187,-0.218508012224));
#3704 = DIRECTION('',(0.672498511964,0.707106781187,-0.218508012224));
#3705 = ORIENTED_EDGE('',*,*,#3706,.T.);
#3706 = EDGE_CURVE('',#3698,#361,#3707,.T.);
#3707 = ELLIPSE('',#3708,35.355339059327,25.);
#3708 = AXIS2_PLACEMENT_3D('',#3709,#3710,#3711);
#3709 = CARTESIAN_POINT('',(0.,6.8,-9.5E-16));
#3710 = DIRECTION('',(0.672498511964,-0.707106781187,-0.218508012224));
#3711 = DIRECTION('',(0.672498511964,0.707106781187,-0.218508012224));
#3712 = ORIENTED_EDGE('',*,*,#360,.F.);
#3713 = PLANE('',#3714);
#3714 = AXIS2_PLACEMENT_3D('',#3715,#3716,#3717);
#3715 = CARTESIAN_POINT('',(-8.866998172612,4.3,-19.19964435626));
#3716 = DIRECTION('',(0.672498511964,-0.707106781187,-0.218508012224));
#3717 = DIRECTION('',(0.672498511964,0.707106781187,-0.218508012224));
#3718 = ADVANCED_FACE('',(#3719),#3765,.T.);
#3719 = FACE_BOUND('',#3720,.F.);
#3720 = EDGE_LOOP('',(#3721,#3722,#3723,#3732,#3739,#3740,#3749,#3758));
#3721 = ORIENTED_EDGE('',*,*,#351,.F.);
#3722 = ORIENTED_EDGE('',*,*,#3680,.F.);
#3723 = ORIENTED_EDGE('',*,*,#3724,.F.);
#3724 = EDGE_CURVE('',#3725,#3681,#3727,.T.);
#3725 = VERTEX_POINT('',#3726);
#3726 = CARTESIAN_POINT('',(-1.371411501798,-4.3,-23.96078526452));
#3727 = ELLIPSE('',#3728,33.941125496954,24.);
#3728 = AXIS2_PLACEMENT_3D('',#3729,#3730,#3731);
#3729 = CARTESIAN_POINT('',(0.,1.8,-8.3E-16));
#3730 = DIRECTION('',(0.672498511964,0.707106781187,-0.218508012224));
#3731 = DIRECTION('',(-0.672498511964,0.707106781187,0.218508012224));
#3732 = ORIENTED_EDGE('',*,*,#3733,.T.);
#3733 = EDGE_CURVE('',#3725,#1711,#3734,.T.);
#3734 = ELLIPSE('',#3735,33.941125496954,24.);
#3735 = AXIS2_PLACEMENT_3D('',#3736,#3737,#3738);
#3736 = CARTESIAN_POINT('',(0.,-10.4,4.54E-15));
#3737 = DIRECTION('',(-0.672498511964,0.707106781187,0.218508012224));
#3738 = DIRECTION('',(0.672498511964,0.707106781187,-0.218508012224));
#3739 = ORIENTED_EDGE('',*,*,#1718,.T.);
#3740 = ORIENTED_EDGE('',*,*,#3741,.T.);
#3741 = EDGE_CURVE('',#1719,#3742,#3744,.T.);
#3742 = VERTEX_POINT('',#3743);
#3743 = CARTESIAN_POINT('',(2.5,-4.3,-23.86943652456));
#3744 = ELLIPSE('',#3745,33.941125496954,24.);
#3745 = AXIS2_PLACEMENT_3D('',#3746,#3747,#3748);
#3746 = CARTESIAN_POINT('',(0.,-6.8,2.96E-15));
#3747 = DIRECTION('',(0.707106781187,-0.707106781187,2.4E-16));
#3748 = DIRECTION('',(0.707106781187,0.707106781187,-3.8E-16));
#3749 = ORIENTED_EDGE('',*,*,#3750,.F.);
#3750 = EDGE_CURVE('',#3751,#3742,#3753,.T.);
#3751 = VERTEX_POINT('',#3752);
#3752 = CARTESIAN_POINT('',(-6.1,4.3,-23.21185042171));
#3753 = ELLIPSE('',#3754,33.941125496954,24.);
#3754 = AXIS2_PLACEMENT_3D('',#3755,#3756,#3757);
#3755 = CARTESIAN_POINT('',(0.,-1.8,7.6E-16));
#3756 = DIRECTION('',(-0.707106781187,-0.707106781187,1.E-17));
#3757 = DIRECTION('',(-0.707106781187,0.707106781187,-6.2E-16));
#3758 = ORIENTED_EDGE('',*,*,#3759,.F.);
#3759 = EDGE_CURVE('',#344,#3751,#3760,.T.);
#3760 = ELLIPSE('',#3761,33.941125496954,24.);
#3761 = AXIS2_PLACEMENT_3D('',#3762,#3763,#3764);
#3762 = CARTESIAN_POINT('',(0.,10.4,-4.61E-15));
#3763 = DIRECTION('',(-0.707106781187,0.707106781187,-2.4E-16));
#3764 = DIRECTION('',(0.707106781187,0.707106781187,-3.8E-16));
#3765 = CYLINDRICAL_SURFACE('',#3766,24.);
#3766 = AXIS2_PLACEMENT_3D('',#3767,#3768,#3769);
#3767 = CARTESIAN_POINT('',(0.,8.6,-3.82E-15));
#3768 = DIRECTION('',(0.,1.,-4.4E-16));
#3769 = DIRECTION('',(1.,0.,0.));
#3770 = ADVANCED_FACE('',(#3771),#3790,.T.);
#3771 = FACE_BOUND('',#3772,.T.);
#3772 = EDGE_LOOP('',(#3773,#3774,#3775,#3784));
#3773 = ORIENTED_EDGE('',*,*,#3759,.F.);
#3774 = ORIENTED_EDGE('',*,*,#343,.T.);
#3775 = ORIENTED_EDGE('',*,*,#3776,.T.);
#3776 = EDGE_CURVE('',#335,#3777,#3779,.T.);
#3777 = VERTEX_POINT('',#3778);
#3778 = CARTESIAN_POINT('',(-6.1,4.3,-24.24438079225));
#3779 = ELLIPSE('',#3780,35.355339059327,25.);
#3780 = AXIS2_PLACEMENT_3D('',#3781,#3782,#3783);
#3781 = CARTESIAN_POINT('',(0.,10.4,-1.5E-16));
#3782 = DIRECTION('',(-0.707106781187,0.707106781187,-2.4E-16));
#3783 = DIRECTION('',(0.707106781187,0.707106781187,5.6E-16));
#3784 = ORIENTED_EDGE('',*,*,#3785,.F.);
#3785 = EDGE_CURVE('',#3751,#3777,#3786,.T.);
#3786 = LINE('',#3787,#3788);
#3787 = CARTESIAN_POINT('',(-6.1,4.3,-21.));
#3788 = VECTOR('',#3789,1.);
#3789 = DIRECTION('',(-1.E-16,-5.6E-16,-1.));
#3790 = PLANE('',#3791);
#3791 = AXIS2_PLACEMENT_3D('',#3792,#3793,#3794);
#3792 = CARTESIAN_POINT('',(-1.8,8.6,-21.));
#3793 = DIRECTION('',(-0.707106781187,0.707106781187,-3.271067811865E-16
    ));
#3794 = DIRECTION('',(-0.707106781187,-0.707106781187,4.671067811865E-16
    ));
#3795 = ADVANCED_FACE('',(#3796),#3832,.T.);
#3796 = FACE_BOUND('',#3797,.T.);
#3797 = EDGE_LOOP('',(#3798,#3807,#3815,#3824,#3831));
#3798 = ORIENTED_EDGE('',*,*,#3799,.F.);
#3799 = EDGE_CURVE('',#3800,#309,#3802,.T.);
#3800 = VERTEX_POINT('',#3801);
#3801 = CARTESIAN_POINT('',(-2.5,4.3,-23.86943652456));
#3802 = ELLIPSE('',#3803,33.941125496954,24.);
#3803 = AXIS2_PLACEMENT_3D('',#3804,#3805,#3806);
#3804 = CARTESIAN_POINT('',(0.,6.8,-3.03E-15));
#3805 = DIRECTION('',(0.707106781187,-0.707106781187,2.4E-16));
#3806 = DIRECTION('',(0.707106781187,0.707106781187,-3.8E-16));
#3807 = ORIENTED_EDGE('',*,*,#3808,.T.);
#3808 = EDGE_CURVE('',#3800,#3809,#3811,.T.);
#3809 = VERTEX_POINT('',#3810);
#3810 = CARTESIAN_POINT('',(-2.5,4.3,-24.87468592766));
#3811 = LINE('',#3812,#3813);
#3812 = CARTESIAN_POINT('',(-2.5,4.3,-21.));
#3813 = VECTOR('',#3814,1.);
#3814 = DIRECTION('',(-1.E-16,-5.6E-16,-1.));
#3815 = ORIENTED_EDGE('',*,*,#3816,.T.);
#3816 = EDGE_CURVE('',#3809,#3817,#3819,.T.);
#3817 = VERTEX_POINT('',#3818);
#3818 = CARTESIAN_POINT('',(-8.E-15,6.8,-25.));
#3819 = ELLIPSE('',#3820,35.355339059327,25.);
#3820 = AXIS2_PLACEMENT_3D('',#3821,#3822,#3823);
#3821 = CARTESIAN_POINT('',(0.,6.8,-9.5E-16));
#3822 = DIRECTION('',(0.707106781187,-0.707106781187,2.4E-16));
#3823 = DIRECTION('',(0.707106781187,0.707106781187,5.6E-16));
#3824 = ORIENTED_EDGE('',*,*,#3825,.T.);
#3825 = EDGE_CURVE('',#3817,#318,#3826,.T.);
#3826 = ELLIPSE('',#3827,35.355339059327,25.);
#3827 = AXIS2_PLACEMENT_3D('',#3828,#3829,#3830);
#3828 = CARTESIAN_POINT('',(0.,6.8,-9.5E-16));
#3829 = DIRECTION('',(0.707106781187,-0.707106781187,2.4E-16));
#3830 = DIRECTION('',(0.707106781187,0.707106781187,5.6E-16));
#3831 = ORIENTED_EDGE('',*,*,#317,.F.);
#3832 = PLANE('',#3833);
#3833 = AXIS2_PLACEMENT_3D('',#3834,#3835,#3836);
#3834 = CARTESIAN_POINT('',(-2.5,4.3,-21.));
#3835 = DIRECTION('',(0.707106781187,-0.707106781187,3.271067811865E-16)
  );
#3836 = DIRECTION('',(0.707106781187,0.707106781187,-4.671067811865E-16)
  );
#3837 = ADVANCED_FACE('',(#3838),#3884,.T.);
#3838 = FACE_BOUND('',#3839,.F.);
#3839 = EDGE_LOOP('',(#3840,#3841,#3842,#3851,#3858,#3859,#3868,#3877));
#3840 = ORIENTED_EDGE('',*,*,#308,.F.);
#3841 = ORIENTED_EDGE('',*,*,#3799,.F.);
#3842 = ORIENTED_EDGE('',*,*,#3843,.F.);
#3843 = EDGE_CURVE('',#3844,#3800,#3846,.T.);
#3844 = VERTEX_POINT('',#3845);
#3845 = CARTESIAN_POINT('',(6.1,-4.3,-23.21185042171));
#3846 = ELLIPSE('',#3847,33.941125496954,24.);
#3847 = AXIS2_PLACEMENT_3D('',#3848,#3849,#3850);
#3848 = CARTESIAN_POINT('',(0.,1.8,-8.3E-16));
#3849 = DIRECTION('',(0.707106781187,0.707106781187,-5.E-17));
#3850 = DIRECTION('',(-0.707106781187,0.707106781187,-5.7E-16));
#3851 = ORIENTED_EDGE('',*,*,#3852,.T.);
#3852 = EDGE_CURVE('',#3844,#1754,#3853,.T.);
#3853 = ELLIPSE('',#3854,33.941125496954,24.);
#3854 = AXIS2_PLACEMENT_3D('',#3855,#3856,#3857);
#3855 = CARTESIAN_POINT('',(0.,-10.4,4.54E-15));
#3856 = DIRECTION('',(-0.707106781187,0.707106781187,-2.4E-16));
#3857 = DIRECTION('',(0.707106781187,0.707106781187,-3.8E-16));
#3858 = ORIENTED_EDGE('',*,*,#1761,.T.);
#3859 = ORIENTED_EDGE('',*,*,#3860,.T.);
#3860 = EDGE_CURVE('',#1762,#3861,#3863,.T.);
#3861 = VERTEX_POINT('',#3862);
#3862 = CARTESIAN_POINT('',(9.753702822981,-4.3,-21.92864066103));
#3863 = ELLIPSE('',#3864,33.941125496954,24.);
#3864 = AXIS2_PLACEMENT_3D('',#3865,#3866,#3867);
#3865 = CARTESIAN_POINT('',(0.,-6.8,2.96E-15));
#3866 = DIRECTION('',(0.672498511964,-0.707106781187,0.218508012224));
#3867 = DIRECTION('',(0.672498511964,0.707106781187,0.218508012224));
#3868 = ORIENTED_EDGE('',*,*,#3869,.F.);
#3869 = EDGE_CURVE('',#3870,#3861,#3872,.T.);
#3870 = VERTEX_POINT('',#3871);
#3871 = CARTESIAN_POINT('',(1.371411501798,4.3,-23.96078526452));
#3872 = ELLIPSE('',#3873,33.941125496954,24.);
#3873 = AXIS2_PLACEMENT_3D('',#3874,#3875,#3876);
#3874 = CARTESIAN_POINT('',(0.,-1.8,7.6E-16));
#3875 = DIRECTION('',(-0.672498511964,-0.707106781187,-0.218508012224));
#3876 = DIRECTION('',(-0.672498511964,0.707106781187,-0.218508012224));
#3877 = ORIENTED_EDGE('',*,*,#3878,.F.);
#3878 = EDGE_CURVE('',#301,#3870,#3879,.T.);
#3879 = ELLIPSE('',#3880,33.941125496954,24.);
#3880 = AXIS2_PLACEMENT_3D('',#3881,#3882,#3883);
#3881 = CARTESIAN_POINT('',(0.,10.4,-4.61E-15));
#3882 = DIRECTION('',(-0.672498511964,0.707106781187,-0.218508012224));
#3883 = DIRECTION('',(0.672498511964,0.707106781187,0.218508012224));
#3884 = CYLINDRICAL_SURFACE('',#3885,24.);
#3885 = AXIS2_PLACEMENT_3D('',#3886,#3887,#3888);
#3886 = CARTESIAN_POINT('',(0.,8.6,-3.82E-15));
#3887 = DIRECTION('',(0.,1.,-4.4E-16));
#3888 = DIRECTION('',(1.,0.,0.));
#3889 = ADVANCED_FACE('',(#3890),#3909,.T.);
#3890 = FACE_BOUND('',#3891,.T.);
#3891 = EDGE_LOOP('',(#3892,#3893,#3894,#3903));
#3892 = ORIENTED_EDGE('',*,*,#3878,.F.);
#3893 = ORIENTED_EDGE('',*,*,#300,.T.);
#3894 = ORIENTED_EDGE('',*,*,#3895,.T.);
#3895 = EDGE_CURVE('',#292,#3896,#3898,.T.);
#3896 = VERTEX_POINT('',#3897);
#3897 = CARTESIAN_POINT('',(1.690480933505,4.3,-24.9427800017));
#3898 = ELLIPSE('',#3899,35.355339059327,25.);
#3899 = AXIS2_PLACEMENT_3D('',#3900,#3901,#3902);
#3900 = CARTESIAN_POINT('',(0.,10.4,-1.5E-16));
#3901 = DIRECTION('',(-0.672498511964,0.707106781187,-0.218508012224));
#3902 = DIRECTION('',(0.672498511964,0.707106781187,0.218508012224));
#3903 = ORIENTED_EDGE('',*,*,#3904,.F.);
#3904 = EDGE_CURVE('',#3870,#3896,#3905,.T.);
#3905 = LINE('',#3906,#3907);
#3906 = CARTESIAN_POINT('',(0.687912132473,4.3,-21.85719050788));
#3907 = VECTOR('',#3908,1.);
#3908 = DIRECTION('',(0.309016994375,-4.604192873374E-16,-0.951056516295
    ));
#3909 = PLANE('',#3910);
#3910 = AXIS2_PLACEMENT_3D('',#3911,#3912,#3913);
#3911 = CARTESIAN_POINT('',(4.777455152543,8.6,-20.52841743207));
#3912 = DIRECTION('',(-0.672498511964,0.707106781187,-0.218508012224));
#3913 = DIRECTION('',(-0.672498511964,-0.707106781187,-0.218508012224));
#3914 = ADVANCED_FACE('',(#3915),#3951,.T.);
#3915 = FACE_BOUND('',#3916,.T.);
#3916 = EDGE_LOOP('',(#3917,#3926,#3934,#3943,#3950));
#3917 = ORIENTED_EDGE('',*,*,#3918,.F.);
#3918 = EDGE_CURVE('',#3919,#266,#3921,.T.);
#3919 = VERTEX_POINT('',#3920);
#3920 = CARTESIAN_POINT('',(4.998420241505,4.3,-23.47372563291));
#3921 = ELLIPSE('',#3922,33.941125496954,24.);
#3922 = AXIS2_PLACEMENT_3D('',#3923,#3924,#3925);
#3923 = CARTESIAN_POINT('',(0.,6.8,-3.03E-15));
#3924 = DIRECTION('',(0.672498511964,-0.707106781187,0.218508012224));
#3925 = DIRECTION('',(0.672498511964,0.707106781187,0.218508012224));
#3926 = ORIENTED_EDGE('',*,*,#3927,.T.);
#3927 = EDGE_CURVE('',#3919,#3928,#3930,.T.);
#3928 = VERTEX_POINT('',#3929);
#3929 = CARTESIAN_POINT('',(5.30905939065,4.3,-24.42977462823));
#3930 = LINE('',#3931,#3932);
#3931 = CARTESIAN_POINT('',(4.111715591136,4.3,-20.74472932813));
#3932 = VECTOR('',#3933,1.);
#3933 = DIRECTION('',(0.309016994375,-4.604192873374E-16,-0.951056516295
    ));
#3934 = ORIENTED_EDGE('',*,*,#3935,.T.);
#3935 = EDGE_CURVE('',#3928,#3936,#3938,.T.);
#3936 = VERTEX_POINT('',#3937);
#3937 = CARTESIAN_POINT('',(7.725424859374,6.8,-23.77641290737));
#3938 = ELLIPSE('',#3939,35.355339059327,25.);
#3939 = AXIS2_PLACEMENT_3D('',#3940,#3941,#3942);
#3940 = CARTESIAN_POINT('',(0.,6.8,-9.5E-16));
#3941 = DIRECTION('',(0.672498511964,-0.707106781187,0.218508012224));
#3942 = DIRECTION('',(0.672498511964,0.707106781187,0.218508012224));
#3943 = ORIENTED_EDGE('',*,*,#3944,.T.);
#3944 = EDGE_CURVE('',#3936,#275,#3945,.T.);
#3945 = ELLIPSE('',#3946,35.355339059327,25.);
#3946 = AXIS2_PLACEMENT_3D('',#3947,#3948,#3949);
#3947 = CARTESIAN_POINT('',(0.,6.8,-9.5E-16));
#3948 = DIRECTION('',(0.672498511964,-0.707106781187,0.218508012224));
#3949 = DIRECTION('',(0.672498511964,0.707106781187,0.218508012224));
#3950 = ORIENTED_EDGE('',*,*,#274,.F.);
#3951 = PLANE('',#3952);
#3952 = AXIS2_PLACEMENT_3D('',#3953,#3954,#3955);
#3953 = CARTESIAN_POINT('',(4.111715591136,4.3,-20.74472932813));
#3954 = DIRECTION('',(0.672498511964,-0.707106781187,0.218508012224));
#3955 = DIRECTION('',(0.672498511964,0.707106781187,0.218508012224));
#3956 = ADVANCED_FACE('',(#3957),#4003,.T.);
#3957 = FACE_BOUND('',#3958,.F.);
#3958 = EDGE_LOOP('',(#3959,#3960,#3961,#3970,#3977,#3978,#3987,#3996));
#3959 = ORIENTED_EDGE('',*,*,#265,.F.);
#3960 = ORIENTED_EDGE('',*,*,#3918,.F.);
#3961 = ORIENTED_EDGE('',*,*,#3962,.F.);
#3962 = EDGE_CURVE('',#3963,#3919,#3965,.T.);
#3963 = VERTEX_POINT('',#3964);
#3964 = CARTESIAN_POINT('',(12.974301000599,-4.3,-20.19077793315));
#3965 = ELLIPSE('',#3966,33.941125496954,24.);
#3966 = AXIS2_PLACEMENT_3D('',#3967,#3968,#3969);
#3967 = CARTESIAN_POINT('',(0.,1.8,-8.3E-16));
#3968 = DIRECTION('',(0.672498511964,0.707106781187,0.218508012224));
#3969 = DIRECTION('',(-0.672498511964,0.707106781187,-0.218508012224));
#3970 = ORIENTED_EDGE('',*,*,#3971,.T.);
#3971 = EDGE_CURVE('',#3963,#1797,#3972,.T.);
#3972 = ELLIPSE('',#3973,33.941125496954,24.);
#3973 = AXIS2_PLACEMENT_3D('',#3974,#3975,#3976);
#3974 = CARTESIAN_POINT('',(0.,-10.4,4.54E-15));
#3975 = DIRECTION('',(-0.672498511964,0.707106781187,-0.218508012224));
#3976 = DIRECTION('',(0.672498511964,0.707106781187,0.218508012224));
#3977 = ORIENTED_EDGE('',*,*,#1804,.T.);
#3978 = ORIENTED_EDGE('',*,*,#3979,.T.);
#3979 = EDGE_CURVE('',#1805,#3980,#3982,.T.);
#3980 = VERTEX_POINT('',#3981);
#3981 = CARTESIAN_POINT('',(16.052645255605,-4.3,-17.84131666379));
#3982 = ELLIPSE('',#3983,33.941125496954,24.);
#3983 = AXIS2_PLACEMENT_3D('',#3984,#3985,#3986);
#3984 = CARTESIAN_POINT('',(0.,-6.8,2.96E-15));
#3985 = DIRECTION('',(0.572061402818,-0.707106781187,0.415626937777));
#3986 = DIRECTION('',(0.572061402818,0.707106781187,0.415626937777));
#3987 = ORIENTED_EDGE('',*,*,#3988,.F.);
#3988 = EDGE_CURVE('',#3989,#3980,#3991,.T.);
#3989 = VERTEX_POINT('',#3990);
#3990 = CARTESIAN_POINT('',(8.708579690615,4.3,-22.36427150104));
#3991 = ELLIPSE('',#3992,33.941125496954,24.);
#3992 = AXIS2_PLACEMENT_3D('',#3993,#3994,#3995);
#3993 = CARTESIAN_POINT('',(0.,-1.8,7.6E-16));
#3994 = DIRECTION('',(-0.572061402818,-0.707106781187,-0.415626937777));
#3995 = DIRECTION('',(-0.572061402818,0.707106781187,-0.415626937777));
#3996 = ORIENTED_EDGE('',*,*,#3997,.F.);
#3997 = EDGE_CURVE('',#258,#3989,#3998,.T.);
#3998 = ELLIPSE('',#3999,33.941125496954,24.);
#3999 = AXIS2_PLACEMENT_3D('',#4000,#4001,#4002);
#4000 = CARTESIAN_POINT('',(0.,10.4,-4.61E-15));
#4001 = DIRECTION('',(-0.572061402818,0.707106781187,-0.415626937777));
#4002 = DIRECTION('',(0.572061402818,0.707106781187,0.415626937777));
#4003 = CYLINDRICAL_SURFACE('',#4004,24.);
#4004 = AXIS2_PLACEMENT_3D('',#4005,#4006,#4007);
#4005 = CARTESIAN_POINT('',(0.,8.6,-3.82E-15));
#4006 = DIRECTION('',(0.,1.,-4.4E-16));
#4007 = DIRECTION('',(1.,0.,0.));
#4008 = ADVANCED_FACE('',(#4009),#4028,.T.);
#4009 = FACE_BOUND('',#4010,.T.);
#4010 = EDGE_LOOP('',(#4011,#4012,#4013,#4022));
#4011 = ORIENTED_EDGE('',*,*,#3997,.F.);
#4012 = ORIENTED_EDGE('',*,*,#257,.T.);
#4013 = ORIENTED_EDGE('',*,*,#4014,.T.);
#4014 = EDGE_CURVE('',#249,#4015,#4017,.T.);
#4015 = VERTEX_POINT('',#4016);
#4016 = CARTESIAN_POINT('',(9.315485814965,4.3,-23.19960611801));
#4017 = ELLIPSE('',#4018,35.355339059327,25.);
#4018 = AXIS2_PLACEMENT_3D('',#4019,#4020,#4021);
#4019 = CARTESIAN_POINT('',(0.,10.4,-1.5E-16));
#4020 = DIRECTION('',(-0.572061402818,0.707106781187,-0.415626937777));
#4021 = DIRECTION('',(0.572061402818,0.707106781187,0.415626937777));
#4022 = ORIENTED_EDGE('',*,*,#4023,.F.);
#4023 = EDGE_CURVE('',#3989,#4015,#4024,.T.);
#4024 = LINE('',#4025,#4026);
#4025 = CARTESIAN_POINT('',(7.408486632455,4.3,-20.57484692085));
#4026 = VECTOR('',#4027,1.);
#4027 = DIRECTION('',(0.587785252292,-4.879750434937E-16,-0.809016994375
    ));
#4028 = PLANE('',#4029);
#4029 = AXIS2_PLACEMENT_3D('',#4030,#4031,#4032);
#4030 = CARTESIAN_POINT('',(10.887259708267,8.6,-18.047370336));
#4031 = DIRECTION('',(-0.572061402818,0.707106781187,-0.415626937777));
#4032 = DIRECTION('',(-0.572061402818,-0.707106781187,-0.415626937777));
#4033 = ADVANCED_FACE('',(#4034),#4070,.T.);
#4034 = FACE_BOUND('',#4035,.T.);
#4035 = EDGE_LOOP('',(#4036,#4045,#4053,#4062,#4069));
#4036 = ORIENTED_EDGE('',*,*,#4037,.F.);
#4037 = EDGE_CURVE('',#4038,#223,#4040,.T.);
#4038 = VERTEX_POINT('',#4039);
#4039 = CARTESIAN_POINT('',(12.00756028373,4.3,-20.78024292525));
#4040 = ELLIPSE('',#4041,33.941125496954,24.);
#4041 = AXIS2_PLACEMENT_3D('',#4042,#4043,#4044);
#4042 = CARTESIAN_POINT('',(0.,6.8,-3.03E-15));
#4043 = DIRECTION('',(0.572061402818,-0.707106781187,0.415626937777));
#4044 = DIRECTION('',(0.572061402818,0.707106781187,0.415626937777));
#4045 = ORIENTED_EDGE('',*,*,#4046,.T.);
#4046 = EDGE_CURVE('',#4038,#4047,#4049,.T.);
#4047 = VERTEX_POINT('',#4048);
#4048 = CARTESIAN_POINT('',(12.598431057752,4.3,-21.59350677595));
#4049 = LINE('',#4050,#4051);
#4050 = CARTESIAN_POINT('',(10.320947812205,4.3,-18.4588200126));
#4051 = VECTOR('',#4052,1.);
#4052 = DIRECTION('',(0.587785252292,-4.879750434937E-16,-0.809016994375
    ));
#4053 = ORIENTED_EDGE('',*,*,#4054,.T.);
#4054 = EDGE_CURVE('',#4047,#4055,#4057,.T.);
#4055 = VERTEX_POINT('',#4056);
#4056 = CARTESIAN_POINT('',(14.694631307312,6.8,-20.22542485937));
#4057 = ELLIPSE('',#4058,35.355339059327,25.);
#4058 = AXIS2_PLACEMENT_3D('',#4059,#4060,#4061);
#4059 = CARTESIAN_POINT('',(0.,6.8,-9.5E-16));
#4060 = DIRECTION('',(0.572061402818,-0.707106781187,0.415626937777));
#4061 = DIRECTION('',(0.572061402818,0.707106781187,0.415626937777));
#4062 = ORIENTED_EDGE('',*,*,#4063,.T.);
#4063 = EDGE_CURVE('',#4055,#232,#4064,.T.);
#4064 = ELLIPSE('',#4065,35.355339059327,25.);
#4065 = AXIS2_PLACEMENT_3D('',#4066,#4067,#4068);
#4066 = CARTESIAN_POINT('',(0.,6.8,-9.5E-16));
#4067 = DIRECTION('',(0.572061402818,-0.707106781187,0.415626937777));
#4068 = DIRECTION('',(0.572061402818,0.707106781187,0.415626937777));
#4069 = ORIENTED_EDGE('',*,*,#231,.F.);
#4070 = PLANE('',#4071);
#4071 = AXIS2_PLACEMENT_3D('',#4072,#4073,#4074);
#4072 = CARTESIAN_POINT('',(10.320947812205,4.3,-18.4588200126));
#4073 = DIRECTION('',(0.572061402818,-0.707106781187,0.415626937777));
#4074 = DIRECTION('',(0.572061402818,0.707106781187,0.415626937777));
#4075 = ADVANCED_FACE('',(#4076),#4122,.T.);
#4076 = FACE_BOUND('',#4077,.F.);
#4077 = EDGE_LOOP('',(#4078,#4079,#4080,#4089,#4096,#4097,#4106,#4115));
#4078 = ORIENTED_EDGE('',*,*,#222,.F.);
#4079 = ORIENTED_EDGE('',*,*,#4037,.F.);
#4080 = ORIENTED_EDGE('',*,*,#4081,.F.);
#4081 = EDGE_CURVE('',#4082,#4038,#4084,.T.);
#4082 = VERTEX_POINT('',#4083);
#4083 = CARTESIAN_POINT('',(18.578587021989,-4.3,-15.19329142307));
#4084 = ELLIPSE('',#4085,33.941125496954,24.);
#4085 = AXIS2_PLACEMENT_3D('',#4086,#4087,#4088);
#4086 = CARTESIAN_POINT('',(0.,1.8,-8.3E-16));
#4087 = DIRECTION('',(0.572061402818,0.707106781187,0.415626937777));
#4088 = DIRECTION('',(-0.572061402818,0.707106781187,-0.415626937777));
#4089 = ORIENTED_EDGE('',*,*,#4090,.T.);
#4090 = EDGE_CURVE('',#4082,#1840,#4091,.T.);
#4091 = ELLIPSE('',#4092,33.941125496954,24.);
#4092 = AXIS2_PLACEMENT_3D('',#4093,#4094,#4095);
#4093 = CARTESIAN_POINT('',(0.,-10.4,4.54E-15));
#4094 = DIRECTION('',(-0.572061402818,0.707106781187,-0.415626937777));
#4095 = DIRECTION('',(0.572061402818,0.707106781187,0.415626937777));
#4096 = ORIENTED_EDGE('',*,*,#1847,.T.);
#4097 = ORIENTED_EDGE('',*,*,#4098,.T.);
#4098 = EDGE_CURVE('',#1848,#4099,#4101,.T.);
#4099 = VERTEX_POINT('',#4100);
#4100 = CARTESIAN_POINT('',(20.780242925254,-4.3,-12.00756028373));
#4101 = ELLIPSE('',#4102,33.941125496954,24.);
#4102 = AXIS2_PLACEMENT_3D('',#4103,#4104,#4105);
#4103 = CARTESIAN_POINT('',(0.,-6.8,2.96E-15));
#4104 = DIRECTION('',(0.415626937777,-0.707106781187,0.572061402818));
#4105 = DIRECTION('',(0.415626937777,0.707106781187,0.572061402818));
#4106 = ORIENTED_EDGE('',*,*,#4107,.F.);
#4107 = EDGE_CURVE('',#4108,#4099,#4110,.T.);
#4108 = VERTEX_POINT('',#4109);
#4109 = CARTESIAN_POINT('',(15.193291423071,4.3,-18.57858702198));
#4110 = ELLIPSE('',#4111,33.941125496954,24.);
#4111 = AXIS2_PLACEMENT_3D('',#4112,#4113,#4114);
#4112 = CARTESIAN_POINT('',(0.,-1.8,7.6E-16));
#4113 = DIRECTION('',(-0.415626937777,-0.707106781187,-0.572061402818));
#4114 = DIRECTION('',(-0.415626937777,0.707106781187,-0.572061402818));
#4115 = ORIENTED_EDGE('',*,*,#4116,.F.);
#4116 = EDGE_CURVE('',#215,#4108,#4117,.T.);
#4117 = ELLIPSE('',#4118,33.941125496954,24.);
#4118 = AXIS2_PLACEMENT_3D('',#4119,#4120,#4121);
#4119 = CARTESIAN_POINT('',(0.,10.4,-4.61E-15));
#4120 = DIRECTION('',(-0.415626937777,0.707106781187,-0.572061402818));
#4121 = DIRECTION('',(0.415626937777,0.707106781187,0.572061402818));
#4122 = CYLINDRICAL_SURFACE('',#4123,24.);
#4123 = AXIS2_PLACEMENT_3D('',#4124,#4125,#4126);
#4124 = CARTESIAN_POINT('',(0.,8.6,-3.82E-15));
#4125 = DIRECTION('',(0.,1.,-4.4E-16));
#4126 = DIRECTION('',(1.,0.,0.));
#4127 = ADVANCED_FACE('',(#4128),#4147,.T.);
#4128 = FACE_BOUND('',#4129,.T.);
#4129 = EDGE_LOOP('',(#4130,#4131,#4132,#4141));
#4130 = ORIENTED_EDGE('',*,*,#4116,.F.);
#4131 = ORIENTED_EDGE('',*,*,#214,.T.);
#4132 = ORIENTED_EDGE('',*,*,#4133,.T.);
#4133 = EDGE_CURVE('',#206,#4134,#4136,.T.);
#4134 = VERTEX_POINT('',#4135);
#4135 = CARTESIAN_POINT('',(16.02862604005,4.3,-19.18549314633));
#4136 = ELLIPSE('',#4137,35.355339059327,25.);
#4137 = AXIS2_PLACEMENT_3D('',#4138,#4139,#4140);
#4138 = CARTESIAN_POINT('',(0.,10.4,-1.5E-16));
#4139 = DIRECTION('',(-0.415626937777,0.707106781187,-0.572061402818));
#4140 = DIRECTION('',(0.415626937777,0.707106781187,0.572061402818));
#4141 = ORIENTED_EDGE('',*,*,#4142,.F.);
#4142 = EDGE_CURVE('',#4108,#4134,#4143,.T.);
#4143 = LINE('',#4144,#4145);
#4144 = CARTESIAN_POINT('',(13.40386684289,4.3,-17.27849396382));
#4145 = VECTOR('',#4146,1.);
#4146 = DIRECTION('',(0.809016994375,-6.230472589688E-16,-0.587785252292
    ));
#4147 = PLANE('',#4148);
#4148 = AXIS2_PLACEMENT_3D('',#4149,#4150,#4151);
#4149 = CARTESIAN_POINT('',(15.931343427747,8.6,-13.79972088801));
#4150 = DIRECTION('',(-0.415626937777,0.707106781187,-0.572061402818));
#4151 = DIRECTION('',(-0.415626937777,-0.707106781187,-0.572061402818));
#4152 = ADVANCED_FACE('',(#4153),#4189,.T.);
#4153 = FACE_BOUND('',#4154,.T.);
#4154 = EDGE_LOOP('',(#4155,#4164,#4172,#4181,#4188));
#4155 = ORIENTED_EDGE('',*,*,#4156,.F.);
#4156 = EDGE_CURVE('',#4157,#147,#4159,.T.);
#4157 = VERTEX_POINT('',#4158);
#4158 = CARTESIAN_POINT('',(21.928640661039,4.3,-9.753702822981));
#4159 = ELLIPSE('',#4160,33.941125496954,24.);
#4160 = AXIS2_PLACEMENT_3D('',#4161,#4162,#4163);
#4161 = CARTESIAN_POINT('',(0.,6.8,-3.03E-15));
#4162 = DIRECTION('',(0.218508012224,-0.707106781187,0.672498511964));
#4163 = DIRECTION('',(0.218508012224,0.707106781187,0.672498511964));
#4164 = ORIENTED_EDGE('',*,*,#4165,.T.);
#4165 = EDGE_CURVE('',#4157,#4166,#4168,.T.);
#4166 = VERTEX_POINT('',#4167);
#4167 = CARTESIAN_POINT('',(22.884689656364,4.3,-10.06434197212));
#4168 = LINE('',#4169,#4170);
#4169 = CARTESIAN_POINT('',(19.199644356261,4.3,-8.866998172612));
#4170 = VECTOR('',#4171,1.);
#4171 = DIRECTION('',(0.951056516295,2.930865558063E-16,-0.309016994375)
  );
#4172 = ORIENTED_EDGE('',*,*,#4173,.T.);
#4173 = EDGE_CURVE('',#4166,#4174,#4176,.T.);
#4174 = VERTEX_POINT('',#4175);
#4175 = CARTESIAN_POINT('',(23.776412907379,6.8,-7.725424859374));
#4176 = ELLIPSE('',#4177,35.355339059327,25.);
#4177 = AXIS2_PLACEMENT_3D('',#4178,#4179,#4180);
#4178 = CARTESIAN_POINT('',(0.,6.8,-9.5E-16));
#4179 = DIRECTION('',(0.218508012224,-0.707106781187,0.672498511964));
#4180 = DIRECTION('',(0.218508012224,0.707106781187,0.672498511964));
#4181 = ORIENTED_EDGE('',*,*,#4182,.T.);
#4182 = EDGE_CURVE('',#4174,#156,#4183,.T.);
#4183 = ELLIPSE('',#4184,35.355339059327,25.);
#4184 = AXIS2_PLACEMENT_3D('',#4185,#4186,#4187);
#4185 = CARTESIAN_POINT('',(0.,6.8,-9.5E-16));
#4186 = DIRECTION('',(0.218508012224,-0.707106781187,0.672498511964));
#4187 = DIRECTION('',(0.218508012224,0.707106781187,0.672498511964));
#4188 = ORIENTED_EDGE('',*,*,#155,.F.);
#4189 = PLANE('',#4190);
#4190 = AXIS2_PLACEMENT_3D('',#4191,#4192,#4193);
#4191 = CARTESIAN_POINT('',(19.199644356261,4.3,-8.866998172612));
#4192 = DIRECTION('',(0.218508012224,-0.707106781187,0.672498511964));
#4193 = DIRECTION('',(0.218508012224,0.707106781187,0.672498511964));
#4194 = ADVANCED_FACE('',(#4195),#4241,.T.);
#4195 = FACE_BOUND('',#4196,.F.);
#4196 = EDGE_LOOP('',(#4197,#4198,#4199,#4208,#4215,#4216,#4225,#4234));
#4197 = ORIENTED_EDGE('',*,*,#146,.F.);
#4198 = ORIENTED_EDGE('',*,*,#4156,.F.);
#4199 = ORIENTED_EDGE('',*,*,#4200,.F.);
#4200 = EDGE_CURVE('',#4201,#4157,#4203,.T.);
#4201 = VERTEX_POINT('',#4202);
#4202 = CARTESIAN_POINT('',(23.960785264526,-4.3,-1.371411501798));
#4203 = ELLIPSE('',#4204,33.941125496954,24.);
#4204 = AXIS2_PLACEMENT_3D('',#4205,#4206,#4207);
#4205 = CARTESIAN_POINT('',(0.,1.8,-8.3E-16));
#4206 = DIRECTION('',(0.218508012224,0.707106781187,0.672498511964));
#4207 = DIRECTION('',(-0.218508012224,0.707106781187,-0.672498511964));
#4208 = ORIENTED_EDGE('',*,*,#4209,.T.);
#4209 = EDGE_CURVE('',#4201,#1064,#4210,.T.);
#4210 = ELLIPSE('',#4211,33.941125496954,24.);
#4211 = AXIS2_PLACEMENT_3D('',#4212,#4213,#4214);
#4212 = CARTESIAN_POINT('',(0.,-10.4,4.54E-15));
#4213 = DIRECTION('',(-0.218508012224,0.707106781187,-0.672498511964));
#4214 = DIRECTION('',(0.218508012224,0.707106781187,0.672498511964));
#4215 = ORIENTED_EDGE('',*,*,#1073,.T.);
#4216 = ORIENTED_EDGE('',*,*,#4217,.T.);
#4217 = EDGE_CURVE('',#1074,#4218,#4220,.T.);
#4218 = VERTEX_POINT('',#4219);
#4219 = CARTESIAN_POINT('',(23.86943652456,-4.3,2.5));
#4220 = ELLIPSE('',#4221,33.941125496954,24.);
#4221 = AXIS2_PLACEMENT_3D('',#4222,#4223,#4224);
#4222 = CARTESIAN_POINT('',(0.,-6.8,2.96E-15));
#4223 = DIRECTION('',(-2.4E-16,-0.707106781187,0.707106781187));
#4224 = DIRECTION('',(-2.4E-16,0.707106781187,0.707106781187));
#4225 = ORIENTED_EDGE('',*,*,#4226,.F.);
#4226 = EDGE_CURVE('',#4227,#4218,#4229,.T.);
#4227 = VERTEX_POINT('',#4228);
#4228 = CARTESIAN_POINT('',(23.211850421713,4.3,-6.1));
#4229 = ELLIPSE('',#4230,33.941125496954,24.);
#4230 = AXIS2_PLACEMENT_3D('',#4231,#4232,#4233);
#4231 = CARTESIAN_POINT('',(0.,-1.8,7.6E-16));
#4232 = DIRECTION('',(-1.E-17,-0.707106781187,-0.707106781187));
#4233 = DIRECTION('',(-1.E-17,0.707106781187,-0.707106781187));
#4234 = ORIENTED_EDGE('',*,*,#4235,.F.);
#4235 = EDGE_CURVE('',#139,#4227,#4236,.T.);
#4236 = ELLIPSE('',#4237,33.941125496954,24.);
#4237 = AXIS2_PLACEMENT_3D('',#4238,#4239,#4240);
#4238 = CARTESIAN_POINT('',(0.,10.4,-4.61E-15));
#4239 = DIRECTION('',(2.4E-16,0.707106781187,-0.707106781187));
#4240 = DIRECTION('',(-2.4E-16,0.707106781187,0.707106781187));
#4241 = CYLINDRICAL_SURFACE('',#4242,24.);
#4242 = AXIS2_PLACEMENT_3D('',#4243,#4244,#4245);
#4243 = CARTESIAN_POINT('',(0.,8.6,-3.82E-15));
#4244 = DIRECTION('',(0.,1.,-4.4E-16));
#4245 = DIRECTION('',(1.,0.,0.));
#4246 = ADVANCED_FACE('',(#4247),#4266,.T.);
#4247 = FACE_BOUND('',#4248,.T.);
#4248 = EDGE_LOOP('',(#4249,#4250,#4251,#4260));
#4249 = ORIENTED_EDGE('',*,*,#4235,.F.);
#4250 = ORIENTED_EDGE('',*,*,#138,.T.);
#4251 = ORIENTED_EDGE('',*,*,#4252,.T.);
#4252 = EDGE_CURVE('',#130,#4253,#4255,.T.);
#4253 = VERTEX_POINT('',#4254);
#4254 = CARTESIAN_POINT('',(24.244380792258,4.3,-6.1));
#4255 = ELLIPSE('',#4256,35.355339059327,25.);
#4256 = AXIS2_PLACEMENT_3D('',#4257,#4258,#4259);
#4257 = CARTESIAN_POINT('',(0.,10.4,-1.5E-16));
#4258 = DIRECTION('',(2.4E-16,0.707106781187,-0.707106781187));
#4259 = DIRECTION('',(-2.4E-16,0.707106781187,0.707106781187));
#4260 = ORIENTED_EDGE('',*,*,#4261,.F.);
#4261 = EDGE_CURVE('',#4227,#4253,#4262,.T.);
#4262 = LINE('',#4263,#4264);
#4263 = CARTESIAN_POINT('',(21.,4.3,-6.1));
#4264 = VECTOR('',#4265,1.);
#4265 = DIRECTION('',(1.,-3.3E-16,-3.3E-16));
#4266 = PLANE('',#4267);
#4267 = AXIS2_PLACEMENT_3D('',#4268,#4269,#4270);
#4268 = CARTESIAN_POINT('',(21.,8.6,-1.8));
#4269 = DIRECTION('',(0.,0.707106781187,-0.707106781187));
#4270 = DIRECTION('',(-4.7E-16,-0.707106781187,-0.707106781187));
#4271 = ADVANCED_FACE('',(#4272),#4300,.T.);
#4272 = FACE_BOUND('',#4273,.T.);
#4273 = EDGE_LOOP('',(#4274,#4275,#4283,#4292,#4299));
#4274 = ORIENTED_EDGE('',*,*,#2012,.F.);
#4275 = ORIENTED_EDGE('',*,*,#4276,.T.);
#4276 = EDGE_CURVE('',#2013,#4277,#4279,.T.);
#4277 = VERTEX_POINT('',#4278);
#4278 = CARTESIAN_POINT('',(24.874685927665,4.3,-2.5));
#4279 = LINE('',#4280,#4281);
#4280 = CARTESIAN_POINT('',(21.,4.3,-2.5));
#4281 = VECTOR('',#4282,1.);
#4282 = DIRECTION('',(1.,-3.3E-16,-3.3E-16));
#4283 = ORIENTED_EDGE('',*,*,#4284,.T.);
#4284 = EDGE_CURVE('',#4277,#4285,#4287,.T.);
#4285 = VERTEX_POINT('',#4286);
#4286 = CARTESIAN_POINT('',(25.,6.8,0.));
#4287 = ELLIPSE('',#4288,35.355339059327,25.);
#4288 = AXIS2_PLACEMENT_3D('',#4289,#4290,#4291);
#4289 = CARTESIAN_POINT('',(0.,6.8,-9.5E-16));
#4290 = DIRECTION('',(-2.4E-16,-0.707106781187,0.707106781187));
#4291 = DIRECTION('',(-2.4E-16,0.707106781187,0.707106781187));
#4292 = ORIENTED_EDGE('',*,*,#4293,.T.);
#4293 = EDGE_CURVE('',#4285,#113,#4294,.T.);
#4294 = ELLIPSE('',#4295,35.355339059327,25.);
#4295 = AXIS2_PLACEMENT_3D('',#4296,#4297,#4298);
#4296 = CARTESIAN_POINT('',(0.,6.8,-9.5E-16));
#4297 = DIRECTION('',(-2.4E-16,-0.707106781187,0.707106781187));
#4298 = DIRECTION('',(-2.4E-16,0.707106781187,0.707106781187));
#4299 = ORIENTED_EDGE('',*,*,#112,.F.);
#4300 = PLANE('',#4301);
#4301 = AXIS2_PLACEMENT_3D('',#4302,#4303,#4304);
#4302 = CARTESIAN_POINT('',(21.,4.3,-2.5));
#4303 = DIRECTION('',(0.,-0.707106781187,0.707106781187));
#4304 = DIRECTION('',(4.7E-16,0.707106781187,0.707106781187));
#4305 = ADVANCED_FACE('',(#4306),#4317,.F.);
#4306 = FACE_BOUND('',#4307,.T.);
#4307 = EDGE_LOOP('',(#4308,#4314,#4315,#4316));
#4308 = ORIENTED_EDGE('',*,*,#4309,.T.);
#4309 = EDGE_CURVE('',#954,#1909,#4310,.T.);
#4310 = LINE('',#4311,#4312);
#4311 = CARTESIAN_POINT('',(20.,8.6,-1.91E-15));
#4312 = VECTOR('',#4313,1.);
#4313 = DIRECTION('',(0.,-1.,2.2E-16));
#4314 = ORIENTED_EDGE('',*,*,#1908,.T.);
#4315 = ORIENTED_EDGE('',*,*,#4309,.F.);
#4316 = ORIENTED_EDGE('',*,*,#953,.F.);
#4317 = CYLINDRICAL_SURFACE('',#4318,20.);
#4318 = AXIS2_PLACEMENT_3D('',#4319,#4320,#4321);
#4319 = CARTESIAN_POINT('',(0.,8.6,-1.91E-15));
#4320 = DIRECTION('',(0.,1.,-2.2E-16));
#4321 = DIRECTION('',(1.,0.,0.));
#4322 = ADVANCED_FACE('',(#4323),#4342,.F.);
#4323 = FACE_BOUND('',#4324,.F.);
#4324 = EDGE_LOOP('',(#4325,#4326,#4334,#4341));
#4325 = ORIENTED_EDGE('',*,*,#4209,.F.);
#4326 = ORIENTED_EDGE('',*,*,#4327,.T.);
#4327 = EDGE_CURVE('',#4201,#4328,#4330,.T.);
#4328 = VERTEX_POINT('',#4329);
#4329 = CARTESIAN_POINT('',(24.942780001705,-4.3,-1.690480933505));
#4330 = LINE('',#4331,#4332);
#4331 = CARTESIAN_POINT('',(21.857190507885,-4.3,-0.687912132473));
#4332 = VECTOR('',#4333,1.);
#4333 = DIRECTION('',(0.951056516295,2.930865558063E-16,-0.309016994375)
  );
#4334 = ORIENTED_EDGE('',*,*,#4335,.T.);
#4335 = EDGE_CURVE('',#4328,#1066,#4336,.T.);
#4336 = ELLIPSE('',#4337,35.355339059327,25.);
#4337 = AXIS2_PLACEMENT_3D('',#4338,#4339,#4340);
#4338 = CARTESIAN_POINT('',(0.,-10.4,-4.77E-15));
#4339 = DIRECTION('',(-0.218508012224,0.707106781187,-0.672498511964));
#4340 = DIRECTION('',(0.218508012224,0.707106781187,0.672498511964));
#4341 = ORIENTED_EDGE('',*,*,#1063,.F.);
#4342 = PLANE('',#4343);
#4343 = AXIS2_PLACEMENT_3D('',#4344,#4345,#4346);
#4344 = CARTESIAN_POINT('',(21.857190507885,-4.3,-0.687912132473));
#4345 = DIRECTION('',(-0.218508012224,0.707106781187,-0.672498511964));
#4346 = DIRECTION('',(-0.218508012224,-0.707106781187,-0.672498511964));
#4347 = ADVANCED_FACE('',(#4348),#4376,.F.);
#4348 = FACE_BOUND('',#4349,.F.);
#4349 = EDGE_LOOP('',(#4350,#4351,#4352,#4361,#4370));
#4350 = ORIENTED_EDGE('',*,*,#4098,.F.);
#4351 = ORIENTED_EDGE('',*,*,#1856,.T.);
#4352 = ORIENTED_EDGE('',*,*,#4353,.T.);
#4353 = EDGE_CURVE('',#1857,#4354,#4356,.T.);
#4354 = VERTEX_POINT('',#4355);
#4355 = CARTESIAN_POINT('',(20.225424859374,-6.8,-14.69463130731));
#4356 = ELLIPSE('',#4357,35.355339059327,25.);
#4357 = AXIS2_PLACEMENT_3D('',#4358,#4359,#4360);
#4358 = CARTESIAN_POINT('',(0.,-6.8,-3.97E-15));
#4359 = DIRECTION('',(0.415626937777,-0.707106781187,0.572061402818));
#4360 = DIRECTION('',(0.415626937777,0.707106781187,0.572061402818));
#4361 = ORIENTED_EDGE('',*,*,#4362,.T.);
#4362 = EDGE_CURVE('',#4354,#4363,#4365,.T.);
#4363 = VERTEX_POINT('',#4364);
#4364 = CARTESIAN_POINT('',(21.593506775952,-4.3,-12.59843105775));
#4365 = ELLIPSE('',#4366,35.355339059327,25.);
#4366 = AXIS2_PLACEMENT_3D('',#4367,#4368,#4369);
#4367 = CARTESIAN_POINT('',(0.,-6.8,-3.97E-15));
#4368 = DIRECTION('',(0.415626937777,-0.707106781187,0.572061402818));
#4369 = DIRECTION('',(0.415626937777,0.707106781187,0.572061402818));
#4370 = ORIENTED_EDGE('',*,*,#4371,.F.);
#4371 = EDGE_CURVE('',#4099,#4363,#4372,.T.);
#4372 = LINE('',#4373,#4374);
#4373 = CARTESIAN_POINT('',(18.458820012605,-4.3,-10.3209478122));
#4374 = VECTOR('',#4375,1.);
#4375 = DIRECTION('',(0.809016994375,-6.230472589688E-16,-0.587785252292
    ));
#4376 = PLANE('',#4377);
#4377 = AXIS2_PLACEMENT_3D('',#4378,#4379,#4380);
#4378 = CARTESIAN_POINT('',(15.931343427747,-8.6,-13.79972088801));
#4379 = DIRECTION('',(0.415626937777,-0.707106781187,0.572061402818));
#4380 = DIRECTION('',(0.415626937777,0.707106781187,0.572061402818));
#4381 = ADVANCED_FACE('',(#4382),#4401,.F.);
#4382 = FACE_BOUND('',#4383,.F.);
#4383 = EDGE_LOOP('',(#4384,#4385,#4393,#4400));
#4384 = ORIENTED_EDGE('',*,*,#4090,.F.);
#4385 = ORIENTED_EDGE('',*,*,#4386,.T.);
#4386 = EDGE_CURVE('',#4082,#4387,#4389,.T.);
#4387 = VERTEX_POINT('',#4388);
#4388 = CARTESIAN_POINT('',(19.185493146339,-4.3,-16.02862604005));
#4389 = LINE('',#4390,#4391);
#4390 = CARTESIAN_POINT('',(17.278493963829,-4.3,-13.40386684289));
#4391 = VECTOR('',#4392,1.);
#4392 = DIRECTION('',(0.587785252292,-4.879750434937E-16,-0.809016994375
    ));
#4393 = ORIENTED_EDGE('',*,*,#4394,.T.);
#4394 = EDGE_CURVE('',#4387,#1831,#4395,.T.);
#4395 = ELLIPSE('',#4396,35.355339059327,25.);
#4396 = AXIS2_PLACEMENT_3D('',#4397,#4398,#4399);
#4397 = CARTESIAN_POINT('',(0.,-10.4,-4.77E-15));
#4398 = DIRECTION('',(-0.572061402818,0.707106781187,-0.415626937777));
#4399 = DIRECTION('',(0.572061402818,0.707106781187,0.415626937777));
#4400 = ORIENTED_EDGE('',*,*,#1839,.F.);
#4401 = PLANE('',#4402);
#4402 = AXIS2_PLACEMENT_3D('',#4403,#4404,#4405);
#4403 = CARTESIAN_POINT('',(17.278493963829,-4.3,-13.40386684289));
#4404 = DIRECTION('',(-0.572061402818,0.707106781187,-0.415626937777));
#4405 = DIRECTION('',(-0.572061402818,-0.707106781187,-0.415626937777));
#4406 = ADVANCED_FACE('',(#4407),#4435,.F.);
#4407 = FACE_BOUND('',#4408,.F.);
#4408 = EDGE_LOOP('',(#4409,#4410,#4411,#4420,#4429));
#4409 = ORIENTED_EDGE('',*,*,#3979,.F.);
#4410 = ORIENTED_EDGE('',*,*,#1813,.T.);
#4411 = ORIENTED_EDGE('',*,*,#4412,.T.);
#4412 = EDGE_CURVE('',#1814,#4413,#4415,.T.);
#4413 = VERTEX_POINT('',#4414);
#4414 = CARTESIAN_POINT('',(14.694631307312,-6.8,-20.22542485937));
#4415 = ELLIPSE('',#4416,35.355339059327,25.);
#4416 = AXIS2_PLACEMENT_3D('',#4417,#4418,#4419);
#4417 = CARTESIAN_POINT('',(0.,-6.8,-3.97E-15));
#4418 = DIRECTION('',(0.572061402818,-0.707106781187,0.415626937777));
#4419 = DIRECTION('',(0.572061402818,0.707106781187,0.415626937777));
#4420 = ORIENTED_EDGE('',*,*,#4421,.T.);
#4421 = EDGE_CURVE('',#4413,#4422,#4424,.T.);
#4422 = VERTEX_POINT('',#4423);
#4423 = CARTESIAN_POINT('',(16.643516029626,-4.3,-18.65458051449));
#4424 = ELLIPSE('',#4425,35.355339059327,25.);
#4425 = AXIS2_PLACEMENT_3D('',#4426,#4427,#4428);
#4426 = CARTESIAN_POINT('',(0.,-6.8,-3.97E-15));
#4427 = DIRECTION('',(0.572061402818,-0.707106781187,0.415626937777));
#4428 = DIRECTION('',(0.572061402818,0.707106781187,0.415626937777));
#4429 = ORIENTED_EDGE('',*,*,#4430,.F.);
#4430 = EDGE_CURVE('',#3980,#4422,#4431,.T.);
#4431 = LINE('',#4432,#4433);
#4432 = CARTESIAN_POINT('',(14.366032784079,-4.3,-15.51989375114));
#4433 = VECTOR('',#4434,1.);
#4434 = DIRECTION('',(0.587785252292,-4.879750434937E-16,-0.809016994375
    ));
#4435 = PLANE('',#4436);
#4436 = AXIS2_PLACEMENT_3D('',#4437,#4438,#4439);
#4437 = CARTESIAN_POINT('',(10.887259708267,-8.6,-18.047370336));
#4438 = DIRECTION('',(0.572061402818,-0.707106781187,0.415626937777));
#4439 = DIRECTION('',(0.572061402818,0.707106781187,0.415626937777));
#4440 = ADVANCED_FACE('',(#4441),#4460,.F.);
#4441 = FACE_BOUND('',#4442,.F.);
#4442 = EDGE_LOOP('',(#4443,#4444,#4452,#4459));
#4443 = ORIENTED_EDGE('',*,*,#3971,.F.);
#4444 = ORIENTED_EDGE('',*,*,#4445,.T.);
#4445 = EDGE_CURVE('',#3963,#4446,#4448,.T.);
#4446 = VERTEX_POINT('',#4447);
#4447 = CARTESIAN_POINT('',(13.293370432306,-4.3,-21.17277267033));
#4448 = LINE('',#4449,#4450);
#4449 = CARTESIAN_POINT('',(12.290801631274,-4.3,-18.08718317651));
#4450 = VECTOR('',#4451,1.);
#4451 = DIRECTION('',(0.309016994375,-4.604192873374E-16,-0.951056516295
    ));
#4452 = ORIENTED_EDGE('',*,*,#4453,.T.);
#4453 = EDGE_CURVE('',#4446,#1788,#4454,.T.);
#4454 = ELLIPSE('',#4455,35.355339059327,25.);
#4455 = AXIS2_PLACEMENT_3D('',#4456,#4457,#4458);
#4456 = CARTESIAN_POINT('',(0.,-10.4,-4.77E-15));
#4457 = DIRECTION('',(-0.672498511964,0.707106781187,-0.218508012224));
#4458 = DIRECTION('',(0.672498511964,0.707106781187,0.218508012224));
#4459 = ORIENTED_EDGE('',*,*,#1796,.F.);
#4460 = PLANE('',#4461);
#4461 = AXIS2_PLACEMENT_3D('',#4462,#4463,#4464);
#4462 = CARTESIAN_POINT('',(12.290801631274,-4.3,-18.08718317651));
#4463 = DIRECTION('',(-0.672498511964,0.707106781187,-0.218508012224));
#4464 = DIRECTION('',(-0.672498511964,-0.707106781187,-0.218508012224));
#4465 = ADVANCED_FACE('',(#4466),#4494,.F.);
#4466 = FACE_BOUND('',#4467,.F.);
#4467 = EDGE_LOOP('',(#4468,#4469,#4470,#4479,#4488));
#4468 = ORIENTED_EDGE('',*,*,#3860,.F.);
#4469 = ORIENTED_EDGE('',*,*,#1770,.T.);
#4470 = ORIENTED_EDGE('',*,*,#4471,.T.);
#4471 = EDGE_CURVE('',#1771,#4472,#4474,.T.);
#4472 = VERTEX_POINT('',#4473);
#4473 = CARTESIAN_POINT('',(7.725424859374,-6.8,-23.77641290737));
#4474 = ELLIPSE('',#4475,35.355339059327,25.);
#4475 = AXIS2_PLACEMENT_3D('',#4476,#4477,#4478);
#4476 = CARTESIAN_POINT('',(0.,-6.8,-3.97E-15));
#4477 = DIRECTION('',(0.672498511964,-0.707106781187,0.218508012224));
#4478 = DIRECTION('',(0.672498511964,0.707106781187,0.218508012224));
#4479 = ORIENTED_EDGE('',*,*,#4480,.T.);
#4480 = EDGE_CURVE('',#4472,#4481,#4483,.T.);
#4481 = VERTEX_POINT('',#4482);
#4482 = CARTESIAN_POINT('',(10.064341972126,-4.3,-22.88468965636));
#4483 = ELLIPSE('',#4484,35.355339059327,25.);
#4484 = AXIS2_PLACEMENT_3D('',#4485,#4486,#4487);
#4485 = CARTESIAN_POINT('',(0.,-6.8,-3.97E-15));
#4486 = DIRECTION('',(0.672498511964,-0.707106781187,0.218508012224));
#4487 = DIRECTION('',(0.672498511964,0.707106781187,0.218508012224));
#4488 = ORIENTED_EDGE('',*,*,#4489,.F.);
#4489 = EDGE_CURVE('',#3861,#4481,#4490,.T.);
#4490 = LINE('',#4491,#4492);
#4491 = CARTESIAN_POINT('',(8.866998172612,-4.3,-19.19964435626));
#4492 = VECTOR('',#4493,1.);
#4493 = DIRECTION('',(0.309016994375,-4.604192873374E-16,-0.951056516295
    ));
#4494 = PLANE('',#4495);
#4495 = AXIS2_PLACEMENT_3D('',#4496,#4497,#4498);
#4496 = CARTESIAN_POINT('',(4.777455152543,-8.6,-20.52841743207));
#4497 = DIRECTION('',(0.672498511964,-0.707106781187,0.218508012224));
#4498 = DIRECTION('',(0.672498511964,0.707106781187,0.218508012224));
#4499 = ADVANCED_FACE('',(#4500),#4519,.F.);
#4500 = FACE_BOUND('',#4501,.F.);
#4501 = EDGE_LOOP('',(#4502,#4503,#4511,#4518));
#4502 = ORIENTED_EDGE('',*,*,#3852,.F.);
#4503 = ORIENTED_EDGE('',*,*,#4504,.T.);
#4504 = EDGE_CURVE('',#3844,#4505,#4507,.T.);
#4505 = VERTEX_POINT('',#4506);
#4506 = CARTESIAN_POINT('',(6.1,-4.3,-24.24438079225));
#4507 = LINE('',#4508,#4509);
#4508 = CARTESIAN_POINT('',(6.1,-4.3,-21.));
#4509 = VECTOR('',#4510,1.);
#4510 = DIRECTION('',(-1.E-16,-5.6E-16,-1.));
#4511 = ORIENTED_EDGE('',*,*,#4512,.T.);
#4512 = EDGE_CURVE('',#4505,#1745,#4513,.T.);
#4513 = ELLIPSE('',#4514,35.355339059327,25.);
#4514 = AXIS2_PLACEMENT_3D('',#4515,#4516,#4517);
#4515 = CARTESIAN_POINT('',(0.,-10.4,-4.77E-15));
#4516 = DIRECTION('',(-0.707106781187,0.707106781187,-2.4E-16));
#4517 = DIRECTION('',(0.707106781187,0.707106781187,5.6E-16));
#4518 = ORIENTED_EDGE('',*,*,#1753,.F.);
#4519 = PLANE('',#4520);
#4520 = AXIS2_PLACEMENT_3D('',#4521,#4522,#4523);
#4521 = CARTESIAN_POINT('',(6.1,-4.3,-21.));
#4522 = DIRECTION('',(-0.707106781187,0.707106781187,-3.271067811865E-16
    ));
#4523 = DIRECTION('',(-0.707106781187,-0.707106781187,4.671067811865E-16
    ));
#4524 = ADVANCED_FACE('',(#4525),#4553,.F.);
#4525 = FACE_BOUND('',#4526,.F.);
#4526 = EDGE_LOOP('',(#4527,#4528,#4529,#4538,#4547));
#4527 = ORIENTED_EDGE('',*,*,#3741,.F.);
#4528 = ORIENTED_EDGE('',*,*,#1727,.T.);
#4529 = ORIENTED_EDGE('',*,*,#4530,.T.);
#4530 = EDGE_CURVE('',#1728,#4531,#4533,.T.);
#4531 = VERTEX_POINT('',#4532);
#4532 = CARTESIAN_POINT('',(-8.E-15,-6.8,-25.));
#4533 = ELLIPSE('',#4534,35.355339059327,25.);
#4534 = AXIS2_PLACEMENT_3D('',#4535,#4536,#4537);
#4535 = CARTESIAN_POINT('',(0.,-6.8,-3.97E-15));
#4536 = DIRECTION('',(0.707106781187,-0.707106781187,2.4E-16));
#4537 = DIRECTION('',(0.707106781187,0.707106781187,5.6E-16));
#4538 = ORIENTED_EDGE('',*,*,#4539,.T.);
#4539 = EDGE_CURVE('',#4531,#4540,#4542,.T.);
#4540 = VERTEX_POINT('',#4541);
#4541 = CARTESIAN_POINT('',(2.5,-4.3,-24.87468592766));
#4542 = ELLIPSE('',#4543,35.355339059327,25.);
#4543 = AXIS2_PLACEMENT_3D('',#4544,#4545,#4546);
#4544 = CARTESIAN_POINT('',(0.,-6.8,-3.97E-15));
#4545 = DIRECTION('',(0.707106781187,-0.707106781187,2.4E-16));
#4546 = DIRECTION('',(0.707106781187,0.707106781187,5.6E-16));
#4547 = ORIENTED_EDGE('',*,*,#4548,.F.);
#4548 = EDGE_CURVE('',#3742,#4540,#4549,.T.);
#4549 = LINE('',#4550,#4551);
#4550 = CARTESIAN_POINT('',(2.5,-4.3,-21.));
#4551 = VECTOR('',#4552,1.);
#4552 = DIRECTION('',(-1.E-16,-5.6E-16,-1.));
#4553 = PLANE('',#4554);
#4554 = AXIS2_PLACEMENT_3D('',#4555,#4556,#4557);
#4555 = CARTESIAN_POINT('',(-1.8,-8.6,-21.));
#4556 = DIRECTION('',(0.707106781187,-0.707106781187,3.271067811865E-16)
  );
#4557 = DIRECTION('',(0.707106781187,0.707106781187,-4.671067811865E-16)
  );
#4558 = ADVANCED_FACE('',(#4559),#4578,.F.);
#4559 = FACE_BOUND('',#4560,.F.);
#4560 = EDGE_LOOP('',(#4561,#4562,#4570,#4577));
#4561 = ORIENTED_EDGE('',*,*,#3733,.F.);
#4562 = ORIENTED_EDGE('',*,*,#4563,.T.);
#4563 = EDGE_CURVE('',#3725,#4564,#4566,.T.);
#4564 = VERTEX_POINT('',#4565);
#4565 = CARTESIAN_POINT('',(-1.690480933505,-4.3,-24.9427800017));
#4566 = LINE('',#4567,#4568);
#4567 = CARTESIAN_POINT('',(-0.687912132473,-4.3,-21.85719050788));
#4568 = VECTOR('',#4569,1.);
#4569 = DIRECTION('',(-0.309016994375,-5.714415897999E-16,
    -0.951056516295));
#4570 = ORIENTED_EDGE('',*,*,#4571,.T.);
#4571 = EDGE_CURVE('',#4564,#1702,#4572,.T.);
#4572 = ELLIPSE('',#4573,35.355339059327,25.);
#4573 = AXIS2_PLACEMENT_3D('',#4574,#4575,#4576);
#4574 = CARTESIAN_POINT('',(0.,-10.4,-4.77E-15));
#4575 = DIRECTION('',(-0.672498511964,0.707106781187,0.218508012224));
#4576 = DIRECTION('',(0.672498511964,0.707106781187,-0.218508012224));
#4577 = ORIENTED_EDGE('',*,*,#1710,.F.);
#4578 = PLANE('',#4579);
#4579 = AXIS2_PLACEMENT_3D('',#4580,#4581,#4582);
#4580 = CARTESIAN_POINT('',(-0.687912132473,-4.3,-21.85719050788));
#4581 = DIRECTION('',(-0.672498511964,0.707106781187,0.218508012224));
#4582 = DIRECTION('',(-0.672498511964,-0.707106781187,0.218508012224));
#4583 = ADVANCED_FACE('',(#4584),#4612,.F.);
#4584 = FACE_BOUND('',#4585,.F.);
#4585 = EDGE_LOOP('',(#4586,#4587,#4588,#4597,#4606));
#4586 = ORIENTED_EDGE('',*,*,#3622,.F.);
#4587 = ORIENTED_EDGE('',*,*,#1684,.T.);
#4588 = ORIENTED_EDGE('',*,*,#4589,.T.);
#4589 = EDGE_CURVE('',#1685,#4590,#4592,.T.);
#4590 = VERTEX_POINT('',#4591);
#4591 = CARTESIAN_POINT('',(-7.725424859374,-6.8,-23.77641290737));
#4592 = ELLIPSE('',#4593,35.355339059327,25.);
#4593 = AXIS2_PLACEMENT_3D('',#4594,#4595,#4596);
#4594 = CARTESIAN_POINT('',(0.,-6.8,-3.97E-15));
#4595 = DIRECTION('',(0.672498511964,-0.707106781187,-0.218508012224));
#4596 = DIRECTION('',(0.672498511964,0.707106781187,-0.218508012224));
#4597 = ORIENTED_EDGE('',*,*,#4598,.T.);
#4598 = EDGE_CURVE('',#4590,#4599,#4601,.T.);
#4599 = VERTEX_POINT('',#4600);
#4600 = CARTESIAN_POINT('',(-5.30905939065,-4.3,-24.42977462823));
#4601 = ELLIPSE('',#4602,35.355339059327,25.);
#4602 = AXIS2_PLACEMENT_3D('',#4603,#4604,#4605);
#4603 = CARTESIAN_POINT('',(0.,-6.8,-3.97E-15));
#4604 = DIRECTION('',(0.672498511964,-0.707106781187,-0.218508012224));
#4605 = DIRECTION('',(0.672498511964,0.707106781187,-0.218508012224));
#4606 = ORIENTED_EDGE('',*,*,#4607,.F.);
#4607 = EDGE_CURVE('',#3623,#4599,#4608,.T.);
#4608 = LINE('',#4609,#4610);
#4609 = CARTESIAN_POINT('',(-4.111715591136,-4.3,-20.74472932813));
#4610 = VECTOR('',#4611,1.);
#4611 = DIRECTION('',(-0.309016994375,-5.714415897999E-16,
    -0.951056516295));
#4612 = PLANE('',#4613);
#4613 = AXIS2_PLACEMENT_3D('',#4614,#4615,#4616);
#4614 = CARTESIAN_POINT('',(-8.201258611205,-8.6,-19.41595625232));
#4615 = DIRECTION('',(0.672498511964,-0.707106781187,-0.218508012224));
#4616 = DIRECTION('',(0.672498511964,0.707106781187,-0.218508012224));
#4617 = ADVANCED_FACE('',(#4618),#4637,.F.);
#4618 = FACE_BOUND('',#4619,.F.);
#4619 = EDGE_LOOP('',(#4620,#4621,#4629,#4636));
#4620 = ORIENTED_EDGE('',*,*,#3614,.F.);
#4621 = ORIENTED_EDGE('',*,*,#4622,.T.);
#4622 = EDGE_CURVE('',#3606,#4623,#4625,.T.);
#4623 = VERTEX_POINT('',#4624);
#4624 = CARTESIAN_POINT('',(-9.315485814965,-4.3,-23.19960611801));
#4625 = LINE('',#4626,#4627);
#4626 = CARTESIAN_POINT('',(-7.408486632455,-4.3,-20.57484692085));
#4627 = VECTOR('',#4628,1.);
#4628 = DIRECTION('',(-0.587785252292,-1.549081361062E-16,
    -0.809016994375));
#4629 = ORIENTED_EDGE('',*,*,#4630,.T.);
#4630 = EDGE_CURVE('',#4623,#1659,#4631,.T.);
#4631 = ELLIPSE('',#4632,35.355339059327,25.);
#4632 = AXIS2_PLACEMENT_3D('',#4633,#4634,#4635);
#4633 = CARTESIAN_POINT('',(0.,-10.4,-4.77E-15));
#4634 = DIRECTION('',(-0.572061402818,0.707106781187,0.415626937777));
#4635 = DIRECTION('',(0.572061402818,0.707106781187,-0.415626937777));
#4636 = ORIENTED_EDGE('',*,*,#1667,.F.);
#4637 = PLANE('',#4638);
#4638 = AXIS2_PLACEMENT_3D('',#4639,#4640,#4641);
#4639 = CARTESIAN_POINT('',(-7.408486632455,-4.3,-20.57484692085));
#4640 = DIRECTION('',(-0.572061402818,0.707106781187,0.415626937777));
#4641 = DIRECTION('',(-0.572061402818,-0.707106781187,0.415626937777));
#4642 = ADVANCED_FACE('',(#4643),#4671,.F.);
#4643 = FACE_BOUND('',#4644,.F.);
#4644 = EDGE_LOOP('',(#4645,#4646,#4647,#4656,#4665));
#4645 = ORIENTED_EDGE('',*,*,#3503,.F.);
#4646 = ORIENTED_EDGE('',*,*,#1641,.T.);
#4647 = ORIENTED_EDGE('',*,*,#4648,.T.);
#4648 = EDGE_CURVE('',#1642,#4649,#4651,.T.);
#4649 = VERTEX_POINT('',#4650);
#4650 = CARTESIAN_POINT('',(-14.69463130731,-6.8,-20.22542485937));
#4651 = ELLIPSE('',#4652,35.355339059327,25.);
#4652 = AXIS2_PLACEMENT_3D('',#4653,#4654,#4655);
#4653 = CARTESIAN_POINT('',(0.,-6.8,-3.97E-15));
#4654 = DIRECTION('',(0.572061402818,-0.707106781187,-0.415626937777));
#4655 = DIRECTION('',(0.572061402818,0.707106781187,-0.415626937777));
#4656 = ORIENTED_EDGE('',*,*,#4657,.T.);
#4657 = EDGE_CURVE('',#4649,#4658,#4660,.T.);
#4658 = VERTEX_POINT('',#4659);
#4659 = CARTESIAN_POINT('',(-12.59843105775,-4.3,-21.59350677595));
#4660 = ELLIPSE('',#4661,35.355339059327,25.);
#4661 = AXIS2_PLACEMENT_3D('',#4662,#4663,#4664);
#4662 = CARTESIAN_POINT('',(0.,-6.8,-3.97E-15));
#4663 = DIRECTION('',(0.572061402818,-0.707106781187,-0.415626937777));
#4664 = DIRECTION('',(0.572061402818,0.707106781187,-0.415626937777));
#4665 = ORIENTED_EDGE('',*,*,#4666,.F.);
#4666 = EDGE_CURVE('',#3504,#4658,#4667,.T.);
#4667 = LINE('',#4668,#4669);
#4668 = CARTESIAN_POINT('',(-10.3209478122,-4.3,-18.4588200126));
#4669 = VECTOR('',#4670,1.);
#4670 = DIRECTION('',(-0.587785252292,-1.549081361062E-16,
    -0.809016994375));
#4671 = PLANE('',#4672);
#4672 = AXIS2_PLACEMENT_3D('',#4673,#4674,#4675);
#4673 = CARTESIAN_POINT('',(-13.79972088801,-8.6,-15.93134342774));
#4674 = DIRECTION('',(0.572061402818,-0.707106781187,-0.415626937777));
#4675 = DIRECTION('',(0.572061402818,0.707106781187,-0.415626937777));
#4676 = ADVANCED_FACE('',(#4677),#4696,.F.);
#4677 = FACE_BOUND('',#4678,.F.);
#4678 = EDGE_LOOP('',(#4679,#4680,#4688,#4695));
#4679 = ORIENTED_EDGE('',*,*,#3495,.F.);
#4680 = ORIENTED_EDGE('',*,*,#4681,.T.);
#4681 = EDGE_CURVE('',#3487,#4682,#4684,.T.);
#4682 = VERTEX_POINT('',#4683);
#4683 = CARTESIAN_POINT('',(-16.02862604005,-4.3,-19.18549314633));
#4684 = LINE('',#4685,#4686);
#4685 = CARTESIAN_POINT('',(-13.40386684289,-4.3,-17.27849396382));
#4686 = VECTOR('',#4687,1.);
#4687 = DIRECTION('',(-0.809016994375,3.330669073875E-16,-0.587785252292
    ));
#4688 = ORIENTED_EDGE('',*,*,#4689,.T.);
#4689 = EDGE_CURVE('',#4682,#1616,#4690,.T.);
#4690 = ELLIPSE('',#4691,35.355339059327,25.);
#4691 = AXIS2_PLACEMENT_3D('',#4692,#4693,#4694);
#4692 = CARTESIAN_POINT('',(0.,-10.4,-4.77E-15));
#4693 = DIRECTION('',(-0.415626937777,0.707106781187,0.572061402818));
#4694 = DIRECTION('',(0.415626937777,0.707106781187,-0.572061402818));
#4695 = ORIENTED_EDGE('',*,*,#1624,.F.);
#4696 = PLANE('',#4697);
#4697 = AXIS2_PLACEMENT_3D('',#4698,#4699,#4700);
#4698 = CARTESIAN_POINT('',(-13.40386684289,-4.3,-17.27849396382));
#4699 = DIRECTION('',(-0.415626937777,0.707106781187,0.572061402818));
#4700 = DIRECTION('',(-0.415626937777,-0.707106781187,0.572061402818));
#4701 = ADVANCED_FACE('',(#4702),#4730,.F.);
#4702 = FACE_BOUND('',#4703,.F.);
#4703 = EDGE_LOOP('',(#4704,#4705,#4706,#4715,#4724));
#4704 = ORIENTED_EDGE('',*,*,#3384,.F.);
#4705 = ORIENTED_EDGE('',*,*,#1598,.T.);
#4706 = ORIENTED_EDGE('',*,*,#4707,.T.);
#4707 = EDGE_CURVE('',#1599,#4708,#4710,.T.);
#4708 = VERTEX_POINT('',#4709);
#4709 = CARTESIAN_POINT('',(-20.22542485937,-6.8,-14.69463130731));
#4710 = ELLIPSE('',#4711,35.355339059327,25.);
#4711 = AXIS2_PLACEMENT_3D('',#4712,#4713,#4714);
#4712 = CARTESIAN_POINT('',(0.,-6.8,-3.97E-15));
#4713 = DIRECTION('',(0.415626937777,-0.707106781187,-0.572061402818));
#4714 = DIRECTION('',(0.415626937777,0.707106781187,-0.572061402818));
#4715 = ORIENTED_EDGE('',*,*,#4716,.T.);
#4716 = EDGE_CURVE('',#4708,#4717,#4719,.T.);
#4717 = VERTEX_POINT('',#4718);
#4718 = CARTESIAN_POINT('',(-18.65458051449,-4.3,-16.64351602962));
#4719 = ELLIPSE('',#4720,35.355339059327,25.);
#4720 = AXIS2_PLACEMENT_3D('',#4721,#4722,#4723);
#4721 = CARTESIAN_POINT('',(0.,-6.8,-3.97E-15));
#4722 = DIRECTION('',(0.415626937777,-0.707106781187,-0.572061402818));
#4723 = DIRECTION('',(0.415626937777,0.707106781187,-0.572061402818));
#4724 = ORIENTED_EDGE('',*,*,#4725,.F.);
#4725 = EDGE_CURVE('',#3385,#4717,#4726,.T.);
#4726 = LINE('',#4727,#4728);
#4727 = CARTESIAN_POINT('',(-15.51989375114,-4.3,-14.36603278407));
#4728 = VECTOR('',#4729,1.);
#4729 = DIRECTION('',(-0.809016994375,3.330669073875E-16,-0.587785252292
    ));
#4730 = PLANE('',#4731);
#4731 = AXIS2_PLACEMENT_3D('',#4732,#4733,#4734);
#4732 = CARTESIAN_POINT('',(-18.047370336,-8.6,-10.88725970826));
#4733 = DIRECTION('',(0.415626937777,-0.707106781187,-0.572061402818));
#4734 = DIRECTION('',(0.415626937777,0.707106781187,-0.572061402818));
#4735 = ADVANCED_FACE('',(#4736),#4755,.F.);
#4736 = FACE_BOUND('',#4737,.F.);
#4737 = EDGE_LOOP('',(#4738,#4739,#4747,#4754));
#4738 = ORIENTED_EDGE('',*,*,#3376,.F.);
#4739 = ORIENTED_EDGE('',*,*,#4740,.T.);
#4740 = EDGE_CURVE('',#3368,#4741,#4743,.T.);
#4741 = VERTEX_POINT('',#4742);
#4742 = CARTESIAN_POINT('',(-21.17277267033,-4.3,-13.2933704323));
#4743 = LINE('',#4744,#4745);
#4744 = CARTESIAN_POINT('',(-18.08718317651,-4.3,-12.29080163127));
#4745 = VECTOR('',#4746,1.);
#4746 = DIRECTION('',(-0.951056516295,7.216449660064E-16,-0.309016994375
    ));
#4747 = ORIENTED_EDGE('',*,*,#4748,.T.);
#4748 = EDGE_CURVE('',#4741,#1573,#4749,.T.);
#4749 = ELLIPSE('',#4750,35.355339059327,25.);
#4750 = AXIS2_PLACEMENT_3D('',#4751,#4752,#4753);
#4751 = CARTESIAN_POINT('',(0.,-10.4,-4.77E-15));
#4752 = DIRECTION('',(-0.218508012224,0.707106781187,0.672498511964));
#4753 = DIRECTION('',(0.218508012224,0.707106781187,-0.672498511964));
#4754 = ORIENTED_EDGE('',*,*,#1581,.F.);
#4755 = PLANE('',#4756);
#4756 = AXIS2_PLACEMENT_3D('',#4757,#4758,#4759);
#4757 = CARTESIAN_POINT('',(-18.08718317651,-4.3,-12.29080163127));
#4758 = DIRECTION('',(-0.218508012224,0.707106781187,0.672498511964));
#4759 = DIRECTION('',(-0.218508012224,-0.707106781187,0.672498511964));
#4760 = ADVANCED_FACE('',(#4761),#4789,.F.);
#4761 = FACE_BOUND('',#4762,.F.);
#4762 = EDGE_LOOP('',(#4763,#4764,#4765,#4774,#4783));
#4763 = ORIENTED_EDGE('',*,*,#3265,.F.);
#4764 = ORIENTED_EDGE('',*,*,#1555,.T.);
#4765 = ORIENTED_EDGE('',*,*,#4766,.T.);
#4766 = EDGE_CURVE('',#1556,#4767,#4769,.T.);
#4767 = VERTEX_POINT('',#4768);
#4768 = CARTESIAN_POINT('',(-23.77641290737,-6.8,-7.725424859374));
#4769 = ELLIPSE('',#4770,35.355339059327,25.);
#4770 = AXIS2_PLACEMENT_3D('',#4771,#4772,#4773);
#4771 = CARTESIAN_POINT('',(0.,-6.8,-3.97E-15));
#4772 = DIRECTION('',(0.218508012224,-0.707106781187,-0.672498511964));
#4773 = DIRECTION('',(0.218508012224,0.707106781187,-0.672498511964));
#4774 = ORIENTED_EDGE('',*,*,#4775,.T.);
#4775 = EDGE_CURVE('',#4767,#4776,#4778,.T.);
#4776 = VERTEX_POINT('',#4777);
#4777 = CARTESIAN_POINT('',(-22.88468965636,-4.3,-10.06434197212));
#4778 = ELLIPSE('',#4779,35.355339059327,25.);
#4779 = AXIS2_PLACEMENT_3D('',#4780,#4781,#4782);
#4780 = CARTESIAN_POINT('',(0.,-6.8,-3.97E-15));
#4781 = DIRECTION('',(0.218508012224,-0.707106781187,-0.672498511964));
#4782 = DIRECTION('',(0.218508012224,0.707106781187,-0.672498511964));
#4783 = ORIENTED_EDGE('',*,*,#4784,.F.);
#4784 = EDGE_CURVE('',#3266,#4776,#4785,.T.);
#4785 = LINE('',#4786,#4787);
#4786 = CARTESIAN_POINT('',(-19.19964435626,-4.3,-8.866998172612));
#4787 = VECTOR('',#4788,1.);
#4788 = DIRECTION('',(-0.951056516295,7.216449660064E-16,-0.309016994375
    ));
#4789 = PLANE('',#4790);
#4790 = AXIS2_PLACEMENT_3D('',#4791,#4792,#4793);
#4791 = CARTESIAN_POINT('',(-20.52841743207,-8.6,-4.777455152543));
#4792 = DIRECTION('',(0.218508012224,-0.707106781187,-0.672498511964));
#4793 = DIRECTION('',(0.218508012224,0.707106781187,-0.672498511964));
#4794 = ADVANCED_FACE('',(#4795),#4814,.F.);
#4795 = FACE_BOUND('',#4796,.F.);
#4796 = EDGE_LOOP('',(#4797,#4798,#4806,#4813));
#4797 = ORIENTED_EDGE('',*,*,#3257,.F.);
#4798 = ORIENTED_EDGE('',*,*,#4799,.T.);
#4799 = EDGE_CURVE('',#3249,#4800,#4802,.T.);
#4800 = VERTEX_POINT('',#4801);
#4801 = CARTESIAN_POINT('',(-24.24438079225,-4.3,-6.1));
#4802 = LINE('',#4803,#4804);
#4803 = CARTESIAN_POINT('',(-21.,-4.3,-6.1));
#4804 = VECTOR('',#4805,1.);
#4805 = DIRECTION('',(-1.,2.2E-16,-4.4E-16));
#4806 = ORIENTED_EDGE('',*,*,#4807,.T.);
#4807 = EDGE_CURVE('',#4800,#1530,#4808,.T.);
#4808 = ELLIPSE('',#4809,35.355339059327,25.);
#4809 = AXIS2_PLACEMENT_3D('',#4810,#4811,#4812);
#4810 = CARTESIAN_POINT('',(0.,-10.4,-4.77E-15));
#4811 = DIRECTION('',(-1.6E-16,0.707106781187,0.707106781187));
#4812 = DIRECTION('',(1.6E-16,0.707106781187,-0.707106781187));
#4813 = ORIENTED_EDGE('',*,*,#1538,.F.);
#4814 = PLANE('',#4815);
#4815 = AXIS2_PLACEMENT_3D('',#4816,#4817,#4818);
#4816 = CARTESIAN_POINT('',(-21.,-4.3,-6.1));
#4817 = DIRECTION('',(-1.6E-16,0.707106781187,0.707106781187));
#4818 = DIRECTION('',(-4.7E-16,-0.707106781187,0.707106781187));
#4819 = ADVANCED_FACE('',(#4820),#4848,.F.);
#4820 = FACE_BOUND('',#4821,.F.);
#4821 = EDGE_LOOP('',(#4822,#4823,#4824,#4833,#4842));
#4822 = ORIENTED_EDGE('',*,*,#3146,.F.);
#4823 = ORIENTED_EDGE('',*,*,#1512,.T.);
#4824 = ORIENTED_EDGE('',*,*,#4825,.T.);
#4825 = EDGE_CURVE('',#1513,#4826,#4828,.T.);
#4826 = VERTEX_POINT('',#4827);
#4827 = CARTESIAN_POINT('',(-25.,-6.8,-1.E-14));
#4828 = ELLIPSE('',#4829,35.355339059327,25.);
#4829 = AXIS2_PLACEMENT_3D('',#4830,#4831,#4832);
#4830 = CARTESIAN_POINT('',(0.,-6.8,-3.97E-15));
#4831 = DIRECTION('',(1.6E-16,-0.707106781187,-0.707106781187));
#4832 = DIRECTION('',(1.6E-16,0.707106781187,-0.707106781187));
#4833 = ORIENTED_EDGE('',*,*,#4834,.T.);
#4834 = EDGE_CURVE('',#4826,#4835,#4837,.T.);
#4835 = VERTEX_POINT('',#4836);
#4836 = CARTESIAN_POINT('',(-24.87468592766,-4.3,-2.5));
#4837 = ELLIPSE('',#4838,35.355339059327,25.);
#4838 = AXIS2_PLACEMENT_3D('',#4839,#4840,#4841);
#4839 = CARTESIAN_POINT('',(0.,-6.8,-3.97E-15));
#4840 = DIRECTION('',(1.6E-16,-0.707106781187,-0.707106781187));
#4841 = DIRECTION('',(1.6E-16,0.707106781187,-0.707106781187));
#4842 = ORIENTED_EDGE('',*,*,#4843,.F.);
#4843 = EDGE_CURVE('',#3147,#4835,#4844,.T.);
#4844 = LINE('',#4845,#4846);
#4845 = CARTESIAN_POINT('',(-21.,-4.3,-2.5));
#4846 = VECTOR('',#4847,1.);
#4847 = DIRECTION('',(-1.,2.2E-16,-4.4E-16));
#4848 = PLANE('',#4849);
#4849 = AXIS2_PLACEMENT_3D('',#4850,#4851,#4852);
#4850 = CARTESIAN_POINT('',(-21.,-8.6,1.8));
#4851 = DIRECTION('',(1.6E-16,-0.707106781187,-0.707106781187));
#4852 = DIRECTION('',(4.7E-16,0.707106781187,-0.707106781187));
#4853 = ADVANCED_FACE('',(#4854),#4873,.F.);
#4854 = FACE_BOUND('',#4855,.F.);
#4855 = EDGE_LOOP('',(#4856,#4857,#4865,#4872));
#4856 = ORIENTED_EDGE('',*,*,#3138,.F.);
#4857 = ORIENTED_EDGE('',*,*,#4858,.T.);
#4858 = EDGE_CURVE('',#3130,#4859,#4861,.T.);
#4859 = VERTEX_POINT('',#4860);
#4860 = CARTESIAN_POINT('',(-24.9427800017,-4.3,1.690480933505));
#4861 = LINE('',#4862,#4863);
#4862 = CARTESIAN_POINT('',(-21.85719050788,-4.3,0.687912132473));
#4863 = VECTOR('',#4864,1.);
#4864 = DIRECTION('',(-0.951056516295,-3.330669073875E-16,0.309016994375
    ));
#4865 = ORIENTED_EDGE('',*,*,#4866,.T.);
#4866 = EDGE_CURVE('',#4859,#1487,#4867,.T.);
#4867 = ELLIPSE('',#4868,35.355339059327,25.);
#4868 = AXIS2_PLACEMENT_3D('',#4869,#4870,#4871);
#4869 = CARTESIAN_POINT('',(0.,-10.4,-4.77E-15));
#4870 = DIRECTION('',(0.218508012224,0.707106781187,0.672498511964));
#4871 = DIRECTION('',(-0.218508012224,0.707106781187,-0.672498511964));
#4872 = ORIENTED_EDGE('',*,*,#1495,.F.);
#4873 = PLANE('',#4874);
#4874 = AXIS2_PLACEMENT_3D('',#4875,#4876,#4877);
#4875 = CARTESIAN_POINT('',(-21.85719050788,-4.3,0.687912132473));
#4876 = DIRECTION('',(0.218508012224,0.707106781187,0.672498511964));
#4877 = DIRECTION('',(0.218508012224,-0.707106781187,0.672498511964));
#4878 = ADVANCED_FACE('',(#4879),#4907,.F.);
#4879 = FACE_BOUND('',#4880,.F.);
#4880 = EDGE_LOOP('',(#4881,#4882,#4883,#4892,#4901));
#4881 = ORIENTED_EDGE('',*,*,#3027,.F.);
#4882 = ORIENTED_EDGE('',*,*,#1469,.T.);
#4883 = ORIENTED_EDGE('',*,*,#4884,.T.);
#4884 = EDGE_CURVE('',#1470,#4885,#4887,.T.);
#4885 = VERTEX_POINT('',#4886);
#4886 = CARTESIAN_POINT('',(-23.77641290737,-6.8,7.725424859374));
#4887 = ELLIPSE('',#4888,35.355339059327,25.);
#4888 = AXIS2_PLACEMENT_3D('',#4889,#4890,#4891);
#4889 = CARTESIAN_POINT('',(0.,-6.8,-3.97E-15));
#4890 = DIRECTION('',(-0.218508012224,-0.707106781187,-0.672498511964));
#4891 = DIRECTION('',(-0.218508012224,0.707106781187,-0.672498511964));
#4892 = ORIENTED_EDGE('',*,*,#4893,.T.);
#4893 = EDGE_CURVE('',#4885,#4894,#4896,.T.);
#4894 = VERTEX_POINT('',#4895);
#4895 = CARTESIAN_POINT('',(-24.42977462823,-4.3,5.30905939065));
#4896 = ELLIPSE('',#4897,35.355339059327,25.);
#4897 = AXIS2_PLACEMENT_3D('',#4898,#4899,#4900);
#4898 = CARTESIAN_POINT('',(0.,-6.8,-3.97E-15));
#4899 = DIRECTION('',(-0.218508012224,-0.707106781187,-0.672498511964));
#4900 = DIRECTION('',(-0.218508012224,0.707106781187,-0.672498511964));
#4901 = ORIENTED_EDGE('',*,*,#4902,.F.);
#4902 = EDGE_CURVE('',#3028,#4894,#4903,.T.);
#4903 = LINE('',#4904,#4905);
#4904 = CARTESIAN_POINT('',(-20.74472932813,-4.3,4.111715591136));
#4905 = VECTOR('',#4906,1.);
#4906 = DIRECTION('',(-0.951056516295,-3.330669073875E-16,0.309016994375
    ));
#4907 = PLANE('',#4908);
#4908 = AXIS2_PLACEMENT_3D('',#4909,#4910,#4911);
#4909 = CARTESIAN_POINT('',(-19.41595625232,-8.6,8.201258611205));
#4910 = DIRECTION('',(-0.218508012224,-0.707106781187,-0.672498511964));
#4911 = DIRECTION('',(-0.218508012224,0.707106781187,-0.672498511964));
#4912 = ADVANCED_FACE('',(#4913),#4932,.F.);
#4913 = FACE_BOUND('',#4914,.F.);
#4914 = EDGE_LOOP('',(#4915,#4916,#4924,#4931));
#4915 = ORIENTED_EDGE('',*,*,#3019,.F.);
#4916 = ORIENTED_EDGE('',*,*,#4917,.T.);
#4917 = EDGE_CURVE('',#3011,#4918,#4920,.T.);
#4918 = VERTEX_POINT('',#4919);
#4919 = CARTESIAN_POINT('',(-23.19960611801,-4.3,9.315485814965));
#4920 = LINE('',#4921,#4922);
#4921 = CARTESIAN_POINT('',(-20.57484692085,-4.3,7.408486632455));
#4922 = VECTOR('',#4923,1.);
#4923 = DIRECTION('',(-0.809016994375,-1.665334536938E-16,0.587785252292
    ));
#4924 = ORIENTED_EDGE('',*,*,#4925,.T.);
#4925 = EDGE_CURVE('',#4918,#1444,#4926,.T.);
#4926 = ELLIPSE('',#4927,35.355339059327,25.);
#4927 = AXIS2_PLACEMENT_3D('',#4928,#4929,#4930);
#4928 = CARTESIAN_POINT('',(0.,-10.4,-4.77E-15));
#4929 = DIRECTION('',(0.415626937777,0.707106781187,0.572061402818));
#4930 = DIRECTION('',(-0.415626937777,0.707106781187,-0.572061402818));
#4931 = ORIENTED_EDGE('',*,*,#1452,.F.);
#4932 = PLANE('',#4933);
#4933 = AXIS2_PLACEMENT_3D('',#4934,#4935,#4936);
#4934 = CARTESIAN_POINT('',(-20.57484692085,-4.3,7.408486632455));
#4935 = DIRECTION('',(0.415626937777,0.707106781187,0.572061402818));
#4936 = DIRECTION('',(0.415626937777,-0.707106781187,0.572061402818));
#4937 = ADVANCED_FACE('',(#4938),#4966,.F.);
#4938 = FACE_BOUND('',#4939,.F.);
#4939 = EDGE_LOOP('',(#4940,#4941,#4942,#4951,#4960));
#4940 = ORIENTED_EDGE('',*,*,#2908,.F.);
#4941 = ORIENTED_EDGE('',*,*,#1426,.T.);
#4942 = ORIENTED_EDGE('',*,*,#4943,.T.);
#4943 = EDGE_CURVE('',#1427,#4944,#4946,.T.);
#4944 = VERTEX_POINT('',#4945);
#4945 = CARTESIAN_POINT('',(-20.22542485937,-6.8,14.694631307312));
#4946 = ELLIPSE('',#4947,35.355339059327,25.);
#4947 = AXIS2_PLACEMENT_3D('',#4948,#4949,#4950);
#4948 = CARTESIAN_POINT('',(0.,-6.8,-3.97E-15));
#4949 = DIRECTION('',(-0.415626937777,-0.707106781187,-0.572061402818));
#4950 = DIRECTION('',(-0.415626937777,0.707106781187,-0.572061402818));
#4951 = ORIENTED_EDGE('',*,*,#4952,.T.);
#4952 = EDGE_CURVE('',#4944,#4953,#4955,.T.);
#4953 = VERTEX_POINT('',#4954);
#4954 = CARTESIAN_POINT('',(-21.59350677595,-4.3,12.598431057752));
#4955 = ELLIPSE('',#4956,35.355339059327,25.);
#4956 = AXIS2_PLACEMENT_3D('',#4957,#4958,#4959);
#4957 = CARTESIAN_POINT('',(0.,-6.8,-3.97E-15));
#4958 = DIRECTION('',(-0.415626937777,-0.707106781187,-0.572061402818));
#4959 = DIRECTION('',(-0.415626937777,0.707106781187,-0.572061402818));
#4960 = ORIENTED_EDGE('',*,*,#4961,.F.);
#4961 = EDGE_CURVE('',#2909,#4953,#4962,.T.);
#4962 = LINE('',#4963,#4964);
#4963 = CARTESIAN_POINT('',(-18.4588200126,-4.3,10.320947812205));
#4964 = VECTOR('',#4965,1.);
#4965 = DIRECTION('',(-0.809016994375,-1.665334536938E-16,0.587785252292
    ));
#4966 = PLANE('',#4967);
#4967 = AXIS2_PLACEMENT_3D('',#4968,#4969,#4970);
#4968 = CARTESIAN_POINT('',(-15.93134342774,-8.6,13.799720888017));
#4969 = DIRECTION('',(-0.415626937777,-0.707106781187,-0.572061402818));
#4970 = DIRECTION('',(-0.415626937777,0.707106781187,-0.572061402818));
#4971 = ADVANCED_FACE('',(#4972),#4991,.F.);
#4972 = FACE_BOUND('',#4973,.F.);
#4973 = EDGE_LOOP('',(#4974,#4975,#4983,#4990));
#4974 = ORIENTED_EDGE('',*,*,#2900,.F.);
#4975 = ORIENTED_EDGE('',*,*,#4976,.T.);
#4976 = EDGE_CURVE('',#2892,#4977,#4979,.T.);
#4977 = VERTEX_POINT('',#4978);
#4978 = CARTESIAN_POINT('',(-19.18549314633,-4.3,16.02862604005));
#4979 = LINE('',#4980,#4981);
#4980 = CARTESIAN_POINT('',(-17.27849396382,-4.3,13.40386684289));
#4981 = VECTOR('',#4982,1.);
#4982 = DIRECTION('',(-0.587785252292,0.,0.809016994375));
#4983 = ORIENTED_EDGE('',*,*,#4984,.T.);
#4984 = EDGE_CURVE('',#4977,#1401,#4985,.T.);
#4985 = ELLIPSE('',#4986,35.355339059327,25.);
#4986 = AXIS2_PLACEMENT_3D('',#4987,#4988,#4989);
#4987 = CARTESIAN_POINT('',(0.,-10.4,-4.77E-15));
#4988 = DIRECTION('',(0.572061402818,0.707106781187,0.415626937777));
#4989 = DIRECTION('',(-0.572061402818,0.707106781187,-0.415626937777));
#4990 = ORIENTED_EDGE('',*,*,#1409,.F.);
#4991 = PLANE('',#4992);
#4992 = AXIS2_PLACEMENT_3D('',#4993,#4994,#4995);
#4993 = CARTESIAN_POINT('',(-17.27849396382,-4.3,13.40386684289));
#4994 = DIRECTION('',(0.572061402818,0.707106781187,0.415626937777));
#4995 = DIRECTION('',(0.572061402818,-0.707106781187,0.415626937777));
#4996 = ADVANCED_FACE('',(#4997),#5025,.F.);
#4997 = FACE_BOUND('',#4998,.F.);
#4998 = EDGE_LOOP('',(#4999,#5000,#5001,#5010,#5019));
#4999 = ORIENTED_EDGE('',*,*,#2789,.F.);
#5000 = ORIENTED_EDGE('',*,*,#1383,.T.);
#5001 = ORIENTED_EDGE('',*,*,#5002,.T.);
#5002 = EDGE_CURVE('',#1384,#5003,#5005,.T.);
#5003 = VERTEX_POINT('',#5004);
#5004 = CARTESIAN_POINT('',(-14.69463130731,-6.8,20.225424859374));
#5005 = ELLIPSE('',#5006,35.355339059327,25.);
#5006 = AXIS2_PLACEMENT_3D('',#5007,#5008,#5009);
#5007 = CARTESIAN_POINT('',(0.,-6.8,-3.97E-15));
#5008 = DIRECTION('',(-0.572061402818,-0.707106781187,-0.415626937777));
#5009 = DIRECTION('',(-0.572061402818,0.707106781187,-0.415626937777));
#5010 = ORIENTED_EDGE('',*,*,#5011,.T.);
#5011 = EDGE_CURVE('',#5003,#5012,#5014,.T.);
#5012 = VERTEX_POINT('',#5013);
#5013 = CARTESIAN_POINT('',(-16.64351602962,-4.3,18.65458051449));
#5014 = ELLIPSE('',#5015,35.355339059327,25.);
#5015 = AXIS2_PLACEMENT_3D('',#5016,#5017,#5018);
#5016 = CARTESIAN_POINT('',(0.,-6.8,-3.97E-15));
#5017 = DIRECTION('',(-0.572061402818,-0.707106781187,-0.415626937777));
#5018 = DIRECTION('',(-0.572061402818,0.707106781187,-0.415626937777));
#5019 = ORIENTED_EDGE('',*,*,#5020,.F.);
#5020 = EDGE_CURVE('',#2790,#5012,#5021,.T.);
#5021 = LINE('',#5022,#5023);
#5022 = CARTESIAN_POINT('',(-14.36603278407,-4.3,15.519893751143));
#5023 = VECTOR('',#5024,1.);
#5024 = DIRECTION('',(-0.587785252292,0.,0.809016994375));
#5025 = PLANE('',#5026);
#5026 = AXIS2_PLACEMENT_3D('',#5027,#5028,#5029);
#5027 = CARTESIAN_POINT('',(-10.88725970826,-8.6,18.047370336));
#5028 = DIRECTION('',(-0.572061402818,-0.707106781187,-0.415626937777));
#5029 = DIRECTION('',(-0.572061402818,0.707106781187,-0.415626937777));
#5030 = ADVANCED_FACE('',(#5031),#5050,.F.);
#5031 = FACE_BOUND('',#5032,.F.);
#5032 = EDGE_LOOP('',(#5033,#5034,#5042,#5049));
#5033 = ORIENTED_EDGE('',*,*,#2781,.F.);
#5034 = ORIENTED_EDGE('',*,*,#5035,.T.);
#5035 = EDGE_CURVE('',#2773,#5036,#5038,.T.);
#5036 = VERTEX_POINT('',#5037);
#5037 = CARTESIAN_POINT('',(-13.2933704323,-4.3,21.172772670331));
#5038 = LINE('',#5039,#5040);
#5039 = CARTESIAN_POINT('',(-12.29080163127,-4.3,18.087183176511));
#5040 = VECTOR('',#5041,1.);
#5041 = DIRECTION('',(-0.309016994375,-9.71445146547E-17,0.951056516295)
  );
#5042 = ORIENTED_EDGE('',*,*,#5043,.T.);
#5043 = EDGE_CURVE('',#5036,#1358,#5044,.T.);
#5044 = ELLIPSE('',#5045,35.355339059327,25.);
#5045 = AXIS2_PLACEMENT_3D('',#5046,#5047,#5048);
#5046 = CARTESIAN_POINT('',(0.,-10.4,-4.77E-15));
#5047 = DIRECTION('',(0.672498511964,0.707106781187,0.218508012224));
#5048 = DIRECTION('',(-0.672498511964,0.707106781187,-0.218508012224));
#5049 = ORIENTED_EDGE('',*,*,#1366,.F.);
#5050 = PLANE('',#5051);
#5051 = AXIS2_PLACEMENT_3D('',#5052,#5053,#5054);
#5052 = CARTESIAN_POINT('',(-12.29080163127,-4.3,18.087183176511));
#5053 = DIRECTION('',(0.672498511964,0.707106781187,0.218508012224));
#5054 = DIRECTION('',(0.672498511964,-0.707106781187,0.218508012224));
#5055 = ADVANCED_FACE('',(#5056),#5084,.F.);
#5056 = FACE_BOUND('',#5057,.F.);
#5057 = EDGE_LOOP('',(#5058,#5059,#5060,#5069,#5078));
#5058 = ORIENTED_EDGE('',*,*,#2650,.F.);
#5059 = ORIENTED_EDGE('',*,*,#1340,.T.);
#5060 = ORIENTED_EDGE('',*,*,#5061,.T.);
#5061 = EDGE_CURVE('',#1341,#5062,#5064,.T.);
#5062 = VERTEX_POINT('',#5063);
#5063 = CARTESIAN_POINT('',(-7.725424859374,-6.8,23.776412907379));
#5064 = ELLIPSE('',#5065,35.355339059327,25.);
#5065 = AXIS2_PLACEMENT_3D('',#5066,#5067,#5068);
#5066 = CARTESIAN_POINT('',(0.,-6.8,-3.97E-15));
#5067 = DIRECTION('',(-0.672498511964,-0.707106781187,-0.218508012224));
#5068 = DIRECTION('',(-0.672498511964,0.707106781187,-0.218508012224));
#5069 = ORIENTED_EDGE('',*,*,#5070,.T.);
#5070 = EDGE_CURVE('',#5062,#5071,#5073,.T.);
#5071 = VERTEX_POINT('',#5072);
#5072 = CARTESIAN_POINT('',(-10.06434197212,-4.3,22.884689656364));
#5073 = ELLIPSE('',#5074,35.355339059327,25.);
#5074 = AXIS2_PLACEMENT_3D('',#5075,#5076,#5077);
#5075 = CARTESIAN_POINT('',(0.,-6.8,-3.97E-15));
#5076 = DIRECTION('',(-0.672498511964,-0.707106781187,-0.218508012224));
#5077 = DIRECTION('',(-0.672498511964,0.707106781187,-0.218508012224));
#5078 = ORIENTED_EDGE('',*,*,#5079,.F.);
#5079 = EDGE_CURVE('',#2651,#5071,#5080,.T.);
#5080 = LINE('',#5081,#5082);
#5081 = CARTESIAN_POINT('',(-8.866998172612,-4.3,19.199644356261));
#5082 = VECTOR('',#5083,1.);
#5083 = DIRECTION('',(-0.309016994375,-9.71445146547E-17,0.951056516295)
  );
#5084 = PLANE('',#5085);
#5085 = AXIS2_PLACEMENT_3D('',#5086,#5087,#5088);
#5086 = CARTESIAN_POINT('',(-4.777455152543,-8.6,20.528417432073));
#5087 = DIRECTION('',(-0.672498511964,-0.707106781187,-0.218508012224));
#5088 = DIRECTION('',(-0.672498511964,0.707106781187,-0.218508012224));
#5089 = ADVANCED_FACE('',(#5090),#5109,.F.);
#5090 = FACE_BOUND('',#5091,.F.);
#5091 = EDGE_LOOP('',(#5092,#5093,#5101,#5108));
#5092 = ORIENTED_EDGE('',*,*,#2642,.F.);
#5093 = ORIENTED_EDGE('',*,*,#5094,.T.);
#5094 = EDGE_CURVE('',#2634,#5095,#5097,.T.);
#5095 = VERTEX_POINT('',#5096);
#5096 = CARTESIAN_POINT('',(-6.1,-4.3,24.244380792258));
#5097 = LINE('',#5098,#5099);
#5098 = CARTESIAN_POINT('',(-6.1,-4.3,21.));
#5099 = VECTOR('',#5100,1.);
#5100 = DIRECTION('',(0.,0.,1.));
#5101 = ORIENTED_EDGE('',*,*,#5102,.T.);
#5102 = EDGE_CURVE('',#5095,#1315,#5103,.T.);
#5103 = ELLIPSE('',#5104,35.355339059327,25.);
#5104 = AXIS2_PLACEMENT_3D('',#5105,#5106,#5107);
#5105 = CARTESIAN_POINT('',(0.,-10.4,-4.77E-15));
#5106 = DIRECTION('',(0.707106781187,0.707106781187,0.));
#5107 = DIRECTION('',(-0.707106781187,0.707106781187,3.1E-16));
#5108 = ORIENTED_EDGE('',*,*,#1323,.F.);
#5109 = PLANE('',#5110);
#5110 = AXIS2_PLACEMENT_3D('',#5111,#5112,#5113);
#5111 = CARTESIAN_POINT('',(-6.1,-4.3,21.));
#5112 = DIRECTION('',(0.707106781187,0.707106781187,0.));
#5113 = DIRECTION('',(0.707106781187,-0.707106781187,0.));
#5114 = ADVANCED_FACE('',(#5115),#5143,.F.);
#5115 = FACE_BOUND('',#5116,.F.);
#5116 = EDGE_LOOP('',(#5117,#5118,#5119,#5128,#5137));
#5117 = ORIENTED_EDGE('',*,*,#2532,.F.);
#5118 = ORIENTED_EDGE('',*,*,#1297,.T.);
#5119 = ORIENTED_EDGE('',*,*,#5120,.T.);
#5120 = EDGE_CURVE('',#1298,#5121,#5123,.T.);
#5121 = VERTEX_POINT('',#5122);
#5122 = CARTESIAN_POINT('',(-7.E-15,-6.8,25.));
#5123 = ELLIPSE('',#5124,35.355339059327,25.);
#5124 = AXIS2_PLACEMENT_3D('',#5125,#5126,#5127);
#5125 = CARTESIAN_POINT('',(0.,-6.8,-3.97E-15));
#5126 = DIRECTION('',(-0.707106781187,-0.707106781187,0.));
#5127 = DIRECTION('',(-0.707106781187,0.707106781187,3.1E-16));
#5128 = ORIENTED_EDGE('',*,*,#5129,.T.);
#5129 = EDGE_CURVE('',#5121,#5130,#5132,.T.);
#5130 = VERTEX_POINT('',#5131);
#5131 = CARTESIAN_POINT('',(-2.5,-4.3,24.874685927665));
#5132 = ELLIPSE('',#5133,35.355339059327,25.);
#5133 = AXIS2_PLACEMENT_3D('',#5134,#5135,#5136);
#5134 = CARTESIAN_POINT('',(0.,-6.8,-3.97E-15));
#5135 = DIRECTION('',(-0.707106781187,-0.707106781187,0.));
#5136 = DIRECTION('',(-0.707106781187,0.707106781187,3.1E-16));
#5137 = ORIENTED_EDGE('',*,*,#5138,.F.);
#5138 = EDGE_CURVE('',#2533,#5130,#5139,.T.);
#5139 = LINE('',#5140,#5141);
#5140 = CARTESIAN_POINT('',(-2.5,-4.3,21.));
#5141 = VECTOR('',#5142,1.);
#5142 = DIRECTION('',(0.,0.,1.));
#5143 = PLANE('',#5144);
#5144 = AXIS2_PLACEMENT_3D('',#5145,#5146,#5147);
#5145 = CARTESIAN_POINT('',(1.8,-8.6,21.));
#5146 = DIRECTION('',(-0.707106781187,-0.707106781187,0.));
#5147 = DIRECTION('',(-0.707106781187,0.707106781187,0.));
#5148 = ADVANCED_FACE('',(#5149),#5169,.F.);
#5149 = FACE_BOUND('',#5150,.F.);
#5150 = EDGE_LOOP('',(#5151,#5152,#5160,#5167,#5168));
#5151 = ORIENTED_EDGE('',*,*,#2515,.F.);
#5152 = ORIENTED_EDGE('',*,*,#5153,.T.);
#5153 = EDGE_CURVE('',#2507,#5154,#5156,.T.);
#5154 = VERTEX_POINT('',#5155);
#5155 = CARTESIAN_POINT('',(1.690480933505,-4.3,24.942780001705));
#5156 = LINE('',#5157,#5158);
#5157 = CARTESIAN_POINT('',(0.687912132473,-4.3,21.857190507885));
#5158 = VECTOR('',#5159,1.);
#5159 = DIRECTION('',(0.309016994375,1.249000902703E-16,0.951056516295)
  );
#5160 = ORIENTED_EDGE('',*,*,#5161,.T.);
#5161 = EDGE_CURVE('',#5154,#1272,#5162,.T.);
#5162 = ELLIPSE('',#5163,35.355339059327,25.);
#5163 = AXIS2_PLACEMENT_3D('',#5164,#5165,#5166);
#5164 = CARTESIAN_POINT('',(0.,-10.4,-4.77E-15));
#5165 = DIRECTION('',(0.672498511964,0.707106781187,-0.218508012224));
#5166 = DIRECTION('',(-0.672498511964,0.707106781187,0.218508012224));
#5167 = ORIENTED_EDGE('',*,*,#1280,.F.);
#5168 = ORIENTED_EDGE('',*,*,#2524,.F.);
#5169 = PLANE('',#5170);
#5170 = AXIS2_PLACEMENT_3D('',#5171,#5172,#5173);
#5171 = CARTESIAN_POINT('',(0.687912132473,-4.3,21.857190507885));
#5172 = DIRECTION('',(0.672498511964,0.707106781187,-0.218508012224));
#5173 = DIRECTION('',(0.672498511964,-0.707106781187,-0.218508012224));
#5174 = ADVANCED_FACE('',(#5175),#5203,.F.);
#5175 = FACE_BOUND('',#5176,.F.);
#5176 = EDGE_LOOP('',(#5177,#5178,#5179,#5188,#5197));
#5177 = ORIENTED_EDGE('',*,*,#2395,.F.);
#5178 = ORIENTED_EDGE('',*,*,#1254,.T.);
#5179 = ORIENTED_EDGE('',*,*,#5180,.T.);
#5180 = EDGE_CURVE('',#1255,#5181,#5183,.T.);
#5181 = VERTEX_POINT('',#5182);
#5182 = CARTESIAN_POINT('',(7.725424859374,-6.8,23.776412907379));
#5183 = ELLIPSE('',#5184,35.355339059327,25.);
#5184 = AXIS2_PLACEMENT_3D('',#5185,#5186,#5187);
#5185 = CARTESIAN_POINT('',(0.,-6.8,-3.97E-15));
#5186 = DIRECTION('',(-0.672498511964,-0.707106781187,0.218508012224));
#5187 = DIRECTION('',(-0.672498511964,0.707106781187,0.218508012224));
#5188 = ORIENTED_EDGE('',*,*,#5189,.T.);
#5189 = EDGE_CURVE('',#5181,#5190,#5192,.T.);
#5190 = VERTEX_POINT('',#5191);
#5191 = CARTESIAN_POINT('',(5.30905939065,-4.3,24.429774628239));
#5192 = ELLIPSE('',#5193,35.355339059327,25.);
#5193 = AXIS2_PLACEMENT_3D('',#5194,#5195,#5196);
#5194 = CARTESIAN_POINT('',(0.,-6.8,-3.97E-15));
#5195 = DIRECTION('',(-0.672498511964,-0.707106781187,0.218508012224));
#5196 = DIRECTION('',(-0.672498511964,0.707106781187,0.218508012224));
#5197 = ORIENTED_EDGE('',*,*,#5198,.F.);
#5198 = EDGE_CURVE('',#2396,#5190,#5199,.T.);
#5199 = LINE('',#5200,#5201);
#5200 = CARTESIAN_POINT('',(4.111715591136,-4.3,20.744729328136));
#5201 = VECTOR('',#5202,1.);
#5202 = DIRECTION('',(0.309016994375,1.249000902703E-16,0.951056516295)
  );
#5203 = PLANE('',#5204);
#5204 = AXIS2_PLACEMENT_3D('',#5205,#5206,#5207);
#5205 = CARTESIAN_POINT('',(8.201258611205,-8.6,19.415956252323));
#5206 = DIRECTION('',(-0.672498511964,-0.707106781187,0.218508012224));
#5207 = DIRECTION('',(-0.672498511964,0.707106781187,0.218508012224));
#5208 = ADVANCED_FACE('',(#5209),#5228,.F.);
#5209 = FACE_BOUND('',#5210,.F.);
#5210 = EDGE_LOOP('',(#5211,#5212,#5220,#5227));
#5211 = ORIENTED_EDGE('',*,*,#2387,.F.);
#5212 = ORIENTED_EDGE('',*,*,#5213,.T.);
#5213 = EDGE_CURVE('',#2379,#5214,#5216,.T.);
#5214 = VERTEX_POINT('',#5215);
#5215 = CARTESIAN_POINT('',(9.315485814965,-4.3,23.199606118018));
#5216 = LINE('',#5217,#5218);
#5217 = CARTESIAN_POINT('',(7.408486632455,-4.3,20.574846920858));
#5218 = VECTOR('',#5219,1.);
#5219 = DIRECTION('',(0.587785252292,-1.110223024625E-16,0.809016994375)
  );
#5220 = ORIENTED_EDGE('',*,*,#5221,.T.);
#5221 = EDGE_CURVE('',#5214,#1229,#5222,.T.);
#5222 = ELLIPSE('',#5223,35.355339059327,25.);
#5223 = AXIS2_PLACEMENT_3D('',#5224,#5225,#5226);
#5224 = CARTESIAN_POINT('',(0.,-10.4,-4.77E-15));
#5225 = DIRECTION('',(0.572061402818,0.707106781187,-0.415626937777));
#5226 = DIRECTION('',(-0.572061402818,0.707106781187,0.415626937777));
#5227 = ORIENTED_EDGE('',*,*,#1237,.F.);
#5228 = PLANE('',#5229);
#5229 = AXIS2_PLACEMENT_3D('',#5230,#5231,#5232);
#5230 = CARTESIAN_POINT('',(7.408486632455,-4.3,20.574846920858));
#5231 = DIRECTION('',(0.572061402818,0.707106781187,-0.415626937777));
#5232 = DIRECTION('',(0.572061402818,-0.707106781187,-0.415626937777));
#5233 = ADVANCED_FACE('',(#5234),#5262,.F.);
#5234 = FACE_BOUND('',#5235,.F.);
#5235 = EDGE_LOOP('',(#5236,#5237,#5238,#5247,#5256));
#5236 = ORIENTED_EDGE('',*,*,#2276,.F.);
#5237 = ORIENTED_EDGE('',*,*,#1211,.T.);
#5238 = ORIENTED_EDGE('',*,*,#5239,.T.);
#5239 = EDGE_CURVE('',#1212,#5240,#5242,.T.);
#5240 = VERTEX_POINT('',#5241);
#5241 = CARTESIAN_POINT('',(14.694631307312,-6.8,20.225424859374));
#5242 = ELLIPSE('',#5243,35.355339059327,25.);
#5243 = AXIS2_PLACEMENT_3D('',#5244,#5245,#5246);
#5244 = CARTESIAN_POINT('',(0.,-6.8,-3.97E-15));
#5245 = DIRECTION('',(-0.572061402818,-0.707106781187,0.415626937777));
#5246 = DIRECTION('',(-0.572061402818,0.707106781187,0.415626937777));
#5247 = ORIENTED_EDGE('',*,*,#5248,.T.);
#5248 = EDGE_CURVE('',#5240,#5249,#5251,.T.);
#5249 = VERTEX_POINT('',#5250);
#5250 = CARTESIAN_POINT('',(12.598431057752,-4.3,21.593506775952));
#5251 = ELLIPSE('',#5252,35.355339059327,25.);
#5252 = AXIS2_PLACEMENT_3D('',#5253,#5254,#5255);
#5253 = CARTESIAN_POINT('',(0.,-6.8,-3.97E-15));
#5254 = DIRECTION('',(-0.572061402818,-0.707106781187,0.415626937777));
#5255 = DIRECTION('',(-0.572061402818,0.707106781187,0.415626937777));
#5256 = ORIENTED_EDGE('',*,*,#5257,.F.);
#5257 = EDGE_CURVE('',#2277,#5249,#5258,.T.);
#5258 = LINE('',#5259,#5260);
#5259 = CARTESIAN_POINT('',(10.320947812205,-4.3,18.458820012605));
#5260 = VECTOR('',#5261,1.);
#5261 = DIRECTION('',(0.587785252292,-1.110223024625E-16,0.809016994375)
  );
#5262 = PLANE('',#5263);
#5263 = AXIS2_PLACEMENT_3D('',#5264,#5265,#5266);
#5264 = CARTESIAN_POINT('',(13.799720888017,-8.6,15.931343427747));
#5265 = DIRECTION('',(-0.572061402818,-0.707106781187,0.415626937777));
#5266 = DIRECTION('',(-0.572061402818,0.707106781187,0.415626937777));
#5267 = ADVANCED_FACE('',(#5268),#5287,.F.);
#5268 = FACE_BOUND('',#5269,.F.);
#5269 = EDGE_LOOP('',(#5270,#5271,#5279,#5286));
#5270 = ORIENTED_EDGE('',*,*,#2268,.F.);
#5271 = ORIENTED_EDGE('',*,*,#5272,.T.);
#5272 = EDGE_CURVE('',#2260,#5273,#5275,.T.);
#5273 = VERTEX_POINT('',#5274);
#5274 = CARTESIAN_POINT('',(16.02862604005,-4.3,19.185493146339));
#5275 = LINE('',#5276,#5277);
#5276 = CARTESIAN_POINT('',(13.40386684289,-4.3,17.278493963829));
#5277 = VECTOR('',#5278,1.);
#5278 = DIRECTION('',(0.809016994375,-1.665334536938E-16,0.587785252292)
  );
#5279 = ORIENTED_EDGE('',*,*,#5280,.T.);
#5280 = EDGE_CURVE('',#5273,#1186,#5281,.T.);
#5281 = ELLIPSE('',#5282,35.355339059327,25.);
#5282 = AXIS2_PLACEMENT_3D('',#5283,#5284,#5285);
#5283 = CARTESIAN_POINT('',(0.,-10.4,-4.77E-15));
#5284 = DIRECTION('',(0.415626937777,0.707106781187,-0.572061402818));
#5285 = DIRECTION('',(-0.415626937777,0.707106781187,0.572061402818));
#5286 = ORIENTED_EDGE('',*,*,#1194,.F.);
#5287 = PLANE('',#5288);
#5288 = AXIS2_PLACEMENT_3D('',#5289,#5290,#5291);
#5289 = CARTESIAN_POINT('',(13.40386684289,-4.3,17.278493963829));
#5290 = DIRECTION('',(0.415626937777,0.707106781187,-0.572061402818));
#5291 = DIRECTION('',(0.415626937777,-0.707106781187,-0.572061402818));
#5292 = ADVANCED_FACE('',(#5293),#5321,.F.);
#5293 = FACE_BOUND('',#5294,.F.);
#5294 = EDGE_LOOP('',(#5295,#5296,#5297,#5306,#5315));
#5295 = ORIENTED_EDGE('',*,*,#2157,.F.);
#5296 = ORIENTED_EDGE('',*,*,#1168,.T.);
#5297 = ORIENTED_EDGE('',*,*,#5298,.T.);
#5298 = EDGE_CURVE('',#1169,#5299,#5301,.T.);
#5299 = VERTEX_POINT('',#5300);
#5300 = CARTESIAN_POINT('',(20.225424859374,-6.8,14.694631307312));
#5301 = ELLIPSE('',#5302,35.355339059327,25.);
#5302 = AXIS2_PLACEMENT_3D('',#5303,#5304,#5305);
#5303 = CARTESIAN_POINT('',(0.,-6.8,-3.97E-15));
#5304 = DIRECTION('',(-0.415626937777,-0.707106781187,0.572061402818));
#5305 = DIRECTION('',(-0.415626937777,0.707106781187,0.572061402818));
#5306 = ORIENTED_EDGE('',*,*,#5307,.T.);
#5307 = EDGE_CURVE('',#5299,#5308,#5310,.T.);
#5308 = VERTEX_POINT('',#5309);
#5309 = CARTESIAN_POINT('',(18.65458051449,-4.3,16.643516029626));
#5310 = ELLIPSE('',#5311,35.355339059327,25.);
#5311 = AXIS2_PLACEMENT_3D('',#5312,#5313,#5314);
#5312 = CARTESIAN_POINT('',(0.,-6.8,-3.97E-15));
#5313 = DIRECTION('',(-0.415626937777,-0.707106781187,0.572061402818));
#5314 = DIRECTION('',(-0.415626937777,0.707106781187,0.572061402818));
#5315 = ORIENTED_EDGE('',*,*,#5316,.F.);
#5316 = EDGE_CURVE('',#2158,#5308,#5317,.T.);
#5317 = LINE('',#5318,#5319);
#5318 = CARTESIAN_POINT('',(15.519893751143,-4.3,14.366032784079));
#5319 = VECTOR('',#5320,1.);
#5320 = DIRECTION('',(0.809016994375,-1.665334536938E-16,0.587785252292)
  );
#5321 = PLANE('',#5322);
#5322 = AXIS2_PLACEMENT_3D('',#5323,#5324,#5325);
#5323 = CARTESIAN_POINT('',(18.047370336,-8.6,10.887259708267));
#5324 = DIRECTION('',(-0.415626937777,-0.707106781187,0.572061402818));
#5325 = DIRECTION('',(-0.415626937777,0.707106781187,0.572061402818));
#5326 = ADVANCED_FACE('',(#5327),#5346,.F.);
#5327 = FACE_BOUND('',#5328,.F.);
#5328 = EDGE_LOOP('',(#5329,#5330,#5338,#5345));
#5329 = ORIENTED_EDGE('',*,*,#2149,.F.);
#5330 = ORIENTED_EDGE('',*,*,#5331,.T.);
#5331 = EDGE_CURVE('',#2141,#5332,#5334,.T.);
#5332 = VERTEX_POINT('',#5333);
#5333 = CARTESIAN_POINT('',(21.172772670331,-4.3,13.293370432306));
#5334 = LINE('',#5335,#5336);
#5335 = CARTESIAN_POINT('',(18.087183176511,-4.3,12.290801631274));
#5336 = VECTOR('',#5337,1.);
#5337 = DIRECTION('',(0.951056516295,-7.216449660064E-16,0.309016994375)
  );
#5338 = ORIENTED_EDGE('',*,*,#5339,.T.);
#5339 = EDGE_CURVE('',#5332,#1143,#5340,.T.);
#5340 = ELLIPSE('',#5341,35.355339059327,25.);
#5341 = AXIS2_PLACEMENT_3D('',#5342,#5343,#5344);
#5342 = CARTESIAN_POINT('',(0.,-10.4,-4.77E-15));
#5343 = DIRECTION('',(0.218508012224,0.707106781187,-0.672498511964));
#5344 = DIRECTION('',(-0.218508012224,0.707106781187,0.672498511964));
#5345 = ORIENTED_EDGE('',*,*,#1151,.F.);
#5346 = PLANE('',#5347);
#5347 = AXIS2_PLACEMENT_3D('',#5348,#5349,#5350);
#5348 = CARTESIAN_POINT('',(18.087183176511,-4.3,12.290801631274));
#5349 = DIRECTION('',(0.218508012224,0.707106781187,-0.672498511964));
#5350 = DIRECTION('',(0.218508012224,-0.707106781187,-0.672498511964));
#5351 = ADVANCED_FACE('',(#5352),#5380,.F.);
#5352 = FACE_BOUND('',#5353,.F.);
#5353 = EDGE_LOOP('',(#5354,#5355,#5356,#5365,#5374));
#5354 = ORIENTED_EDGE('',*,*,#2038,.F.);
#5355 = ORIENTED_EDGE('',*,*,#1125,.T.);
#5356 = ORIENTED_EDGE('',*,*,#5357,.T.);
#5357 = EDGE_CURVE('',#1126,#5358,#5360,.T.);
#5358 = VERTEX_POINT('',#5359);
#5359 = CARTESIAN_POINT('',(23.776412907379,-6.8,7.725424859374));
#5360 = ELLIPSE('',#5361,35.355339059327,25.);
#5361 = AXIS2_PLACEMENT_3D('',#5362,#5363,#5364);
#5362 = CARTESIAN_POINT('',(0.,-6.8,-3.97E-15));
#5363 = DIRECTION('',(-0.218508012224,-0.707106781187,0.672498511964));
#5364 = DIRECTION('',(-0.218508012224,0.707106781187,0.672498511964));
#5365 = ORIENTED_EDGE('',*,*,#5366,.T.);
#5366 = EDGE_CURVE('',#5358,#5367,#5369,.T.);
#5367 = VERTEX_POINT('',#5368);
#5368 = CARTESIAN_POINT('',(22.884689656364,-4.3,10.064341972126));
#5369 = ELLIPSE('',#5370,35.355339059327,25.);
#5370 = AXIS2_PLACEMENT_3D('',#5371,#5372,#5373);
#5371 = CARTESIAN_POINT('',(0.,-6.8,-3.97E-15));
#5372 = DIRECTION('',(-0.218508012224,-0.707106781187,0.672498511964));
#5373 = DIRECTION('',(-0.218508012224,0.707106781187,0.672498511964));
#5374 = ORIENTED_EDGE('',*,*,#5375,.F.);
#5375 = EDGE_CURVE('',#2039,#5367,#5376,.T.);
#5376 = LINE('',#5377,#5378);
#5377 = CARTESIAN_POINT('',(19.199644356261,-4.3,8.866998172612));
#5378 = VECTOR('',#5379,1.);
#5379 = DIRECTION('',(0.951056516295,-7.216449660064E-16,0.309016994375)
  );
#5380 = PLANE('',#5381);
#5381 = AXIS2_PLACEMENT_3D('',#5382,#5383,#5384);
#5382 = CARTESIAN_POINT('',(20.528417432073,-8.6,4.777455152543));
#5383 = DIRECTION('',(-0.218508012224,-0.707106781187,0.672498511964));
#5384 = DIRECTION('',(-0.218508012224,0.707106781187,0.672498511964));
#5385 = ADVANCED_FACE('',(#5386),#5405,.F.);
#5386 = FACE_BOUND('',#5387,.F.);
#5387 = EDGE_LOOP('',(#5388,#5389,#5397,#5404));
#5388 = ORIENTED_EDGE('',*,*,#2030,.F.);
#5389 = ORIENTED_EDGE('',*,*,#5390,.T.);
#5390 = EDGE_CURVE('',#2022,#5391,#5393,.T.);
#5391 = VERTEX_POINT('',#5392);
#5392 = CARTESIAN_POINT('',(24.244380792258,-4.3,6.1));
#5393 = LINE('',#5394,#5395);
#5394 = CARTESIAN_POINT('',(21.,-4.3,6.1));
#5395 = VECTOR('',#5396,1.);
#5396 = DIRECTION('',(1.,-3.3E-16,-3.3E-16));
#5397 = ORIENTED_EDGE('',*,*,#5398,.T.);
#5398 = EDGE_CURVE('',#5391,#1100,#5399,.T.);
#5399 = ELLIPSE('',#5400,35.355339059327,25.);
#5400 = AXIS2_PLACEMENT_3D('',#5401,#5402,#5403);
#5401 = CARTESIAN_POINT('',(0.,-10.4,-4.77E-15));
#5402 = DIRECTION('',(2.4E-16,0.707106781187,-0.707106781187));
#5403 = DIRECTION('',(-2.4E-16,0.707106781187,0.707106781187));
#5404 = ORIENTED_EDGE('',*,*,#1108,.F.);
#5405 = PLANE('',#5406);
#5406 = AXIS2_PLACEMENT_3D('',#5407,#5408,#5409);
#5407 = CARTESIAN_POINT('',(21.,-4.3,6.1));
#5408 = DIRECTION('',(-0.,0.707106781187,-0.707106781187));
#5409 = DIRECTION('',(-4.7E-16,-0.707106781187,-0.707106781187));
#5410 = ADVANCED_FACE('',(#5411),#5439,.F.);
#5411 = FACE_BOUND('',#5412,.F.);
#5412 = EDGE_LOOP('',(#5413,#5414,#5415,#5424,#5433));
#5413 = ORIENTED_EDGE('',*,*,#4217,.F.);
#5414 = ORIENTED_EDGE('',*,*,#1082,.T.);
#5415 = ORIENTED_EDGE('',*,*,#5416,.T.);
#5416 = EDGE_CURVE('',#1083,#5417,#5419,.T.);
#5417 = VERTEX_POINT('',#5418);
#5418 = CARTESIAN_POINT('',(25.,-6.8,-5.E-15));
#5419 = ELLIPSE('',#5420,35.355339059327,25.);
#5420 = AXIS2_PLACEMENT_3D('',#5421,#5422,#5423);
#5421 = CARTESIAN_POINT('',(0.,-6.8,-3.97E-15));
#5422 = DIRECTION('',(-2.4E-16,-0.707106781187,0.707106781187));
#5423 = DIRECTION('',(-2.4E-16,0.707106781187,0.707106781187));
#5424 = ORIENTED_EDGE('',*,*,#5425,.T.);
#5425 = EDGE_CURVE('',#5417,#5426,#5428,.T.);
#5426 = VERTEX_POINT('',#5427);
#5427 = CARTESIAN_POINT('',(24.874685927665,-4.3,2.5));
#5428 = ELLIPSE('',#5429,35.355339059327,25.);
#5429 = AXIS2_PLACEMENT_3D('',#5430,#5431,#5432);
#5430 = CARTESIAN_POINT('',(0.,-6.8,-3.97E-15));
#5431 = DIRECTION('',(-2.4E-16,-0.707106781187,0.707106781187));
#5432 = DIRECTION('',(-2.4E-16,0.707106781187,0.707106781187));
#5433 = ORIENTED_EDGE('',*,*,#5434,.F.);
#5434 = EDGE_CURVE('',#4218,#5426,#5435,.T.);
#5435 = LINE('',#5436,#5437);
#5436 = CARTESIAN_POINT('',(21.,-4.3,2.5));
#5437 = VECTOR('',#5438,1.);
#5438 = DIRECTION('',(1.,-3.3E-16,-3.3E-16));
#5439 = PLANE('',#5440);
#5440 = AXIS2_PLACEMENT_3D('',#5441,#5442,#5443);
#5441 = CARTESIAN_POINT('',(21.,-8.6,-1.8));
#5442 = DIRECTION('',(0.,-0.707106781187,0.707106781187));
#5443 = DIRECTION('',(4.7E-16,0.707106781187,0.707106781187));
#5444 = ADVANCED_FACE('',(#5445),#5466,.T.);
#5445 = FACE_BOUND('',#5446,.T.);
#5446 = EDGE_LOOP('',(#5447,#5448,#5449,#5458,#5465));
#5447 = ORIENTED_EDGE('',*,*,#2047,.F.);
#5448 = ORIENTED_EDGE('',*,*,#2082,.T.);
#5449 = ORIENTED_EDGE('',*,*,#5450,.T.);
#5450 = EDGE_CURVE('',#2074,#5451,#5453,.T.);
#5451 = VERTEX_POINT('',#5452);
#5452 = CARTESIAN_POINT('',(23.776412907379,-1.8,7.725424859374));
#5453 = ELLIPSE('',#5454,35.355339059327,25.);
#5454 = AXIS2_PLACEMENT_3D('',#5455,#5456,#5457);
#5455 = CARTESIAN_POINT('',(0.,-1.8,-2.86E-15));
#5456 = DIRECTION('',(0.218508012224,-0.707106781187,-0.672498511964));
#5457 = DIRECTION('',(0.218508012224,0.707106781187,-0.672498511964));
#5458 = ORIENTED_EDGE('',*,*,#5459,.T.);
#5459 = EDGE_CURVE('',#5451,#5367,#5460,.T.);
#5460 = ELLIPSE('',#5461,35.355339059327,25.);
#5461 = AXIS2_PLACEMENT_3D('',#5462,#5463,#5464);
#5462 = CARTESIAN_POINT('',(0.,-1.8,-2.86E-15));
#5463 = DIRECTION('',(0.218508012224,-0.707106781187,-0.672498511964));
#5464 = DIRECTION('',(0.218508012224,0.707106781187,-0.672498511964));
#5465 = ORIENTED_EDGE('',*,*,#5375,.F.);
#5466 = PLANE('',#5467);
#5467 = AXIS2_PLACEMENT_3D('',#5468,#5469,#5470);
#5468 = CARTESIAN_POINT('',(22.430530464663,-1.59872115546E-14,
    5.395489141293));
#5469 = DIRECTION('',(0.218508012224,-0.707106781187,-0.672498511964));
#5470 = DIRECTION('',(0.218508012224,0.707106781187,-0.672498511964));
#5471 = ADVANCED_FACE('',(#5472),#5493,.T.);
#5472 = FACE_BOUND('',#5473,.T.);
#5473 = EDGE_LOOP('',(#5474,#5475,#5476,#5477,#5486));
#5474 = ORIENTED_EDGE('',*,*,#4276,.F.);
#5475 = ORIENTED_EDGE('',*,*,#2021,.F.);
#5476 = ORIENTED_EDGE('',*,*,#5390,.T.);
#5477 = ORIENTED_EDGE('',*,*,#5478,.T.);
#5478 = EDGE_CURVE('',#5391,#5479,#5481,.T.);
#5479 = VERTEX_POINT('',#5480);
#5480 = CARTESIAN_POINT('',(25.,1.8,-2.E-15));
#5481 = ELLIPSE('',#5482,35.355339059327,25.);
#5482 = AXIS2_PLACEMENT_3D('',#5483,#5484,#5485);
#5483 = CARTESIAN_POINT('',(0.,1.8,-2.06E-15));
#5484 = DIRECTION('',(6.E-17,0.707106781187,0.707106781187));
#5485 = DIRECTION('',(-6.E-17,0.707106781187,-0.707106781187));
#5486 = ORIENTED_EDGE('',*,*,#5487,.T.);
#5487 = EDGE_CURVE('',#5479,#4277,#5488,.T.);
#5488 = ELLIPSE('',#5489,35.355339059327,25.);
#5489 = AXIS2_PLACEMENT_3D('',#5490,#5491,#5492);
#5490 = CARTESIAN_POINT('',(0.,1.8,-2.06E-15));
#5491 = DIRECTION('',(6.E-17,0.707106781187,0.707106781187));
#5492 = DIRECTION('',(-6.E-17,0.707106781187,-0.707106781187));
#5493 = PLANE('',#5494);
#5494 = AXIS2_PLACEMENT_3D('',#5495,#5496,#5497);
#5495 = CARTESIAN_POINT('',(23.,-7.78E-15,1.8));
#5496 = DIRECTION('',(4.5E-16,0.707106781187,0.707106781187));
#5497 = DIRECTION('',(-1.6E-16,-0.707106781187,0.707106781187));
#5498 = ADVANCED_FACE('',(#5499),#5520,.T.);
#5499 = FACE_BOUND('',#5500,.T.);
#5500 = EDGE_LOOP('',(#5501,#5502,#5503,#5504,#5513));
#5501 = ORIENTED_EDGE('',*,*,#2105,.F.);
#5502 = ORIENTED_EDGE('',*,*,#2140,.F.);
#5503 = ORIENTED_EDGE('',*,*,#5331,.T.);
#5504 = ORIENTED_EDGE('',*,*,#5505,.T.);
#5505 = EDGE_CURVE('',#5332,#5506,#5508,.T.);
#5506 = VERTEX_POINT('',#5507);
#5507 = CARTESIAN_POINT('',(23.776412907379,1.8,7.725424859374));
#5508 = ELLIPSE('',#5509,35.355339059327,25.);
#5509 = AXIS2_PLACEMENT_3D('',#5510,#5511,#5512);
#5510 = CARTESIAN_POINT('',(0.,1.8,-2.06E-15));
#5511 = DIRECTION('',(-0.218508012224,0.707106781187,0.672498511964));
#5512 = DIRECTION('',(0.218508012224,0.707106781187,-0.672498511964));
#5513 = ORIENTED_EDGE('',*,*,#5514,.T.);
#5514 = EDGE_CURVE('',#5506,#2106,#5515,.T.);
#5515 = ELLIPSE('',#5516,35.355339059327,25.);
#5516 = AXIS2_PLACEMENT_3D('',#5517,#5518,#5519);
#5517 = CARTESIAN_POINT('',(0.,1.8,-2.06E-15));
#5518 = DIRECTION('',(-0.218508012224,0.707106781187,0.672498511964));
#5519 = DIRECTION('',(0.218508012224,0.707106781187,-0.672498511964));
#5520 = PLANE('',#5521);
#5521 = AXIS2_PLACEMENT_3D('',#5522,#5523,#5524);
#5522 = CARTESIAN_POINT('',(21.318069284914,-1.68753899743E-14,
    8.819292599955));
#5523 = DIRECTION('',(-0.218508012224,0.707106781187,0.672498511964));
#5524 = DIRECTION('',(-0.218508012224,-0.707106781187,0.672498511964));
#5525 = ADVANCED_FACE('',(#5526),#5547,.T.);
#5526 = FACE_BOUND('',#5527,.T.);
#5527 = EDGE_LOOP('',(#5528,#5529,#5530,#5539,#5546));
#5528 = ORIENTED_EDGE('',*,*,#2166,.F.);
#5529 = ORIENTED_EDGE('',*,*,#2201,.T.);
#5530 = ORIENTED_EDGE('',*,*,#5531,.T.);
#5531 = EDGE_CURVE('',#2193,#5532,#5534,.T.);
#5532 = VERTEX_POINT('',#5533);
#5533 = CARTESIAN_POINT('',(20.225424859374,-1.8,14.694631307312));
#5534 = ELLIPSE('',#5535,35.355339059327,25.);
#5535 = AXIS2_PLACEMENT_3D('',#5536,#5537,#5538);
#5536 = CARTESIAN_POINT('',(0.,-1.8,-2.86E-15));
#5537 = DIRECTION('',(0.415626937777,-0.707106781187,-0.572061402818));
#5538 = DIRECTION('',(0.415626937777,0.707106781187,-0.572061402818));
#5539 = ORIENTED_EDGE('',*,*,#5540,.T.);
#5540 = EDGE_CURVE('',#5532,#5308,#5541,.T.);
#5541 = ELLIPSE('',#5542,35.355339059327,25.);
#5542 = AXIS2_PLACEMENT_3D('',#5543,#5544,#5545);
#5543 = CARTESIAN_POINT('',(0.,-1.8,-2.86E-15));
#5544 = DIRECTION('',(0.415626937777,-0.707106781187,-0.572061402818));
#5545 = DIRECTION('',(0.415626937777,0.707106781187,-0.572061402818));
#5546 = ORIENTED_EDGE('',*,*,#5316,.F.);
#5547 = PLANE('',#5548);
#5548 = AXIS2_PLACEMENT_3D('',#5549,#5550,#5551);
#5549 = CARTESIAN_POINT('',(19.66540432475,0.,12.062830212852));
#5550 = DIRECTION('',(0.415626937777,-0.707106781187,-0.572061402818));
#5551 = DIRECTION('',(0.415626937777,0.707106781187,-0.572061402818));
#5552 = ADVANCED_FACE('',(#5553),#5574,.T.);
#5553 = FACE_BOUND('',#5554,.T.);
#5554 = EDGE_LOOP('',(#5555,#5556,#5557,#5558,#5567));
#5555 = ORIENTED_EDGE('',*,*,#2224,.F.);
#5556 = ORIENTED_EDGE('',*,*,#2259,.F.);
#5557 = ORIENTED_EDGE('',*,*,#5272,.T.);
#5558 = ORIENTED_EDGE('',*,*,#5559,.T.);
#5559 = EDGE_CURVE('',#5273,#5560,#5562,.T.);
#5560 = VERTEX_POINT('',#5561);
#5561 = CARTESIAN_POINT('',(20.225424859374,1.8,14.694631307312));
#5562 = ELLIPSE('',#5563,35.355339059327,25.);
#5563 = AXIS2_PLACEMENT_3D('',#5564,#5565,#5566);
#5564 = CARTESIAN_POINT('',(0.,1.8,-2.06E-15));
#5565 = DIRECTION('',(-0.415626937777,0.707106781187,0.572061402818));
#5566 = DIRECTION('',(0.415626937777,0.707106781187,-0.572061402818));
#5567 = ORIENTED_EDGE('',*,*,#5568,.T.);
#5568 = EDGE_CURVE('',#5560,#2225,#5569,.T.);
#5569 = ELLIPSE('',#5570,35.355339059327,25.);
#5570 = AXIS2_PLACEMENT_3D('',#5571,#5572,#5573);
#5571 = CARTESIAN_POINT('',(0.,1.8,-2.06E-15));
#5572 = DIRECTION('',(-0.415626937777,0.707106781187,0.572061402818));
#5573 = DIRECTION('',(0.415626937777,0.707106781187,-0.572061402818));
#5574 = PLANE('',#5575);
#5575 = AXIS2_PLACEMENT_3D('',#5576,#5577,#5578);
#5576 = CARTESIAN_POINT('',(17.549377416497,-1.7763568394E-15,
    14.975291392602));
#5577 = DIRECTION('',(-0.415626937777,0.707106781187,0.572061402818));
#5578 = DIRECTION('',(-0.415626937777,-0.707106781187,0.572061402818));
#5579 = ADVANCED_FACE('',(#5580),#5601,.T.);
#5580 = FACE_BOUND('',#5581,.T.);
#5581 = EDGE_LOOP('',(#5582,#5583,#5584,#5593,#5600));
#5582 = ORIENTED_EDGE('',*,*,#2285,.F.);
#5583 = ORIENTED_EDGE('',*,*,#2320,.T.);
#5584 = ORIENTED_EDGE('',*,*,#5585,.T.);
#5585 = EDGE_CURVE('',#2312,#5586,#5588,.T.);
#5586 = VERTEX_POINT('',#5587);
#5587 = CARTESIAN_POINT('',(14.694631307312,-1.8,20.225424859374));
#5588 = ELLIPSE('',#5589,35.355339059327,25.);
#5589 = AXIS2_PLACEMENT_3D('',#5590,#5591,#5592);
#5590 = CARTESIAN_POINT('',(0.,-1.8,-2.86E-15));
#5591 = DIRECTION('',(0.572061402818,-0.707106781187,-0.415626937777));
#5592 = DIRECTION('',(0.572061402818,0.707106781187,-0.415626937777));
#5593 = ORIENTED_EDGE('',*,*,#5594,.T.);
#5594 = EDGE_CURVE('',#5586,#5249,#5595,.T.);
#5595 = ELLIPSE('',#5596,35.355339059327,25.);
#5596 = AXIS2_PLACEMENT_3D('',#5597,#5598,#5599);
#5597 = CARTESIAN_POINT('',(0.,-1.8,-2.86E-15));
#5598 = DIRECTION('',(0.572061402818,-0.707106781187,-0.415626937777));
#5599 = DIRECTION('',(0.572061402818,0.707106781187,-0.415626937777));
#5600 = ORIENTED_EDGE('',*,*,#5257,.F.);
#5601 = PLANE('',#5602);
#5602 = AXIS2_PLACEMENT_3D('',#5603,#5604,#5605);
#5603 = CARTESIAN_POINT('',(14.975291392602,-8.881784197001E-16,
    17.549377416497));
#5604 = DIRECTION('',(0.572061402818,-0.707106781187,-0.415626937777));
#5605 = DIRECTION('',(0.572061402818,0.707106781187,-0.415626937777));
#5606 = ADVANCED_FACE('',(#5607),#5628,.T.);
#5607 = FACE_BOUND('',#5608,.T.);
#5608 = EDGE_LOOP('',(#5609,#5610,#5611,#5612,#5621));
#5609 = ORIENTED_EDGE('',*,*,#2343,.F.);
#5610 = ORIENTED_EDGE('',*,*,#2378,.F.);
#5611 = ORIENTED_EDGE('',*,*,#5213,.T.);
#5612 = ORIENTED_EDGE('',*,*,#5613,.T.);
#5613 = EDGE_CURVE('',#5214,#5614,#5616,.T.);
#5614 = VERTEX_POINT('',#5615);
#5615 = CARTESIAN_POINT('',(14.694631307312,1.8,20.225424859374));
#5616 = ELLIPSE('',#5617,35.355339059327,25.);
#5617 = AXIS2_PLACEMENT_3D('',#5618,#5619,#5620);
#5618 = CARTESIAN_POINT('',(0.,1.8,-2.06E-15));
#5619 = DIRECTION('',(-0.572061402818,0.707106781187,0.415626937777));
#5620 = DIRECTION('',(0.572061402818,0.707106781187,-0.415626937777));
#5621 = ORIENTED_EDGE('',*,*,#5622,.T.);
#5622 = EDGE_CURVE('',#5614,#2344,#5623,.T.);
#5623 = ELLIPSE('',#5624,35.355339059327,25.);
#5624 = AXIS2_PLACEMENT_3D('',#5625,#5626,#5627);
#5625 = CARTESIAN_POINT('',(0.,1.8,-2.06E-15));
#5626 = DIRECTION('',(-0.572061402818,0.707106781187,0.415626937777));
#5627 = DIRECTION('',(0.572061402818,0.707106781187,-0.415626937777));
#5628 = PLANE('',#5629);
#5629 = AXIS2_PLACEMENT_3D('',#5630,#5631,#5632);
#5630 = CARTESIAN_POINT('',(12.062830212852,-2.6645352591E-15,
    19.66540432475));
#5631 = DIRECTION('',(-0.572061402818,0.707106781187,0.415626937777));
#5632 = DIRECTION('',(-0.572061402818,-0.707106781187,0.415626937777));
#5633 = ADVANCED_FACE('',(#5634),#5655,.T.);
#5634 = FACE_BOUND('',#5635,.T.);
#5635 = EDGE_LOOP('',(#5636,#5637,#5638,#5647,#5654));
#5636 = ORIENTED_EDGE('',*,*,#2404,.F.);
#5637 = ORIENTED_EDGE('',*,*,#2439,.T.);
#5638 = ORIENTED_EDGE('',*,*,#5639,.T.);
#5639 = EDGE_CURVE('',#2431,#5640,#5642,.T.);
#5640 = VERTEX_POINT('',#5641);
#5641 = CARTESIAN_POINT('',(7.725424859374,-1.8,23.776412907379));
#5642 = ELLIPSE('',#5643,35.355339059327,25.);
#5643 = AXIS2_PLACEMENT_3D('',#5644,#5645,#5646);
#5644 = CARTESIAN_POINT('',(0.,-1.8,-2.86E-15));
#5645 = DIRECTION('',(0.672498511964,-0.707106781187,-0.218508012224));
#5646 = DIRECTION('',(0.672498511964,0.707106781187,-0.218508012224));
#5647 = ORIENTED_EDGE('',*,*,#5648,.T.);
#5648 = EDGE_CURVE('',#5640,#5190,#5649,.T.);
#5649 = ELLIPSE('',#5650,35.355339059327,25.);
#5650 = AXIS2_PLACEMENT_3D('',#5651,#5652,#5653);
#5651 = CARTESIAN_POINT('',(0.,-1.8,-2.86E-15));
#5652 = DIRECTION('',(0.672498511964,-0.707106781187,-0.218508012224));
#5653 = DIRECTION('',(0.672498511964,0.707106781187,-0.218508012224));
#5654 = ORIENTED_EDGE('',*,*,#5198,.F.);
#5655 = PLANE('',#5656);
#5656 = AXIS2_PLACEMENT_3D('',#5657,#5658,#5659);
#5657 = CARTESIAN_POINT('',(8.819292599955,3.996802888651E-15,
    21.318069284914));
#5658 = DIRECTION('',(0.672498511964,-0.707106781187,-0.218508012224));
#5659 = DIRECTION('',(0.672498511964,0.707106781187,-0.218508012224));
#5660 = ADVANCED_FACE('',(#5661),#5683,.T.);
#5661 = FACE_BOUND('',#5662,.T.);
#5662 = EDGE_LOOP('',(#5663,#5664,#5665,#5666,#5667,#5676));
#5663 = ORIENTED_EDGE('',*,*,#2462,.F.);
#5664 = ORIENTED_EDGE('',*,*,#2497,.F.);
#5665 = ORIENTED_EDGE('',*,*,#2506,.F.);
#5666 = ORIENTED_EDGE('',*,*,#5153,.T.);
#5667 = ORIENTED_EDGE('',*,*,#5668,.T.);
#5668 = EDGE_CURVE('',#5154,#5669,#5671,.T.);
#5669 = VERTEX_POINT('',#5670);
#5670 = CARTESIAN_POINT('',(7.725424859374,1.8,23.776412907379));
#5671 = ELLIPSE('',#5672,35.355339059327,25.);
#5672 = AXIS2_PLACEMENT_3D('',#5673,#5674,#5675);
#5673 = CARTESIAN_POINT('',(0.,1.8,-2.06E-15));
#5674 = DIRECTION('',(-0.672498511964,0.707106781187,0.218508012224));
#5675 = DIRECTION('',(0.672498511964,0.707106781187,-0.218508012224));
#5676 = ORIENTED_EDGE('',*,*,#5677,.T.);
#5677 = EDGE_CURVE('',#5669,#2463,#5678,.T.);
#5678 = ELLIPSE('',#5679,35.355339059327,25.);
#5679 = AXIS2_PLACEMENT_3D('',#5680,#5681,#5682);
#5680 = CARTESIAN_POINT('',(0.,1.8,-2.06E-15));
#5681 = DIRECTION('',(-0.672498511964,0.707106781187,0.218508012224));
#5682 = DIRECTION('',(0.672498511964,0.707106781187,-0.218508012224));
#5683 = PLANE('',#5684);
#5684 = AXIS2_PLACEMENT_3D('',#5685,#5686,#5687);
#5685 = CARTESIAN_POINT('',(5.395489141293,2.22044604925E-15,
    22.430530464663));
#5686 = DIRECTION('',(-0.672498511964,0.707106781187,0.218508012224));
#5687 = DIRECTION('',(-0.672498511964,-0.707106781187,0.218508012224));
#5688 = ADVANCED_FACE('',(#5689),#5710,.T.);
#5689 = FACE_BOUND('',#5690,.T.);
#5690 = EDGE_LOOP('',(#5691,#5692,#5693,#5702,#5709));
#5691 = ORIENTED_EDGE('',*,*,#2541,.F.);
#5692 = ORIENTED_EDGE('',*,*,#2576,.T.);
#5693 = ORIENTED_EDGE('',*,*,#5694,.T.);
#5694 = EDGE_CURVE('',#2568,#5695,#5697,.T.);
#5695 = VERTEX_POINT('',#5696);
#5696 = CARTESIAN_POINT('',(6.E-15,-1.8,25.));
#5697 = ELLIPSE('',#5698,35.355339059327,25.);
#5698 = AXIS2_PLACEMENT_3D('',#5699,#5700,#5701);
#5699 = CARTESIAN_POINT('',(0.,-1.8,-2.86E-15));
#5700 = DIRECTION('',(0.707106781187,-0.707106781187,6.E-17));
#5701 = DIRECTION('',(0.707106781187,0.707106781187,3.8E-16));
#5702 = ORIENTED_EDGE('',*,*,#5703,.T.);
#5703 = EDGE_CURVE('',#5695,#5130,#5704,.T.);
#5704 = ELLIPSE('',#5705,35.355339059327,25.);
#5705 = AXIS2_PLACEMENT_3D('',#5706,#5707,#5708);
#5706 = CARTESIAN_POINT('',(0.,-1.8,-2.86E-15));
#5707 = DIRECTION('',(0.707106781187,-0.707106781187,6.E-17));
#5708 = DIRECTION('',(0.707106781187,0.707106781187,3.8E-16));
#5709 = ORIENTED_EDGE('',*,*,#5138,.F.);
#5710 = PLANE('',#5711);
#5711 = AXIS2_PLACEMENT_3D('',#5712,#5713,#5714);
#5712 = CARTESIAN_POINT('',(1.8,4.4E-16,23.));
#5713 = DIRECTION('',(0.707106781187,-0.707106781187,6.E-17));
#5714 = DIRECTION('',(0.707106781187,0.707106781187,1.6E-16));
#5715 = ADVANCED_FACE('',(#5716),#5737,.T.);
#5716 = FACE_BOUND('',#5717,.T.);
#5717 = EDGE_LOOP('',(#5718,#5719,#5720,#5721,#5730));
#5718 = ORIENTED_EDGE('',*,*,#2599,.F.);
#5719 = ORIENTED_EDGE('',*,*,#2633,.F.);
#5720 = ORIENTED_EDGE('',*,*,#5094,.T.);
#5721 = ORIENTED_EDGE('',*,*,#5722,.T.);
#5722 = EDGE_CURVE('',#5095,#5723,#5725,.T.);
#5723 = VERTEX_POINT('',#5724);
#5724 = CARTESIAN_POINT('',(6.E-15,1.8,25.));
#5725 = ELLIPSE('',#5726,35.355339059327,25.);
#5726 = AXIS2_PLACEMENT_3D('',#5727,#5728,#5729);
#5727 = CARTESIAN_POINT('',(0.,1.8,-2.06E-15));
#5728 = DIRECTION('',(-0.707106781187,0.707106781187,-2.E-17));
#5729 = DIRECTION('',(0.707106781187,0.707106781187,3.3E-16));
#5730 = ORIENTED_EDGE('',*,*,#5731,.T.);
#5731 = EDGE_CURVE('',#5723,#2600,#5732,.T.);
#5732 = ELLIPSE('',#5733,35.355339059327,25.);
#5733 = AXIS2_PLACEMENT_3D('',#5734,#5735,#5736);
#5734 = CARTESIAN_POINT('',(0.,1.8,-2.06E-15));
#5735 = DIRECTION('',(-0.707106781187,0.707106781187,-2.E-17));
#5736 = DIRECTION('',(0.707106781187,0.707106781187,3.3E-16));
#5737 = PLANE('',#5738);
#5738 = AXIS2_PLACEMENT_3D('',#5739,#5740,#5741);
#5739 = CARTESIAN_POINT('',(-1.8,2.8E-16,23.));
#5740 = DIRECTION('',(-0.707106781187,0.707106781187,-2.E-17));
#5741 = DIRECTION('',(-0.707106781187,-0.707106781187,-1.6E-16));
#5742 = ADVANCED_FACE('',(#5743),#5765,.T.);
#5743 = FACE_BOUND('',#5744,.T.);
#5744 = EDGE_LOOP('',(#5745,#5746,#5747,#5756,#5763,#5764));
#5745 = ORIENTED_EDGE('',*,*,#2668,.F.);
#5746 = ORIENTED_EDGE('',*,*,#2713,.T.);
#5747 = ORIENTED_EDGE('',*,*,#5748,.T.);
#5748 = EDGE_CURVE('',#2705,#5749,#5751,.T.);
#5749 = VERTEX_POINT('',#5750);
#5750 = CARTESIAN_POINT('',(-7.725424859374,-1.8,23.776412907379));
#5751 = ELLIPSE('',#5752,35.355339059327,25.);
#5752 = AXIS2_PLACEMENT_3D('',#5753,#5754,#5755);
#5753 = CARTESIAN_POINT('',(0.,-1.8,-2.86E-15));
#5754 = DIRECTION('',(0.672498511964,-0.707106781187,0.218508012224));
#5755 = DIRECTION('',(0.672498511964,0.707106781187,0.218508012224));
#5756 = ORIENTED_EDGE('',*,*,#5757,.T.);
#5757 = EDGE_CURVE('',#5749,#5071,#5758,.T.);
#5758 = ELLIPSE('',#5759,35.355339059327,25.);
#5759 = AXIS2_PLACEMENT_3D('',#5760,#5761,#5762);
#5760 = CARTESIAN_POINT('',(0.,-1.8,-2.86E-15));
#5761 = DIRECTION('',(0.672498511964,-0.707106781187,0.218508012224));
#5762 = DIRECTION('',(0.672498511964,0.707106781187,0.218508012224));
#5763 = ORIENTED_EDGE('',*,*,#5079,.F.);
#5764 = ORIENTED_EDGE('',*,*,#2659,.F.);
#5765 = PLANE('',#5766);
#5766 = AXIS2_PLACEMENT_3D('',#5767,#5768,#5769);
#5767 = CARTESIAN_POINT('',(-5.395489141293,-1.33226762955E-15,
    22.430530464663));
#5768 = DIRECTION('',(0.672498511964,-0.707106781187,0.218508012224));
#5769 = DIRECTION('',(0.672498511964,0.707106781187,0.218508012224));
#5770 = ADVANCED_FACE('',(#5771),#5792,.T.);
#5771 = FACE_BOUND('',#5772,.T.);
#5772 = EDGE_LOOP('',(#5773,#5774,#5775,#5776,#5785));
#5773 = ORIENTED_EDGE('',*,*,#2737,.F.);
#5774 = ORIENTED_EDGE('',*,*,#2772,.F.);
#5775 = ORIENTED_EDGE('',*,*,#5035,.T.);
#5776 = ORIENTED_EDGE('',*,*,#5777,.T.);
#5777 = EDGE_CURVE('',#5036,#5778,#5780,.T.);
#5778 = VERTEX_POINT('',#5779);
#5779 = CARTESIAN_POINT('',(-7.725424859374,1.8,23.776412907379));
#5780 = ELLIPSE('',#5781,35.355339059327,25.);
#5781 = AXIS2_PLACEMENT_3D('',#5782,#5783,#5784);
#5782 = CARTESIAN_POINT('',(0.,1.8,-2.06E-15));
#5783 = DIRECTION('',(-0.672498511964,0.707106781187,-0.218508012224));
#5784 = DIRECTION('',(0.672498511964,0.707106781187,0.218508012224));
#5785 = ORIENTED_EDGE('',*,*,#5786,.T.);
#5786 = EDGE_CURVE('',#5778,#2738,#5787,.T.);
#5787 = ELLIPSE('',#5788,35.355339059327,25.);
#5788 = AXIS2_PLACEMENT_3D('',#5789,#5790,#5791);
#5789 = CARTESIAN_POINT('',(0.,1.8,-2.06E-15));
#5790 = DIRECTION('',(-0.672498511964,0.707106781187,-0.218508012224));
#5791 = DIRECTION('',(0.672498511964,0.707106781187,0.218508012224));
#5792 = PLANE('',#5793);
#5793 = AXIS2_PLACEMENT_3D('',#5794,#5795,#5796);
#5794 = CARTESIAN_POINT('',(-8.819292599955,-2.22044604925E-15,
    21.318069284914));
#5795 = DIRECTION('',(-0.672498511964,0.707106781187,-0.218508012224));
#5796 = DIRECTION('',(-0.672498511964,-0.707106781187,-0.218508012224));
#5797 = ADVANCED_FACE('',(#5798),#5819,.T.);
#5798 = FACE_BOUND('',#5799,.T.);
#5799 = EDGE_LOOP('',(#5800,#5801,#5802,#5811,#5818));
#5800 = ORIENTED_EDGE('',*,*,#2798,.F.);
#5801 = ORIENTED_EDGE('',*,*,#2833,.T.);
#5802 = ORIENTED_EDGE('',*,*,#5803,.T.);
#5803 = EDGE_CURVE('',#2825,#5804,#5806,.T.);
#5804 = VERTEX_POINT('',#5805);
#5805 = CARTESIAN_POINT('',(-14.69463130731,-1.8,20.225424859374));
#5806 = ELLIPSE('',#5807,35.355339059327,25.);
#5807 = AXIS2_PLACEMENT_3D('',#5808,#5809,#5810);
#5808 = CARTESIAN_POINT('',(0.,-1.8,-2.86E-15));
#5809 = DIRECTION('',(0.572061402818,-0.707106781187,0.415626937777));
#5810 = DIRECTION('',(0.572061402818,0.707106781187,0.415626937777));
#5811 = ORIENTED_EDGE('',*,*,#5812,.T.);
#5812 = EDGE_CURVE('',#5804,#5012,#5813,.T.);
#5813 = ELLIPSE('',#5814,35.355339059327,25.);
#5814 = AXIS2_PLACEMENT_3D('',#5815,#5816,#5817);
#5815 = CARTESIAN_POINT('',(0.,-1.8,-2.86E-15));
#5816 = DIRECTION('',(0.572061402818,-0.707106781187,0.415626937777));
#5817 = DIRECTION('',(0.572061402818,0.707106781187,0.415626937777));
#5818 = ORIENTED_EDGE('',*,*,#5020,.F.);
#5819 = PLANE('',#5820);
#5820 = AXIS2_PLACEMENT_3D('',#5821,#5822,#5823);
#5821 = CARTESIAN_POINT('',(-12.06283021285,0.,19.66540432475));
#5822 = DIRECTION('',(0.572061402818,-0.707106781187,0.415626937777));
#5823 = DIRECTION('',(0.572061402818,0.707106781187,0.415626937777));
#5824 = ADVANCED_FACE('',(#5825),#5846,.T.);
#5825 = FACE_BOUND('',#5826,.T.);
#5826 = EDGE_LOOP('',(#5827,#5828,#5829,#5830,#5839));
#5827 = ORIENTED_EDGE('',*,*,#2856,.F.);
#5828 = ORIENTED_EDGE('',*,*,#2891,.F.);
#5829 = ORIENTED_EDGE('',*,*,#4976,.T.);
#5830 = ORIENTED_EDGE('',*,*,#5831,.T.);
#5831 = EDGE_CURVE('',#4977,#5832,#5834,.T.);
#5832 = VERTEX_POINT('',#5833);
#5833 = CARTESIAN_POINT('',(-14.69463130731,1.8,20.225424859374));
#5834 = ELLIPSE('',#5835,35.355339059327,25.);
#5835 = AXIS2_PLACEMENT_3D('',#5836,#5837,#5838);
#5836 = CARTESIAN_POINT('',(0.,1.8,-2.06E-15));
#5837 = DIRECTION('',(-0.572061402818,0.707106781187,-0.415626937777));
#5838 = DIRECTION('',(0.572061402818,0.707106781187,0.415626937777));
#5839 = ORIENTED_EDGE('',*,*,#5840,.T.);
#5840 = EDGE_CURVE('',#5832,#2857,#5841,.T.);
#5841 = ELLIPSE('',#5842,35.355339059327,25.);
#5842 = AXIS2_PLACEMENT_3D('',#5843,#5844,#5845);
#5843 = CARTESIAN_POINT('',(0.,1.8,-2.06E-15));
#5844 = DIRECTION('',(-0.572061402818,0.707106781187,-0.415626937777));
#5845 = DIRECTION('',(0.572061402818,0.707106781187,0.415626937777));
#5846 = PLANE('',#5847);
#5847 = AXIS2_PLACEMENT_3D('',#5848,#5849,#5850);
#5848 = CARTESIAN_POINT('',(-14.9752913926,0.,17.549377416497));
#5849 = DIRECTION('',(-0.572061402818,0.707106781187,-0.415626937777));
#5850 = DIRECTION('',(-0.572061402818,-0.707106781187,-0.415626937777));
#5851 = ADVANCED_FACE('',(#5852),#5873,.T.);
#5852 = FACE_BOUND('',#5853,.T.);
#5853 = EDGE_LOOP('',(#5854,#5855,#5856,#5865,#5872));
#5854 = ORIENTED_EDGE('',*,*,#2917,.F.);
#5855 = ORIENTED_EDGE('',*,*,#2952,.T.);
#5856 = ORIENTED_EDGE('',*,*,#5857,.T.);
#5857 = EDGE_CURVE('',#2944,#5858,#5860,.T.);
#5858 = VERTEX_POINT('',#5859);
#5859 = CARTESIAN_POINT('',(-20.22542485937,-1.8,14.694631307312));
#5860 = ELLIPSE('',#5861,35.355339059327,25.);
#5861 = AXIS2_PLACEMENT_3D('',#5862,#5863,#5864);
#5862 = CARTESIAN_POINT('',(0.,-1.8,-2.86E-15));
#5863 = DIRECTION('',(0.415626937777,-0.707106781187,0.572061402818));
#5864 = DIRECTION('',(0.415626937777,0.707106781187,0.572061402818));
#5865 = ORIENTED_EDGE('',*,*,#5866,.T.);
#5866 = EDGE_CURVE('',#5858,#4953,#5867,.T.);
#5867 = ELLIPSE('',#5868,35.355339059327,25.);
#5868 = AXIS2_PLACEMENT_3D('',#5869,#5870,#5871);
#5869 = CARTESIAN_POINT('',(0.,-1.8,-2.86E-15));
#5870 = DIRECTION('',(0.415626937777,-0.707106781187,0.572061402818));
#5871 = DIRECTION('',(0.415626937777,0.707106781187,0.572061402818));
#5872 = ORIENTED_EDGE('',*,*,#4961,.F.);
#5873 = PLANE('',#5874);
#5874 = AXIS2_PLACEMENT_3D('',#5875,#5876,#5877);
#5875 = CARTESIAN_POINT('',(-17.54937741649,-3.552713678801E-15,
    14.975291392602));
#5876 = DIRECTION('',(0.415626937777,-0.707106781187,0.572061402818));
#5877 = DIRECTION('',(0.415626937777,0.707106781187,0.572061402818));
#5878 = ADVANCED_FACE('',(#5879),#5900,.T.);
#5879 = FACE_BOUND('',#5880,.T.);
#5880 = EDGE_LOOP('',(#5881,#5882,#5883,#5884,#5893));
#5881 = ORIENTED_EDGE('',*,*,#2975,.F.);
#5882 = ORIENTED_EDGE('',*,*,#3010,.F.);
#5883 = ORIENTED_EDGE('',*,*,#4917,.T.);
#5884 = ORIENTED_EDGE('',*,*,#5885,.T.);
#5885 = EDGE_CURVE('',#4918,#5886,#5888,.T.);
#5886 = VERTEX_POINT('',#5887);
#5887 = CARTESIAN_POINT('',(-20.22542485937,1.8,14.694631307312));
#5888 = ELLIPSE('',#5889,35.355339059327,25.);
#5889 = AXIS2_PLACEMENT_3D('',#5890,#5891,#5892);
#5890 = CARTESIAN_POINT('',(0.,1.8,-2.06E-15));
#5891 = DIRECTION('',(-0.415626937777,0.707106781187,-0.572061402818));
#5892 = DIRECTION('',(0.415626937777,0.707106781187,0.572061402818));
#5893 = ORIENTED_EDGE('',*,*,#5894,.T.);
#5894 = EDGE_CURVE('',#5886,#2976,#5895,.T.);
#5895 = ELLIPSE('',#5896,35.355339059327,25.);
#5896 = AXIS2_PLACEMENT_3D('',#5897,#5898,#5899);
#5897 = CARTESIAN_POINT('',(0.,1.8,-2.06E-15));
#5898 = DIRECTION('',(-0.415626937777,0.707106781187,-0.572061402818));
#5899 = DIRECTION('',(0.415626937777,0.707106781187,0.572061402818));
#5900 = PLANE('',#5901);
#5901 = AXIS2_PLACEMENT_3D('',#5902,#5903,#5904);
#5902 = CARTESIAN_POINT('',(-19.66540432475,-5.329070518201E-15,
    12.062830212852));
#5903 = DIRECTION('',(-0.415626937777,0.707106781187,-0.572061402818));
#5904 = DIRECTION('',(-0.415626937777,-0.707106781187,-0.572061402818));
#5905 = ADVANCED_FACE('',(#5906),#5927,.T.);
#5906 = FACE_BOUND('',#5907,.T.);
#5907 = EDGE_LOOP('',(#5908,#5909,#5910,#5919,#5926));
#5908 = ORIENTED_EDGE('',*,*,#3036,.F.);
#5909 = ORIENTED_EDGE('',*,*,#3071,.T.);
#5910 = ORIENTED_EDGE('',*,*,#5911,.T.);
#5911 = EDGE_CURVE('',#3063,#5912,#5914,.T.);
#5912 = VERTEX_POINT('',#5913);
#5913 = CARTESIAN_POINT('',(-23.77641290737,-1.8,7.725424859374));
#5914 = ELLIPSE('',#5915,35.355339059327,25.);
#5915 = AXIS2_PLACEMENT_3D('',#5916,#5917,#5918);
#5916 = CARTESIAN_POINT('',(0.,-1.8,-2.86E-15));
#5917 = DIRECTION('',(0.218508012224,-0.707106781187,0.672498511964));
#5918 = DIRECTION('',(0.218508012224,0.707106781187,0.672498511964));
#5919 = ORIENTED_EDGE('',*,*,#5920,.T.);
#5920 = EDGE_CURVE('',#5912,#4894,#5921,.T.);
#5921 = ELLIPSE('',#5922,35.355339059327,25.);
#5922 = AXIS2_PLACEMENT_3D('',#5923,#5924,#5925);
#5923 = CARTESIAN_POINT('',(0.,-1.8,-2.86E-15));
#5924 = DIRECTION('',(0.218508012224,-0.707106781187,0.672498511964));
#5925 = DIRECTION('',(0.218508012224,0.707106781187,0.672498511964));
#5926 = ORIENTED_EDGE('',*,*,#4902,.F.);
#5927 = PLANE('',#5928);
#5928 = AXIS2_PLACEMENT_3D('',#5929,#5930,#5931);
#5929 = CARTESIAN_POINT('',(-21.31806928491,-8.881784197001E-15,
    8.819292599955));
#5930 = DIRECTION('',(0.218508012224,-0.707106781187,0.672498511964));
#5931 = DIRECTION('',(0.218508012224,0.707106781187,0.672498511964));
#5932 = ADVANCED_FACE('',(#5933),#5954,.T.);
#5933 = FACE_BOUND('',#5934,.T.);
#5934 = EDGE_LOOP('',(#5935,#5936,#5937,#5938,#5947));
#5935 = ORIENTED_EDGE('',*,*,#3094,.F.);
#5936 = ORIENTED_EDGE('',*,*,#3129,.F.);
#5937 = ORIENTED_EDGE('',*,*,#4858,.T.);
#5938 = ORIENTED_EDGE('',*,*,#5939,.T.);
#5939 = EDGE_CURVE('',#4859,#5940,#5942,.T.);
#5940 = VERTEX_POINT('',#5941);
#5941 = CARTESIAN_POINT('',(-23.77641290737,1.8,7.725424859374));
#5942 = ELLIPSE('',#5943,35.355339059327,25.);
#5943 = AXIS2_PLACEMENT_3D('',#5944,#5945,#5946);
#5944 = CARTESIAN_POINT('',(0.,1.8,-2.06E-15));
#5945 = DIRECTION('',(-0.218508012224,0.707106781187,-0.672498511964));
#5946 = DIRECTION('',(0.218508012224,0.707106781187,0.672498511964));
#5947 = ORIENTED_EDGE('',*,*,#5948,.T.);
#5948 = EDGE_CURVE('',#5940,#3095,#5949,.T.);
#5949 = ELLIPSE('',#5950,35.355339059327,25.);
#5950 = AXIS2_PLACEMENT_3D('',#5951,#5952,#5953);
#5951 = CARTESIAN_POINT('',(0.,1.8,-2.06E-15));
#5952 = DIRECTION('',(-0.218508012224,0.707106781187,-0.672498511964));
#5953 = DIRECTION('',(0.218508012224,0.707106781187,0.672498511964));
#5954 = PLANE('',#5955);
#5955 = AXIS2_PLACEMENT_3D('',#5956,#5957,#5958);
#5956 = CARTESIAN_POINT('',(-22.43053046466,-8.881784197001E-15,
    5.395489141293));
#5957 = DIRECTION('',(-0.218508012224,0.707106781187,-0.672498511964));
#5958 = DIRECTION('',(-0.218508012224,-0.707106781187,-0.672498511964));
#5959 = ADVANCED_FACE('',(#5960),#5981,.T.);
#5960 = FACE_BOUND('',#5961,.T.);
#5961 = EDGE_LOOP('',(#5962,#5963,#5964,#5973,#5980));
#5962 = ORIENTED_EDGE('',*,*,#3155,.F.);
#5963 = ORIENTED_EDGE('',*,*,#3190,.T.);
#5964 = ORIENTED_EDGE('',*,*,#5965,.T.);
#5965 = EDGE_CURVE('',#3182,#5966,#5968,.T.);
#5966 = VERTEX_POINT('',#5967);
#5967 = CARTESIAN_POINT('',(-25.,-1.8,-7.E-15));
#5968 = ELLIPSE('',#5969,35.355339059327,25.);
#5969 = AXIS2_PLACEMENT_3D('',#5970,#5971,#5972);
#5970 = CARTESIAN_POINT('',(0.,-1.8,-2.86E-15));
#5971 = DIRECTION('',(-2.2E-16,-0.707106781187,0.707106781187));
#5972 = DIRECTION('',(-2.2E-16,0.707106781187,0.707106781187));
#5973 = ORIENTED_EDGE('',*,*,#5974,.T.);
#5974 = EDGE_CURVE('',#5966,#4835,#5975,.T.);
#5975 = ELLIPSE('',#5976,35.355339059327,25.);
#5976 = AXIS2_PLACEMENT_3D('',#5977,#5978,#5979);
#5977 = CARTESIAN_POINT('',(0.,-1.8,-2.86E-15));
#5978 = DIRECTION('',(-2.2E-16,-0.707106781187,0.707106781187));
#5979 = DIRECTION('',(-2.2E-16,0.707106781187,0.707106781187));
#5980 = ORIENTED_EDGE('',*,*,#4843,.F.);
#5981 = PLANE('',#5982);
#5982 = AXIS2_PLACEMENT_3D('',#5983,#5984,#5985);
#5983 = CARTESIAN_POINT('',(-23.,5.15E-15,1.8));
#5984 = DIRECTION('',(-5.4E-16,-0.707106781187,0.707106781187));
#5985 = DIRECTION('',(-3.1E-16,0.707106781187,0.707106781187));
#5986 = ADVANCED_FACE('',(#5987),#6008,.T.);
#5987 = FACE_BOUND('',#5988,.T.);
#5988 = EDGE_LOOP('',(#5989,#5990,#5991,#5992,#6001));
#5989 = ORIENTED_EDGE('',*,*,#3213,.F.);
#5990 = ORIENTED_EDGE('',*,*,#3248,.F.);
#5991 = ORIENTED_EDGE('',*,*,#4799,.T.);
#5992 = ORIENTED_EDGE('',*,*,#5993,.T.);
#5993 = EDGE_CURVE('',#4800,#5994,#5996,.T.);
#5994 = VERTEX_POINT('',#5995);
#5995 = CARTESIAN_POINT('',(-25.,1.8,-8.E-15));
#5996 = ELLIPSE('',#5997,35.355339059327,25.);
#5997 = AXIS2_PLACEMENT_3D('',#5998,#5999,#6000);
#5998 = CARTESIAN_POINT('',(0.,1.8,-2.06E-15));
#5999 = DIRECTION('',(1.8E-16,0.707106781187,-0.707106781187));
#6000 = DIRECTION('',(-1.8E-16,0.707106781187,0.707106781187));
#6001 = ORIENTED_EDGE('',*,*,#6002,.T.);
#6002 = EDGE_CURVE('',#5994,#3214,#6003,.T.);
#6003 = ELLIPSE('',#6004,35.355339059327,25.);
#6004 = AXIS2_PLACEMENT_3D('',#6005,#6006,#6007);
#6005 = CARTESIAN_POINT('',(0.,1.8,-2.06E-15));
#6006 = DIRECTION('',(1.8E-16,0.707106781187,-0.707106781187));
#6007 = DIRECTION('',(-1.8E-16,0.707106781187,0.707106781187));
#6008 = PLANE('',#6009);
#6009 = AXIS2_PLACEMENT_3D('',#6010,#6011,#6012);
#6010 = CARTESIAN_POINT('',(-23.,5.79E-15,-1.8));
#6011 = DIRECTION('',(4.9E-16,0.707106781187,-0.707106781187));
#6012 = DIRECTION('',(3.1E-16,-0.707106781187,-0.707106781187));
#6013 = ADVANCED_FACE('',(#6014),#6035,.T.);
#6014 = FACE_BOUND('',#6015,.T.);
#6015 = EDGE_LOOP('',(#6016,#6017,#6018,#6027,#6034));
#6016 = ORIENTED_EDGE('',*,*,#3274,.F.);
#6017 = ORIENTED_EDGE('',*,*,#3309,.T.);
#6018 = ORIENTED_EDGE('',*,*,#6019,.T.);
#6019 = EDGE_CURVE('',#3301,#6020,#6022,.T.);
#6020 = VERTEX_POINT('',#6021);
#6021 = CARTESIAN_POINT('',(-23.77641290737,-1.8,-7.725424859374));
#6022 = ELLIPSE('',#6023,35.355339059327,25.);
#6023 = AXIS2_PLACEMENT_3D('',#6024,#6025,#6026);
#6024 = CARTESIAN_POINT('',(0.,-1.8,-2.86E-15));
#6025 = DIRECTION('',(-0.218508012224,-0.707106781187,0.672498511964));
#6026 = DIRECTION('',(-0.218508012224,0.707106781187,0.672498511964));
#6027 = ORIENTED_EDGE('',*,*,#6028,.T.);
#6028 = EDGE_CURVE('',#6020,#4776,#6029,.T.);
#6029 = ELLIPSE('',#6030,35.355339059327,25.);
#6030 = AXIS2_PLACEMENT_3D('',#6031,#6032,#6033);
#6031 = CARTESIAN_POINT('',(0.,-1.8,-2.86E-15));
#6032 = DIRECTION('',(-0.218508012224,-0.707106781187,0.672498511964));
#6033 = DIRECTION('',(-0.218508012224,0.707106781187,0.672498511964));
#6034 = ORIENTED_EDGE('',*,*,#4784,.F.);
#6035 = PLANE('',#6036);
#6036 = AXIS2_PLACEMENT_3D('',#6037,#6038,#6039);
#6037 = CARTESIAN_POINT('',(-22.43053046466,1.50990331349E-14,
    -5.395489141293));
#6038 = DIRECTION('',(-0.218508012224,-0.707106781187,0.672498511964));
#6039 = DIRECTION('',(-0.218508012224,0.707106781187,0.672498511964));
#6040 = ADVANCED_FACE('',(#6041),#6062,.T.);
#6041 = FACE_BOUND('',#6042,.T.);
#6042 = EDGE_LOOP('',(#6043,#6044,#6045,#6046,#6055));
#6043 = ORIENTED_EDGE('',*,*,#3332,.F.);
#6044 = ORIENTED_EDGE('',*,*,#3367,.F.);
#6045 = ORIENTED_EDGE('',*,*,#4740,.T.);
#6046 = ORIENTED_EDGE('',*,*,#6047,.T.);
#6047 = EDGE_CURVE('',#4741,#6048,#6050,.T.);
#6048 = VERTEX_POINT('',#6049);
#6049 = CARTESIAN_POINT('',(-23.77641290737,1.8,-7.725424859374));
#6050 = ELLIPSE('',#6051,35.355339059327,25.);
#6051 = AXIS2_PLACEMENT_3D('',#6052,#6053,#6054);
#6052 = CARTESIAN_POINT('',(0.,1.8,-2.06E-15));
#6053 = DIRECTION('',(0.218508012224,0.707106781187,-0.672498511964));
#6054 = DIRECTION('',(-0.218508012224,0.707106781187,0.672498511964));
#6055 = ORIENTED_EDGE('',*,*,#6056,.T.);
#6056 = EDGE_CURVE('',#6048,#3333,#6057,.T.);
#6057 = ELLIPSE('',#6058,35.355339059327,25.);
#6058 = AXIS2_PLACEMENT_3D('',#6059,#6060,#6061);
#6059 = CARTESIAN_POINT('',(0.,1.8,-2.06E-15));
#6060 = DIRECTION('',(0.218508012224,0.707106781187,-0.672498511964));
#6061 = DIRECTION('',(-0.218508012224,0.707106781187,0.672498511964));
#6062 = PLANE('',#6063);
#6063 = AXIS2_PLACEMENT_3D('',#6064,#6065,#6066);
#6064 = CARTESIAN_POINT('',(-21.31806928491,1.68753899743E-14,
    -8.819292599955));
#6065 = DIRECTION('',(0.218508012224,0.707106781187,-0.672498511964));
#6066 = DIRECTION('',(0.218508012224,-0.707106781187,-0.672498511964));
#6067 = ADVANCED_FACE('',(#6068),#6089,.T.);
#6068 = FACE_BOUND('',#6069,.T.);
#6069 = EDGE_LOOP('',(#6070,#6071,#6072,#6081,#6088));
#6070 = ORIENTED_EDGE('',*,*,#3393,.F.);
#6071 = ORIENTED_EDGE('',*,*,#3428,.T.);
#6072 = ORIENTED_EDGE('',*,*,#6073,.T.);
#6073 = EDGE_CURVE('',#3420,#6074,#6076,.T.);
#6074 = VERTEX_POINT('',#6075);
#6075 = CARTESIAN_POINT('',(-20.22542485937,-1.8,-14.69463130731));
#6076 = ELLIPSE('',#6077,35.355339059327,25.);
#6077 = AXIS2_PLACEMENT_3D('',#6078,#6079,#6080);
#6078 = CARTESIAN_POINT('',(0.,-1.8,-2.86E-15));
#6079 = DIRECTION('',(-0.415626937777,-0.707106781187,0.572061402818));
#6080 = DIRECTION('',(-0.415626937777,0.707106781187,0.572061402818));
#6081 = ORIENTED_EDGE('',*,*,#6082,.T.);
#6082 = EDGE_CURVE('',#6074,#4717,#6083,.T.);
#6083 = ELLIPSE('',#6084,35.355339059327,25.);
#6084 = AXIS2_PLACEMENT_3D('',#6085,#6086,#6087);
#6085 = CARTESIAN_POINT('',(0.,-1.8,-2.86E-15));
#6086 = DIRECTION('',(-0.415626937777,-0.707106781187,0.572061402818));
#6087 = DIRECTION('',(-0.415626937777,0.707106781187,0.572061402818));
#6088 = ORIENTED_EDGE('',*,*,#4725,.F.);
#6089 = PLANE('',#6090);
#6090 = AXIS2_PLACEMENT_3D('',#6091,#6092,#6093);
#6091 = CARTESIAN_POINT('',(-19.66540432475,1.06581410364E-14,
    -12.06283021285));
#6092 = DIRECTION('',(-0.415626937777,-0.707106781187,0.572061402818));
#6093 = DIRECTION('',(-0.415626937777,0.707106781187,0.572061402818));
#6094 = ADVANCED_FACE('',(#6095),#6116,.T.);
#6095 = FACE_BOUND('',#6096,.T.);
#6096 = EDGE_LOOP('',(#6097,#6098,#6099,#6100,#6109));
#6097 = ORIENTED_EDGE('',*,*,#3451,.F.);
#6098 = ORIENTED_EDGE('',*,*,#3486,.F.);
#6099 = ORIENTED_EDGE('',*,*,#4681,.T.);
#6100 = ORIENTED_EDGE('',*,*,#6101,.T.);
#6101 = EDGE_CURVE('',#4682,#6102,#6104,.T.);
#6102 = VERTEX_POINT('',#6103);
#6103 = CARTESIAN_POINT('',(-20.22542485937,1.8,-14.69463130731));
#6104 = ELLIPSE('',#6105,35.355339059327,25.);
#6105 = AXIS2_PLACEMENT_3D('',#6106,#6107,#6108);
#6106 = CARTESIAN_POINT('',(0.,1.8,-2.06E-15));
#6107 = DIRECTION('',(0.415626937777,0.707106781187,-0.572061402818));
#6108 = DIRECTION('',(-0.415626937777,0.707106781187,0.572061402818));
#6109 = ORIENTED_EDGE('',*,*,#6110,.T.);
#6110 = EDGE_CURVE('',#6102,#3452,#6111,.T.);
#6111 = ELLIPSE('',#6112,35.355339059327,25.);
#6112 = AXIS2_PLACEMENT_3D('',#6113,#6114,#6115);
#6113 = CARTESIAN_POINT('',(0.,1.8,-2.06E-15));
#6114 = DIRECTION('',(0.415626937777,0.707106781187,-0.572061402818));
#6115 = DIRECTION('',(-0.415626937777,0.707106781187,0.572061402818));
#6116 = PLANE('',#6117);
#6117 = AXIS2_PLACEMENT_3D('',#6118,#6119,#6120);
#6118 = CARTESIAN_POINT('',(-17.54937741649,8.881784197001E-15,
    -14.9752913926));
#6119 = DIRECTION('',(0.415626937777,0.707106781187,-0.572061402818));
#6120 = DIRECTION('',(0.415626937777,-0.707106781187,-0.572061402818));
#6121 = ADVANCED_FACE('',(#6122),#6143,.T.);
#6122 = FACE_BOUND('',#6123,.T.);
#6123 = EDGE_LOOP('',(#6124,#6125,#6126,#6135,#6142));
#6124 = ORIENTED_EDGE('',*,*,#3512,.F.);
#6125 = ORIENTED_EDGE('',*,*,#3547,.T.);
#6126 = ORIENTED_EDGE('',*,*,#6127,.T.);
#6127 = EDGE_CURVE('',#3539,#6128,#6130,.T.);
#6128 = VERTEX_POINT('',#6129);
#6129 = CARTESIAN_POINT('',(-14.69463130731,-1.8,-20.22542485937));
#6130 = ELLIPSE('',#6131,35.355339059327,25.);
#6131 = AXIS2_PLACEMENT_3D('',#6132,#6133,#6134);
#6132 = CARTESIAN_POINT('',(0.,-1.8,-2.86E-15));
#6133 = DIRECTION('',(-0.572061402818,-0.707106781187,0.415626937777));
#6134 = DIRECTION('',(-0.572061402818,0.707106781187,0.415626937777));
#6135 = ORIENTED_EDGE('',*,*,#6136,.T.);
#6136 = EDGE_CURVE('',#6128,#4658,#6137,.T.);
#6137 = ELLIPSE('',#6138,35.355339059327,25.);
#6138 = AXIS2_PLACEMENT_3D('',#6139,#6140,#6141);
#6139 = CARTESIAN_POINT('',(0.,-1.8,-2.86E-15));
#6140 = DIRECTION('',(-0.572061402818,-0.707106781187,0.415626937777));
#6141 = DIRECTION('',(-0.572061402818,0.707106781187,0.415626937777));
#6142 = ORIENTED_EDGE('',*,*,#4666,.F.);
#6143 = PLANE('',#6144);
#6144 = AXIS2_PLACEMENT_3D('',#6145,#6146,#6147);
#6145 = CARTESIAN_POINT('',(-14.9752913926,1.311014455574E-17,
    -17.54937741649));
#6146 = DIRECTION('',(-0.572061402818,-0.707106781187,0.415626937777));
#6147 = DIRECTION('',(-0.572061402818,0.707106781187,0.415626937777));
#6148 = ADVANCED_FACE('',(#6149),#6170,.T.);
#6149 = FACE_BOUND('',#6150,.T.);
#6150 = EDGE_LOOP('',(#6151,#6152,#6153,#6154,#6163));
#6151 = ORIENTED_EDGE('',*,*,#3570,.F.);
#6152 = ORIENTED_EDGE('',*,*,#3605,.F.);
#6153 = ORIENTED_EDGE('',*,*,#4622,.T.);
#6154 = ORIENTED_EDGE('',*,*,#6155,.T.);
#6155 = EDGE_CURVE('',#4623,#6156,#6158,.T.);
#6156 = VERTEX_POINT('',#6157);
#6157 = CARTESIAN_POINT('',(-14.69463130731,1.8,-20.22542485937));
#6158 = ELLIPSE('',#6159,35.355339059327,25.);
#6159 = AXIS2_PLACEMENT_3D('',#6160,#6161,#6162);
#6160 = CARTESIAN_POINT('',(0.,1.8,-2.06E-15));
#6161 = DIRECTION('',(0.572061402818,0.707106781187,-0.415626937777));
#6162 = DIRECTION('',(-0.572061402818,0.707106781187,0.415626937777));
#6163 = ORIENTED_EDGE('',*,*,#6164,.T.);
#6164 = EDGE_CURVE('',#6156,#3571,#6165,.T.);
#6165 = ELLIPSE('',#6166,35.355339059327,25.);
#6166 = AXIS2_PLACEMENT_3D('',#6167,#6168,#6169);
#6167 = CARTESIAN_POINT('',(0.,1.8,-2.06E-15));
#6168 = DIRECTION('',(0.572061402818,0.707106781187,-0.415626937777));
#6169 = DIRECTION('',(-0.572061402818,0.707106781187,0.415626937777));
#6170 = PLANE('',#6171);
#6171 = AXIS2_PLACEMENT_3D('',#6172,#6173,#6174);
#6172 = CARTESIAN_POINT('',(-12.06283021285,-3.475148424176E-15,
    -19.66540432475));
#6173 = DIRECTION('',(0.572061402818,0.707106781187,-0.415626937777));
#6174 = DIRECTION('',(0.572061402818,-0.707106781187,-0.415626937777));
#6175 = ADVANCED_FACE('',(#6176),#6197,.T.);
#6176 = FACE_BOUND('',#6177,.T.);
#6177 = EDGE_LOOP('',(#6178,#6179,#6180,#6189,#6196));
#6178 = ORIENTED_EDGE('',*,*,#3631,.F.);
#6179 = ORIENTED_EDGE('',*,*,#3666,.T.);
#6180 = ORIENTED_EDGE('',*,*,#6181,.T.);
#6181 = EDGE_CURVE('',#3658,#6182,#6184,.T.);
#6182 = VERTEX_POINT('',#6183);
#6183 = CARTESIAN_POINT('',(-7.725424859374,-1.8,-23.77641290737));
#6184 = ELLIPSE('',#6185,35.355339059327,25.);
#6185 = AXIS2_PLACEMENT_3D('',#6186,#6187,#6188);
#6186 = CARTESIAN_POINT('',(0.,-1.8,-2.86E-15));
#6187 = DIRECTION('',(-0.672498511964,-0.707106781187,0.218508012224));
#6188 = DIRECTION('',(-0.672498511964,0.707106781187,0.218508012224));
#6189 = ORIENTED_EDGE('',*,*,#6190,.T.);
#6190 = EDGE_CURVE('',#6182,#4599,#6191,.T.);
#6191 = ELLIPSE('',#6192,35.355339059327,25.);
#6192 = AXIS2_PLACEMENT_3D('',#6193,#6194,#6195);
#6193 = CARTESIAN_POINT('',(0.,-1.8,-2.86E-15));
#6194 = DIRECTION('',(-0.672498511964,-0.707106781187,0.218508012224));
#6195 = DIRECTION('',(-0.672498511964,0.707106781187,0.218508012224));
#6196 = ORIENTED_EDGE('',*,*,#4607,.F.);
#6197 = PLANE('',#6198);
#6198 = AXIS2_PLACEMENT_3D('',#6199,#6200,#6201);
#6199 = CARTESIAN_POINT('',(-8.819292599955,-1.228108293095E-14,
    -21.31806928491));
#6200 = DIRECTION('',(-0.672498511964,-0.707106781187,0.218508012224));
#6201 = DIRECTION('',(-0.672498511964,0.707106781187,0.218508012224));
#6202 = ADVANCED_FACE('',(#6203),#6224,.T.);
#6203 = FACE_BOUND('',#6204,.T.);
#6204 = EDGE_LOOP('',(#6205,#6206,#6207,#6208,#6217));
#6205 = ORIENTED_EDGE('',*,*,#3689,.F.);
#6206 = ORIENTED_EDGE('',*,*,#3724,.F.);
#6207 = ORIENTED_EDGE('',*,*,#4563,.T.);
#6208 = ORIENTED_EDGE('',*,*,#6209,.T.);
#6209 = EDGE_CURVE('',#4564,#6210,#6212,.T.);
#6210 = VERTEX_POINT('',#6211);
#6211 = CARTESIAN_POINT('',(-7.725424859374,1.8,-23.77641290737));
#6212 = ELLIPSE('',#6213,35.355339059327,25.);
#6213 = AXIS2_PLACEMENT_3D('',#6214,#6215,#6216);
#6214 = CARTESIAN_POINT('',(0.,1.8,-2.06E-15));
#6215 = DIRECTION('',(0.672498511964,0.707106781187,-0.218508012224));
#6216 = DIRECTION('',(-0.672498511964,0.707106781187,0.218508012224));
#6217 = ORIENTED_EDGE('',*,*,#6218,.T.);
#6218 = EDGE_CURVE('',#6210,#3690,#6219,.T.);
#6219 = ELLIPSE('',#6220,35.355339059327,25.);
#6220 = AXIS2_PLACEMENT_3D('',#6221,#6222,#6223);
#6221 = CARTESIAN_POINT('',(0.,1.8,-2.06E-15));
#6222 = DIRECTION('',(0.672498511964,0.707106781187,-0.218508012224));
#6223 = DIRECTION('',(-0.672498511964,0.707106781187,0.218508012224));
#6224 = PLANE('',#6225);
#6225 = AXIS2_PLACEMENT_3D('',#6226,#6227,#6228);
#6226 = CARTESIAN_POINT('',(-5.395489141293,-1.311705178015E-14,
    -22.43053046466));
#6227 = DIRECTION('',(0.672498511964,0.707106781187,-0.218508012224));
#6228 = DIRECTION('',(0.672498511964,-0.707106781187,-0.218508012224));
#6229 = ADVANCED_FACE('',(#6230),#6251,.T.);
#6230 = FACE_BOUND('',#6231,.T.);
#6231 = EDGE_LOOP('',(#6232,#6233,#6234,#6243,#6250));
#6232 = ORIENTED_EDGE('',*,*,#3750,.F.);
#6233 = ORIENTED_EDGE('',*,*,#3785,.T.);
#6234 = ORIENTED_EDGE('',*,*,#6235,.T.);
#6235 = EDGE_CURVE('',#3777,#6236,#6238,.T.);
#6236 = VERTEX_POINT('',#6237);
#6237 = CARTESIAN_POINT('',(1.4E-14,-1.8,-25.));
#6238 = ELLIPSE('',#6239,35.355339059327,25.);
#6239 = AXIS2_PLACEMENT_3D('',#6240,#6241,#6242);
#6240 = CARTESIAN_POINT('',(0.,-1.8,-2.86E-15));
#6241 = DIRECTION('',(-0.707106781187,-0.707106781187,1.E-17));
#6242 = DIRECTION('',(-0.707106781187,0.707106781187,3.2E-16));
#6243 = ORIENTED_EDGE('',*,*,#6244,.T.);
#6244 = EDGE_CURVE('',#6236,#4540,#6245,.T.);
#6245 = ELLIPSE('',#6246,35.355339059327,25.);
#6246 = AXIS2_PLACEMENT_3D('',#6247,#6248,#6249);
#6247 = CARTESIAN_POINT('',(0.,-1.8,-2.86E-15));
#6248 = DIRECTION('',(-0.707106781187,-0.707106781187,1.E-17));
#6249 = DIRECTION('',(-0.707106781187,0.707106781187,3.2E-16));
#6250 = ORIENTED_EDGE('',*,*,#4548,.F.);
#6251 = PLANE('',#6252);
#6252 = AXIS2_PLACEMENT_3D('',#6253,#6254,#6255);
#6253 = CARTESIAN_POINT('',(-1.8,-1.172E-14,-23.));
#6254 = DIRECTION('',(-0.707106781187,-0.707106781187,3.971067811865E-16
    ));
#6255 = DIRECTION('',(-0.707106781187,0.707106781187,-4.771067811865E-16
    ));
#6256 = ADVANCED_FACE('',(#6257),#6278,.T.);
#6257 = FACE_BOUND('',#6258,.T.);
#6258 = EDGE_LOOP('',(#6259,#6260,#6261,#6262,#6271));
#6259 = ORIENTED_EDGE('',*,*,#3808,.F.);
#6260 = ORIENTED_EDGE('',*,*,#3843,.F.);
#6261 = ORIENTED_EDGE('',*,*,#4504,.T.);
#6262 = ORIENTED_EDGE('',*,*,#6263,.T.);
#6263 = EDGE_CURVE('',#4505,#6264,#6266,.T.);
#6264 = VERTEX_POINT('',#6265);
#6265 = CARTESIAN_POINT('',(1.4E-14,1.8,-25.));
#6266 = ELLIPSE('',#6267,35.355339059327,25.);
#6267 = AXIS2_PLACEMENT_3D('',#6268,#6269,#6270);
#6268 = CARTESIAN_POINT('',(0.,1.8,-2.06E-15));
#6269 = DIRECTION('',(0.707106781187,0.707106781187,-5.E-17));
#6270 = DIRECTION('',(-0.707106781187,0.707106781187,3.6E-16));
#6271 = ORIENTED_EDGE('',*,*,#6272,.T.);
#6272 = EDGE_CURVE('',#6264,#3809,#6273,.T.);
#6273 = ELLIPSE('',#6274,35.355339059327,25.);
#6274 = AXIS2_PLACEMENT_3D('',#6275,#6276,#6277);
#6275 = CARTESIAN_POINT('',(0.,1.8,-2.06E-15));
#6276 = DIRECTION('',(0.707106781187,0.707106781187,-5.E-17));
#6277 = DIRECTION('',(-0.707106781187,0.707106781187,3.6E-16));
#6278 = PLANE('',#6279);
#6279 = AXIS2_PLACEMENT_3D('',#6280,#6281,#6282);
#6280 = CARTESIAN_POINT('',(1.8,-1.313E-14,-23.));
#6281 = DIRECTION('',(0.707106781187,0.707106781187,-4.471067811865E-16)
  );
#6282 = DIRECTION('',(0.707106781187,-0.707106781187,4.771067811865E-16)
  );
#6283 = ADVANCED_FACE('',(#6284),#6305,.T.);
#6284 = FACE_BOUND('',#6285,.T.);
#6285 = EDGE_LOOP('',(#6286,#6287,#6288,#6297,#6304));
#6286 = ORIENTED_EDGE('',*,*,#3869,.F.);
#6287 = ORIENTED_EDGE('',*,*,#3904,.T.);
#6288 = ORIENTED_EDGE('',*,*,#6289,.T.);
#6289 = EDGE_CURVE('',#3896,#6290,#6292,.T.);
#6290 = VERTEX_POINT('',#6291);
#6291 = CARTESIAN_POINT('',(7.725424859374,-1.8,-23.77641290737));
#6292 = ELLIPSE('',#6293,35.355339059327,25.);
#6293 = AXIS2_PLACEMENT_3D('',#6294,#6295,#6296);
#6294 = CARTESIAN_POINT('',(0.,-1.8,-2.86E-15));
#6295 = DIRECTION('',(-0.672498511964,-0.707106781187,-0.218508012224));
#6296 = DIRECTION('',(-0.672498511964,0.707106781187,-0.218508012224));
#6297 = ORIENTED_EDGE('',*,*,#6298,.T.);
#6298 = EDGE_CURVE('',#6290,#4481,#6299,.T.);
#6299 = ELLIPSE('',#6300,35.355339059327,25.);
#6300 = AXIS2_PLACEMENT_3D('',#6301,#6302,#6303);
#6301 = CARTESIAN_POINT('',(0.,-1.8,-2.86E-15));
#6302 = DIRECTION('',(-0.672498511964,-0.707106781187,-0.218508012224));
#6303 = DIRECTION('',(-0.672498511964,0.707106781187,-0.218508012224));
#6304 = ORIENTED_EDGE('',*,*,#4489,.F.);
#6305 = PLANE('',#6306);
#6306 = AXIS2_PLACEMENT_3D('',#6307,#6308,#6309);
#6307 = CARTESIAN_POINT('',(5.395489141293,-1.00084273112E-14,
    -22.43053046466));
#6308 = DIRECTION('',(-0.672498511964,-0.707106781187,-0.218508012224));
#6309 = DIRECTION('',(-0.672498511964,0.707106781187,-0.218508012224));
#6310 = ADVANCED_FACE('',(#6311),#6332,.T.);
#6311 = FACE_BOUND('',#6312,.T.);
#6312 = EDGE_LOOP('',(#6313,#6314,#6315,#6316,#6325));
#6313 = ORIENTED_EDGE('',*,*,#3927,.F.);
#6314 = ORIENTED_EDGE('',*,*,#3962,.F.);
#6315 = ORIENTED_EDGE('',*,*,#4445,.T.);
#6316 = ORIENTED_EDGE('',*,*,#6317,.T.);
#6317 = EDGE_CURVE('',#4446,#6318,#6320,.T.);
#6318 = VERTEX_POINT('',#6319);
#6319 = CARTESIAN_POINT('',(7.725424859374,1.8,-23.77641290737));
#6320 = ELLIPSE('',#6321,35.355339059327,25.);
#6321 = AXIS2_PLACEMENT_3D('',#6322,#6323,#6324);
#6322 = CARTESIAN_POINT('',(0.,1.8,-2.06E-15));
#6323 = DIRECTION('',(0.672498511964,0.707106781187,0.218508012224));
#6324 = DIRECTION('',(-0.672498511964,0.707106781187,-0.218508012224));
#6325 = ORIENTED_EDGE('',*,*,#6326,.T.);
#6326 = EDGE_CURVE('',#6318,#3928,#6327,.T.);
#6327 = ELLIPSE('',#6328,35.355339059327,25.);
#6328 = AXIS2_PLACEMENT_3D('',#6329,#6330,#6331);
#6329 = CARTESIAN_POINT('',(0.,1.8,-2.06E-15));
#6330 = DIRECTION('',(0.672498511964,0.707106781187,0.218508012224));
#6331 = DIRECTION('',(-0.672498511964,0.707106781187,-0.218508012224));
#6332 = PLANE('',#6333);
#6333 = AXIS2_PLACEMENT_3D('',#6334,#6335,#6336);
#6334 = CARTESIAN_POINT('',(8.819292599955,-9.172458461997E-15,
    -21.31806928491));
#6335 = DIRECTION('',(0.672498511964,0.707106781187,0.218508012224));
#6336 = DIRECTION('',(0.672498511964,-0.707106781187,0.218508012224));
#6337 = ADVANCED_FACE('',(#6338),#6359,.T.);
#6338 = FACE_BOUND('',#6339,.T.);
#6339 = EDGE_LOOP('',(#6340,#6341,#6342,#6351,#6358));
#6340 = ORIENTED_EDGE('',*,*,#3988,.F.);
#6341 = ORIENTED_EDGE('',*,*,#4023,.T.);
#6342 = ORIENTED_EDGE('',*,*,#6343,.T.);
#6343 = EDGE_CURVE('',#4015,#6344,#6346,.T.);
#6344 = VERTEX_POINT('',#6345);
#6345 = CARTESIAN_POINT('',(14.694631307312,-1.8,-20.22542485937));
#6346 = ELLIPSE('',#6347,35.355339059327,25.);
#6347 = AXIS2_PLACEMENT_3D('',#6348,#6349,#6350);
#6348 = CARTESIAN_POINT('',(0.,-1.8,-2.86E-15));
#6349 = DIRECTION('',(-0.572061402818,-0.707106781187,-0.415626937777));
#6350 = DIRECTION('',(-0.572061402818,0.707106781187,-0.415626937777));
#6351 = ORIENTED_EDGE('',*,*,#6352,.T.);
#6352 = EDGE_CURVE('',#6344,#4422,#6353,.T.);
#6353 = ELLIPSE('',#6354,35.355339059327,25.);
#6354 = AXIS2_PLACEMENT_3D('',#6355,#6356,#6357);
#6355 = CARTESIAN_POINT('',(0.,-1.8,-2.86E-15));
#6356 = DIRECTION('',(-0.572061402818,-0.707106781187,-0.415626937777));
#6357 = DIRECTION('',(-0.572061402818,0.707106781187,-0.415626937777));
#6358 = ORIENTED_EDGE('',*,*,#4430,.F.);
#6359 = PLANE('',#6360);
#6360 = AXIS2_PLACEMENT_3D('',#6361,#6362,#6363);
#6361 = CARTESIAN_POINT('',(12.062830212852,-9.692397362077E-15,
    -19.66540432475));
#6362 = DIRECTION('',(-0.572061402818,-0.707106781187,-0.415626937777));
#6363 = DIRECTION('',(-0.572061402818,0.707106781187,-0.415626937777));
#6364 = ADVANCED_FACE('',(#6365),#6386,.T.);
#6365 = FACE_BOUND('',#6366,.T.);
#6366 = EDGE_LOOP('',(#6367,#6368,#6369,#6370,#6379));
#6367 = ORIENTED_EDGE('',*,*,#4046,.F.);
#6368 = ORIENTED_EDGE('',*,*,#4081,.F.);
#6369 = ORIENTED_EDGE('',*,*,#4386,.T.);
#6370 = ORIENTED_EDGE('',*,*,#6371,.T.);
#6371 = EDGE_CURVE('',#4387,#6372,#6374,.T.);
#6372 = VERTEX_POINT('',#6373);
#6373 = CARTESIAN_POINT('',(14.694631307312,1.8,-20.22542485937));
#6374 = ELLIPSE('',#6375,35.355339059327,25.);
#6375 = AXIS2_PLACEMENT_3D('',#6376,#6377,#6378);
#6376 = CARTESIAN_POINT('',(0.,1.8,-2.06E-15));
#6377 = DIRECTION('',(0.572061402818,0.707106781187,0.415626937777));
#6378 = DIRECTION('',(-0.572061402818,0.707106781187,-0.415626937777));
#6379 = ORIENTED_EDGE('',*,*,#6380,.T.);
#6380 = EDGE_CURVE('',#6372,#4047,#6381,.T.);
#6381 = ELLIPSE('',#6382,35.355339059327,25.);
#6382 = AXIS2_PLACEMENT_3D('',#6383,#6384,#6385);
#6383 = CARTESIAN_POINT('',(0.,1.8,-2.06E-15));
#6384 = DIRECTION('',(0.572061402818,0.707106781187,0.415626937777));
#6385 = DIRECTION('',(-0.572061402818,0.707106781187,-0.415626937777));
#6386 = PLANE('',#6387);
#6387 = AXIS2_PLACEMENT_3D('',#6388,#6389,#6390);
#6388 = CARTESIAN_POINT('',(14.975291392602,-1.153320931155E-14,
    -17.54937741649));
#6389 = DIRECTION('',(0.572061402818,0.707106781187,0.415626937777));
#6390 = DIRECTION('',(0.572061402818,-0.707106781187,0.415626937777));
#6391 = ADVANCED_FACE('',(#6392),#6413,.T.);
#6392 = FACE_BOUND('',#6393,.T.);
#6393 = EDGE_LOOP('',(#6394,#6395,#6396,#6405,#6412));
#6394 = ORIENTED_EDGE('',*,*,#4107,.F.);
#6395 = ORIENTED_EDGE('',*,*,#4142,.T.);
#6396 = ORIENTED_EDGE('',*,*,#6397,.T.);
#6397 = EDGE_CURVE('',#4134,#6398,#6400,.T.);
#6398 = VERTEX_POINT('',#6399);
#6399 = CARTESIAN_POINT('',(20.225424859374,-1.8,-14.69463130731));
#6400 = ELLIPSE('',#6401,35.355339059327,25.);
#6401 = AXIS2_PLACEMENT_3D('',#6402,#6403,#6404);
#6402 = CARTESIAN_POINT('',(0.,-1.8,-2.86E-15));
#6403 = DIRECTION('',(-0.415626937777,-0.707106781187,-0.572061402818));
#6404 = DIRECTION('',(-0.415626937777,0.707106781187,-0.572061402818));
#6405 = ORIENTED_EDGE('',*,*,#6406,.T.);
#6406 = EDGE_CURVE('',#6398,#4363,#6407,.T.);
#6407 = ELLIPSE('',#6408,35.355339059327,25.);
#6408 = AXIS2_PLACEMENT_3D('',#6409,#6410,#6411);
#6409 = CARTESIAN_POINT('',(0.,-1.8,-2.86E-15));
#6410 = DIRECTION('',(-0.415626937777,-0.707106781187,-0.572061402818));
#6411 = DIRECTION('',(-0.415626937777,0.707106781187,-0.572061402818));
#6412 = ORIENTED_EDGE('',*,*,#4371,.F.);
#6413 = PLANE('',#6414);
#6414 = AXIS2_PLACEMENT_3D('',#6415,#6416,#6417);
#6415 = CARTESIAN_POINT('',(17.549377416497,-1.235496910815E-14,
    -14.9752913926));
#6416 = DIRECTION('',(-0.415626937777,-0.707106781187,-0.572061402818));
#6417 = DIRECTION('',(-0.415626937777,0.707106781187,-0.572061402818));
#6418 = ADVANCED_FACE('',(#6419),#6440,.T.);
#6419 = FACE_BOUND('',#6420,.T.);
#6420 = EDGE_LOOP('',(#6421,#6422,#6423,#6424,#6433));
#6421 = ORIENTED_EDGE('',*,*,#4165,.F.);
#6422 = ORIENTED_EDGE('',*,*,#4200,.F.);
#6423 = ORIENTED_EDGE('',*,*,#4327,.T.);
#6424 = ORIENTED_EDGE('',*,*,#6425,.T.);
#6425 = EDGE_CURVE('',#4328,#6426,#6428,.T.);
#6426 = VERTEX_POINT('',#6427);
#6427 = CARTESIAN_POINT('',(23.776412907379,1.8,-7.725424859374));
#6428 = ELLIPSE('',#6429,35.355339059327,25.);
#6429 = AXIS2_PLACEMENT_3D('',#6430,#6431,#6432);
#6430 = CARTESIAN_POINT('',(0.,1.8,-2.06E-15));
#6431 = DIRECTION('',(0.218508012224,0.707106781187,0.672498511964));
#6432 = DIRECTION('',(-0.218508012224,0.707106781187,-0.672498511964));
#6433 = ORIENTED_EDGE('',*,*,#6434,.T.);
#6434 = EDGE_CURVE('',#6426,#4166,#6435,.T.);
#6435 = ELLIPSE('',#6436,35.355339059327,25.);
#6436 = AXIS2_PLACEMENT_3D('',#6437,#6438,#6439);
#6437 = CARTESIAN_POINT('',(0.,1.8,-2.06E-15));
#6438 = DIRECTION('',(0.218508012224,0.707106781187,0.672498511964));
#6439 = DIRECTION('',(-0.218508012224,0.707106781187,-0.672498511964));
#6440 = PLANE('',#6441);
#6441 = AXIS2_PLACEMENT_3D('',#6442,#6443,#6444);
#6442 = CARTESIAN_POINT('',(22.430530464663,7.214486359376E-15,
    -5.395489141293));
#6443 = DIRECTION('',(0.218508012224,0.707106781187,0.672498511964));
#6444 = DIRECTION('',(0.218508012224,-0.707106781187,0.672498511964));
#6445 = ADVANCED_FACE('',(#6446),#6467,.T.);
#6446 = FACE_BOUND('',#6447,.T.);
#6447 = EDGE_LOOP('',(#6448,#6449,#6450,#6459,#6466));
#6448 = ORIENTED_EDGE('',*,*,#4226,.F.);
#6449 = ORIENTED_EDGE('',*,*,#4261,.T.);
#6450 = ORIENTED_EDGE('',*,*,#6451,.T.);
#6451 = EDGE_CURVE('',#4253,#6452,#6454,.T.);
#6452 = VERTEX_POINT('',#6453);
#6453 = CARTESIAN_POINT('',(25.,-1.8,-5.E-15));
#6454 = ELLIPSE('',#6455,35.355339059327,25.);
#6455 = AXIS2_PLACEMENT_3D('',#6456,#6457,#6458);
#6456 = CARTESIAN_POINT('',(0.,-1.8,-2.86E-15));
#6457 = DIRECTION('',(-1.E-17,-0.707106781187,-0.707106781187));
#6458 = DIRECTION('',(-1.E-17,0.707106781187,-0.707106781187));
#6459 = ORIENTED_EDGE('',*,*,#6460,.T.);
#6460 = EDGE_CURVE('',#6452,#5426,#6461,.T.);
#6461 = ELLIPSE('',#6462,35.355339059327,25.);
#6462 = AXIS2_PLACEMENT_3D('',#6463,#6464,#6465);
#6463 = CARTESIAN_POINT('',(0.,-1.8,-2.86E-15));
#6464 = DIRECTION('',(-1.E-17,-0.707106781187,-0.707106781187));
#6465 = DIRECTION('',(-1.E-17,0.707106781187,-0.707106781187));
#6466 = ORIENTED_EDGE('',*,*,#5434,.F.);
#6467 = PLANE('',#6468);
#6468 = AXIS2_PLACEMENT_3D('',#6469,#6470,#6471);
#6469 = CARTESIAN_POINT('',(23.,-6.82E-15,-1.8));
#6470 = DIRECTION('',(-4.1E-16,-0.707106781187,-0.707106781187));
#6471 = DIRECTION('',(1.6E-16,0.707106781187,-0.707106781187));
#6472 = ADVANCED_FACE('',(#6473),#6489,.T.);
#6473 = FACE_BOUND('',#6474,.T.);
#6474 = EDGE_LOOP('',(#6475,#6476,#6477,#6478,#6479,#6480,#6481,#6482,
    #6483,#6484,#6485,#6486,#6487,#6488));
#6475 = ORIENTED_EDGE('',*,*,#927,.F.);
#6476 = ORIENTED_EDGE('',*,*,#2122,.F.);
#6477 = ORIENTED_EDGE('',*,*,#2113,.F.);
#6478 = ORIENTED_EDGE('',*,*,#5514,.F.);
#6479 = ORIENTED_EDGE('',*,*,#5505,.F.);
#6480 = ORIENTED_EDGE('',*,*,#5339,.T.);
#6481 = ORIENTED_EDGE('',*,*,#1142,.T.);
#6482 = ORIENTED_EDGE('',*,*,#1133,.T.);
#6483 = ORIENTED_EDGE('',*,*,#5357,.T.);
#6484 = ORIENTED_EDGE('',*,*,#5366,.T.);
#6485 = ORIENTED_EDGE('',*,*,#5459,.F.);
#6486 = ORIENTED_EDGE('',*,*,#5450,.F.);
#6487 = ORIENTED_EDGE('',*,*,#2073,.F.);
#6488 = ORIENTED_EDGE('',*,*,#936,.F.);
#6489 = CYLINDRICAL_SURFACE('',#6490,25.);
#6490 = AXIS2_PLACEMENT_3D('',#6491,#6492,#6493);
#6491 = CARTESIAN_POINT('',(0.,8.6,-5.5E-16));
#6492 = DIRECTION('',(0.,1.,2.2E-16));
#6493 = DIRECTION('',(1.,0.,-0.));
#6494 = ADVANCED_FACE('',(#6495),#6511,.T.);
#6495 = FACE_BOUND('',#6496,.T.);
#6496 = EDGE_LOOP('',(#6497,#6498,#6499,#6500,#6501,#6502,#6503,#6504,
    #6505,#6506,#6507,#6508,#6509,#6510));
#6497 = ORIENTED_EDGE('',*,*,#884,.F.);
#6498 = ORIENTED_EDGE('',*,*,#2241,.F.);
#6499 = ORIENTED_EDGE('',*,*,#2232,.F.);
#6500 = ORIENTED_EDGE('',*,*,#5568,.F.);
#6501 = ORIENTED_EDGE('',*,*,#5559,.F.);
#6502 = ORIENTED_EDGE('',*,*,#5280,.T.);
#6503 = ORIENTED_EDGE('',*,*,#1185,.T.);
#6504 = ORIENTED_EDGE('',*,*,#1176,.T.);
#6505 = ORIENTED_EDGE('',*,*,#5298,.T.);
#6506 = ORIENTED_EDGE('',*,*,#5307,.T.);
#6507 = ORIENTED_EDGE('',*,*,#5540,.F.);
#6508 = ORIENTED_EDGE('',*,*,#5531,.F.);
#6509 = ORIENTED_EDGE('',*,*,#2192,.F.);
#6510 = ORIENTED_EDGE('',*,*,#893,.F.);
#6511 = CYLINDRICAL_SURFACE('',#6512,25.);
#6512 = AXIS2_PLACEMENT_3D('',#6513,#6514,#6515);
#6513 = CARTESIAN_POINT('',(0.,8.6,-5.5E-16));
#6514 = DIRECTION('',(0.,1.,2.2E-16));
#6515 = DIRECTION('',(1.,0.,-0.));
#6516 = ADVANCED_FACE('',(#6517),#6533,.T.);
#6517 = FACE_BOUND('',#6518,.T.);
#6518 = EDGE_LOOP('',(#6519,#6520,#6521,#6522,#6523,#6524,#6525,#6526,
    #6527,#6528,#6529,#6530,#6531,#6532));
#6519 = ORIENTED_EDGE('',*,*,#841,.F.);
#6520 = ORIENTED_EDGE('',*,*,#2360,.F.);
#6521 = ORIENTED_EDGE('',*,*,#2351,.F.);
#6522 = ORIENTED_EDGE('',*,*,#5622,.F.);
#6523 = ORIENTED_EDGE('',*,*,#5613,.F.);
#6524 = ORIENTED_EDGE('',*,*,#5221,.T.);
#6525 = ORIENTED_EDGE('',*,*,#1228,.T.);
#6526 = ORIENTED_EDGE('',*,*,#1219,.T.);
#6527 = ORIENTED_EDGE('',*,*,#5239,.T.);
#6528 = ORIENTED_EDGE('',*,*,#5248,.T.);
#6529 = ORIENTED_EDGE('',*,*,#5594,.F.);
#6530 = ORIENTED_EDGE('',*,*,#5585,.F.);
#6531 = ORIENTED_EDGE('',*,*,#2311,.F.);
#6532 = ORIENTED_EDGE('',*,*,#850,.F.);
#6533 = CYLINDRICAL_SURFACE('',#6534,25.);
#6534 = AXIS2_PLACEMENT_3D('',#6535,#6536,#6537);
#6535 = CARTESIAN_POINT('',(0.,8.6,-5.5E-16));
#6536 = DIRECTION('',(0.,1.,2.2E-16));
#6537 = DIRECTION('',(1.,0.,-0.));
#6538 = ADVANCED_FACE('',(#6539),#6555,.T.);
#6539 = FACE_BOUND('',#6540,.T.);
#6540 = EDGE_LOOP('',(#6541,#6542,#6543,#6544,#6545,#6546,#6547,#6548,
    #6549,#6550,#6551,#6552,#6553,#6554));
#6541 = ORIENTED_EDGE('',*,*,#798,.F.);
#6542 = ORIENTED_EDGE('',*,*,#2479,.F.);
#6543 = ORIENTED_EDGE('',*,*,#2470,.F.);
#6544 = ORIENTED_EDGE('',*,*,#5677,.F.);
#6545 = ORIENTED_EDGE('',*,*,#5668,.F.);
#6546 = ORIENTED_EDGE('',*,*,#5161,.T.);
#6547 = ORIENTED_EDGE('',*,*,#1271,.T.);
#6548 = ORIENTED_EDGE('',*,*,#1262,.T.);
#6549 = ORIENTED_EDGE('',*,*,#5180,.T.);
#6550 = ORIENTED_EDGE('',*,*,#5189,.T.);
#6551 = ORIENTED_EDGE('',*,*,#5648,.F.);
#6552 = ORIENTED_EDGE('',*,*,#5639,.F.);
#6553 = ORIENTED_EDGE('',*,*,#2430,.F.);
#6554 = ORIENTED_EDGE('',*,*,#807,.F.);
#6555 = CYLINDRICAL_SURFACE('',#6556,25.);
#6556 = AXIS2_PLACEMENT_3D('',#6557,#6558,#6559);
#6557 = CARTESIAN_POINT('',(0.,8.6,-5.5E-16));
#6558 = DIRECTION('',(0.,1.,2.2E-16));
#6559 = DIRECTION('',(1.,0.,-0.));
#6560 = ADVANCED_FACE('',(#6561),#6577,.T.);
#6561 = FACE_BOUND('',#6562,.T.);
#6562 = EDGE_LOOP('',(#6563,#6564,#6565,#6566,#6567,#6568,#6569,#6570,
    #6571,#6572,#6573,#6574,#6575,#6576));
#6563 = ORIENTED_EDGE('',*,*,#755,.F.);
#6564 = ORIENTED_EDGE('',*,*,#2616,.F.);
#6565 = ORIENTED_EDGE('',*,*,#2607,.F.);
#6566 = ORIENTED_EDGE('',*,*,#5731,.F.);
#6567 = ORIENTED_EDGE('',*,*,#5722,.F.);
#6568 = ORIENTED_EDGE('',*,*,#5102,.T.);
#6569 = ORIENTED_EDGE('',*,*,#1314,.T.);
#6570 = ORIENTED_EDGE('',*,*,#1305,.T.);
#6571 = ORIENTED_EDGE('',*,*,#5120,.T.);
#6572 = ORIENTED_EDGE('',*,*,#5129,.T.);
#6573 = ORIENTED_EDGE('',*,*,#5703,.F.);
#6574 = ORIENTED_EDGE('',*,*,#5694,.F.);
#6575 = ORIENTED_EDGE('',*,*,#2567,.F.);
#6576 = ORIENTED_EDGE('',*,*,#764,.F.);
#6577 = CYLINDRICAL_SURFACE('',#6578,25.);
#6578 = AXIS2_PLACEMENT_3D('',#6579,#6580,#6581);
#6579 = CARTESIAN_POINT('',(0.,8.6,-5.5E-16));
#6580 = DIRECTION('',(0.,1.,2.2E-16));
#6581 = DIRECTION('',(1.,0.,-0.));
#6582 = ADVANCED_FACE('',(#6583),#6599,.T.);
#6583 = FACE_BOUND('',#6584,.T.);
#6584 = EDGE_LOOP('',(#6585,#6586,#6587,#6588,#6589,#6590,#6591,#6592,
    #6593,#6594,#6595,#6596,#6597,#6598));
#6585 = ORIENTED_EDGE('',*,*,#712,.F.);
#6586 = ORIENTED_EDGE('',*,*,#2754,.F.);
#6587 = ORIENTED_EDGE('',*,*,#2745,.F.);
#6588 = ORIENTED_EDGE('',*,*,#5786,.F.);
#6589 = ORIENTED_EDGE('',*,*,#5777,.F.);
#6590 = ORIENTED_EDGE('',*,*,#5043,.T.);
#6591 = ORIENTED_EDGE('',*,*,#1357,.T.);
#6592 = ORIENTED_EDGE('',*,*,#1348,.T.);
#6593 = ORIENTED_EDGE('',*,*,#5061,.T.);
#6594 = ORIENTED_EDGE('',*,*,#5070,.T.);
#6595 = ORIENTED_EDGE('',*,*,#5757,.F.);
#6596 = ORIENTED_EDGE('',*,*,#5748,.F.);
#6597 = ORIENTED_EDGE('',*,*,#2704,.F.);
#6598 = ORIENTED_EDGE('',*,*,#721,.F.);
#6599 = CYLINDRICAL_SURFACE('',#6600,25.);
#6600 = AXIS2_PLACEMENT_3D('',#6601,#6602,#6603);
#6601 = CARTESIAN_POINT('',(0.,8.6,-5.5E-16));
#6602 = DIRECTION('',(0.,1.,2.2E-16));
#6603 = DIRECTION('',(1.,0.,-0.));
#6604 = ADVANCED_FACE('',(#6605),#6621,.T.);
#6605 = FACE_BOUND('',#6606,.T.);
#6606 = EDGE_LOOP('',(#6607,#6608,#6609,#6610,#6611,#6612,#6613,#6614,
    #6615,#6616,#6617,#6618,#6619,#6620));
#6607 = ORIENTED_EDGE('',*,*,#669,.F.);
#6608 = ORIENTED_EDGE('',*,*,#2873,.F.);
#6609 = ORIENTED_EDGE('',*,*,#2864,.F.);
#6610 = ORIENTED_EDGE('',*,*,#5840,.F.);
#6611 = ORIENTED_EDGE('',*,*,#5831,.F.);
#6612 = ORIENTED_EDGE('',*,*,#4984,.T.);
#6613 = ORIENTED_EDGE('',*,*,#1400,.T.);
#6614 = ORIENTED_EDGE('',*,*,#1391,.T.);
#6615 = ORIENTED_EDGE('',*,*,#5002,.T.);
#6616 = ORIENTED_EDGE('',*,*,#5011,.T.);
#6617 = ORIENTED_EDGE('',*,*,#5812,.F.);
#6618 = ORIENTED_EDGE('',*,*,#5803,.F.);
#6619 = ORIENTED_EDGE('',*,*,#2824,.F.);
#6620 = ORIENTED_EDGE('',*,*,#678,.F.);
#6621 = CYLINDRICAL_SURFACE('',#6622,25.);
#6622 = AXIS2_PLACEMENT_3D('',#6623,#6624,#6625);
#6623 = CARTESIAN_POINT('',(0.,8.6,-5.5E-16));
#6624 = DIRECTION('',(0.,1.,2.2E-16));
#6625 = DIRECTION('',(1.,0.,-0.));
#6626 = ADVANCED_FACE('',(#6627),#6643,.T.);
#6627 = FACE_BOUND('',#6628,.T.);
#6628 = EDGE_LOOP('',(#6629,#6630,#6631,#6632,#6633,#6634,#6635,#6636,
    #6637,#6638,#6639,#6640,#6641,#6642));
#6629 = ORIENTED_EDGE('',*,*,#626,.F.);
#6630 = ORIENTED_EDGE('',*,*,#2992,.F.);
#6631 = ORIENTED_EDGE('',*,*,#2983,.F.);
#6632 = ORIENTED_EDGE('',*,*,#5894,.F.);
#6633 = ORIENTED_EDGE('',*,*,#5885,.F.);
#6634 = ORIENTED_EDGE('',*,*,#4925,.T.);
#6635 = ORIENTED_EDGE('',*,*,#1443,.T.);
#6636 = ORIENTED_EDGE('',*,*,#1434,.T.);
#6637 = ORIENTED_EDGE('',*,*,#4943,.T.);
#6638 = ORIENTED_EDGE('',*,*,#4952,.T.);
#6639 = ORIENTED_EDGE('',*,*,#5866,.F.);
#6640 = ORIENTED_EDGE('',*,*,#5857,.F.);
#6641 = ORIENTED_EDGE('',*,*,#2943,.F.);
#6642 = ORIENTED_EDGE('',*,*,#635,.F.);
#6643 = CYLINDRICAL_SURFACE('',#6644,25.);
#6644 = AXIS2_PLACEMENT_3D('',#6645,#6646,#6647);
#6645 = CARTESIAN_POINT('',(0.,8.6,-5.5E-16));
#6646 = DIRECTION('',(0.,1.,2.2E-16));
#6647 = DIRECTION('',(1.,0.,-0.));
#6648 = ADVANCED_FACE('',(#6649),#6665,.T.);
#6649 = FACE_BOUND('',#6650,.T.);
#6650 = EDGE_LOOP('',(#6651,#6652,#6653,#6654,#6655,#6656,#6657,#6658,
    #6659,#6660,#6661,#6662,#6663,#6664));
#6651 = ORIENTED_EDGE('',*,*,#583,.F.);
#6652 = ORIENTED_EDGE('',*,*,#3111,.F.);
#6653 = ORIENTED_EDGE('',*,*,#3102,.F.);
#6654 = ORIENTED_EDGE('',*,*,#5948,.F.);
#6655 = ORIENTED_EDGE('',*,*,#5939,.F.);
#6656 = ORIENTED_EDGE('',*,*,#4866,.T.);
#6657 = ORIENTED_EDGE('',*,*,#1486,.T.);
#6658 = ORIENTED_EDGE('',*,*,#1477,.T.);
#6659 = ORIENTED_EDGE('',*,*,#4884,.T.);
#6660 = ORIENTED_EDGE('',*,*,#4893,.T.);
#6661 = ORIENTED_EDGE('',*,*,#5920,.F.);
#6662 = ORIENTED_EDGE('',*,*,#5911,.F.);
#6663 = ORIENTED_EDGE('',*,*,#3062,.F.);
#6664 = ORIENTED_EDGE('',*,*,#592,.F.);
#6665 = CYLINDRICAL_SURFACE('',#6666,25.);
#6666 = AXIS2_PLACEMENT_3D('',#6667,#6668,#6669);
#6667 = CARTESIAN_POINT('',(0.,8.6,-5.5E-16));
#6668 = DIRECTION('',(0.,1.,2.2E-16));
#6669 = DIRECTION('',(1.,0.,-0.));
#6670 = ADVANCED_FACE('',(#6671),#6687,.T.);
#6671 = FACE_BOUND('',#6672,.T.);
#6672 = EDGE_LOOP('',(#6673,#6674,#6675,#6676,#6677,#6678,#6679,#6680,
    #6681,#6682,#6683,#6684,#6685,#6686));
#6673 = ORIENTED_EDGE('',*,*,#3230,.F.);
#6674 = ORIENTED_EDGE('',*,*,#3221,.F.);
#6675 = ORIENTED_EDGE('',*,*,#6002,.F.);
#6676 = ORIENTED_EDGE('',*,*,#5993,.F.);
#6677 = ORIENTED_EDGE('',*,*,#4807,.T.);
#6678 = ORIENTED_EDGE('',*,*,#1529,.T.);
#6679 = ORIENTED_EDGE('',*,*,#1520,.T.);
#6680 = ORIENTED_EDGE('',*,*,#4825,.T.);
#6681 = ORIENTED_EDGE('',*,*,#4834,.T.);
#6682 = ORIENTED_EDGE('',*,*,#5974,.F.);
#6683 = ORIENTED_EDGE('',*,*,#5965,.F.);
#6684 = ORIENTED_EDGE('',*,*,#3181,.F.);
#6685 = ORIENTED_EDGE('',*,*,#549,.F.);
#6686 = ORIENTED_EDGE('',*,*,#540,.F.);
#6687 = CYLINDRICAL_SURFACE('',#6688,25.);
#6688 = AXIS2_PLACEMENT_3D('',#6689,#6690,#6691);
#6689 = CARTESIAN_POINT('',(0.,8.6,-5.5E-16));
#6690 = DIRECTION('',(0.,1.,2.2E-16));
#6691 = DIRECTION('',(1.,0.,-0.));
#6692 = ADVANCED_FACE('',(#6693),#6709,.T.);
#6693 = FACE_BOUND('',#6694,.T.);
#6694 = EDGE_LOOP('',(#6695,#6696,#6697,#6698,#6699,#6700,#6701,#6702,
    #6703,#6704,#6705,#6706,#6707,#6708));
#6695 = ORIENTED_EDGE('',*,*,#3349,.F.);
#6696 = ORIENTED_EDGE('',*,*,#3340,.F.);
#6697 = ORIENTED_EDGE('',*,*,#6056,.F.);
#6698 = ORIENTED_EDGE('',*,*,#6047,.F.);
#6699 = ORIENTED_EDGE('',*,*,#4748,.T.);
#6700 = ORIENTED_EDGE('',*,*,#1572,.T.);
#6701 = ORIENTED_EDGE('',*,*,#1563,.T.);
#6702 = ORIENTED_EDGE('',*,*,#4766,.T.);
#6703 = ORIENTED_EDGE('',*,*,#4775,.T.);
#6704 = ORIENTED_EDGE('',*,*,#6028,.F.);
#6705 = ORIENTED_EDGE('',*,*,#6019,.F.);
#6706 = ORIENTED_EDGE('',*,*,#3300,.F.);
#6707 = ORIENTED_EDGE('',*,*,#506,.F.);
#6708 = ORIENTED_EDGE('',*,*,#497,.F.);
#6709 = CYLINDRICAL_SURFACE('',#6710,25.);
#6710 = AXIS2_PLACEMENT_3D('',#6711,#6712,#6713);
#6711 = CARTESIAN_POINT('',(0.,8.6,-5.5E-16));
#6712 = DIRECTION('',(0.,1.,2.2E-16));
#6713 = DIRECTION('',(1.,0.,-0.));
#6714 = ADVANCED_FACE('',(#6715),#6731,.T.);
#6715 = FACE_BOUND('',#6716,.T.);
#6716 = EDGE_LOOP('',(#6717,#6718,#6719,#6720,#6721,#6722,#6723,#6724,
    #6725,#6726,#6727,#6728,#6729,#6730));
#6717 = ORIENTED_EDGE('',*,*,#3468,.F.);
#6718 = ORIENTED_EDGE('',*,*,#3459,.F.);
#6719 = ORIENTED_EDGE('',*,*,#6110,.F.);
#6720 = ORIENTED_EDGE('',*,*,#6101,.F.);
#6721 = ORIENTED_EDGE('',*,*,#4689,.T.);
#6722 = ORIENTED_EDGE('',*,*,#1615,.T.);
#6723 = ORIENTED_EDGE('',*,*,#1606,.T.);
#6724 = ORIENTED_EDGE('',*,*,#4707,.T.);
#6725 = ORIENTED_EDGE('',*,*,#4716,.T.);
#6726 = ORIENTED_EDGE('',*,*,#6082,.F.);
#6727 = ORIENTED_EDGE('',*,*,#6073,.F.);
#6728 = ORIENTED_EDGE('',*,*,#3419,.F.);
#6729 = ORIENTED_EDGE('',*,*,#463,.F.);
#6730 = ORIENTED_EDGE('',*,*,#454,.F.);
#6731 = CYLINDRICAL_SURFACE('',#6732,25.);
#6732 = AXIS2_PLACEMENT_3D('',#6733,#6734,#6735);
#6733 = CARTESIAN_POINT('',(0.,8.6,-5.5E-16));
#6734 = DIRECTION('',(0.,1.,2.2E-16));
#6735 = DIRECTION('',(1.,0.,-0.));
#6736 = ADVANCED_FACE('',(#6737),#6753,.T.);
#6737 = FACE_BOUND('',#6738,.T.);
#6738 = EDGE_LOOP('',(#6739,#6740,#6741,#6742,#6743,#6744,#6745,#6746,
    #6747,#6748,#6749,#6750,#6751,#6752));
#6739 = ORIENTED_EDGE('',*,*,#3587,.F.);
#6740 = ORIENTED_EDGE('',*,*,#3578,.F.);
#6741 = ORIENTED_EDGE('',*,*,#6164,.F.);
#6742 = ORIENTED_EDGE('',*,*,#6155,.F.);
#6743 = ORIENTED_EDGE('',*,*,#4630,.T.);
#6744 = ORIENTED_EDGE('',*,*,#1658,.T.);
#6745 = ORIENTED_EDGE('',*,*,#1649,.T.);
#6746 = ORIENTED_EDGE('',*,*,#4648,.T.);
#6747 = ORIENTED_EDGE('',*,*,#4657,.T.);
#6748 = ORIENTED_EDGE('',*,*,#6136,.F.);
#6749 = ORIENTED_EDGE('',*,*,#6127,.F.);
#6750 = ORIENTED_EDGE('',*,*,#3538,.F.);
#6751 = ORIENTED_EDGE('',*,*,#420,.F.);
#6752 = ORIENTED_EDGE('',*,*,#411,.F.);
#6753 = CYLINDRICAL_SURFACE('',#6754,25.);
#6754 = AXIS2_PLACEMENT_3D('',#6755,#6756,#6757);
#6755 = CARTESIAN_POINT('',(0.,8.6,-5.5E-16));
#6756 = DIRECTION('',(0.,1.,2.2E-16));
#6757 = DIRECTION('',(1.,0.,-0.));
#6758 = ADVANCED_FACE('',(#6759),#6775,.T.);
#6759 = FACE_BOUND('',#6760,.T.);
#6760 = EDGE_LOOP('',(#6761,#6762,#6763,#6764,#6765,#6766,#6767,#6768,
    #6769,#6770,#6771,#6772,#6773,#6774));
#6761 = ORIENTED_EDGE('',*,*,#3706,.F.);
#6762 = ORIENTED_EDGE('',*,*,#3697,.F.);
#6763 = ORIENTED_EDGE('',*,*,#6218,.F.);
#6764 = ORIENTED_EDGE('',*,*,#6209,.F.);
#6765 = ORIENTED_EDGE('',*,*,#4571,.T.);
#6766 = ORIENTED_EDGE('',*,*,#1701,.T.);
#6767 = ORIENTED_EDGE('',*,*,#1692,.T.);
#6768 = ORIENTED_EDGE('',*,*,#4589,.T.);
#6769 = ORIENTED_EDGE('',*,*,#4598,.T.);
#6770 = ORIENTED_EDGE('',*,*,#6190,.F.);
#6771 = ORIENTED_EDGE('',*,*,#6181,.F.);
#6772 = ORIENTED_EDGE('',*,*,#3657,.F.);
#6773 = ORIENTED_EDGE('',*,*,#377,.F.);
#6774 = ORIENTED_EDGE('',*,*,#368,.F.);
#6775 = CYLINDRICAL_SURFACE('',#6776,25.);
#6776 = AXIS2_PLACEMENT_3D('',#6777,#6778,#6779);
#6777 = CARTESIAN_POINT('',(0.,8.6,-5.5E-16));
#6778 = DIRECTION('',(0.,1.,2.2E-16));
#6779 = DIRECTION('',(1.,0.,-0.));
#6780 = ADVANCED_FACE('',(#6781),#6797,.T.);
#6781 = FACE_BOUND('',#6782,.T.);
#6782 = EDGE_LOOP('',(#6783,#6784,#6785,#6786,#6787,#6788,#6789,#6790,
    #6791,#6792,#6793,#6794,#6795,#6796));
#6783 = ORIENTED_EDGE('',*,*,#3825,.F.);
#6784 = ORIENTED_EDGE('',*,*,#3816,.F.);
#6785 = ORIENTED_EDGE('',*,*,#6272,.F.);
#6786 = ORIENTED_EDGE('',*,*,#6263,.F.);
#6787 = ORIENTED_EDGE('',*,*,#4512,.T.);
#6788 = ORIENTED_EDGE('',*,*,#1744,.T.);
#6789 = ORIENTED_EDGE('',*,*,#1735,.T.);
#6790 = ORIENTED_EDGE('',*,*,#4530,.T.);
#6791 = ORIENTED_EDGE('',*,*,#4539,.T.);
#6792 = ORIENTED_EDGE('',*,*,#6244,.F.);
#6793 = ORIENTED_EDGE('',*,*,#6235,.F.);
#6794 = ORIENTED_EDGE('',*,*,#3776,.F.);
#6795 = ORIENTED_EDGE('',*,*,#334,.F.);
#6796 = ORIENTED_EDGE('',*,*,#325,.F.);
#6797 = CYLINDRICAL_SURFACE('',#6798,25.);
#6798 = AXIS2_PLACEMENT_3D('',#6799,#6800,#6801);
#6799 = CARTESIAN_POINT('',(0.,8.6,-5.5E-16));
#6800 = DIRECTION('',(0.,1.,2.2E-16));
#6801 = DIRECTION('',(1.,0.,-0.));
#6802 = ADVANCED_FACE('',(#6803),#6819,.T.);
#6803 = FACE_BOUND('',#6804,.T.);
#6804 = EDGE_LOOP('',(#6805,#6806,#6807,#6808,#6809,#6810,#6811,#6812,
    #6813,#6814,#6815,#6816,#6817,#6818));
#6805 = ORIENTED_EDGE('',*,*,#3944,.F.);
#6806 = ORIENTED_EDGE('',*,*,#3935,.F.);
#6807 = ORIENTED_EDGE('',*,*,#6326,.F.);
#6808 = ORIENTED_EDGE('',*,*,#6317,.F.);
#6809 = ORIENTED_EDGE('',*,*,#4453,.T.);
#6810 = ORIENTED_EDGE('',*,*,#1787,.T.);
#6811 = ORIENTED_EDGE('',*,*,#1778,.T.);
#6812 = ORIENTED_EDGE('',*,*,#4471,.T.);
#6813 = ORIENTED_EDGE('',*,*,#4480,.T.);
#6814 = ORIENTED_EDGE('',*,*,#6298,.F.);
#6815 = ORIENTED_EDGE('',*,*,#6289,.F.);
#6816 = ORIENTED_EDGE('',*,*,#3895,.F.);
#6817 = ORIENTED_EDGE('',*,*,#291,.F.);
#6818 = ORIENTED_EDGE('',*,*,#282,.F.);
#6819 = CYLINDRICAL_SURFACE('',#6820,25.);
#6820 = AXIS2_PLACEMENT_3D('',#6821,#6822,#6823);
#6821 = CARTESIAN_POINT('',(0.,8.6,-5.5E-16));
#6822 = DIRECTION('',(0.,1.,2.2E-16));
#6823 = DIRECTION('',(1.,0.,-0.));
#6824 = ADVANCED_FACE('',(#6825),#6841,.T.);
#6825 = FACE_BOUND('',#6826,.T.);
#6826 = EDGE_LOOP('',(#6827,#6828,#6829,#6830,#6831,#6832,#6833,#6834,
    #6835,#6836,#6837,#6838,#6839,#6840));
#6827 = ORIENTED_EDGE('',*,*,#4063,.F.);
#6828 = ORIENTED_EDGE('',*,*,#4054,.F.);
#6829 = ORIENTED_EDGE('',*,*,#6380,.F.);
#6830 = ORIENTED_EDGE('',*,*,#6371,.F.);
#6831 = ORIENTED_EDGE('',*,*,#4394,.T.);
#6832 = ORIENTED_EDGE('',*,*,#1830,.T.);
#6833 = ORIENTED_EDGE('',*,*,#1821,.T.);
#6834 = ORIENTED_EDGE('',*,*,#4412,.T.);
#6835 = ORIENTED_EDGE('',*,*,#4421,.T.);
#6836 = ORIENTED_EDGE('',*,*,#6352,.F.);
#6837 = ORIENTED_EDGE('',*,*,#6343,.F.);
#6838 = ORIENTED_EDGE('',*,*,#4014,.F.);
#6839 = ORIENTED_EDGE('',*,*,#248,.F.);
#6840 = ORIENTED_EDGE('',*,*,#239,.F.);
#6841 = CYLINDRICAL_SURFACE('',#6842,25.);
#6842 = AXIS2_PLACEMENT_3D('',#6843,#6844,#6845);
#6843 = CARTESIAN_POINT('',(0.,8.6,-5.5E-16));
#6844 = DIRECTION('',(0.,1.,2.2E-16));
#6845 = DIRECTION('',(1.,0.,-0.));
#6846 = ADVANCED_FACE('',(#6847),#6863,.T.);
#6847 = FACE_BOUND('',#6848,.T.);
#6848 = EDGE_LOOP('',(#6849,#6850,#6851,#6852,#6853,#6854,#6855,#6856,
    #6857,#6858,#6859,#6860,#6861,#6862));
#6849 = ORIENTED_EDGE('',*,*,#1995,.F.);
#6850 = ORIENTED_EDGE('',*,*,#1986,.F.);
#6851 = ORIENTED_EDGE('',*,*,#1969,.F.);
#6852 = ORIENTED_EDGE('',*,*,#1960,.F.);
#6853 = ORIENTED_EDGE('',*,*,#1934,.T.);
#6854 = ORIENTED_EDGE('',*,*,#1873,.T.);
#6855 = ORIENTED_EDGE('',*,*,#1864,.T.);
#6856 = ORIENTED_EDGE('',*,*,#4353,.T.);
#6857 = ORIENTED_EDGE('',*,*,#4362,.T.);
#6858 = ORIENTED_EDGE('',*,*,#6406,.F.);
#6859 = ORIENTED_EDGE('',*,*,#6397,.F.);
#6860 = ORIENTED_EDGE('',*,*,#4133,.F.);
#6861 = ORIENTED_EDGE('',*,*,#205,.F.);
#6862 = ORIENTED_EDGE('',*,*,#196,.F.);
#6863 = CYLINDRICAL_SURFACE('',#6864,25.);
#6864 = AXIS2_PLACEMENT_3D('',#6865,#6866,#6867);
#6865 = CARTESIAN_POINT('',(0.,8.6,-5.5E-16));
#6866 = DIRECTION('',(0.,1.,2.2E-16));
#6867 = DIRECTION('',(1.,0.,-0.));
#6868 = ADVANCED_FACE('',(#6869),#6885,.T.);
#6869 = FACE_BOUND('',#6870,.T.);
#6870 = EDGE_LOOP('',(#6871,#6872,#6873,#6874,#6875,#6876,#6877,#6878,
    #6879,#6880,#6881,#6882,#6883,#6884));
#6871 = ORIENTED_EDGE('',*,*,#4182,.F.);
#6872 = ORIENTED_EDGE('',*,*,#4173,.F.);
#6873 = ORIENTED_EDGE('',*,*,#6434,.F.);
#6874 = ORIENTED_EDGE('',*,*,#6425,.F.);
#6875 = ORIENTED_EDGE('',*,*,#4335,.T.);
#6876 = ORIENTED_EDGE('',*,*,#1899,.T.);
#6877 = ORIENTED_EDGE('',*,*,#1890,.T.);
#6878 = ORIENTED_EDGE('',*,*,#1038,.T.);
#6879 = ORIENTED_EDGE('',*,*,#1047,.T.);
#6880 = ORIENTED_EDGE('',*,*,#1006,.F.);
#6881 = ORIENTED_EDGE('',*,*,#997,.F.);
#6882 = ORIENTED_EDGE('',*,*,#972,.F.);
#6883 = ORIENTED_EDGE('',*,*,#172,.F.);
#6884 = ORIENTED_EDGE('',*,*,#163,.F.);
#6885 = CYLINDRICAL_SURFACE('',#6886,25.);
#6886 = AXIS2_PLACEMENT_3D('',#6887,#6888,#6889);
#6887 = CARTESIAN_POINT('',(0.,8.6,-5.5E-16));
#6888 = DIRECTION('',(0.,1.,2.2E-16));
#6889 = DIRECTION('',(1.,0.,-0.));
#6890 = ADVANCED_FACE('',(#6891),#6907,.T.);
#6891 = FACE_BOUND('',#6892,.T.);
#6892 = EDGE_LOOP('',(#6893,#6894,#6895,#6896,#6897,#6898,#6899,#6900,
    #6901,#6902,#6903,#6904,#6905,#6906));
#6893 = ORIENTED_EDGE('',*,*,#120,.F.);
#6894 = ORIENTED_EDGE('',*,*,#4293,.F.);
#6895 = ORIENTED_EDGE('',*,*,#4284,.F.);
#6896 = ORIENTED_EDGE('',*,*,#5487,.F.);
#6897 = ORIENTED_EDGE('',*,*,#5478,.F.);
#6898 = ORIENTED_EDGE('',*,*,#5398,.T.);
#6899 = ORIENTED_EDGE('',*,*,#1099,.T.);
#6900 = ORIENTED_EDGE('',*,*,#1090,.T.);
#6901 = ORIENTED_EDGE('',*,*,#5416,.T.);
#6902 = ORIENTED_EDGE('',*,*,#5425,.T.);
#6903 = ORIENTED_EDGE('',*,*,#6460,.F.);
#6904 = ORIENTED_EDGE('',*,*,#6451,.F.);
#6905 = ORIENTED_EDGE('',*,*,#4252,.F.);
#6906 = ORIENTED_EDGE('',*,*,#129,.F.);
#6907 = CYLINDRICAL_SURFACE('',#6908,25.);
#6908 = AXIS2_PLACEMENT_3D('',#6909,#6910,#6911);
#6909 = CARTESIAN_POINT('',(0.,8.6,-5.5E-16));
#6910 = DIRECTION('',(0.,1.,2.2E-16));
#6911 = DIRECTION('',(1.,0.,-0.));
#6912 = ( GEOMETRIC_REPRESENTATION_CONTEXT(3) 
GLOBAL_UNCERTAINTY_ASSIGNED_CONTEXT((#6916)) 
GLOBAL_UNIT_ASSIGNED_CONTEXT((#6913,#6914,#6915)) REPRESENTATION_CONTEXT
('Context #1','3D Context with UNIT and UNCERTAINTY') );
#6913 = ( LENGTH_UNIT() NAMED_UNIT(*) SI_UNIT(.MILLI.,.METRE.) );
#6914 = ( NAMED_UNIT(*) PLANE_ANGLE_UNIT() SI_UNIT($,.RADIAN.) );
#6915 = ( NAMED_UNIT(*) SI_UNIT($,.STERADIAN.) SOLID_ANGLE_UNIT() );
#6916 = UNCERTAINTY_MEASURE_WITH_UNIT(LENGTH_MEASURE(1.E-07),#6913,
  'distance_accuracy_value','confusion accuracy');
#6917 = PRODUCT_RELATED_PRODUCT_CATEGORY('part',$,(#7));
#6918 = MECHANICAL_DESIGN_GEOMETRIC_PRESENTATION_REPRESENTATION('',(
    #6919),#6912);
#6919 = STYLED_ITEM('color',(#6920),#15);
#6920 = PRESENTATION_STYLE_ASSIGNMENT((#6921,#6927));
#6921 = SURFACE_STYLE_USAGE(.BOTH.,#6922);
#6922 = SURFACE_SIDE_STYLE('',(#6923));
#6923 = SURFACE_STYLE_FILL_AREA(#6924);
#6924 = FILL_AREA_STYLE('',(#6925));
#6925 = FILL_AREA_STYLE_COLOUR('',#6926);
#6926 = COLOUR_RGB('',7.843137448654E-03,0.576470603584,0.525490220889);
#6927 = CURVE_STYLE('',#6928,POSITIVE_LENGTH_MEASURE(0.1),#6929);
#6928 = DRAUGHTING_PRE_DEFINED_CURVE_FONT('continuous');
#6929 = COLOUR_RGB('',9.803921802644E-02,9.803921802644E-02,
  9.803921802644E-02);
ENDSEC;
END-ISO-10303-21;
